biz.enef	slogging-slf4j_2.13	0.6.2		2f25e95c6779385c01134f5dd31926e3f796d8f2
ch.cern.spark	spark-mllib_2.12	3.0.1		84890faa27f1fc26a5a59dd64fb87bc17717ab4b
ch.voulgarakis	quickfixj-spring-boot-actuator	1.0.0.RELEASE		8bf884c0b95f1a9df86dcfe534707ea9d205cbb8
ch.voulgarakis	quickfixj-spring-boot-actuator	1.0.1.RELEASE		c09f6ca080278622e54156295778ad6ec64469fe
ch.voulgarakis	quickfixj-spring-boot-actuator	1.0.2.RELEASE		4099658c8eab03555ab815a04201c40d51e971c0
ch.voulgarakis	quickfixj-spring-boot-actuator	1.0.3.RELEASE		dee70a47d0aa9f7f10f0b564d0bcee0cfd7aa8e5
cloud.altemista.fwk.mail	cloud-altemistafwk-core-mail-javamail	3.0.0.RELEASE		feb103cb3e81d2228abd902fb27f68586eb47796
cloud.altemista.fwk.mail	cloud-altemistafwk-core-mail-javamail	3.0.1.RELEASE		e3fb11d256c94d59ea8fd31d12b6751699660ce0
cloud.altemista.fwk.mail	cloud-altemistafwk-core-mail-javamail	3.1.0.RELEASE		56b038c4556c4e11662eed14674e1b69da463d69
cn.dustlight.flow	flow-parent	0.1.3-alpha		N/A
cn.dustlight.flow	flow-parent	0.1.4-alpha		N/A
cn.dustlight.flow	flow-parent	0.1.7-alpha		N/A
co.spraybot	message-runner	0.1.0		e817e5a951e5cdaaaea2eccd7bef94c378314760
co.spraybot	message-runner	0.2.0		adf73fe26715bb2811d17d807ff263c19aed2afe
co.upvest	terminology_2.12	0.1.0		efedc84ebad268edf91311c4da2a08187d69f1c6
co.upvest	terminology_2.12	0.1.1		e3d6def87972a747673d12e4addf4aef031b3c06
co.upvest	terminology_2.12	0.5.0		7f413795c5671dd5eb3d9b1a213d0df5ae314ee7
co.upvest	terminology_2.12	0.6.0		167d4b2599717ebba689f52a20b84bd85bb5a04f
co.upvest	terminology_2.12	0.7.0		9a32fed3f1cb4ef755e862dac8d0f870ab36f624
com.cognitect.aws	iotfleetwise	825.2.1233.0		19a973f18ceb713011bad62071d96b83b4a8c117
com.cognitect.aws	iotfleetwise	825.2.1283.0		97426e68e8064f4b56ec68a1b5ba7ca87869e743
com.cognitect.aws	iotfleetwise	828.2.1290.0		7fde8bba2fd5b48e52083d32cd372d9046799251
com.cognitect.aws	iotfleetwise	835.2.1307.0		49f5100a7488a000cbe9ac81c0104bf5f4cecdc1
com.cognitect.aws	iotfleetwise	847.2.1365.0		9e91d7f36b078b65c9c85332b549bf43bb1499de
com.cognitect.aws	iotfleetwise	847.2.1387.0		d43337e7c16668d04c3496cd894b4043fe7e7eab
com.cognitect.aws	iotfleetwise	857.2.1574.0		6794560a2e9cbe2b8b7557a046b02e12deb392a5
com.cognitect.aws	iotfleetwise	869.2.1687.0		e68c75ef30128cff4c13dc0892a042b4611ad722
com.cognitect.aws	iotfleetwise	871.2.29.35		c4f0efa3b666ea31d37a10a4e49c0a49cacf3a00
com.cognitect.aws	iotfleetwise	871.2.31.23		2870a2cd3efd77712617bdd62f1ba94fe84d7082
com.github.chrisbanes.pulltorefresh	extra-viewpager	2.0		N/A
com.github.chrisbanes.pulltorefresh	extra-viewpager	2.0.1		N/A
com.github.chrisbanes.pulltorefresh	extra-viewpager	2.1		N/A
com.github.chrisbanes.pulltorefresh	extra-viewpager	2.1.1		N/A
com.github.darrenjw	scala-glm_3	0.6		807bc9853e2e0ba73931598ec912bfebc242c0cc
com.github.darrenjw	scala-glm_3	0.7		b615f84319aa2b72b7f2c444128326e2723d266a
com.github.darrenjw	scala-glm_3	0.8		484294ad90b66b8ef5cf3a60c822b971289b4bc4
com.github.darrenjw	scala-glm_3	0.9		c43ef2220023aae9ccd4764a95423ff4aa0078c3
com.github.sogyf	goja-rapid	0.1.10		ae744fee9404990c4bf9e9e2acfd98f45d793452
com.github.sogyf	goja-rapid	0.1.11		18b5d7dfe4ce05dd5d885864874342630677bf52
com.github.sogyf	goja-rapid	0.1.12		6981ac0cd6282e4597269305cf0872ad03152d96
com.github.sogyf	goja-rapid	0.1.14		19947e1e7ed71aa336284a5814dfd9fab2cd834b
com.github.sogyf	goja-rapid	0.1.3		06ca7dda775befa5cbabbeb85ebb68643c477a0e
com.github.sogyf	goja-rapid	0.1.4		b6c0671825612e2866b9881741c1cc1827eaf5d7
com.github.sogyf	goja-rapid	0.1.4-1		3d1a57194a807e65817614699553c1a9683f7b4e
com.github.sogyf	goja-rapid	0.1.5		e1067e3186f8431015857b3acc40612ad3bcdca8
com.github.sogyf	goja-rapid	0.1.5.1		c444b581cd1ae49c70f7e21f73385c409f8206fd
com.github.sogyf	goja-rapid	0.1.5.2		2c541e70677889b51b30b74c206637efdd0dbf49
com.github.sogyf	goja-rapid	0.1.6		193e9c7aab2ea6de88bdd0eda5f967123179f974
com.github.sogyf	goja-rapid	0.1.7		69474c5f3684406f66142625437d504fba4a9911
com.github.sogyf	goja-rapid	0.1.8		bbb71f651281a498c2a72baca37da34a3d24501b
com.github.sogyf	goja-rapid	0.1.9		4c004765e3fb14e068c2e566a89443cc90f285c1
com.github.tomasmikula	pascal_2.11	0.1		ba357835caf37a4a4cede577194d22f67091720d
com.github.tomasmikula	pascal_2.11	0.2		061d345cfa54a404ad11dda1046e6760c4642dbb
com.github.tomasmikula	pascal_2.11	0.2.1		07d226efe6e8207e265426857170208c280a4568
com.github.tomasmikula	pascal_2.11	0.3		8c874a85a95e774f47dbce7c8c9332c56000a7c7
com.github.tomasmikula	pascal_2.11	0.3.1		50fdb6a4c0e263ff3fe840a6048fb33cf4da9ef9
com.github.tomasmikula	pascal_2.11	0.3.2		c395293c6dba19cf591db5a4c97fbf9f12155a2a
com.github.tomasmikula	pascal_2.11	0.3.3		825558ab1b862f5d613dea5d373b9e51072a0cbc
com.github.tomasmikula	pascal_2.11	0.3.4		1b9eb95ce352f3cbc8b2d6b2d3fc4447672b4843
com.github.tomasmikula	pascal_2.11	0.3.5		fc75bda0a16c0575180065e17260c5264dd22459
com.github.vmironov.jetpack	jetpack-bindings-preferences	0.11.1		N/A
com.github.vmironov.jetpack	jetpack-bindings-preferences	0.12.0		N/A
com.github.vmironov.jetpack	jetpack-bindings-preferences	0.13.0		N/A
com.github.vmironov.jetpack	jetpack-bindings-preferences	0.13.1		N/A
com.github.vmironov.jetpack	jetpack-bindings-preferences	0.13.2		N/A
com.github.vmironov.jetpack	jetpack-bindings-preferences	0.14.0		N/A
com.github.vmironov.jetpack	jetpack-bindings-preferences	0.14.0-SHAPSHOT		N/A
com.github.vmironov.jetpack	jetpack-bindings-preferences	0.14.1		N/A
com.github.vmironov.jetpack	jetpack-bindings-preferences	0.14.2		N/A
com.github.wxisme	bloomfilter	1.0.0		efa91226e9d56d225648779b17ab3325357fa607
com.glue42	java-glue42-dependencies	1.4.0		N/A
com.glue42	java-glue42-dependencies	1.4.1		N/A
com.glue42	java-glue42-dependencies	1.4.10		N/A
com.glue42	java-glue42-dependencies	1.4.11		N/A
com.glue42	java-glue42-dependencies	1.4.12		N/A
com.glue42	java-glue42-dependencies	1.4.13		N/A
com.glue42	java-glue42-dependencies	1.4.14		N/A
com.glue42	java-glue42-dependencies	1.4.15		N/A
com.glue42	java-glue42-dependencies	1.4.16		N/A
com.glue42	java-glue42-dependencies	1.4.17		N/A
com.glue42	java-glue42-dependencies	1.4.18		N/A
com.glue42	java-glue42-dependencies	1.4.2		N/A
com.glue42	java-glue42-dependencies	1.4.3		N/A
com.glue42	java-glue42-dependencies	1.4.4		N/A
com.glue42	java-glue42-dependencies	1.4.5		N/A
com.glue42	java-glue42-dependencies	1.4.6		N/A
com.glue42	java-glue42-dependencies	1.4.7		N/A
com.glue42	java-glue42-dependencies	1.4.8		N/A
com.glue42	java-glue42-dependencies	1.4.9		N/A
com.glue42	java-glue42-dependencies	1.5.0		N/A
com.glue42	java-glue42-dependencies	1.5.1		N/A
com.glue42	java-glue42-dependencies	1.5.2		N/A
com.glue42	java-glue42-dependencies	1.5.3		N/A
com.glue42	java-glue42-dependencies	1.5.4		N/A
com.glue42	java-glue42-dependencies	1.6.0		N/A
com.glue42	java-glue42-dependencies	1.7.0		N/A
com.glue42	java-glue42-dependencies	1.7.1		N/A
com.glue42	java-glue42-dependencies	1.7.2		N/A
com.glue42	java-glue42-dependencies	1.7.3		N/A
com.glue42	java-glue42-dependencies	1.7.4		N/A
com.glue42	java-glue42-dependencies	1.7.5		N/A
com.glue42	java-glue42-dependencies	1.7.6		N/A
com.google.api.client	google-api-data-calendar-v2-atom	1.0.10-alpha		168344c660f5d0a564d4af8d9cfb4787d983dde5
com.google.api.client	google-api-data-calendar-v2-atom	1.0.6-alpha		35bbbafaca7c42ddb92557a04b10cac25919629f
com.google.api.client	google-api-data-calendar-v2-atom	1.0.7-alpha		9577e7b3e1f80a470460967553d3eaa1c2b11853
com.google.api.client	google-api-data-calendar-v2-atom	1.0.8-alpha		2705117a151fa44975462970adf20faae7c54226
com.google.api.client	google-api-data-calendar-v2-atom	1.0.9-alpha		571edd3b1099b79d76b33f07ade9c62a1d09067e
com.graphql-java-kickstart	graphql-webclient-spring-boot-autoconfigure	0.1.0		32a1ab5afe3da01dd19d8c5ce12380d014bd0b3a
com.graphql-java-kickstart	graphql-webclient-spring-boot-autoconfigure	0.1.2		96b93fc3a980ddb2f1b5a016193e51a31b9d9bef
com.graphql-java-kickstart	graphql-webclient-spring-boot-autoconfigure	0.2.0		c010d18f69df8f7344bc513f25f4b67d8e90ecb8
com.graphql-java-kickstart	graphql-webclient-spring-boot-autoconfigure	0.3.0		15ddcf35b0dd96873aafaf72430a9cbc1f081341
com.graphql-java-kickstart	graphql-webclient-spring-boot-autoconfigure	1.0.0		1945f60d18340a85d6a7b776145a424d42d4e1ff
com.graphql-java-kickstart	graphql-webclient-spring-boot-autoconfigure	2.0.0		06dc44f51925c75fe89de400fc6d13a8b0838711
com.graphql-java-kickstart	graphql-webclient-spring-boot-autoconfigure	2.0.1		b5fa803c068b408b4184a815e450350881c9acfd
com.graphql-java-kickstart	graphql-webclient-spring-boot-autoconfigure	2.1.0		7f13a07d9a0ecac50cdff85cc440412e88aa2905
com.groupdocs	groupdocs-signature	17.1.0		c98e237638f157a9d2593e87dadeb1b1e8dcdbfd
com.groupdocs	groupdocs-signature	17.11		6cb094f481ed0d639d1270494c7c35c27cc7ce87
com.groupdocs	groupdocs-signature	17.4.0		5ebccc1d6bf7c8d9255e76a40c8ff35febd41513
com.groupdocs	groupdocs-signature	17.5.0		c62969787102db0cae081ddd12dacd0b0446f35c
com.groupdocs	groupdocs-signature	17.6.0		4d68086898a52365348c57d0e6277d53c774729d
com.groupdocs	groupdocs-signature	17.7.0		a3ae34cc8f48d39fd2c58883f45baa8dacb4bd5e
com.groupdocs	groupdocs-signature	17.8		ad5b3b72337e94c3b3565942fe1c25a69cb9c777
com.groupdocs	groupdocs-signature	18.1		698f2202123e3c6e8eaf0cb5d20d404578329a05
com.groupdocs	groupdocs-signature	18.4		8cf8f7efa780c6000d97ff4aa7e6fb930cd28efa
com.kakawait	cas-security-spring-boot-parent	0.7.0		N/A
com.kakawait	cas-security-spring-boot-parent	0.7.1		N/A
com.kakawait	cas-security-spring-boot-parent	0.8.0		N/A
com.kakawait	cas-security-spring-boot-parent	0.8.1		N/A
com.kakawait	cas-security-spring-boot-parent	1.0.0		N/A
com.kakawait	cas-security-spring-boot-parent	1.0.0-beta-1		N/A
com.kakawait	cas-security-spring-boot-parent	1.0.0-beta-2		N/A
com.kakawait	cas-security-spring-boot-parent	1.0.1		N/A
com.kakawait	cas-security-spring-boot-parent	1.0.2		N/A
com.kakawait	cas-security-spring-boot-parent	1.0.3		N/A
com.kakawait	cas-security-spring-boot-parent	1.0.4		N/A
com.kakawait	cas-security-spring-boot-parent	1.0.5		N/A
com.kakawait	cas-security-spring-boot-parent	1.0.6		N/A
com.kakawait	cas-security-spring-boot-parent	1.1.0		N/A
com.ksyun	ksc-sdk-sms-java	0.1.0		92d7fd6450e5e17ab61b4ab66ead7b4c25b85c1a
com.ksyun	ksc-sdk-sms-java	0.1.1		1f929017b6e3222e2f43a786f57ddd1c147c5323
com.ksyun	ksc-sdk-sms-java	0.1.2		caaa1d2d37d63f728c412fa9b0a6a34789e1eb50
com.ksyun	ksc-sdk-sms-java	0.1.3		e6386a912e104be26a83df168848b4fe91874dc7
com.ksyun	ksc-sdk-sms-java	0.1.4		9d307326a76f7d1cc24c081717ac26c7acf916ac
com.ksyun	ksc-sdk-sms-java	0.1.5		822cdc1c1d03ef3678b0c39640c9ac11464b682a
com.ksyun	ksc-sdk-sms-java	0.1.6		8154c0d53243400bb4290222f046159569f8aef6
com.ksyun	ksc-sdk-sms-java	0.1.7		bf2ff4e090c359a1a65d5282b68d1e96c4fbc779
com.ksyun	ksc-sdk-sms-java	0.1.8		b0cc6b3b9ad642445c4d3f9a15200aa90eae1744
com.kubukoz.playground	language-support_2.13	0.5.2		f192bae93bf49086e45d34784b4d0630a31ad8f1
com.kubukoz.playground	language-support_2.13	0.5.3		fbdc9403863621622a8330d8ed06136e65852a0d
com.kubukoz.playground	language-support_2.13	0.6.0		9aa543809b98db229ddf2328f7ed7bbfe0906f72
com.kubukoz.playground	language-support_2.13	0.6.1		1b535b1b09d9223a8da842c8819515276bff5b7c
com.kubukoz.playground	language-support_2.13	0.7.0		38c022c0918f060c341dc8afe1de89a0bcbbb1f1
com.kubukoz.playground	language-support_2.13	0.7.0-M1		4db7fb30c2ebe8deefd83a80a62c58fc087956ce
com.kubukoz.playground	language-support_2.13	0.7.0-M2		94ce1e352c28650ea6a1eee808b51a7a05ce6beb
com.kubukoz.playground	language-support_2.13	0.7.0-M3		6275f31edeb03cc08cfeb8312ec5a1f0952d0e7f
com.kubukoz.playground	language-support_2.13	0.7.0-M4		14c122c491aa82395791cafe29fe48cd55092162
com.kubukoz.playground	language-support_2.13	0.7.0-M5		fa11d8b9e298c3642bc670893af4ef97883010b4
com.kubukoz.playground	language-support_2.13	0.7.0-M6		5ff7bc656a80ccd866b05d5e4ee1e067657561cd
com.kubukoz.playground	language-support_2.13	0.7.1		8321e22a1b617c127d4c07d9ad29a6323017e7e9
com.kubukoz.playground	language-support_2.13	0.7.2		29a99e8217088fb656977ab1b7d81fecc2b08be5
com.kubukoz.playground	language-support_2.13	0.7.3		d36de8cf077315528339b8282c6331ea98abd693
com.lightbend.akka.grpc	akka-grpc-play-testkit_2.11	0.4.1		98a9d2aeb503660fb8881f0d0a4ecc8f0d15039a
com.lightbend.akka.grpc	akka-grpc-play-testkit_2.11	0.4.2		88fd0dc7295f09129aa36fe754c9ae5977cdd093
com.microblink	blinkid-verify-core	3.9.0		N/A
com.microsoft.azure.containerregistry.v2019_06_01_preview	azure-mgmt-containerregistry	1.0.0-beta		6b02c25e64d947dabd705ed6f6218cf358deda1f
com.navercorp.pinpoint	pinpoint-thread-plugin	2.3.0		ea3b59fee1e697ddf05693883694e8fb81cc66bb
com.navercorp.pinpoint	pinpoint-thread-plugin	2.3.1		705f2f640a728f10f9e80eab22e366d6bff6230f
com.navercorp.pinpoint	pinpoint-thread-plugin	2.3.2		737d783a67b35f559bd004e19a0b14e9fbced845
com.navercorp.pinpoint	pinpoint-thread-plugin	2.3.3		3efec9c05e6e233bc81b8e322677174f575cb5b0
com.navercorp.pinpoint	pinpoint-thread-plugin	2.4.0		d0a2b6d9f3ee774ec72ed11190cd6e0f42d1baf6
com.navercorp.pinpoint	pinpoint-thread-plugin	2.4.0-RC1		6f435e063937a4024206b4b6e995ec33e00d54dd
com.navercorp.pinpoint	pinpoint-thread-plugin	2.4.1		885803c0a2558e29c0d88c5e0181977eb3089026
com.navercorp.pinpoint	pinpoint-thread-plugin	2.4.2		15b09c28bc933133edcd69cc46926aefa391bca7
com.navercorp.pinpoint	pinpoint-thread-plugin	2.5.0		d3d4d9c0b91ebee1d7a26995ae6fb02d516ac9fe
com.navercorp.pinpoint	pinpoint-thread-plugin	2.5.1		b49facdf58137a5456ba96addb178f9abfca17b7
com.navercorp.pinpoint	pinpoint-thread-plugin	2.5.1-p1		94fce00e17719b765e06e08985ac1e5996930538
com.navercorp.pinpoint	pinpoint-thread-plugin	2.5.2		abeb9bce99014e0001c07addcca979e9f5673497
com.navercorp.pinpoint	pinpoint-thread-plugin	2.5.3		0bd282b73576ecceaecd00e7bf41d3ee16e80dc4
com.navercorp.pinpoint	pinpoint-thread-plugin	2.5.4		1077adf7f1815549abc96a34cb39e8ff1cd510f9
com.navercorp.pinpoint	pinpoint-thread-plugin	3.0.0		be775310773463391e374e04c99d2ec0c9b07a75
com.navercorp.pinpoint	pinpoint-thread-plugin	3.0.1		21c493731d51d67770ed6582f0e0c83b8bcc3b0c
com.navercorp.pinpoint	pinpoint-thread-plugin	3.0.2		0fd007c0b1472a82ceb3442e315ce4b9b08cb8c0
com.oracle.oci.sdk	oci-java-sdk-jms	1.37.2		207c0583759f42334e851377abd502c37ec2a333
com.oracle.oci.sdk	oci-java-sdk-jms	2.0.0		116897611eb18d6762f0b186c15fe4f57af85242
com.oracle.oci.sdk	oci-java-sdk-jms	2.0.2		48953c6f92a59230c0ad181b17012d3907114cf4
com.oracle.oci.sdk	oci-java-sdk-jms	2.1.0		840f4f1c9babe7ccb637fef3e67f17061d3e8aa1
com.oracle.oci.sdk	oci-java-sdk-jms	2.1.1		86728ed94bf34f9f8335a9229ea4aeb7029cca03
com.oracle.oci.sdk	oci-java-sdk-jms	2.10.0		4d0c00767bb3490588a99c0742d6ef467231ee68
com.oracle.oci.sdk	oci-java-sdk-jms	2.11.0		b3c57dda899265e4f2003741a0cbcbf5c622bc4d
com.oracle.oci.sdk	oci-java-sdk-jms	2.11.1		305a185d1634fb1f4c5be232e3f77ff9ba0df478
com.oracle.oci.sdk	oci-java-sdk-jms	2.12.0		4a6530e2bb726cb1b539945f49e861b85968832e
com.oracle.oci.sdk	oci-java-sdk-jms	2.13.0		67c1523c3b9d04ebee9e3eed8a4cd7bbd064f704
com.oracle.oci.sdk	oci-java-sdk-jms	2.13.1		598beb8307c9802281f5d90b7229c5884871a1b6
com.oracle.oci.sdk	oci-java-sdk-jms	2.14.0		a052729ec5343472f7fb755c106b8d4e9b273a80
com.oracle.oci.sdk	oci-java-sdk-jms	2.14.1		eb130cf114c1db686117381110f9e5efb88d9788
com.oracle.oci.sdk	oci-java-sdk-jms	2.15.0		af6e4ee0f187f47393afebb09f99b9d8b703e7c6
com.oracle.oci.sdk	oci-java-sdk-jms	2.16.0		2eec2987cb0871069da54335fca6730f768cb48f
com.oracle.oci.sdk	oci-java-sdk-jms	2.17.0		316f8b65be4582a29a1d639284044d560487c2f7
com.oracle.oci.sdk	oci-java-sdk-jms	2.18.0		199ae0b172b24ba5f6285701bf2a0a5a1a0bac3c
com.oracle.oci.sdk	oci-java-sdk-jms	2.19.0		5371df460215fc6bd330331a800cfd016a8c3270
com.oracle.oci.sdk	oci-java-sdk-jms	2.19.1		e9f718496d0173f156f01a7a7a7ddb7990a12a88
com.oracle.oci.sdk	oci-java-sdk-jms	2.2.0		956195a17197e8d3c9c4b29f9174487d843a07d1
com.oracle.oci.sdk	oci-java-sdk-jms	2.20.0		b3019c1094238240fccd08467c45552cf6140873
com.oracle.oci.sdk	oci-java-sdk-jms	2.21.0		abf6b40f5c273cc137afe87c3a4e28d18bff78e0
com.oracle.oci.sdk	oci-java-sdk-jms	2.22.0		94cfbcfd6b1b17df0370e819ab4781f3cc836683
com.oracle.oci.sdk	oci-java-sdk-jms	2.23.0		bc904a904c23d0a666d2ce8b5a4cff2a261a365a
com.oracle.oci.sdk	oci-java-sdk-jms	2.24.0		036fb2e953fbd3de4d40f0dbd440f94148cbe982
com.oracle.oci.sdk	oci-java-sdk-jms	2.25.0		1dbb6b781b1c13c39f5767dafa0f7f41456a6eb7
com.oracle.oci.sdk	oci-java-sdk-jms	2.27.0		16426af9de1e0cf08a95c0a094290491bb5ef144
com.oracle.oci.sdk	oci-java-sdk-jms	2.28.0		950d1bbe8645c14c064f839faaf6759214d45eca
com.oracle.oci.sdk	oci-java-sdk-jms	2.29.0		3ca4e1cc25639b8b8c5cfb3701e37c258f456e2b
com.oracle.oci.sdk	oci-java-sdk-jms	2.3.0		9032ffb20a923bd834ec8950ce200548e0c078f4
com.oracle.oci.sdk	oci-java-sdk-jms	2.3.1		21e5e7164dfe98c77183a1bbecfc495a5e581879
com.oracle.oci.sdk	oci-java-sdk-jms	2.3.2		50ac9811c0c6ce4a77558e477dd29a0c8c33387d
com.oracle.oci.sdk	oci-java-sdk-jms	2.30.0		0593daefe07bb04acff5bb7ab4b41e0664f829cd
com.oracle.oci.sdk	oci-java-sdk-jms	2.31.0		df38d94fbd4ab341159e442988ebd83795d59632
com.oracle.oci.sdk	oci-java-sdk-jms	2.32.0		dc195d406620ec0606f2c52428796d43b92eac3c
com.oracle.oci.sdk	oci-java-sdk-jms	2.33.0		e3b29f40f5af430dc95ae70e892f75c94ebd9f31
com.oracle.oci.sdk	oci-java-sdk-jms	2.34.0		732df915b157cb8547248659d46e16049ad165ac
com.oracle.oci.sdk	oci-java-sdk-jms	2.35.0		7a99730655d5b5574daacb990391caa49f79117d
com.oracle.oci.sdk	oci-java-sdk-jms	2.36.0		5203a79cd3c5e9d07fec18faaaebdde0102bbe5c
com.oracle.oci.sdk	oci-java-sdk-jms	2.36.1		cd30fcd674a4474654252c679c94901a5df47614
com.oracle.oci.sdk	oci-java-sdk-jms	2.37.0		f123a120b6f88e818c3ca0f2aaac1f2000b7dace
com.oracle.oci.sdk	oci-java-sdk-jms	2.38.0		a0d3c52f44c6b49b019778ef3ccc6709679757e7
com.oracle.oci.sdk	oci-java-sdk-jms	2.39.0		dc7226d99b4324fb852bab78310d99c050ae32cf
com.oracle.oci.sdk	oci-java-sdk-jms	2.4.0		33df114959a27e6a3f49377ad1463663bdfa6992
com.oracle.oci.sdk	oci-java-sdk-jms	2.4.1		870b48b250d705d652eb746b0e75742165718aa7
com.oracle.oci.sdk	oci-java-sdk-jms	2.4.2		f77a7a6b3966dab50ce466f3c37bce50f010099f
com.oracle.oci.sdk	oci-java-sdk-jms	2.40.0		902ece0873485d9797f1e3ce8def25447f446a4d
com.oracle.oci.sdk	oci-java-sdk-jms	2.41.0		3cab610429e1b13a8300465d9aa3cefd427bf28e
com.oracle.oci.sdk	oci-java-sdk-jms	2.41.1		8bdb973b3caa5b5aa0a2e5d4d97f4fd8de4613d9
com.oracle.oci.sdk	oci-java-sdk-jms	2.42.0		2b6dd1d737d679442becf9b4a5565b0355af3a1b
com.oracle.oci.sdk	oci-java-sdk-jms	2.43.0		aa0233f01aaafa9b39758cf856e277de6bb7e084
com.oracle.oci.sdk	oci-java-sdk-jms	2.44.0		512a0812b4be74e8a16054e0c442b5ba4beb3491
com.oracle.oci.sdk	oci-java-sdk-jms	2.45.0		b8d9c012d46835e50edd67c98ecf3714bee668e1
com.oracle.oci.sdk	oci-java-sdk-jms	2.46.0		e71525fd4c94e59eede4efd4de3aed918275f1d4
com.oracle.oci.sdk	oci-java-sdk-jms	2.47.0		ce6db30e1aa27fc6763eb972c01d2296d064a5d3
com.oracle.oci.sdk	oci-java-sdk-jms	2.48.0		1663591c342c0f59e30fba77390972b7af9616f7
com.oracle.oci.sdk	oci-java-sdk-jms	2.49.0		472ce51aedc46ccbd6edd9a6f7e84b1434027f6e
com.oracle.oci.sdk	oci-java-sdk-jms	2.49.1		56cac829278d0e50c8e565aa87041af9541f86a3
com.oracle.oci.sdk	oci-java-sdk-jms	2.5.0		373ab6982c74c40c928c5e5c18efb5acd8587ddc
com.oracle.oci.sdk	oci-java-sdk-jms	2.5.1		aeaf6ba2db43c599d6705a346a455c8102e15e4f
com.oracle.oci.sdk	oci-java-sdk-jms	2.50.0		0999e00dcb2d36a7bfec7d9e2a3d04a751ae1066
com.oracle.oci.sdk	oci-java-sdk-jms	2.51.0		8783d7946848b8ebe0ec85fb72f32fc8319f9401
com.oracle.oci.sdk	oci-java-sdk-jms	2.51.1		c64c38433727374370d9caa39565888d11e6324e
com.oracle.oci.sdk	oci-java-sdk-jms	2.51.2		54d1396c3b84f016682e25916e720a01cddee462
com.oracle.oci.sdk	oci-java-sdk-jms	2.51.3		0b472e731fef993499479c16c4ebf83037df15a9
com.oracle.oci.sdk	oci-java-sdk-jms	2.52.0		e5786e4beab5235d908d8593652791d916e25229
com.oracle.oci.sdk	oci-java-sdk-jms	2.53.0		a36cc1df02e029ac969a84fde97a26addc54b1e2
com.oracle.oci.sdk	oci-java-sdk-jms	2.54.0		644a2dd06c915fc453ec71b0429675244259d7fb
com.oracle.oci.sdk	oci-java-sdk-jms	2.54.1		f174d1c98fd175a5803d58d4d1ee1126ff9b56dc
com.oracle.oci.sdk	oci-java-sdk-jms	2.55.0		3911aa1b60a7aedbe8c161ad4bc016ba35012caf
com.oracle.oci.sdk	oci-java-sdk-jms	2.56.0		754b5e40d956926e9144ecaa6e6e206eba968129
com.oracle.oci.sdk	oci-java-sdk-jms	2.57.0		c6000969b63de924a5aa69ee4e3aad2e43394158
com.oracle.oci.sdk	oci-java-sdk-jms	2.57.1		304b11021b97a6869771909a73db937518eeab67
com.oracle.oci.sdk	oci-java-sdk-jms	2.58.0		118a2eade9c82fff7f03d87850e1e4d0cf251794
com.oracle.oci.sdk	oci-java-sdk-jms	2.59.0		a9d884bcb8352c979b6266283f61463dd8b5f5db
com.oracle.oci.sdk	oci-java-sdk-jms	2.6.0		8bd650ca54354a45160a299228433a7147758598
com.oracle.oci.sdk	oci-java-sdk-jms	2.60.0		217d3ca845e13d9bf86874ced32bc1b9886c0f8f
com.oracle.oci.sdk	oci-java-sdk-jms	2.60.1		e450c1dd4b336aeb970558843a0df1250cfca079
com.oracle.oci.sdk	oci-java-sdk-jms	2.61.0		65c04d2cf3b7429f6f4f9d9668701139680fbf90
com.oracle.oci.sdk	oci-java-sdk-jms	2.61.1		1a8fd30d698f8204ba0da7eb84eb61323e38ddbd
com.oracle.oci.sdk	oci-java-sdk-jms	2.62.0		11fd2d9cb8c4aa04a09d6508ab0a7e221333377b
com.oracle.oci.sdk	oci-java-sdk-jms	2.63.0		3fb89e3cbf5a8efa27867417701a8b3999d45af1
com.oracle.oci.sdk	oci-java-sdk-jms	2.64.0		53689307d0da39e758f504b3ee4a068c8ab3500a
com.oracle.oci.sdk	oci-java-sdk-jms	2.64.1		279256a4fac6c0710b3048c1e3d8528f30d9dfd8
com.oracle.oci.sdk	oci-java-sdk-jms	2.65.0		cfc659d1f39f56c1fb084cb9de9244b4dd662f8b
com.oracle.oci.sdk	oci-java-sdk-jms	2.65.1		d62451787064ce1932a4e55871bf8e27fc47c940
com.oracle.oci.sdk	oci-java-sdk-jms	2.66.0		61e8d4b1407651944232e67c6dabdd28fa923f91
com.oracle.oci.sdk	oci-java-sdk-jms	2.7.0		d27591b8d697f2562163368e2dcc774ea66ea11d
com.oracle.oci.sdk	oci-java-sdk-jms	2.7.1		fc8b80c60ff15ff397e743282746f07eac598e62
com.oracle.oci.sdk	oci-java-sdk-jms	2.7.2		8d5d8189ce6c59801574b61e43391420266020fa
com.oracle.oci.sdk	oci-java-sdk-jms	2.72.0		96fe06c3f4b5d0dd4cb7afefc7fbeba8411b0b31
com.oracle.oci.sdk	oci-java-sdk-jms	2.73.0		b9188460ac2dae6e0bc8b84037b1f6700e451b5a
com.oracle.oci.sdk	oci-java-sdk-jms	2.79.0		8ec284311fde888c915012592350345456bfa9a2
com.oracle.oci.sdk	oci-java-sdk-jms	2.8.0		9612dc772ad1bccc135b1ea4404312e3ee953025
com.oracle.oci.sdk	oci-java-sdk-jms	2.8.1		67f61264be6174bab2eff0827b543c6d5aa9a2a3
com.oracle.oci.sdk	oci-java-sdk-jms	2.81.0		d5e88e8b96a8983586324a90a1f82b63385fdccb
com.oracle.oci.sdk	oci-java-sdk-jms	2.82.0		c07af940befd4a234868a60cff942e10cf142c21
com.oracle.oci.sdk	oci-java-sdk-jms	2.9.0		51e5607f3f8fb6af2688b79fe251ff828419dabc
com.oracle.oci.sdk	oci-java-sdk-jms	3.0.0		f71ae81a4d1dd132521af479e0140c41b5ef05e1
com.oracle.oci.sdk	oci-java-sdk-jms	3.0.0-beta1		f916ddfd04124b2feea6df8814e1367b8e7bbc17
com.oracle.oci.sdk	oci-java-sdk-jms	3.0.0-beta2		a462244a402155fcf1d9f5b6686612d935445666
com.oracle.oci.sdk	oci-java-sdk-jms	3.0.1		ed5441b601c2c6f37bad3b568b23431021f46160
com.oracle.oci.sdk	oci-java-sdk-jms	3.1.0		be127c6a49c679c055d7b736025bf84ee498a7fb
com.oracle.oci.sdk	oci-java-sdk-jms	3.10.0		c8f2e17c3ad014ab8e4e33ab5bbc9240444a4ca0
com.oracle.oci.sdk	oci-java-sdk-jms	3.11.0		317dd3de38193b92e1660c7b75e616cbc13a571f
com.oracle.oci.sdk	oci-java-sdk-jms	3.12.0		d776943fc26138c0ed79a63ef638bd0b448e6571
com.oracle.oci.sdk	oci-java-sdk-jms	3.12.1		004073fb4135b4194ebb382f22ae446cfc6c5e39
com.oracle.oci.sdk	oci-java-sdk-jms	3.13.0		25f3ddd3eb8c49347db8f02fa6b6ab33429c9289
com.oracle.oci.sdk	oci-java-sdk-jms	3.13.1		6d9bd00369d757e55ba15fd0261f94602c2efae4
com.oracle.oci.sdk	oci-java-sdk-jms	3.14.0		ad385512baf233be487a90b591c6224824f06379
com.oracle.oci.sdk	oci-java-sdk-jms	3.15.0		5b5906afac88a5f6906841084657c23fd99c116b
com.oracle.oci.sdk	oci-java-sdk-jms	3.16.0		584e067b033cc5d20cd4169e6e36a85551d54e26
com.oracle.oci.sdk	oci-java-sdk-jms	3.16.1		c7085a89432293e5e85492c95cd90d7470a45d66
com.oracle.oci.sdk	oci-java-sdk-jms	3.17.0		1fac57d486bd3cdfb50cab8e2d73b4ab2bba6c29
com.oracle.oci.sdk	oci-java-sdk-jms	3.17.1		f36288edcd4156c595d0e4f8021ba4663cc87f95
com.oracle.oci.sdk	oci-java-sdk-jms	3.18.0		013bf0bd7f68fa95a6595d390020fbc3a2c5132f
com.oracle.oci.sdk	oci-java-sdk-jms	3.19.0		2121afe90d7e598ff807ee5f06735fe224a56476
com.oracle.oci.sdk	oci-java-sdk-jms	3.2.0		718de750cb5241bd190a84a8b57ca86d159aea66
com.oracle.oci.sdk	oci-java-sdk-jms	3.2.1		0a2f6cc8ebeb040266cc4e7c0c29e699a3be8b92
com.oracle.oci.sdk	oci-java-sdk-jms	3.2.2		600c7bf4ad84a4ae7a2e0060fe310bce741ec349
com.oracle.oci.sdk	oci-java-sdk-jms	3.2.3		cec4149d677d32c7dc8ff0b6340316a4df295c4a
com.oracle.oci.sdk	oci-java-sdk-jms	3.20.0		45d5c3e076460e4a33134cae710944801e8578a3
com.oracle.oci.sdk	oci-java-sdk-jms	3.21.0		1f4051eea4006fe64633879b810c01650b2d164f
com.oracle.oci.sdk	oci-java-sdk-jms	3.22.0		bf29de516500318dfb45059f2f3f503010c9b96e
com.oracle.oci.sdk	oci-java-sdk-jms	3.23.0		1601749c62c4adf6870579e75742510dc44db833
com.oracle.oci.sdk	oci-java-sdk-jms	3.23.1		af160f76dd24df3ee388e0194d2174d34d1dda0e
com.oracle.oci.sdk	oci-java-sdk-jms	3.23.2		43c30489936c943f07daab9db182bda3dbb37449
com.oracle.oci.sdk	oci-java-sdk-jms	3.24.0		91cac2b471b6fc9e91a2b886e77173c30a536db7
com.oracle.oci.sdk	oci-java-sdk-jms	3.25.0		72c3cf2c6abf69bf5a5378f4203563a971bc5fd4
com.oracle.oci.sdk	oci-java-sdk-jms	3.25.1		40bce29bd1778a047099dd7886817b38504a6e72
com.oracle.oci.sdk	oci-java-sdk-jms	3.25.2		950c420399f5452bdf0b83952e6eec6ca3207329
com.oracle.oci.sdk	oci-java-sdk-jms	3.25.3		cd81aaebf9692bd304ad52519ae7cfd96237c5eb
com.oracle.oci.sdk	oci-java-sdk-jms	3.25.4		fd89614ad99e5dd0b269e722e912fd02e689693c
com.oracle.oci.sdk	oci-java-sdk-jms	3.26.0		4ed35b8b4638c9e36687d919640301ef722dc9ec
com.oracle.oci.sdk	oci-java-sdk-jms	3.27.0		c0077cdfebd8410eeeabf5bfedade9d9a52452eb
com.oracle.oci.sdk	oci-java-sdk-jms	3.28.0		10085c77c6bb7de3ac5cecf446ac643b68ec23b2
com.oracle.oci.sdk	oci-java-sdk-jms	3.28.1		a2c5ab8613c82b169f2e2ca5442e48772456864b
com.oracle.oci.sdk	oci-java-sdk-jms	3.29.0		bf2658b75bd1b7174af6506d7dd57857189359d3
com.oracle.oci.sdk	oci-java-sdk-jms	3.3.0		0d034d348b2ff402ad232aae5620c778fc593d07
com.oracle.oci.sdk	oci-java-sdk-jms	3.30.0		323ddcd4601b7485d90c9c7dddc0305fd7c487dc
com.oracle.oci.sdk	oci-java-sdk-jms	3.31.0		779b9829650b2b93f221349174fc2d39cb37be0b
com.oracle.oci.sdk	oci-java-sdk-jms	3.31.1		2dcf261694d254cb34537cf1434475ed269eea48
com.oracle.oci.sdk	oci-java-sdk-jms	3.32.0		fa518dac71cddfad45d643959936c7f0fbb2f2bd
com.oracle.oci.sdk	oci-java-sdk-jms	3.32.1		47d339a4fff006e97c4b0f0e804103b00beb96cc
com.oracle.oci.sdk	oci-java-sdk-jms	3.33.0		4e71fddf4cbc0ef7913b0058bb21e2cb08080b74
com.oracle.oci.sdk	oci-java-sdk-jms	3.34.0		c282d7ae9a9504315499ff1467183cd8c755be7c
com.oracle.oci.sdk	oci-java-sdk-jms	3.34.1		a343aa37b2cc09b7cef454c7bf318a2c9645cd63
com.oracle.oci.sdk	oci-java-sdk-jms	3.35.0		50b2518bf52796aa9f995b54a5e179cc614bb11c
com.oracle.oci.sdk	oci-java-sdk-jms	3.36.0		1a4ac253de707209c742af11cba3fd7c6964abbb
com.oracle.oci.sdk	oci-java-sdk-jms	3.37.0		cc5e7e782a0ff28b6ea9c62f0b8f87e1f55118c7
com.oracle.oci.sdk	oci-java-sdk-jms	3.37.1		665e7222346c49c5950ea0d3397ca2ec8161d2ba
com.oracle.oci.sdk	oci-java-sdk-jms	3.37.2		4ebacc02c16e98d62cf79cc46b13ce86dc23cdfb
com.oracle.oci.sdk	oci-java-sdk-jms	3.38.0		9767272236297d7077fe5c82ed778d44cb3dbed4
com.oracle.oci.sdk	oci-java-sdk-jms	3.39.0		de154a78d1db29ee4a41b5bf98a5717938b1349a
com.oracle.oci.sdk	oci-java-sdk-jms	3.39.1		6f812eef694d19d3a920d227d2388075c43de523
com.oracle.oci.sdk	oci-java-sdk-jms	3.39.2		e543571c4712b2fb55c90786f3b10ac4dca887d6
com.oracle.oci.sdk	oci-java-sdk-jms	3.4.0		545df8ff947780242598277a699e2ac2f5c83caa
com.oracle.oci.sdk	oci-java-sdk-jms	3.40.0		7a3c15655c61fda1e433ae9bc94a77e898662014
com.oracle.oci.sdk	oci-java-sdk-jms	3.41.0		b6b5042c7b25e185989dd9791b45934442f16ee3
com.oracle.oci.sdk	oci-java-sdk-jms	3.41.1		e71d91d3ea57492c8644bc897559e05c252100ab
com.oracle.oci.sdk	oci-java-sdk-jms	3.41.2		15b23719625bf8ea53d79c234f9908078394a83b
com.oracle.oci.sdk	oci-java-sdk-jms	3.41.3		5c74d40b2c8f0ef95fd9cc3d222d562a5c6b758e
com.oracle.oci.sdk	oci-java-sdk-jms	3.42.0		8f9698620cef406ea89f442463793061579f0f6b
com.oracle.oci.sdk	oci-java-sdk-jms	3.43.0		48f454cf64b1d37723f761c3ae281fb1be9d6dc7
com.oracle.oci.sdk	oci-java-sdk-jms	3.43.1		d1df1c5e6e52c275e6f124bda7d8e732c2bed764
com.oracle.oci.sdk	oci-java-sdk-jms	3.43.2		9b98f6f8929ed633a8a92b02f1298a21c59852c9
com.oracle.oci.sdk	oci-java-sdk-jms	3.44.0		226fdb46a1c64f6cd875db520f6faa8585932691
com.oracle.oci.sdk	oci-java-sdk-jms	3.44.1		9f7392bb3371dfec41a8aec29a94c1630a9756df
com.oracle.oci.sdk	oci-java-sdk-jms	3.44.2		c2e54b28fa500a2416fd5a6b564ba1b389c21935
com.oracle.oci.sdk	oci-java-sdk-jms	3.44.3		343624be20bd23ba16d0e7130ad118f2b76aef87
com.oracle.oci.sdk	oci-java-sdk-jms	3.44.4		1bcf88d9e7899b9afc80e14abf7c9874f24008ad
com.oracle.oci.sdk	oci-java-sdk-jms	3.45.0		0687b10238528db384d3847df4b308454f5d58ea
com.oracle.oci.sdk	oci-java-sdk-jms	3.46.0		c241aba648ab81ea76ca3a214206e75aa93db6b1
com.oracle.oci.sdk	oci-java-sdk-jms	3.46.1		de7598be18855a7ff7b6bda39de106b29eeb81f6
com.oracle.oci.sdk	oci-java-sdk-jms	3.47.0		bc372db092078a4b89983ad3327440db7e5a8003
com.oracle.oci.sdk	oci-java-sdk-jms	3.48.0		87c984461decc9ac27b8700e13df633460f2f936
com.oracle.oci.sdk	oci-java-sdk-jms	3.49.0		335395aeaed2ee4ae1d718d00365c32d2c0bef3e
com.oracle.oci.sdk	oci-java-sdk-jms	3.5.0		6b85b5607c1d0e202e8f04369085fbcc99ee0d44
com.oracle.oci.sdk	oci-java-sdk-jms	3.50.0		78fb7b28d96f12857f2d29b91fffd4834ad1faac
com.oracle.oci.sdk	oci-java-sdk-jms	3.50.1		a75ccd4c818340478060659523d1629b27b45cac
com.oracle.oci.sdk	oci-java-sdk-jms	3.50.2		493ae86a296001095db8e52c391e2b02ce9bb8f2
com.oracle.oci.sdk	oci-java-sdk-jms	3.51.0		0b8cd986d9bb2b1f572130985d0022432eb3b845
com.oracle.oci.sdk	oci-java-sdk-jms	3.52.0		b5c896edd97986e0374990f33d918ab56e2d85ae
com.oracle.oci.sdk	oci-java-sdk-jms	3.52.1		33a42d9e29c81d9bfe7ac7b091eae0afa3df07ef
com.oracle.oci.sdk	oci-java-sdk-jms	3.53.0		f8e236c7e55820c050bb7d861eb2e3cbf7abb849
com.oracle.oci.sdk	oci-java-sdk-jms	3.53.1		9914156393bfd6ab9c01fd27d99c6746705517a8
com.oracle.oci.sdk	oci-java-sdk-jms	3.54.0		1e8f87f321b195cdd0cbb3bd7382d3ac7f2eb879
com.oracle.oci.sdk	oci-java-sdk-jms	3.55.0		1fdd237297fb3b29aed5190d18e73a55b3297f9c
com.oracle.oci.sdk	oci-java-sdk-jms	3.55.1		740897dfd5fc4cd5b49829967cbbfd13e3ef96e9
com.oracle.oci.sdk	oci-java-sdk-jms	3.55.2		371e4717f6f0438d8cf6c51f83c925c431ae5d00
com.oracle.oci.sdk	oci-java-sdk-jms	3.55.3		420b7259d1b3420e2e542995ae9e84936b3c24f2
com.oracle.oci.sdk	oci-java-sdk-jms	3.56.0		20e48cb8d7fdf9c5ca10b7e759e23e1a95998f20
com.oracle.oci.sdk	oci-java-sdk-jms	3.57.0		68739ddf86b6e82aeb1c7250185f1b02d167f994
com.oracle.oci.sdk	oci-java-sdk-jms	3.57.1		d0fba3d4428f2fd0fa8abacf0bae889b7d0217f1
com.oracle.oci.sdk	oci-java-sdk-jms	3.57.2		2ef836399862c010405b7f72af2b4c21078c5996
com.oracle.oci.sdk	oci-java-sdk-jms	3.58.0		3a712611d66d6f8bc76eecf5aaa725710d0e0649
com.oracle.oci.sdk	oci-java-sdk-jms	3.59.0		e11742245cd0bb642e697e3a9e06a13127969d9e
com.oracle.oci.sdk	oci-java-sdk-jms	3.6.0		294354e32688cfdfde785991be153ca4d0a94a59
com.oracle.oci.sdk	oci-java-sdk-jms	3.60.0		02795d4798bc64eb250b9591b9e3d32803aaee39
com.oracle.oci.sdk	oci-java-sdk-jms	3.61.0		e870dcc9df27e85f9a99375440abefeb5472c292
com.oracle.oci.sdk	oci-java-sdk-jms	3.62.0		f66945ce321e519d55a7b43ff112a3598fa84bfd
com.oracle.oci.sdk	oci-java-sdk-jms	3.62.1		31797c20cf261dc9ac27740e930045b6bb9654a7
com.oracle.oci.sdk	oci-java-sdk-jms	3.63.0		3fef6da4b348244721eb69c1b57a99fc80214a12
com.oracle.oci.sdk	oci-java-sdk-jms	3.63.1		36d96c0e489611c9b3f657976e6ca8229ae3752d
com.oracle.oci.sdk	oci-java-sdk-jms	3.63.2		2b25d0f4aae5cceaa1f4293e6afecf22e08275a6
com.oracle.oci.sdk	oci-java-sdk-jms	3.63.3		5313c10cd6f20db3bd5acb2501b9c4f6f4df66c6
com.oracle.oci.sdk	oci-java-sdk-jms	3.7.0		552110f6b5d5ff900f1dcbcc890dc9726b2e7a2b
com.oracle.oci.sdk	oci-java-sdk-jms	3.8.0		39c9bc3476e613704f91ceb2d081b3c7116dbd21
com.oracle.oci.sdk	oci-java-sdk-jms	3.9.0		0e7e2ca69245a1803f3b18fbed341295088eab94
com.oracle.oci.sdk	oci-java-sdk-jms	3.9.1		13e506ce1cf355a9c66c7c0df22cca033ce0305d
com.panayotis	libtholoura	0.9		888b947c0a9e5c6c383d6a7dc3874c4ef35c44eb
com.panayotis	libtholoura	0.9.1		16ac8e854f0a922527c216c671fdcac2981fbacf
com.pig4cloud.plugin	license-client	0.0.1		9a9cf4248a328feeed3a34acdf236dfe3cface60
com.rockset	rockset-java	0.10.0		14007439b770693b69d0d2ce81a5ebebfbfb09a1
com.rockset	rockset-java	0.10.0	uberjar	eba3c21899540dfab11071a53a5c05cc8adec6bd
com.rockset	rockset-java	0.10.1		0b7386505b972b8518960debd1b35b465c699d53
com.rockset	rockset-java	0.10.1	uberjar	9b48c6a1d4a1a4e1f216a429fa07744dff0664ba
com.rockset	rockset-java	0.10.2		f539040ec3a7691ebec40318d4d15622e76cf876
com.rockset	rockset-java	0.10.2	uberjar	7c75307649844279ea17b3230df927a6416cbcfc
com.rockset	rockset-java	0.10.3		b1d25b933163594d46933dca25f3005cd63480b9
com.rockset	rockset-java	0.10.3	uberjar	8035fabf9fbc53fc841eb5cca187911cfa67c2ba
com.rockset	rockset-java	0.12.0		a2714f20b82d6779a56bcb7ce8d642792ad51134
com.rockset	rockset-java	0.12.0	uberjar	03cfae824844bb1c4ac7be9c0d9a8fadae53aeb0
com.rockset	rockset-java	0.12.1		838477bdb7f00b3b452e49100cf12bff8bcab1f1
com.rockset	rockset-java	0.12.1	uberjar	67d0a73fe4613457a607e99534125cc08bc791e0
com.rockset	rockset-java	0.13.0		5a1e14fd567f03d6156b43680b0af997df6a263c
com.rockset	rockset-java	0.13.0	uberjar	f101aefc7a44a4d4ca9ce0425131c5e6a0f40401
com.rockset	rockset-java	0.4.7		4dddcca5a645c4eb10ee7950eb44da0dc0a441f3
com.rockset	rockset-java	0.4.8		0cc8662da31492898ad84fa49fcf50d945e4d602
com.rockset	rockset-java	0.5.10		01526a6e0cd81f2dda5517ee733874e88d1feabd
com.rockset	rockset-java	0.5.11		0d2aa6a63371d1c90a15ff888d32a8e9dc000380
com.rockset	rockset-java	0.5.12		78a67f0669024ee75efa5e4e75ceef08288ee38e
com.rockset	rockset-java	0.5.13		0245b5099434de54ecc57c6fe5ed54bdf1d62732
com.rockset	rockset-java	0.5.8		54503ee04e7f13fea4c8097f55563504eba368d7
com.rockset	rockset-java	0.5.9		cb3f4ea9533112614369cf33b30ebe859368c93c
com.rockset	rockset-java	0.6.0		110f270d6b09b6d99ec02045cacb78a6aabc6d1a
com.rockset	rockset-java	0.6.1		ec95e8058a77a63e5aa2ad4fd55b1033549e8c6c
com.rockset	rockset-java	0.6.2		c1f02463bcd742ff549d53a89a7a7191cafab848
com.rockset	rockset-java	0.6.3		d53196e8db2d9be6380491561a5fe687f57a8e55
com.rockset	rockset-java	0.7.0		c596d905ac3091e5e9288a214d5d217f1aa178d5
com.rockset	rockset-java	0.7.1		90864e8c121923c3fed53b5f5a021145776fb639
com.rockset	rockset-java	0.8.0		eb89348ca456543c7a3042bfd9ac8dfcc66e24c8
com.rockset	rockset-java	0.8.1		9c96f4e5ff46646bd75c8e1c52af810acb9505c4
com.rockset	rockset-java	0.9.0		b4d05c14db411c4511083bb23219dfedd27f4fbb
com.rockset	rockset-java	0.9.1		a45146b74b128605d6f75ee0fb7cfd305e46781d
com.rockset	rockset-java	0.9.2		475f17a46fc835329c1d11878ca19cfb75eec997
com.rockset	rockset-java	0.9.3		28fff1fbd2f09cb1ee1f827166256bbd1fbda8ae
com.rockset	rockset-java	0.9.3	uberjar	cbce193d0363384044ee4e43a7cd8bbeb47aa535
com.rockset	rockset-java	0.9.4		f4e9149323c65a56a2f63c0255e83444d1bdfc20
com.rockset	rockset-java	0.9.4	uberjar	10339f8ebb0216971ddd673e4c2c28c309b360ea
com.rockset	rockset-java	0.9.5		ab55f81895189746d2349e87c550120fa23885a5
com.rockset	rockset-java	0.9.5	uberjar	8e99014d7dca70e19c37c1fd9303d4654b33b1e8
com.sdl.tridion.xo	xo-client-configuration-common	11.0.0-1024		2ab514b73e6f5496799c44b6f532ba54f2670377
com.sdl.tridion.xo	xo-client-configuration-common	11.0.0-1050		b2ef25941d517c3b048fe4cd99ffb7df6ca3ab9d
com.sdl.tridion.xo	xo-client-configuration-common	11.0.0-1056		9d670125d0f0a26a9185c3767f04bd251c5630b0
com.sdl.tridion.xo	xo-client-configuration-common	11.0.0-1058		5bbc2995f9fd48cd690b35a51580ad3fb7ad572c
com.sdl.tridion.xo	xo-client-configuration-common	11.0.0-1064		bd164845fb05df44a038f8397eae61b6ecec7d7f
com.sdl.tridion.xo	xo-client-configuration-common	11.0.0-1067		236d5c09b8bddd8a792bcf8c858274235f06e709
com.sdl.tridion.xo	xo-client-configuration-common	11.0.0-1072		5b8b838817103ceae95618da27e9f0d48ba2a719
com.sdl.tridion.xo	xo-client-configuration-common	11.0.0-1097		d7839003d3916756f7600fcf2bce8c73289ffd84
com.sdl.tridion.xo	xo-client-configuration-common	11.0.1-1015		6ffc627ec4890117faa4e68c61049fb7ebad010e
com.sdl.tridion.xo	xo-client-configuration-common	11.1.0-1064		08c5986a064941a6588d0b4fc9f458d3aa61a7b0
com.sdl.tridion.xo	xo-client-configuration-common	11.1.0-1104		ddc33a94f61017f3f97ee35e4e7c0d13e149be1c
com.sdl.tridion.xo	xo-client-configuration-common	11.1.0-1120		8719c8969e924197b7f10f2382021adea9cae400
com.sdl.tridion.xo	xo-client-configuration-common	11.5.0-1052		4c757b305ba7d6475c0383e5fee3bd9109118fb8
com.sdl.tridion.xo	xo-client-configuration-common	11.5.0-1173		d2e47621d9bfbf72975f2868f01090ce33d3845c
com.sdl.tridion.xo	xo-client-configuration-common	11.6.0-1110		5bd8a3d9234331ef9faef0ec7033ca971969f90f
com.sdl.tridion.xo	xo-client-configuration-common	12.0.0-1216		599e9ed3bf0f2e6cea12109134a2502fc5c137a6
com.seitenbau.testing	junit-parameterized-test	1.0.0		b74957527ca76390106fc5395b152e84a8985641
com.silentgo	orm	0.0.2		a9c73f9e22018c34e591a3809c36c684b5d674d2
com.silentgo	orm	0.0.3		e1da91e463e35546c177244af974f1c62b05a6b0
com.silentgo	orm	0.0.4		67edfa13ddbe0113ef45b5115b0991ec89221735
com.silentgo	orm	0.0.5		aed361fabc867c3bbbb761946428ae9f5e8311de
com.silentgo	orm	0.0.6		d6329b5fb6ac416c29aa85e0479f76d648b1406c
com.silentgo	orm	0.0.7		7822bed890941caf6a7bf1e8e1259f0d0303be39
com.silentgo	orm	0.0.8		1cecd99970bb37ca365843b725bd43dc7cc44ba5
com.silentgo	orm	0.0.9		737196e5c21f2b1fa1bfc80de9accdd1bad6417f
com.silentgo	orm	0.1.0		8ec6dd0d66098161a0473fcd2575c6d90e8d525d
com.silentgo	orm	0.1.1		d017bfac5007bd41d9648865d59219e35d0506dc
com.silentgo	orm	0.1.2		69594522a112072787d30ae0230b43127c100ef1
com.silentgo	orm	0.1.3		d40e412798cc01d2e1f4feddc892044b4c2663b6
com.silentgo	orm	0.1.4		53f5942178b8c631889134172ca619b12d4759c4
com.silentgo	orm	0.1.6		44a536ba83ccd13cb4d409212481576172d687b6
com.silentgo	orm	0.1.7		76ec19bc2f0c03fdc96afefebd7df56eb2306761
com.silentgo	orm	0.1.8		c51daaf8f0433121bd29a9b9e9c3807b32496822
com.silentgo	orm	0.1.9		2074b83f22d90d5491275dbbd10f67cf857b23d4
com.silentgo	orm	0.2.0		0b41c2b14e786f5c165089a86932d58a37fe5644
com.silentgo	orm	0.2.1		9c4be7a613172429ce852ffc8d6fe4f0e2453d26
com.silentgo	orm	0.2.10		2eb1850fedb8f99e9ba043eca7e2bb43bfc2d804
com.silentgo	orm	0.2.11		b0151c9f2f6e509a26159f033d0625b51366b138
com.silentgo	orm	0.2.12		bdbe1cecfea411dcaf63d96ec81b1509bf1dd95a
com.silentgo	orm	0.2.2		2655433583a4b277b30f22bb0c2593942b18be8c
com.silentgo	orm	0.2.4		abad13d205ca6726f913a739bcb73e23553cae41
com.silentgo	orm	0.2.5		fedcdfc786fd5dcf6d3c6f80c485ba498f43c8ea
com.silentgo	orm	0.2.7		75f83f8b12d520ea5020f773e0f5f90548b45c25
com.silentgo	orm	0.2.8		ca6450b4ababd5a6cc200b67e556468c9467cd34
com.silentgo	orm	0.2.9		678c32605c7cb3731ef87c7de3f7a4131f1a99c2
com.silentgo	orm	0.3.1		26f509388ab64b61734c03d20d466c4b8b01cae5
com.silentgo	orm	0.3.2		a1b2a01ac0e120e36fc7924251ceb6ed62cffb7f
com.smoketurner.dropwizard	dropwizard-riak	0.9.2-1		82364787af992b5b1ea063fb0bc6ec71d7c15107
com.smoketurner.dropwizard	dropwizard-riak	0.9.2-2		abb724f5b92ee040e22927609cdc1c92b344edc9
com.smoketurner.dropwizard	dropwizard-riak	1.0.0-1		6193311209493b345989a54ae40ce2818a9f6461
com.smoketurner.dropwizard	dropwizard-riak	1.0.0-2		05b69ec93c681842d57baca8dd7fc1e5e15177c5
com.smoketurner.dropwizard	dropwizard-riak	1.0.0-3		d3a1858612714411f8cc7cde2afa5da08e1fd446
com.smoketurner.dropwizard	dropwizard-riak	1.0.0-rc4-1		2fe4762a57a5526e3812cb66b9f68cc3d09aa510
com.smoketurner.dropwizard	dropwizard-riak	1.0.1-1		260d6ffce7cdada57aa26c76f2380490477930a7
com.smoketurner.dropwizard	dropwizard-riak	1.0.2-1		f5d6b18d2bc90cbd661b8c267faa05cbf485267e
com.smoketurner.dropwizard	dropwizard-riak	1.0.3-1		4fa7b5bdc2bb23960584aa019c017ebe6d40dd8b
com.smoketurner.dropwizard	dropwizard-riak	1.0.5-1		613e88e5938fdb4aaa218b00ba45e9c27653b72c
com.smoketurner.dropwizard	dropwizard-riak	1.0.5-2		a3f0e43451f896911858b71688135cd72dd66826
com.smoketurner.dropwizard	dropwizard-riak	1.0.5-3		d75ea6ab1b8cff11eed5329f60172a468b0dd192
com.smoketurner.dropwizard	dropwizard-riak	1.0.5-4		1f8de26ff6c17f41df27d886b7b77eed99bf1acf
com.smoketurner.dropwizard	dropwizard-riak	1.0.6-1		2475f5afba149981cd8d77407f2d4d8c1f4e14a9
com.smoketurner.dropwizard	dropwizard-riak	1.1.0-1		a253cab249ab56e25db1434fb9b86fb85441d53e
com.smoketurner.dropwizard	dropwizard-riak	1.2.0-1		20489f09c1f940fc5fbbc1d05ddf32732dd66efa
com.smoketurner.dropwizard	dropwizard-riak	1.2.2-1		a186943783fdfb3a1867c85423a71b8e9f7e7c72
com.smoketurner.dropwizard	dropwizard-riak	1.2.3-1		1f511580eb07ca5b4fe3062cfe978861beed1b7e
com.smoketurner.dropwizard	dropwizard-riak	1.2.3-2		34144d4d8d9baebcacc4c8ae2106e160a75de341
com.smoketurner.dropwizard	dropwizard-riak	1.3.0-1		b838c48497eb93467af62b35e4b1f06039a5a668
com.smoketurner.dropwizard	dropwizard-riak	1.3.5-1		3c39190ff8353b0a0618facc04ebb890f9a40079
com.smoketurner.dropwizard	dropwizard-riak	1.3.5-2		338e28bda7141dc54ccafa270fb31fdddf4c4166
com.smoketurner.dropwizard	dropwizard-riak	1.3.5-3		eeafb29e7bc979413f240c065ca5c04a6a4a2f23
com.smoketurner.dropwizard	dropwizard-riak	1.3.7-1		910bc2f50e759106ff8dc6240cab1e89519f9607
com.smoketurner.dropwizard	dropwizard-riak	1.3.8-1		5b1603a2aacfdfb95ad57d5b6d9b0f125caaebde
com.smoketurner.dropwizard	dropwizard-riak	1.3.9-1		89258deed15f99a46824e4a8223e6beecacf3991
com.softwaremill.sttp.client4	core_native0.5_3	4.0.0		007712a1d4fa97da2e2ed58e8fdc9764be63704d
com.softwaremill.sttp.client4	core_native0.5_3	4.0.0-M13		d4eb8bc97311ba7ad90797c6df04875e53adc28f
com.softwaremill.sttp.client4	core_native0.5_3	4.0.0-M14		2d3b25419f059127a7bc626755b5aa290f74cc9d
com.softwaremill.sttp.client4	core_native0.5_3	4.0.0-M16		41be6be9edda3e9fb7ca62013b18024d47d8e4a5
com.softwaremill.sttp.client4	core_native0.5_3	4.0.0-M17		7c83dc6d737a41b7d21823d4a3b29a5d9b261589
com.softwaremill.sttp.client4	core_native0.5_3	4.0.0-M18		28c957ce7f2fff3abb926bb0352f7906af77e6f3
com.softwaremill.sttp.client4	core_native0.5_3	4.0.0-M19		1211f6f69fa8e03852552666b3f03e67f7b9cf0f
com.softwaremill.sttp.client4	core_native0.5_3	4.0.0-M20		480f6dc50ed3ed879ccb8290d930866c8f5e1023
com.softwaremill.sttp.client4	core_native0.5_3	4.0.0-M21		f3baa03d3dba0b7aa636ea9e7fbe5558e945516b
com.softwaremill.sttp.client4	core_native0.5_3	4.0.0-M22		75d8217d17a7ca38d628e13384e2dd55f02000be
com.softwaremill.sttp.client4	core_native0.5_3	4.0.0-M24		9bf5ed9cbc0a4873d8fa427841a0593dae13a5a4
com.softwaremill.sttp.client4	core_native0.5_3	4.0.0-M25		3d7b4b44559cd468cce4b228e9848a2647c44685
com.softwaremill.sttp.client4	core_native0.5_3	4.0.0-M26		78af2c7b309c23d6ae9ea9c5be33f5178eefeb54
com.softwaremill.sttp.client4	core_native0.5_3	4.0.0-RC1		a3ccfcecfe65ee650f72e8f877dd792847a81d0d
com.softwaremill.sttp.client4	core_native0.5_3	4.0.0-RC2		b1b3a01255f5b1b1c1bfe3e40f74f1db3ec2a3aa
com.softwaremill.sttp.client4	core_native0.5_3	4.0.0-RC3		7fbcf7c096ea7ade6b7a8557559872c08e972396
com.softwaremill.sttp.client4	core_native0.5_3	4.0.0-RC4		5da304a4d461c897a1d099c0db17da9637c1d179
com.softwaremill.sttp.client4	core_native0.5_3	4.0.1		7e2e101e7a4558052645d1a416acf5738f2986e5
com.softwaremill.sttp.client4	core_native0.5_3	4.0.2		e4da5383f1b792ea25a3d0181c00f41ef1636b62
com.softwaremill.sttp.client4	core_native0.5_3	4.0.3		c02e0cc841b71602d34e9c5e853d90c39724ec80
com.stratio.receiver	spark-kafka	0.1.0		bc91357962ba2a639df7da2241aee2be03e63af7
com.stratio.receiver	spark-kafka	0.2.0		113f30c68d2c7cbf86e8794104fbad411d09a9d8
com.talanlabs	component-mybatis-guice	1.0.0		bdb9175b68b0faeac15b0b8fa10527ea487d0679
com.talanlabs	component-mybatis-guice	1.0.1		9488144e61ca6ed51705a1583f38d331326ac681
com.talanlabs	component-mybatis-guice	1.0.2		8755d2c633e9d1335ef382b99475efbd5c5d76af
com.talanlabs	component-mybatis-guice	1.0.3		e34e4c15696f9ee4fe654965e1114fa70f44ffe3
com.talanlabs	component-mybatis-guice	1.0.4		3fb5021cac6e64b10a7796143da20b5ba96670ca
com.yahoo.elide	elide-spring-boot-autoconfigure	4.5.12		d4515cde73afbc1302e36dd5314287f8bcf21bb7
com.yahoo.elide	elide-spring-boot-autoconfigure	4.5.13		ba2e8b72aa9fd681872f69ccac9461f329642a4f
com.yahoo.elide	elide-spring-boot-autoconfigure	4.5.14		f2680fe837427b0c00dd2cd9f2d0baa0caf9b17d
com.yahoo.elide	elide-spring-boot-autoconfigure	4.5.15		b7526bebc04f4fc885ce2efaa9cf183ff7f018a1
com.yahoo.elide	elide-spring-boot-autoconfigure	4.5.16		78329c8591404861b9d2ea840898c6e11fb82e01
com.yahoo.elide	elide-spring-boot-autoconfigure	4.5.7		6a1a76e86a4492fef4626dfbe432af9feb38e6ec
com.yahoo.elide	elide-spring-boot-autoconfigure	4.5.8		007adf6decee821d2ad54a3739bb265f1f3484de
com.yahoo.elide	elide-spring-boot-autoconfigure	4.5.9		06f8b286f0a763a15ef6bc2fd21be3350270d1bb
com.yahoo.elide	elide-spring-boot-autoconfigure	4.6.0		6a1da3e2aa1a381d4cf53d6216ef0634bae5609b
com.yahoo.elide	elide-spring-boot-autoconfigure	4.6.1		ac504197b08c90421f78642cee50cd6ef54d3c06
com.yahoo.elide	elide-spring-boot-autoconfigure	4.6.10		6654bbbedf64a03bf9c19c4a675ebd06dfa2667a
com.yahoo.elide	elide-spring-boot-autoconfigure	4.6.11		e301aa4a81f77e676f4564794e87d1d2d7114105
com.yahoo.elide	elide-spring-boot-autoconfigure	4.6.2		075a3dcec9ebedbdab3aa6395da9173ad77689f5
com.yahoo.elide	elide-spring-boot-autoconfigure	4.6.3		da3bff5e798193a63c45e22fd196cdbe5f75ac9f
com.yahoo.elide	elide-spring-boot-autoconfigure	4.6.4		447925b02d39acba86920a5538549dcc1121f24d
com.yahoo.elide	elide-spring-boot-autoconfigure	4.6.5		9242ee13b95eb0918772de9fca0389411e9da914
com.yahoo.elide	elide-spring-boot-autoconfigure	4.6.6		eccb6b33131dd640a875f6ce7bf561f97ca2e315
com.yahoo.elide	elide-spring-boot-autoconfigure	4.6.7		e24cae2148e082f3ca276397137e1e7fe6e84aa1
com.yahoo.elide	elide-spring-boot-autoconfigure	4.6.8		056145f56e448116a037759e049b6ede17cc5e6d
com.yahoo.elide	elide-spring-boot-autoconfigure	4.6.9		904f451f9d1d4960782de9c4b1fcb3150082369a
com.yahoo.elide	elide-spring-boot-autoconfigure	4.7.0		e40ec9c512840a749a8760a47cd9e7a7b51b178f
com.yahoo.elide	elide-spring-boot-autoconfigure	4.7.2		5c3e3fd97fb941c509edfb12097c672198e6a132
com.yahoo.elide	elide-spring-boot-autoconfigure	4.8.0		c09dc38864902127c3abb896964b2b4e146ca2df
com.yahoo.elide	elide-spring-boot-autoconfigure	5.0.0		346efc70f6f67517ef4d76b9389b60f876dce582
com.yahoo.elide	elide-spring-boot-autoconfigure	5.0.0-pr29		3080ab417a99406749d3ca5c56354870f175621d
com.yahoo.elide	elide-spring-boot-autoconfigure	5.0.0-pr30		2ad7bda3a5b5116fcf460ae405a71f59fa3be2d0
com.yahoo.elide	elide-spring-boot-autoconfigure	5.0.0-pr31		204f921428eb2d60774aea7c86f501f1094c7017
com.yahoo.elide	elide-spring-boot-autoconfigure	5.0.0-pr32		88cb6430f4e7fd52f1084ed6b991d7f7112fcc79
com.yahoo.elide	elide-spring-boot-autoconfigure	5.0.0-pr34		b203de0d17f3299ff170432eb7336c781964140c
com.yahoo.elide	elide-spring-boot-autoconfigure	5.0.1		c8a53bdb5575767f353419866cc59d9d807609d7
com.yahoo.elide	elide-spring-boot-autoconfigure	5.0.10		be22b354aaccbc5eb38a7b056bfb8503087f570a
com.yahoo.elide	elide-spring-boot-autoconfigure	5.0.11		e23438136d260ff4486d8724fd933514cd944e04
com.yahoo.elide	elide-spring-boot-autoconfigure	5.0.12		7f190f5b7ea2c3f686e207ec41a487ce1eee87aa
com.yahoo.elide	elide-spring-boot-autoconfigure	5.0.2		4d7090fd65aa4b7aa3348d6d1cfb16efa80f9869
com.yahoo.elide	elide-spring-boot-autoconfigure	5.0.3		4d291581640f8b7bd7cb1e388346c370ee2fe4a7
com.yahoo.elide	elide-spring-boot-autoconfigure	5.0.4		993d793be5ede10ec17e6496d945520fa115aec6
com.yahoo.elide	elide-spring-boot-autoconfigure	5.0.6		d96ee048b4cd627bfe86f380c85dc7cf0b5046a8
com.yahoo.elide	elide-spring-boot-autoconfigure	5.0.7		14f5e31f7c554b5d3b6d2863d4a85bd6cfdc9d56
com.yahoo.elide	elide-spring-boot-autoconfigure	5.0.8		1593519340755be6c828b7f18c05d8ddfd4273e3
com.yahoo.elide	elide-spring-boot-autoconfigure	5.0.9		8ed19fb5a9f4d8ddaf0697b6d05d3079dcbfd06a
com.yahoo.elide	elide-spring-boot-autoconfigure	5.1.0		c973a7be9d4c8c3393db4fe13c6e2d3d2667291e
com.yahoo.elide	elide-spring-boot-autoconfigure	5.1.1		34fec584a970d78c9503d8565c12587b1ac6025d
com.yahoo.elide	elide-spring-boot-autoconfigure	5.1.2		59b3fff02ddc6fbb858a5b1cc883c6e94b01afe7
com.yahoo.elide	elide-spring-boot-autoconfigure	6.0.0		c4addd2328b969204113ce25433e60b74d98c60f
com.yahoo.elide	elide-spring-boot-autoconfigure	6.0.0-pr3		6e2dc6e0f9cfecee3127877f0798a4c9fca470fa
com.yahoo.elide	elide-spring-boot-autoconfigure	6.0.0-pr4		e0398732837730e4c4991f9c920a5e77563132c6
com.yahoo.elide	elide-spring-boot-autoconfigure	6.0.0-pr5		8620423b71f5b4e5549b80cf56059109b6e9bc47
com.yahoo.elide	elide-spring-boot-autoconfigure	6.0.0-pr6		4adc31beba7e75ab34e6cb79ae5a9a4f53a46e2e
com.yahoo.elide	elide-spring-boot-autoconfigure	6.0.0-pr7		55fae91a5c700984c554e29be3901080df703b2b
com.yahoo.elide	elide-spring-boot-autoconfigure	6.0.1		8348db8b5deb5d8393f807010fab05acca8327b5
com.yahoo.elide	elide-spring-boot-autoconfigure	6.0.2		3c0a0d3bbb3f67923d5a35a4f9148e0fc64b3b33
com.yahoo.elide	elide-spring-boot-autoconfigure	6.0.3		a4e38ce73369b9d4f3c87e2e92f527ecbca5fdcd
com.yahoo.elide	elide-spring-boot-autoconfigure	6.0.4		96d70f1ca26e25f2a501e6626468ab126e90faa4
com.yahoo.elide	elide-spring-boot-autoconfigure	6.0.5		9f9d656b1bd7040659f41c1bc569531f0731e3e2
com.yahoo.elide	elide-spring-boot-autoconfigure	6.0.6		2dcc8d7ccd6b9767f33b1c64b0764a3acb39016f
com.yahoo.elide	elide-spring-boot-autoconfigure	6.1.0		a33f782fcceb366284b5d4a3b9b560622ae5366e
com.yahoo.elide	elide-spring-boot-autoconfigure	6.1.1		1cc6814fd6934eea54999852c98b81b4adc22119
com.yahoo.elide	elide-spring-boot-autoconfigure	6.1.10		8e17870a0170873357de41fa7c5f633ed52d74c4
com.yahoo.elide	elide-spring-boot-autoconfigure	6.1.12		6a9608df8065e7fda8d72a7d071af2b253cc65bb
com.yahoo.elide	elide-spring-boot-autoconfigure	6.1.2		e18fd1634cba1c0e88a6d6df5db84bb9607ca448
com.yahoo.elide	elide-spring-boot-autoconfigure	6.1.3		c6dca5a6e81f145b60d3db87d296624704332059
com.yahoo.elide	elide-spring-boot-autoconfigure	6.1.4		ff372082f5bdd2f3c9ed4a53f73addd9c79c6873
com.yahoo.elide	elide-spring-boot-autoconfigure	6.1.5		a26442a8a368ff45a0a172237839c75bc773544b
com.yahoo.elide	elide-spring-boot-autoconfigure	6.1.6		594c8c9c042a0db0cb80135c9587a8daad24437b
com.yahoo.elide	elide-spring-boot-autoconfigure	6.1.7		ffa6e3edec04b281b60752bad0822fa62222dd7e
com.yahoo.elide	elide-spring-boot-autoconfigure	6.1.8		413a556dd4cb2816fd296a8fa362ff83604df994
com.yahoo.elide	elide-spring-boot-autoconfigure	6.1.9		796906a105899935ae5e95e0d1406c5703fb9179
com.yahoo.elide	elide-spring-boot-autoconfigure	7.0.0		6b2034239eed56a61a603296c55b9fa1b91b25de
com.yahoo.elide	elide-spring-boot-autoconfigure	7.0.0-pr2		bf4704d0d2cfca5630dfbea48c0e13570a08ca18
com.yahoo.elide	elide-spring-boot-autoconfigure	7.0.0-pr3		b18949507f863d05cbcc020cf68b7890c55a1f6e
com.yahoo.elide	elide-spring-boot-autoconfigure	7.0.0-pr4		c0d18c9994400174f9048b66817859031bfff728
com.yahoo.elide	elide-spring-boot-autoconfigure	7.0.0-pr5		4b1860e37dd52e57d5dba184d13435cc8e49776b
com.yahoo.elide	elide-spring-boot-autoconfigure	7.0.0-pr6		3c85798b6b08bd0c12b63b82ab0f86b9d756fa1b
com.yahoo.elide	elide-spring-boot-autoconfigure	7.0.1		50567db69ab612f1ecd995e2689940914b575a75
com.yahoo.elide	elide-spring-boot-autoconfigure	7.0.2		82a38978f8daf81810734181a9a5908e5d17ff80
com.yahoo.elide	elide-spring-boot-autoconfigure	7.0.3		6b54f4f0a0db1993ab86b5ed60af40de1c8b7cdb
com.yahoo.elide	elide-spring-boot-autoconfigure	7.0.4		f66243db3b27492b20f60772a36c28d48af68de6
com.yahoo.elide	elide-spring-boot-autoconfigure	7.0.5		50f720dc9ec27c9a42812ff3f176030e94ec4965
com.yahoo.elide	elide-spring-boot-autoconfigure	7.1.0		0a1730e784328c8351ed332097aa5312a675e102
com.yahoo.elide	elide-spring-boot-autoconfigure	7.1.1		fc51095ee16378e6f60fc112d704db0173183b62
com.yahoo.elide	elide-spring-boot-autoconfigure	7.1.11		79132219ee6d0d629ed2aab205e181b6e2f34f1d
com.yahoo.elide	elide-spring-boot-autoconfigure	7.1.2		9fc3760387baf2aec0dcbb870631fb3670882187
com.yahoo.elide	elide-spring-boot-autoconfigure	7.1.4		516f3af5f26c7bcea3290f117373823d3177dd2e
de.quantummaid.messagemaid	messagemaid-parent	0.9.0		N/A
de.quantummaid.messagemaid	messagemaid-parent	0.9.1		N/A
de.quantummaid.messagemaid	messagemaid-parent	0.9.10		N/A
de.quantummaid.messagemaid	messagemaid-parent	0.9.11		N/A
de.quantummaid.messagemaid	messagemaid-parent	0.9.12		N/A
de.quantummaid.messagemaid	messagemaid-parent	0.9.13		N/A
de.quantummaid.messagemaid	messagemaid-parent	0.9.3		N/A
de.quantummaid.messagemaid	messagemaid-parent	0.9.4		N/A
de.quantummaid.messagemaid	messagemaid-parent	0.9.5		N/A
de.quantummaid.messagemaid	messagemaid-parent	0.9.6		N/A
de.quantummaid.messagemaid	messagemaid-parent	0.9.7		N/A
de.quantummaid.messagemaid	messagemaid-parent	0.9.8		N/A
de.quantummaid.messagemaid	messagemaid-parent	0.9.9		N/A
de.sciss	wolkenpumpe-core_3.0.0-M3	3.4.0		e18bffa535947ca7e1dcbb51ca8083f0d156da3a
dev.aoqia.leaf	filament	0.1.0		1b4cdec87cdb9df89f96279429373ba3152b8a6c
dev.snipme	highlights-iossimulatorarm64	0.5.0		N/A
dev.snipme	highlights-iossimulatorarm64	0.5.0	metadata	955c7121e55ce4d59f0b5c48b2c552975fef1025
dev.snipme	highlights-iossimulatorarm64	0.6.0		N/A
dev.snipme	highlights-iossimulatorarm64	0.6.0	metadata	166532d26a3c09d2f8468e8b3375fd53880b9e39
dev.snipme	highlights-iossimulatorarm64	0.7.0		N/A
dev.snipme	highlights-iossimulatorarm64	0.7.0	metadata	6bc7b0dbf67e7bc86e68d993deb552feb3eabaeb
dev.snipme	highlights-iossimulatorarm64	0.7.1		N/A
dev.snipme	highlights-iossimulatorarm64	0.7.1	metadata	a88c38a5bed1fad6df347e35086c4369934c599f
dev.snipme	highlights-iossimulatorarm64	0.8.0		N/A
dev.snipme	highlights-iossimulatorarm64	0.8.0	metadata	beb49bf6b6dabf35d4b9563c7e9086f2cf1f0947
dev.snipme	highlights-iossimulatorarm64	0.8.1		N/A
dev.snipme	highlights-iossimulatorarm64	0.8.1	metadata	73946b05f4f7b871ff1319311e3b0ee0f309b9e4
dev.snipme	highlights-iossimulatorarm64	0.9.0		N/A
dev.snipme	highlights-iossimulatorarm64	0.9.0	metadata	2b63e97b28d5d696d7236a7a845de15253037234
dev.snipme	highlights-iossimulatorarm64	0.9.1		N/A
dev.snipme	highlights-iossimulatorarm64	0.9.1	metadata	855efe78936d5429934fc82408c58d93f09208d2
dev.snipme	highlights-iossimulatorarm64	0.9.2		N/A
dev.snipme	highlights-iossimulatorarm64	0.9.2	metadata	7f9daf70c9e934beb00c3255629689c60555cace
dev.snipme	highlights-iossimulatorarm64	0.9.3		N/A
dev.snipme	highlights-iossimulatorarm64	0.9.3	metadata	62af9a33b307cbda8d754fa543c6f249579c3575
dev.snipme	highlights-iossimulatorarm64	1.0.0		N/A
dev.snipme	highlights-iossimulatorarm64	1.0.0	metadata	d1b7b49a9369373a7d98a637b60c1d41b09ea863
eu.neilalexander	jnacl	1.0.0		82e9034fb81a33cb9d7e0c4cd241a2ba84802ae2
io.frees	frees-monix_sjs0.6_2.11	0.4.0		f0d7b8a0bb3c6f71422383562a5d518ae7c5b1bc
io.frees	frees-monix_sjs0.6_2.11	0.4.1		78a987205e7dcb265ff3c111127303f3b5365a3d
io.frees	frees-monix_sjs0.6_2.11	0.4.2		531d3f828f21331f7d1c3d0092de3f4ff481b09e
io.frees	frees-monix_sjs0.6_2.11	0.4.3		fb14120064eb3b6b0042020dd1ebffe0adc23f7d
io.frees	frees-monix_sjs0.6_2.11	0.4.4		01c30d207a1ef11ef009bf02191ac439248adfe8
io.frees	frees-monix_sjs0.6_2.11	0.4.5		8c3c854a54e4053f3b763a5fd91e51ee64c9a8cd
io.frees	frees-monix_sjs0.6_2.11	0.4.6		89025ed6e1c48293045c883ff34de77a667b1e3f
io.frees	frees-monix_sjs0.6_2.11	0.5.0		a855ba993029a577a6997f5abb5cae517da20b1d
io.frees	frees-monix_sjs0.6_2.11	0.5.1		8350b4c5de94654f68fd9c48da11f041f557a369
io.frees	frees-monix_sjs0.6_2.11	0.5.2		a304bbd271a10fa491484504238f24df21ad73ad
io.frees	frees-monix_sjs0.6_2.11	0.5.3		1ae930eb219c5af7022ef3a0544a6af2999c638f
io.frees	frees-monix_sjs0.6_2.11	0.6.0		57d7c8a2dba85b590e26c1dc11da0e019aff044a
io.frees	frees-monix_sjs0.6_2.11	0.6.1		dd6f03638a5d7dd0bbd010f3aecf5af39605a200
io.frees	frees-monix_sjs0.6_2.11	0.6.2		2fc7a113b4da16b291fd3d7f553ef1de0314f213
io.frees	frees-monix_sjs0.6_2.11	0.6.3		7479caa52e20f9c118b11462ad924c659e65318c
io.frees	frees-monix_sjs0.6_2.11	0.7.0		678241427001d2356757b614007da01a43a71d18
io.frees	frees-monix_sjs0.6_2.11	0.8.0		24d9811af5248e73bb0398f7bc34c60e4073d523
io.frees	frees-monix_sjs0.6_2.11	0.8.1		8ace8435cda981a20b6a33334cd2ac2720f8f95c
io.frees	frees-monix_sjs0.6_2.11	0.8.2		f1344e208756d926b3dc27b6e3f4cfd3248ae7ab
io.github.huhu2008	refreshlayout	1.0.0		N/A
io.github.huhu2008	refreshlayout	1.0.1		N/A
io.github.huhu2008	refreshlayout	1.0.2		N/A
io.github.huhu2008	refreshlayout	1.0.3		N/A
io.github.huhu2008	refreshlayout	1.0.4		N/A
io.github.huhu2008	refreshlayout	1.0.5		N/A
io.github.l86400	framework-component-mybatis-plus	1.2.0.1		48ab84a6af20959f3e3df72b3758f6873ddd14cc
io.github.l86400	framework-component-mybatis-plus	1.2.0.2		e6fba3dfad5f63d30de4365e6b9587b9d47eff83
io.github.mflisar.composecolors	x11-wasm-js	1.0.0		N/A
io.github.mflisar.composecolors	x11-wasm-js	1.0.0-alpha02		N/A
io.github.mflisar.composecolors	x11-wasm-js	1.0.0-alpha03		N/A
io.github.mflisar.composecolors	x11-wasm-js	1.0.1		N/A
io.github.naksha-oss	here-naksha-lib-base-jvm	3.0.0-beta.17		f128e68bf946646b92186fbbea8a223be2b30e20
io.github.naksha-oss	here-naksha-lib-base-jvm	3.0.0-beta.18		4dc42c63b75458a7c5a23a4a23d13ab70697c7e3
io.github.naksha-oss	here-naksha-lib-base-jvm	3.0.0-beta.19		4dc42c63b75458a7c5a23a4a23d13ab70697c7e3
io.github.naksha-oss	here-naksha-lib-base-jvm	3.0.0-beta.20		4dc42c63b75458a7c5a23a4a23d13ab70697c7e3
io.github.naksha-oss	here-naksha-lib-base-jvm	3.0.0-beta.21		4dc42c63b75458a7c5a23a4a23d13ab70697c7e3
io.github.naksha-oss	here-naksha-lib-base-jvm	3.0.0-beta.22		4dc42c63b75458a7c5a23a4a23d13ab70697c7e3
io.github.naksha-oss	here-naksha-lib-base-jvm	3.0.0-beta.23		4dc42c63b75458a7c5a23a4a23d13ab70697c7e3
io.github.open-accelerators	corporate-finance	1.0.2		N/A
io.github.panpf.zoomimage	zoomimage-compose-sketch-core	1.0.0		N/A
io.github.panpf.zoomimage	zoomimage-compose-sketch-core	1.0.0-beta08		N/A
io.github.panpf.zoomimage	zoomimage-compose-sketch-core	1.0.0-beta09		N/A
io.github.panpf.zoomimage	zoomimage-compose-sketch-core	1.0.0-beta10		N/A
io.github.panpf.zoomimage	zoomimage-compose-sketch-core	1.0.0-beta11		N/A
io.github.panpf.zoomimage	zoomimage-compose-sketch-core	1.0.0-rc01		N/A
io.github.panpf.zoomimage	zoomimage-compose-sketch-core	1.0.1		N/A
io.github.panpf.zoomimage	zoomimage-compose-sketch-core	1.0.2		N/A
io.github.panpf.zoomimage	zoomimage-compose-sketch-core	1.1.0-alpha01		d97d13c68743a9b43c202a476b6146568c235d82
io.github.panpf.zoomimage	zoomimage-compose-sketch-core	1.1.0-alpha02		d97d13c68743a9b43c202a476b6146568c235d82
io.github.panpf.zoomimage	zoomimage-compose-sketch-core	1.1.0-alpha03		d97d13c68743a9b43c202a476b6146568c235d82
io.github.panpf.zoomimage	zoomimage-compose-sketch-core	1.1.0-alpha04		d97d13c68743a9b43c202a476b6146568c235d82
io.github.panpf.zoomimage	zoomimage-compose-sketch-core	1.1.0-alpha05		e33666f22c91b8802df76e07d0d155ab196128e5
io.github.panpf.zoomimage	zoomimage-compose-sketch-core	1.1.0-alpha06		15aeb201b007c574488aba285ded89b3ebe6507d
io.github.panpf.zoomimage	zoomimage-compose-sketch-core	1.1.0-beta01		60c8402448aa5029bc28ee7e362fdbfce7e1d9da
io.github.qsy7.java.modules.csv.modules.univocity-csv	providers	0.1.0		N/A
io.github.schott12521	cupertino-decompose-iosarm64	2.0.10		N/A
io.github.schott12521	cupertino-decompose-iosarm64	2.0.10	metadata	dbe39819ec94bd8b762f5479c31f34a101e2cc29
io.github.schott12521	cupertino-decompose-iosarm64	2.0.6		N/A
io.github.schott12521	cupertino-decompose-iosarm64	2.0.6	metadata	0438ea600c5f43f2e09fde04b28b0a1860859706
io.github.schott12521	cupertino-decompose-iosarm64	2.0.7		N/A
io.github.schott12521	cupertino-decompose-iosarm64	2.0.7	metadata	5cd9267d9f36fea78a61cd33db7274623ce4ba5d
io.github.schott12521	cupertino-decompose-iosarm64	2.0.8		N/A
io.github.schott12521	cupertino-decompose-iosarm64	2.0.8	metadata	f4d638aa3a48f3686ef76610af2cc67f5cfda5a4
io.github.schott12521	cupertino-decompose-iosarm64	2.1.0		N/A
io.github.schott12521	cupertino-decompose-iosarm64	2.1.0	metadata	16d5bc2469934f46ef94922c93650666c62551ee
io.igu	soldering_2.12	0.1		f284fb8bb6ad9372211b4d88b721bda0ce87319e
io.igu	soldering_2.12	0.1.4		80f09a2606ccec335e4313139bdbfc459f062bd0
io.igu	soldering_2.12	0.1.5		a09a3e55cc33f91aafd1fc33155fd547c91bbf28
io.igu	soldering_2.12	0.1.6		4fe9ef182c011144a456ac78b5246e5865e613be
io.soabase.exhibitor	exhibitor-standalone	1.6.0		f60bd7ced9ec8e5342a86c49f5ce0a6f2e535d31
io.soabase.exhibitor	exhibitor-standalone	1.7.1		dc14324bbcd7e9238030e547e9742a1dd8495769
io.starburst	really-executable-jar-maven-plugin	1.5.3		64f1c5ad1152be0c67bc66b8884c006c0a3cf57f
net.morimekta.providence	providence-testing-junit4	2.0-beta1		7ee4f09ef1147385cbf52b0ad9f572d66e936858
net.morimekta.providence	providence-testing-junit4	2.0-beta3		b576e59321248e865031f4154a2ef8e50968489b
net.morimekta.providence	providence-testing-junit4	2.0-beta4		6a6f3c5fdaeaa557556f937b17c467cd3a694c23
net.morimekta.providence	providence-testing-junit4	2.0.0		f3824cb9713b4d573214d36be7d230b1a114cce6
net.morimekta.providence	providence-testing-junit4	2.1.0		9b816129c2175d08c494bcf69b1473d1b2485b1d
net.morimekta.providence	providence-testing-junit4	2.2.0		996506554dda724a7bdbc101aedda54829734e74
net.morimekta.providence	providence-testing-junit4	2.2.1		fa3a8ea0a01717226df9902561db53d11ab86008
net.morimekta.providence	providence-testing-junit4	2.3.0		177a13189d8a993f7d69f539fc20b82bbdbf12a8
net.morimekta.providence	providence-testing-junit4	2.4.0		85158cd2f2da64ad0498e314132410b8995de61b
net.morimekta.providence	providence-testing-junit4	2.5.0		611d93b4255477e4ba2693c5d73f9fd5340ec0b6
net.morimekta.providence	providence-testing-junit4	2.6.0		1af1ad9e014d87f08c42d2d81bb7387307d7e9fd
net.morimekta.providence	providence-testing-junit4	2.6.1		9b989c25097af0f536a820cb739f34cc2818fb3b
net.morimekta.providence	providence-testing-junit4	2.7.0		c9315127619d44b4003e6130656d41dbc3247e51
net.sf.itcb.common	itcb-common-web-liferay-60x	0.7.0		f9696d6fc87f355b9e4976521bd7e037f9f42ba5
net.sf.itcb.common	itcb-common-web-liferay-60x	0.7.1		6ffc15564166cb8ae6ab711ee3fd4ac1893e9f18
net.sf.itcb.common	itcb-common-web-liferay-60x	0.7.3		68a7c37c90630eb8d92a5c922a14c83df9472926
no.arktekk	uri-template_2.11	1.0.2		607346adcf36f3e1f2dc687896eb54cd31bac7d2
org.apache.ant	ant-apache-log4j	1.10.0		7fdc581f6b0a6336d80c3155dbe4ab7092ea7b8a
org.apache.ant	ant-apache-log4j	1.10.1		4801359bcb43ac83d97bde66aa8709eb06d36dfd
org.apache.ant	ant-apache-log4j	1.10.10		ebc935aae15d8463a7168a04743aa9c736cda8f4
org.apache.ant	ant-apache-log4j	1.10.11		5422b92276f88b87f873c0691bd072136f7ddb62
org.apache.ant	ant-apache-log4j	1.10.12		7c005761e5f93761fa05e217f0cd92e2dac65b81
org.apache.ant	ant-apache-log4j	1.10.13		c78de569749059e712452688d02155c4c3b2179c
org.apache.ant	ant-apache-log4j	1.10.14		fb14b120b6d7029f6daa4064e7578c5c2801440e
org.apache.ant	ant-apache-log4j	1.10.15		999d58e2003abe2d24ca5c83032040597470520b
org.apache.ant	ant-apache-log4j	1.10.2		cf53ec807b47cd0647b14aa793e9e0601421f790
org.apache.ant	ant-apache-log4j	1.10.3		28909018e6db357a368282b90f595e93e0399851
org.apache.ant	ant-apache-log4j	1.10.4		4564b1e9502ee401ee43e98fc7eeaff8f8741f95
org.apache.ant	ant-apache-log4j	1.10.5		44bab818adbdc6f69314d85a4587d15ba8657074
org.apache.ant	ant-apache-log4j	1.10.6		78b71dc668b7b6fdc58e15e97a2ff77e9bde826d
org.apache.ant	ant-apache-log4j	1.10.7		56e5bcb17cbda6a7eb200e96dd33858847f335a5
org.apache.ant	ant-apache-log4j	1.10.8		9a3e49630caf4a67ad6188dc0d9c2d4c52cdf279
org.apache.ant	ant-apache-log4j	1.10.9		1cba63b131196aa68d37e30515e15609c6714d57
org.apache.ant	ant-apache-log4j	1.7.0		e165054fe137dc44c6d8853dcd70a127e9d52502
org.apache.ant	ant-apache-log4j	1.7.1		a97b0fbcd346cdc4cfee257f87c350623380b003
org.apache.ant	ant-apache-log4j	1.8.0		744a98985e90a7cd6be76b3087c493c6ecc94ddf
org.apache.ant	ant-apache-log4j	1.8.1		87007d2d2120dfd6e03ec8048327cd99df22beac
org.apache.ant	ant-apache-log4j	1.8.2		d13634b53474930742307ec6a9d2f654bd5adfd6
org.apache.ant	ant-apache-log4j	1.8.3		fe57896bf90309959c38fadd53c1b12848f20999
org.apache.ant	ant-apache-log4j	1.8.4		fd483d68a5faa4f240dfc06a2f26f94bf4990833
org.apache.ant	ant-apache-log4j	1.9.0		ac7a617151d8afb29742b0a25906fc769fe43d2b
org.apache.ant	ant-apache-log4j	1.9.1		57756739185c88fe2665b47d7af3d856e85c6a41
org.apache.ant	ant-apache-log4j	1.9.10		b302b035b1226c29b01842b6400cbe5a7318f48d
org.apache.ant	ant-apache-log4j	1.9.11		ba60ad4a8da6110f9426614f5ede533caaec0809
org.apache.ant	ant-apache-log4j	1.9.12		1476e0fdccef81f4c52f98f778c2a8d58e20c466
org.apache.ant	ant-apache-log4j	1.9.13		4fd160765c41c6c98eeb521938e880428f4c4af5
org.apache.ant	ant-apache-log4j	1.9.14		133d63512ff718c052bc1917625564a190352449
org.apache.ant	ant-apache-log4j	1.9.15		ee59c5657cf3dc906b50885f77a82c48336a03a3
org.apache.ant	ant-apache-log4j	1.9.16		20c8869e6d7966e77c99babe6f10f872b84871e8
org.apache.ant	ant-apache-log4j	1.9.2		254a6bef719675819dc3853c28bc0e21e56f3106
org.apache.ant	ant-apache-log4j	1.9.3		43b6137f8edfa19710428214c21775a8b8e22329
org.apache.ant	ant-apache-log4j	1.9.4		c0a8c8a979673d2884a5420affbb7706c0a5b0a8
org.apache.ant	ant-apache-log4j	1.9.5		e39037340b502195132215308a6425af359200df
org.apache.ant	ant-apache-log4j	1.9.6		f0d9a69239d58aa2b1b7606d8c526dbe0e58ca10
org.apache.ant	ant-apache-log4j	1.9.7		508e35d56e48165ff7aaf9d0a9f5d248600681f1
org.apache.ant	ant-apache-log4j	1.9.8		29dd0f1445e9b48b765991d95203955761f9a1c1
org.apache.ant	ant-apache-log4j	1.9.9		7a7ec224f976fbf1223223adf3ce15c019732301
org.apache.bahir	spark-streaming-twitter_2.12	2.4.0		3bbb4927d9754fbc08dc488021cac1e386e82d2e
org.apache.syncope.ext.saml2sp	syncope-ext-saml2sp-rest-api	2.0.10		f79a7ba28ddd386c17b3e2e2be123f8e6a778cc2
org.apache.syncope.ext.saml2sp	syncope-ext-saml2sp-rest-api	2.0.11		64b46d67b17175e11f5bf5d8f367453c4248c729
org.apache.syncope.ext.saml2sp	syncope-ext-saml2sp-rest-api	2.0.12		f0014d06276083c2c83373081e8da7185a21c6c0
org.apache.syncope.ext.saml2sp	syncope-ext-saml2sp-rest-api	2.0.13		c5a8e31581670b25e111ef1647d1951b999f5c77
org.apache.syncope.ext.saml2sp	syncope-ext-saml2sp-rest-api	2.0.14		aacbae63a0bd68ffa63100a68b868b037016b586
org.apache.syncope.ext.saml2sp	syncope-ext-saml2sp-rest-api	2.0.15		303fb9419b9ad340d6a461e8261da06c39b28e14
org.apache.syncope.ext.saml2sp	syncope-ext-saml2sp-rest-api	2.0.16		da768cb0937e5e3da525f522592e1efd02cb6c0e
org.apache.syncope.ext.saml2sp	syncope-ext-saml2sp-rest-api	2.0.3		541d2382dd83fc04056f46009cf2566c2dc49ce8
org.apache.syncope.ext.saml2sp	syncope-ext-saml2sp-rest-api	2.0.4		296a42186756594fb0992a3c5d62b2a263ae53a6
org.apache.syncope.ext.saml2sp	syncope-ext-saml2sp-rest-api	2.0.5		601fd119b523a74dd1ce0244a91494253991f561
org.apache.syncope.ext.saml2sp	syncope-ext-saml2sp-rest-api	2.0.6		3856ffc65854052d2a84f1f9e2232e812fb570cb
org.apache.syncope.ext.saml2sp	syncope-ext-saml2sp-rest-api	2.0.7		b76d7ff515f8a51c612cd7abcc39c7b7d418ec7e
org.apache.syncope.ext.saml2sp	syncope-ext-saml2sp-rest-api	2.0.8		20ab7de2013ed31588703bab1b4139cfac237802
org.apache.syncope.ext.saml2sp	syncope-ext-saml2sp-rest-api	2.0.9		5ef2d5fc82b2cf56fecb968c786a75ce8e394d49
org.apache.syncope.ext.saml2sp	syncope-ext-saml2sp-rest-api	2.1.0		da34dd24ed7a9f488f20b69f243799699f9104e3
org.apache.syncope.ext.saml2sp	syncope-ext-saml2sp-rest-api	2.1.1		78a1c87dcf7d6264700e1c4f01a6c66bafcbfd52
org.apache.syncope.ext.saml2sp	syncope-ext-saml2sp-rest-api	2.1.10		c06981d5995b968f33c2659d7c958be812767adc
org.apache.syncope.ext.saml2sp	syncope-ext-saml2sp-rest-api	2.1.11		bfac135841fde636dfc569b3b7f0fa66606c10c5
org.apache.syncope.ext.saml2sp	syncope-ext-saml2sp-rest-api	2.1.12		5301295a8320750f55e8f48d70c7f2d8f19ec3d1
org.apache.syncope.ext.saml2sp	syncope-ext-saml2sp-rest-api	2.1.13		2dce1f43a244bd69ec9d89c00f113f88ef60611f
org.apache.syncope.ext.saml2sp	syncope-ext-saml2sp-rest-api	2.1.14		783949dd095d0a2855efed883747e214727fa351
org.apache.syncope.ext.saml2sp	syncope-ext-saml2sp-rest-api	2.1.2		f2c428790d62b58aeb4763d737b9820a034da9d8
org.apache.syncope.ext.saml2sp	syncope-ext-saml2sp-rest-api	2.1.3		506a3430e7e3428b5ce82e30e601ff3e763a1ec7
org.apache.syncope.ext.saml2sp	syncope-ext-saml2sp-rest-api	2.1.4		9ad6a2a0a8345cd12ec184fc60a72db496d852f2
org.apache.syncope.ext.saml2sp	syncope-ext-saml2sp-rest-api	2.1.5		0eef85c8f4081ae0d06570b59f2ea7dad54b86d8
org.apache.syncope.ext.saml2sp	syncope-ext-saml2sp-rest-api	2.1.6		9be41ebe0ce68a1313390244dd38eec1c880c96d
org.apache.syncope.ext.saml2sp	syncope-ext-saml2sp-rest-api	2.1.7		843d7e61f0a88be0b287a88873736c634c5d19fb
org.apache.syncope.ext.saml2sp	syncope-ext-saml2sp-rest-api	2.1.8		51337f0f3d724eef7ad5142c2aef911af6e21942
org.apache.syncope.ext.saml2sp	syncope-ext-saml2sp-rest-api	2.1.9		a3f7ccd85405e74b78f3fe4c9f3c1b91cf434ea5
org.gittorr	ccerial	1.0.0		c506a22452c6580c6e6cc0db47f28ad0fd4c8182
org.gittorr	ccerial	1.0.1		d2506222cbc208edd8047c50d6ee1b6ad7b46cd6
org.glassfish.packager	glassfish-ha	3.1		N/A
org.glassfish.packager	glassfish-ha	3.1-b03		N/A
org.glassfish.packager	glassfish-ha	3.1-b04		N/A
org.glassfish.packager	glassfish-ha	3.1-b05		N/A
org.glassfish.packager	glassfish-ha	3.1-b06		N/A
org.glassfish.packager	glassfish-ha	3.1-b07		N/A
org.glassfish.packager	glassfish-ha	3.1-b08		N/A
org.glassfish.packager	glassfish-ha	3.1-b09		N/A
org.glassfish.packager	glassfish-ha	3.1-b10		N/A
org.glassfish.packager	glassfish-ha	3.1-b11		N/A
org.glassfish.packager	glassfish-ha	3.1-b12		N/A
org.glassfish.packager	glassfish-ha	3.1-b13		N/A
org.glassfish.packager	glassfish-ha	3.1-b14		N/A
org.glassfish.packager	glassfish-ha	3.1-b15		N/A
org.glassfish.packager	glassfish-ha	3.1-b16		N/A
org.glassfish.packager	glassfish-ha	3.1-b17		N/A
org.glassfish.packager	glassfish-ha	3.1-b18		N/A
org.glassfish.packager	glassfish-ha	3.1-b19		N/A
org.glassfish.packager	glassfish-ha	3.1-b20		N/A
org.glassfish.packager	glassfish-ha	3.1-b21		N/A
org.glassfish.packager	glassfish-ha	3.1-b22		N/A
org.glassfish.packager	glassfish-ha	3.1-b23		N/A
org.glassfish.packager	glassfish-ha	3.1-b24		N/A
org.glassfish.packager	glassfish-ha	3.1-b25		N/A
org.glassfish.packager	glassfish-ha	3.1-b26		N/A
org.glassfish.packager	glassfish-ha	3.1-b27		N/A
org.glassfish.packager	glassfish-ha	3.1-b28		N/A
org.glassfish.packager	glassfish-ha	3.1-b30		N/A
org.glassfish.packager	glassfish-ha	3.1-b31		N/A
org.glassfish.packager	glassfish-ha	3.1-b32		N/A
org.glassfish.packager	glassfish-ha	3.1-b33		N/A
org.glassfish.packager	glassfish-ha	3.1-b34		N/A
org.glassfish.packager	glassfish-ha	3.1-b35		N/A
org.glassfish.packager	glassfish-ha	3.1-b36		N/A
org.glassfish.packager	glassfish-ha	3.1-b37		N/A
org.glassfish.packager	glassfish-ha	3.1-b38		N/A
org.glassfish.packager	glassfish-ha	3.1-b39		N/A
org.glassfish.packager	glassfish-ha	3.1-b40		N/A
org.glassfish.packager	glassfish-ha	3.1-b41		N/A
org.glassfish.packager	glassfish-ha	3.1.1		N/A
org.glassfish.packager	glassfish-ha	3.1.1-b01		N/A
org.glassfish.packager	glassfish-ha	3.1.1-b02		N/A
org.glassfish.packager	glassfish-ha	3.1.1-b03		N/A
org.glassfish.packager	glassfish-ha	3.1.1-b04		N/A
org.glassfish.packager	glassfish-ha	3.1.1-b05		N/A
org.glassfish.packager	glassfish-ha	3.1.1-b06		N/A
org.glassfish.packager	glassfish-ha	3.1.1-b07		N/A
org.glassfish.packager	glassfish-ha	3.1.1-b08		N/A
org.glassfish.packager	glassfish-ha	3.1.1-b09		N/A
org.glassfish.packager	glassfish-ha	3.1.1-b10		N/A
org.glassfish.packager	glassfish-ha	3.1.1-b11		N/A
org.glassfish.packager	glassfish-ha	3.2-b01		N/A
org.glassfish.packager	glassfish-ha	3.2-b02		N/A
org.glassfish.packager	glassfish-ha	3.2-b03		N/A
org.glassfish.packager	glassfish-ha	3.2-b04		N/A
org.glassfish.packager	glassfish-ha	3.2-b05		N/A
org.glassfish.packager	glassfish-ha	3.2-b06		N/A
org.hawkular.apm	hawkular-apm-api	0.10.0.Final		f7c82256656717f7b68f8e4bb81b458d37098cd4
org.hawkular.apm	hawkular-apm-api	0.11.0.Final		38efc59aca651a0f3899e3e1c1a21ccfa89bf2fe
org.hawkular.apm	hawkular-apm-api	0.12.0.Final		1fe7efcd959227b79e4eefb8d5a06e91acb7c4ac
org.hawkular.apm	hawkular-apm-api	0.13.0.Final		2976bc3815c011fc0197d08fa86a2213b3054740
org.hawkular.apm	hawkular-apm-api	0.14.0.Final		6cffd1a34f022e0e7bd8b6ed1438c3579c66df8e
org.hawkular.apm	hawkular-apm-api	0.14.1.Final		da5ac3e0e5642425f7de6090eb4b4f7ad247dc83
org.hawkular.apm	hawkular-apm-api	0.14.2.Final		a76e8e574b4f29c86708933339cc2ceac3ae10b5
org.hawkular.apm	hawkular-apm-api	0.14.3.Final		5614e6026884d0ae10861cb809c01c349cf9110b
org.hawkular.apm	hawkular-apm-api	0.14.4.Final		913395044a8aeb4a14e696fbc009c71c477955f6
org.hawkular.apm	hawkular-apm-api	0.9.0.Final		949e4ac4af842a3d84e3f662e6aac37e06071349
org.hawkular.apm	hawkular-apm-api	0.9.1.Final		21155102514a6e45d1969695b11c21070ac2f405
org.hawkular.apm	hawkular-apm-api	0.9.2.Final		003027c68d6cc40fe0614005eab22dc350164f31
org.jbpm.contrib	repository-springboot	7.10.0.Final		e7fa6756c7f9941d41f5b87f8bd13cf59e991c74
org.jbpm.contrib	repository-springboot	7.11.0.Final		4514c464777ac49842b54d89e1790fef50a083d7
org.jbpm.contrib	repository-springboot	7.12.0.Final		feee2f93ff0c82fb874fd350a3ee1e9e9010228c
org.jbpm.contrib	repository-springboot	7.13.0.Final		f758b6e7322c2cffe34dc2c07950fbf90bbee4a0
org.jbpm.contrib	repository-springboot	7.14.0.Final		6a71b779a83804f42354d92551263e76708694e7
org.jbpm.contrib	repository-springboot	7.15.0.Final		9de0aaf469813f49d21a1ae878492a80b9ff980c
org.jbpm.contrib	repository-springboot	7.16.0.Final		d178935820ab432baf86b01b612b5dc547af4271
org.jbpm.contrib	repository-springboot	7.17.0.Final		2869a42755b334e391ddceabc79eb6c4d4840448
org.jbpm.contrib	repository-springboot	7.18.0.Final		3910d01a742ea8cb663a6b26731a6e81ec8a0d27
org.jbpm.contrib	repository-springboot	7.19.0.Final		5c722f06b5bcb86206332621c17ccacfdd14dbc7
org.jbpm.contrib	repository-springboot	7.20.0.Final		6514991777537c9511d2590e874da49e662d8d27
org.jbpm.contrib	repository-springboot	7.21.0.Final		abd99d706cc1a57cedc7edd1633b2c061a1db183
org.jbpm.contrib	repository-springboot	7.22.0.Final		10ac251da9f633b5b4ac63ffc8c4bbbab5b11987
org.jbpm.contrib	repository-springboot	7.23.0.Final		7af2c9c449e939a7d1c08d7f379155f9269ff0ea
org.jbpm.contrib	repository-springboot	7.24.0.Final		7bf5056158ec38b8a03765a7f8efe1c54fac3536
org.jbpm.contrib	repository-springboot	7.25.0.Final		8e95b0e8ee334015e7d7c1e61c4473334796600f
org.jbpm.contrib	repository-springboot	7.26.0.Final		84e0f65b490809b1b0c5354174ba521cdcd02ce6
org.jbpm.contrib	repository-springboot	7.27.0.Final		7068fc968c3bb9a5c1c36f52d00cd0f0161a50b9
org.jbpm.contrib	repository-springboot	7.28.0.Final		3edab3f011384177482011d4dca2e188d4e4dcdc
org.jbpm.contrib	repository-springboot	7.29.0.Final		9bc46bb8959d7d8367436965590eda0589357b78
org.jbpm.contrib	repository-springboot	7.30.0.Final		7ac246922908fcb072f892f741f902b54d7acc90
org.jbpm.contrib	repository-springboot	7.31.0.Final		644fbbea552fe5beb079c8a5cba71182b9022e9b
org.jbpm.contrib	repository-springboot	7.32.0.Final		ab51040c3e371d5d810ac9e1e77a37a857950d6a
org.jbpm.contrib	repository-springboot	7.33.0.Final		db2eb2c7b73998df408b6eeb4c3c887a864accf1
org.jbpm.contrib	repository-springboot	7.34.0.Final		5781346cf5ba2877c9381bfef0c56a8cce1606ca
org.jbpm.contrib	repository-springboot	7.35.0.Final		7989b490fddf44798898d396a162d4b9ea5be79a
org.jbpm.contrib	repository-springboot	7.36.0.Final		2f2dcf06794eed327b3a1f1fe17c99a8f98d463e
org.jbpm.contrib	repository-springboot	7.36.1.Final		2330a9682867de6fd082320e4bd57bce913981ee
org.jbpm.contrib	repository-springboot	7.37.0.Final		2b84224e7542df4f3c0946794fdb8d12d6c248b9
org.jbpm.contrib	repository-springboot	7.38.0.Final		c19f3a2af5a4b0a5de1916197d61e614e8feccba
org.jbpm.contrib	repository-springboot	7.39.0.Final		e793269f145c9f9c840fa4c43f3603995063d144
org.jbpm.contrib	repository-springboot	7.40.0.20200703		695b36580241009a70ba70eba55e9ee3e41cb2ae
org.jbpm.contrib	repository-springboot	7.40.0.Final		fb0c978e591e11b6301a3526b1b8cd459e9b8d6e
org.jbpm.contrib	repository-springboot	7.41.0.Final		91279187ca422b116946c02b6981c42050b50f4f
org.jbpm.contrib	repository-springboot	7.41.0.t20200723		2195dcc9b9203abf2d510e118c85489f62997a0c
org.jbpm.contrib	repository-springboot	7.42.0.Final		3c47570acc9416523a7d0cf1fe0bbaa2d58e3a47
org.jbpm.contrib	repository-springboot	7.43.0.Final		0212e64f5187554307c24e16423375942058c431
org.jbpm.contrib	repository-springboot	7.43.1.Final		6bf14159d03da6f1955db8797ba4463458241919
org.jbpm.contrib	repository-springboot	7.44.0.Final		94d679360c96af93942ca347f52bc2b2205b0e1e
org.jbpm.contrib	repository-springboot	7.45.0.Final		bc9effceb78b1347f333aec5a55bad4b63463c2e
org.jbpm.contrib	repository-springboot	7.45.0.t20201009		cf8736c29b3067b08024bbf59a15f7a907e27111
org.jbpm.contrib	repository-springboot	7.46.0.Final		d750661a1d709712623007cdc0edae6eb6562518
org.jbpm.contrib	repository-springboot	7.47.0.Final		be5e4f7eb5b745f1fc7ec648a75823dbe40205b1
org.jbpm.contrib	repository-springboot	7.48.0.Final		f0fd706bd97c7aad2c2a5448289a1f978bd5e704
org.jbpm.contrib	repository-springboot	7.49.0.Final		889ba9a9ecf37cef16ddce90518f186add375e71
org.jbpm.contrib	repository-springboot	7.50.0.Final		792895db605fa2dcb42b0e86f2b061194ba7048b
org.jbpm.contrib	repository-springboot	7.51.0.Final		b875c6d53cd2520caa521571076d50c575a70e53
org.jbpm.contrib	repository-springboot	7.52.0.Final		5a48f695872359222ec92e4f6b041a672cbffa03
org.jbpm.contrib	repository-springboot	7.53.0.Final		08be8c88732309ebcb2d38ee2b31fc45d8daaada
org.jbpm.contrib	repository-springboot	7.54.0.Final		181f3a0ab0a133b12f4fda116a00bb389a150e36
org.jbpm.contrib	repository-springboot	7.55.0.Final		19af51f1429e8c197c77cd84d59a0d0521c149fe
org.jbpm.contrib	repository-springboot	7.56.0.Final		8f8d42c10a6ea1f20d1686059be8600b4c07e833
org.jbpm.contrib	repository-springboot	7.57.0.Final		44bd45813de5938f2f6df65ffd8886f25a5342a7
org.jbpm.contrib	repository-springboot	7.58.0.Final		4a0f9252074a5ddb0a693e2c3df4f46ff5dc10e6
org.jbpm.contrib	repository-springboot	7.59.0.Final		5132f3b42c9204e2452ec292a4ab4d677690f1a3
org.jbpm.contrib	repository-springboot	7.60.0.Final		c62518fe7e1c780e19c1516083b0632422500122
org.jbpm.contrib	repository-springboot	7.61.0.Final		073d4dc422cb41daf2a5cb7f32164c16b5597626
org.jbpm.contrib	repository-springboot	7.62.0.Final		4a346d1966df7b32611632e092a58a87c6596d62
org.jbpm.contrib	repository-springboot	7.63.0.Final		7098b37703385f2230b8794acbb3bde0018db3d5
org.jbpm.contrib	repository-springboot	7.64.0.Final		05d79ad4c5bfd71b1d70fe600be9cac9cf431bcd
org.jbpm.contrib	repository-springboot	7.65.0.Final		7421232862169d140becdabd8204c50bff2fd298
org.jbpm.contrib	repository-springboot	7.66.0.Final		8998d1a6dba5fdbf648285cf8bcf557c2f03ed74
org.jbpm.contrib	repository-springboot	7.67.0.Final		d4ec16786400101d6784d975d63c473d012b1c7f
org.jbpm.contrib	repository-springboot	7.68.0.Final		94af54d51991fe7b20488d3b8216e1d2ea23a90d
org.jbpm.contrib	repository-springboot	7.69.0.Final		abab3557233710bf725e0e21ed3d840eea313e5c
org.jbpm.contrib	repository-springboot	7.70.0.Final		5550c107fd1484ea9c78fa1cc0f0ec62493524c6
org.jbpm.contrib	repository-springboot	7.71.0.Final		df2755b0cfa4ca94ca9be3c131e91a7b9d2ae4e8
org.jbpm.contrib	repository-springboot	7.72.0.Final		033dccb64876505aaf251e7ea5b4b154ae206ab1
org.jbpm.contrib	repository-springboot	7.73.0.Final		9a9df57d95b84c9a507f8b67fc35f4fb41eea9f4
org.jbpm.contrib	repository-springboot	7.74.0.Final		21438cc24dc208005969904e184b32500c5b2683
org.jbpm.contrib	repository-springboot	7.74.1.Final		c34c309d902123b1bb72c63fb265ba71ea9d1541
org.jbpm.contrib	repository-springboot	7.8.0.Final		1e493d96d70de2e64ecf9e43ea42f69c35ba3fd4
org.jbpm.contrib	repository-springboot	7.9.0.Final		590a295b4190719d8667a8a1816130ad8a44b7e0
org.jooby	jooby-ebean	0.10.0		aa8ffa7aee5e65c414a6c3573b3aae51fa1e1ec0
org.jooby	jooby-ebean	0.11.0		c59ca0a34661e486664b473cf12860933284b590
org.jooby	jooby-ebean	0.11.1		d5618dfdb5f773e1487f710ffb99666b27f5ffb5
org.jooby	jooby-ebean	0.11.2		fba622974183043e1340a7b88cf532bc0049adc6
org.jooby	jooby-ebean	0.12.0		0e96c015f61f68065b948b6b25cf90e486bf1f8c
org.jooby	jooby-ebean	0.13.0		ad8478030b5c50b533b9ec879c4b2a4659bdf9e5
org.jooby	jooby-ebean	0.13.1		6de385aa301d51ac2c4b6775a2fecd2ccaba1fa4
org.jooby	jooby-ebean	0.14.0		41555b80147aa88eaf24d49c9ddf3daa8fe6bd30
org.jooby	jooby-ebean	0.15.0		6f9f7190d637ec0addf7583e33acb30555161a09
org.jooby	jooby-ebean	0.15.1		8283086935dcffe5cd99e02261ade02c3c77a3dd
org.jooby	jooby-ebean	0.16.0		c10cfd2075c7a1033127af0293dfbffc76dd646d
org.jooby	jooby-ebean	1.0.0		4076ccbbd8c9014aa0b197303a37844bfba52dd6
org.jooby	jooby-ebean	1.0.0.CR1		a492ed1bba793514e821baf870a5f33ed601f86f
org.jooby	jooby-ebean	1.0.0.CR2		5711cf5f521376001dbd23043d3df902c82bd4e8
org.jooby	jooby-ebean	1.0.0.CR3		f29e92f0b33f432ba210ced33e137fecc6336e0b
org.jooby	jooby-ebean	1.0.0.CR4		ea54657224d2cb3dc56be14fc8e1724b96341688
org.jooby	jooby-ebean	1.0.0.CR5		22bc33fd7e1246b73d4b3e09bfb883d00009a978
org.jooby	jooby-ebean	1.0.0.CR6		c25fa0525d2efcbdf30b59eccffa4a32c1680fce
org.jooby	jooby-ebean	1.0.0.CR7		65607c259c2a3cfe5a7eaffd33624350a4d88015
org.jooby	jooby-ebean	1.0.0.CR8		c88a9dbeef605c268a4fe411eed7941d685fdc10
org.jooby	jooby-ebean	1.0.1		90b4541f6f5c8c21f692ba003673a0dcb4656004
org.jooby	jooby-ebean	1.0.2		947b8f2ce8ad19156f980521e356d38775f9b320
org.jooby	jooby-ebean	1.0.3		ee52cf7d179abc6e1cac8a8352f084659b32b1d2
org.jooby	jooby-ebean	1.1.0		9f0836db77db8106a7d85a7ffd9670b9827a8ff7
org.jooby	jooby-ebean	1.1.1		e7b8e4e5d3237f3061de394e3e958845610b33fb
org.jooby	jooby-ebean	1.1.2		53dae67ebe73995315542848e36410cf52e45c5d
org.jooby	jooby-ebean	1.1.3		4a7c1055bf85ed629be86f0d6decca7b4eb17986
org.jooby	jooby-ebean	1.2.0		f6cd6a0a1b13a0f8b71effb69250ea298c94a1ba
org.jooby	jooby-ebean	1.2.1		fd9c97dc58ca191c9815701fc49dd9c727fade18
org.jooby	jooby-ebean	1.2.2		cc25b461616da97d0a0441c0d2a1fc37562fdd2c
org.jooby	jooby-ebean	1.2.3		40a439fe49f96ec9ec3f4b58ce92d77612242ab9
org.jooby	jooby-ebean	1.3.0		c5bd394cda6e61851d481da1b91add5b3a4c0b4f
org.jooby	jooby-ebean	1.4.0		64b5a7b584c166f69f5180d9455ca27ca15cf42d
org.jooby	jooby-ebean	1.4.1		31e845f1847ab458722d7dd87975966895cb6b25
org.jooby	jooby-ebean	1.5.0		8fdfa24efc07222a8e6e98b054fdfa48bb755995
org.jooby	jooby-ebean	1.5.1		601d9750a090f22622af990e9a3594c8ba6b08ae
org.jooby	jooby-ebean	1.6.0		e46302bdc65f74e91349e0255e362bc518ff5a11
org.jooby	jooby-ebean	1.6.1		0aa5f7dec38f2d43ec52dd9d15c6341197a9764a
org.jooby	jooby-ebean	1.6.2		a1c7ff72d1e046070bd17ffb2fca33bc31dbd3aa
org.jooby	jooby-ebean	1.6.3		a2e287adbd6fa43d91a5237618812c6b9f52396a
org.jooby	jooby-ebean	1.6.4		4496bf62712fe52c45f0bcba09e4660d31af0b1c
org.jooby	jooby-ebean	1.6.5		ac8b6f98207b478a27bef75e888eddd5b4fb2496
org.jooby	jooby-ebean	1.6.6		946824fc2585734e2c51ffa311f9e321c05f9cf5
org.jooby	jooby-ebean	1.6.7		07f35c9dad47671b4f496d76ad906e088b57e503
org.jooby	jooby-ebean	1.6.8		d1ba5b317cbdae4368f1899c3450258472096ebd
org.jooby	jooby-ebean	1.6.9		2863820ac61e4192eee2d374720d2650ea078e36
org.languagetool	language-da	$%7Brevision%7D		43c23a596f737be329e6a06a010ad0313cd866a4
org.languagetool	language-da	2.1		32681294e0f557d1ce937a647c365ea8543ac6d5
org.languagetool	language-da	2.2		9f98e9dafb6d43f0408c89fbad5917cf6c1e5f60
org.languagetool	language-da	2.3.1		d79750d435eb2c82b535af808088d159495aef57
org.languagetool	language-da	2.4		5d401b7337727d2c40d5132cbb5cd07b31300636
org.languagetool	language-da	2.5		5b6e3f2427101ff1322372d2532bdf01534b4083
org.languagetool	language-da	2.6		852422484a63e43639003e9161d92811cdd1eba7
org.languagetool	language-da	2.7		bb2a4af89c41c5b0dade70f2780bf90c41a8f765
org.languagetool	language-da	2.8		baf22cd66869a31e09e80af23e28a5dc1ded9e9e
org.languagetool	language-da	2.9		d3da279ea08fe8f1533da4f31ef4823109e3e0c9
org.languagetool	language-da	3.0		fb3fd606fa2d76e97e5ff16c58a757b2208171cc
org.languagetool	language-da	3.1		f5b7d0ebb723b31f680ce8cc2e52a33005edd150
org.languagetool	language-da	3.2		d0e4fc7ae176d59806c094f9172adf6d9e37e1cf
org.languagetool	language-da	3.3		84f2cce750bf6baf679768ce458b1dab4b35a9e7
org.languagetool	language-da	3.4		0838e07692c1dbd6054eae3e567049b448f2cdb4
org.languagetool	language-da	3.5		3ca52e94ee37f2e67a16e3235eb424b77df8a32c
org.languagetool	language-da	3.6		ff6aefb563870d69cca34ca7074278d7826cf005
org.languagetool	language-da	3.7		f7226d2cedbea58ad66e407e841a3127ef76a90f
org.languagetool	language-da	3.8		20d0bb5b1766466d46049516a14186551fa254f8
org.languagetool	language-da	3.9		7ec3358810ea38e5f216242495503dbf8a26f7be
org.languagetool	language-da	4.0		e0f77591111309eb4d9ffa68fcd3b4f66d396667
org.languagetool	language-da	4.1		ab398a5fb0376e29a070d9232204600ed3e9e93d
org.languagetool	language-da	4.2		7711ce270f36680e9d8951a00d4d599daee6b970
org.languagetool	language-da	4.3		eb2d9646a81fbf016caf5e1c96c6551a99664928
org.languagetool	language-da	4.4		e1636f1681bb16ad016cf7501c8a0967a919431b
org.languagetool	language-da	4.5		c988677f7bc07c608402a524f883aae684f67a7d
org.languagetool	language-da	4.6		bd0b611a1899eea0c4439da16bebbf0c13a68458
org.languagetool	language-da	4.7		6be96a3573d21808343504f12728ee1804e02850
org.languagetool	language-da	4.8		1e43c5df9d28342ebbb05a3f15556c593beb22d1
org.languagetool	language-da	4.9		d90c374a5d0b7e120baf7a331e3e66419a529d37
org.languagetool	language-da	5.0		663c35cd0411f79666adaaf0f270e9b552a5320f
org.languagetool	language-da	5.1		1a4a9e26b485a1c35cdc1f6f52202acdfcafa569
org.languagetool	language-da	5.2		48fbe40ad82edaf82e19bef8efd07afb0d9fa103
org.languagetool	language-da	5.3		a9672f6ce0442b8900a0f42c8c90bb69ce3ea805
org.languagetool	language-da	5.4		9665c74ff02d342584d7a77d929d7491e98534f1
org.languagetool	language-da	5.5		d6f3b38d70d17b081853c1fb2fde18d4785d352e
org.languagetool	language-da	5.6		204884e560806cd659c05ba05a9198cde6934e62
org.languagetool	language-da	5.7		6fa3ae910153ec8eedd4b2e9852a645670fa9061
org.languagetool	language-da	5.8		bd4f45c48d6b9a0762a9f94c64c1a51e2c659ba5
org.languagetool	language-da	5.9		9fd91b3dd16d60ec851abf0895adb803fc5bbb45
org.languagetool	language-da	6.0		be7ac577b07e429852bdde81321f3cda2b28d4fe
org.languagetool	language-da	6.1		334599941db58c57336389f756046fc655a9e33c
org.languagetool	language-da	6.3		3dc477e508938472e5bae0cc3cd1e192334c8a67
org.languagetool	language-da	6.4		0ec8c30ea3abd3a0389c7dba9a0e2ef7282914a3
org.languagetool	language-da	6.5		01fdb0d6dec424222cbc648bebbd058b969fafb5
org.languagetool	language-da	6.6		74fad61ba6045e382fc870b386ee7aefbca5c0db
org.odpi.egeria	data-privacy-server	0.1		603107aca0c8cb1b008962893a98e5b160be9b40
org.odpi.egeria	data-privacy-server	0.2		04c356d3e3da427da079e9772b4cb8ed7fdff67f
org.odpi.egeria	data-privacy-server	1.0		d0240c37160322d269f29e8a5db9db69b1c71e09
org.odpi.egeria	data-privacy-server	1.1		e9d8822c0e6f38206e07ffa9d87c6ba8c5fb2d74
org.odpi.egeria	data-privacy-server	1.2		ff60178fb9360f225d5fa0b1b781bc399c1db9ab
org.odpi.egeria	data-privacy-server	1.3		e9eb3946a0a0f14cfcbd76647fac62429459fd42
org.odpi.egeria	data-privacy-server	1.4		f4ca19fe168c65844e4d8ac33bff40a510e485ad
org.odpi.egeria	data-privacy-server	1.5		2bd6ff0a30269875a890218f222269c0d38b68bc
org.odpi.egeria	data-privacy-server	1.6		6a74598d48d304f136e4b176032348b43e59f21b
org.odpi.egeria	data-privacy-server	1.7		37d3b595f5ba6e3d28c4c90f86f8845dbf59befb
org.odpi.egeria	data-privacy-server	1.8		f86b3752babc2b3b03688da79a05f9f2cde2d739
org.odpi.egeria	data-privacy-server	2.0		301cba5a9a294120a575923a6b46bd3d56b146f9
org.odpi.egeria	data-privacy-server	2.1		aa69ec097fdc72a313a976e9fe09fd745b4fe19c
org.odpi.egeria	data-privacy-server	2.10		c3bdbd5cff4610783e3b8a2ed8b240b2d08052a2
org.odpi.egeria	data-privacy-server	2.11		50e991ca2c263725b4fd44a738535c195489a680
org.odpi.egeria	data-privacy-server	2.2		8bf2329e0a89190373c2befadd2f4a2ab84c1452
org.odpi.egeria	data-privacy-server	2.3		569dc77c47bf32cd1e73e57c8531f89a195f70c9
org.odpi.egeria	data-privacy-server	2.4		8837eef36cfa3b6f17030ecd116afbfa7b3489b0
org.odpi.egeria	data-privacy-server	2.5		598898ae399bd60e57c6ddb4ef8623137bce2fbc
org.odpi.egeria	data-privacy-server	2.6		d29cce373e6633c17b1fae14600a063ec54d184c
org.odpi.egeria	data-privacy-server	2.7		ff3ba403f4f6e269349730c530a26a11d4aad792
org.odpi.egeria	data-privacy-server	2.8		4c98de0750c7cd8afad2a573fc6d3e4cfc45ed56
org.odpi.egeria	data-privacy-server	2.9		cb9297352956038730b5c53260ebbdd42ed93245
org.odpi.egeria	data-privacy-server	3.0		50bcdb3ae629493bbdee4a59eb3c221acdb3e49e
org.odpi.egeria	data-privacy-server	3.1		a5a319aad57509f13ccc904babcb8f8970b5bdfc
org.odpi.egeria	data-privacy-server	3.10		e418772fa20cd664e157dd96794e47125e492027
org.odpi.egeria	data-privacy-server	3.10.1		e07d7b92fe79e43067692b7fcf0b5781a77dc986
org.odpi.egeria	data-privacy-server	3.11		030887c4e18054218290595716290626e4fb694d
org.odpi.egeria	data-privacy-server	3.12		6741531d9bc4f9efb86a3a36990591cbecdcba6c
org.odpi.egeria	data-privacy-server	3.13		00a476787b4927331cebb185ed6d2b8439800698
org.odpi.egeria	data-privacy-server	3.14		6a8e698a685b00ab44598ba510240c68f36a4f34
org.odpi.egeria	data-privacy-server	3.15		85228f52a82e423ce8580673c319821daac2b87a
org.odpi.egeria	data-privacy-server	3.2		c6e547b0c03ca8c6a807c8b34734789ba0663091
org.odpi.egeria	data-privacy-server	3.3		6c81fb28ec92c41392dded4b0c0e596f036520ee
org.odpi.egeria	data-privacy-server	3.4		6953d609ca7da8b507e2b880a789bbdf8b411e3c
org.odpi.egeria	data-privacy-server	3.5		1d7df8e87760b9661795dfe6954a0454060703dd
org.odpi.egeria	data-privacy-server	3.6		fd84440192250915d04e4eb40106133d742760d5
org.odpi.egeria	data-privacy-server	3.7		21698b91ea7cfac102b19bfeacd38821d9d67883
org.odpi.egeria	data-privacy-server	3.8		b0af6ec1b3b205ecf4daaba7e13ee1c713d08322
org.odpi.egeria	data-privacy-server	3.9		b71a1e851ed0b31d46b573bea6018c7d29fed47b
org.odpi.egeria	data-privacy-server	4.0		4f527e0e102ee240edc079f0da19a0c1bfd31604
org.odpi.egeria	data-privacy-server	4.1		1a7b07b54c3e3a6c3829f65f347e155a83da4182
org.odpi.egeria	data-privacy-server	4.2		ae7ed26086762c06f03213f243bf8ae4813e0d38
org.odpi.egeria	data-privacy-server	4.3		782bdf1e140ca81d645f603a1817162898937121
org.quickgeo	quickgeo-mh	0.1.0		06df62b002fb5644ca1f7dbd18104cdc68a8354d
org.springframework.ai	spring-ai-starter-model-huggingface	1.0.0-M7		542faeee9e82703f600accfdfce991272b3487a2
org.springframework.ai	spring-ai-starter-model-huggingface	1.0.0-M8		723c61e91472348d854e0c50234c15c65457bba9
org.taymyr	openapi-java-api	0.0.1		152628891345a6d56966b7cadd76167411a27b5e
org.visallo	visallo-graph-property-worker-plugin-base	2.0.0		N/A
org.visallo	visallo-graph-property-worker-plugin-base	2.0.0-RC1		N/A
org.visallo	visallo-graph-property-worker-plugin-base	2.1.0		N/A
org.visallo	visallo-graph-property-worker-plugin-base	2.1.0-RC1		N/A
org.visallo	visallo-graph-property-worker-plugin-base	2.1.1		N/A
org.visallo	visallo-graph-property-worker-plugin-base	2.1.2		N/A
org.visallo	visallo-graph-property-worker-plugin-base	2.1.3		N/A
org.visallo	visallo-graph-property-worker-plugin-base	2.2.0		N/A
org.visallo	visallo-graph-property-worker-plugin-base	2.2.1		N/A
org.visallo	visallo-graph-property-worker-plugin-base	2.2.10		N/A
org.visallo	visallo-graph-property-worker-plugin-base	2.2.11		N/A
org.visallo	visallo-graph-property-worker-plugin-base	2.2.12		N/A
org.visallo	visallo-graph-property-worker-plugin-base	2.2.13		N/A
org.visallo	visallo-graph-property-worker-plugin-base	2.2.14		N/A
org.visallo	visallo-graph-property-worker-plugin-base	2.2.2		N/A
org.visallo	visallo-graph-property-worker-plugin-base	2.2.3		N/A
org.visallo	visallo-graph-property-worker-plugin-base	2.2.4		N/A
org.visallo	visallo-graph-property-worker-plugin-base	2.2.5		N/A
org.visallo	visallo-graph-property-worker-plugin-base	2.2.6		N/A
org.visallo	visallo-graph-property-worker-plugin-base	2.2.7		N/A
org.visallo	visallo-graph-property-worker-plugin-base	2.2.8		N/A
org.visallo	visallo-graph-property-worker-plugin-base	2.2.9		N/A
org.visallo	visallo-graph-property-worker-plugin-base	3.0		N/A
org.visallo	visallo-graph-property-worker-plugin-base	3.0.0-RC1		N/A
org.visallo	visallo-graph-property-worker-plugin-base	3.0.1		N/A
org.visallo	visallo-graph-property-worker-plugin-base	3.1.0		N/A
org.visallo	visallo-graph-property-worker-plugin-base	3.1.0-RC1		N/A
org.visallo	visallo-graph-property-worker-plugin-base	3.1.0-RC2		N/A
org.visallo	visallo-graph-property-worker-plugin-base	3.1.1		N/A
org.visallo	visallo-graph-property-worker-plugin-base	3.1.2		N/A
org.visallo	visallo-graph-property-worker-plugin-base	3.1.3		N/A
org.visallo	visallo-graph-property-worker-plugin-base	3.1.4		N/A
org.visallo	visallo-graph-property-worker-plugin-base	4.0.0		N/A
org.webjars	layui	1.0.2		cdfc881cf7ded037f356fa04eecdffafb3681ae1
org.webjars	layui	1.0.7		b90d15d65b69ed9b4d46c40bcec1b49193588fd0
org.webjars	layui	2.2.5		42fe24742589871c5683c63dfd8103d2894e27b6
org.webjars	layui	2.2.6		b3c3072feedf7d25e72e745f359f5ec98210ba9a
org.webjars	layui	2.3.0		7a00028b3c6ea84a26a7ca5c834986caf57d562d
org.webjars	layui	2.4.3		14ef200411c0a951b87ba789232eaea7a5a9dd7f
org.webjars	layui	2.4.5		a56e44a263cff37208fb09bc0fe0eb27f7cdffad
org.webjars	layui	2.5.4		7b6d2b294b816701f98f500455b2a1bc1ccdf9e1
org.webjars	layui	2.5.5		624b1e408a9715e9bd0a237ad595f200d7b0ff11
org.webjars	layui	2.5.6		6b4eea60b5817bcbda260806717db7deed47b5f2
org.webjars	layui	2.5.7		09f29f7468ffb74d1874637762ae3b7dc876bc13
org.webjars	layui	2.6.8		0bd62ed6ce647f36037b16f3124f50259cb9dfca
org.webjars	layui	2.7.6		b9dd5d55afbbe932294d5d9b8f3168fb5ab80ab7
org.webjars	layui	2.8.12		b12a4d2c17233ee43db27774d199d89a943a6235
org.webjars	layui	2.8.16		52dff9e50b1a803f719e81df29eea844ef82c10a
org.webjars	layui	2.8.18		d12bb2c746fd907b2226e927b4c1ea83f34575e1
org.webjars	layui	2.9.10		ab81bae09d57d2f28ef7632d07e75c073448bb86
org.webjars	layui	2.9.18		70533a57f861a94d248b671932fd4ba10b76bc86
org.webjars	layui	2.9.8		cfa6cb4d7c3d5ae739ea49b4f7a4cfec04e94be1
org.webjars.bower	swagger-angular-client	0.1.12		9078624a944bff2458fd0c7a59584f10a8a87be9
org.webjars.npm	w2ui	2.0.0		db33db9d285d7ecf9c046e2c164f51b52267140f
org.wso2.analytics.http	org.wso2.das4http.integration.common.utils	1.0.0-m1		bc1f6239fe81815ca7c5b7e21c296f381813690e
site.morn.boot	morn-boot-support	1.0.1		5e8ba6ce703df516488979d1f3dfd69993faa76a
site.morn.boot	morn-boot-support	1.0.2		7939a4fe54444faf2f350c6f2fe0ca68bb205989
site.morn.boot	morn-boot-support	1.2.0		5bcd4566fd298525630fe5c2aa62fb69928239e5
top.fanua.doctor	doctor-all	1.3.10		4fed27e630883fdfd151309e2603e49bef9a6a20
top.fanua.doctor	doctor-all	1.3.13		2db333aa149bfbdfa50d0887be0133b21409a93c
top.fanua.doctor	doctor-all	1.3.9		N/A
top.magicpotato	spring-boot-open-feign-starter	11.0.0		fdbd90c4a40f50eacacd1ca18ca78ff29fe02e88
top.magicpotato	spring-boot-open-feign-starter	11.0.1		301d496ea45b4f1babb59912836ad60fd8731c66
uk.co.modular-it	hamcrest-date	0.9.1		bae4d601339c2c3e84704942b1e8b9213570bbfb
uk.co.modular-it	hamcrest-date	0.9.2		f1d6e174a914bc906e1720f4f357045afaa6f290
uk.co.modular-it	hamcrest-date	0.9.3		4b44a450413db3536bf6b7e9cdad3b9c96468994
uk.co.modular-it	hamcrest-date	0.9.4		8f919c38869724fd40b18d8aa984e30655a2f862
uk.co.modular-it	hamcrest-date	0.9.5		9a3a4e72fbc90949890dcc91f5e89611b9b781cb
uk.co.rgordon	beancmpr-poi	1.0.0		0e8724b0c894f7ff8160289953e9de3025648805
