app.softwork	kotlinx-serialization-csv-linuxarm32hfp	0.0.1		N/A
app.softwork	kotlinx-serialization-csv-linuxarm32hfp	0.0.2		N/A
app.softwork	kotlinx-serialization-csv-linuxarm32hfp	0.0.3		N/A
app.softwork	kotlinx-serialization-csv-linuxarm32hfp	0.0.4		N/A
app.softwork	kotlinx-serialization-csv-linuxarm32hfp	0.0.5		N/A
cc.vihackerframework	vihacker-sharding-starter	1.0.6.R		76c7cbc4fd511084560407a7458d4649dd7653d0
com.aliyun	aliyun-java-sdk-hdm	1.0.0		64e4751f55391a39443f3ff7983c0a6bdf3d0ddd
com.aliyun	aliyun-java-sdk-hdm	1.0.1		29d4685605fd05d0c8afb0a01db445d0e912c0c2
com.aliyun	aliyun-java-sdk-hdm	1.0.2		de2fa7fe52eaca44c6d31e56f8f50cceaf656802
com.aliyun	aliyun-java-sdk-hdm	1.0.3		4bf0ab9a595d1bb4604a485be2b8db1dcf830c5c
com.aliyun	aliyun-java-sdk-hdm	1.0.4		ded924e6c2e6cc9b4fbdf267ed79fc9d5b2daef8
com.codacy	codacy-libraries_2.10	12.0.0		57ccef514a9b7254948c04afe15ae10558b15d69
com.codacy	codacy-libraries_2.10	12.0.0-separatelibraries.8894f85		aeded5be2a454864ceb5b17bab8da324986396ae
com.codacy	codacy-libraries_2.10	12.0.0-separatelibraries.91f1056		6a32afc97d2b1a391cfad0be8153aa94c162c409
com.codacy	codacy-libraries_2.10	12.0.1		9671c880af0647d9bcd30d544e858d7ad88b0f8c
com.codacy	codacy-libraries_2.10	12.0.2		833106b5286b56db5b014547ac0fc60e136afc00
com.codacy	codacy-libraries_2.10	13.0.0		7d899f8cd2f7e728d9e6d2ce1a3f6fbcb8c62d68
com.codacy	codacy-libraries_2.10	13.0.1		5046534681cca88b86c7277128f10bd7e4ae28e3
com.codacy	codacy-libraries_2.10	13.0.2		e00f6f978f4990de993a0abf4f0cf896ba34bd47
com.codacy	codacy-libraries_2.10	13.0.3		24371bbfbe2756c729ed23c2216c29d0c7ba55cd
com.codacy	codacy-libraries_2.10	13.0.4		8a30d7850ed76778ff2679b265767e0f760a5a46
com.codacy	codacy-libraries_2.10	13.0.5		f852ea3b3369e75264b43e57640dc0aab9bf23ee
com.codacy	codacy-libraries_2.10	13.0.6		3260794297283bde20c668549608575dc841dedc
com.codacy	codacy-libraries_2.10	13.0.7		5bfafb7259a294314eea57a75b6e6cf574bd2ad8
com.codacy	codacy-libraries_2.10	13.0.8		de1df0cf2417047cce8b52d0268a2d35a92caf8f
com.codacy	codacy-libraries_2.10	14.0.0		85ce6d85b18298b2dcd40991c4116bda58dbd81e
com.codacy	codacy-libraries_2.10	14.0.1		21b75dcf2a4dc2ad23deb681f781eb7784ab2533
com.codacy	codacy-libraries_2.10	14.1.0		8a59c92ee0e2844b031639d6fa06d0051cc7ed4b
com.codacy	codacy-libraries_2.10	15.0.0		349fc8f0517eef50e8f7b0b05133b8c641327e04
com.codacy	codacy-libraries_2.10	16.0.0		d605f9d60a5050cb1499aceb99091078dd53cdd9
com.codacy	codacy-libraries_2.10	17.0.0		89d92c814c25c14cfd4ba5833b2a37e0b03b3a0e
com.codacy	codacy-libraries_2.10	17.0.1		9cec459a4e1d04b74bbbd3f1ece18fcec7b9ebb6
com.codacy	codacy-libraries_2.10	17.0.2		4f7d3efaa74e49a559ff27323e220945c5889775
com.codacy	codacy-libraries_2.10	17.0.3		e2e3b5e8511148526fe139de141b1ac8cd2e7aad
com.codacy	codacy-libraries_2.10	17.0.4		016d08a7b8db30132114f55ebec4014197aba516
com.codacy	codacy-libraries_2.10	17.0.4-regiontoprojset.2fc1c88		2cb350d37b45bed93d231ec39bee27d31d72d980
com.codacy	codacy-libraries_2.10	17.1.0		dcd73d103528f6749e372ef4f9cfb217e5a93d37
com.codacy	codacy-libraries_2.10	17.1.1		18981bb4b49befba25ab85b5b2f00c968172dccb
com.codacy	codacy-libraries_2.10	17.1.2		3261a1d6b16106ecdbae4dd10bdf735dd221363f
com.codacy	codacy-libraries_2.10	17.1.3		bbdb0eb0b8b7ec4a962e961d63e6224f2bfbf8fb
com.codacy	codacy-libraries_2.10	17.1.4		acb42faf594043a2abe4cd19847c432f8ef1612e
com.codacy	codacy-libraries_2.10	17.1.5		db20d8d131b2291e1e7ff6f59e2d06930cd89162
com.codacy	codacy-libraries_2.10	17.1.6		4c79691641d364dce509abbddef5f1fd19cd7a0a
com.codacy	codacy-libraries_2.10	17.2.0-removes3resolver.52da244		014ef0e57a9385d89ae9580eb6cdfc48a1b0ee88
com.codacy	codacy-libraries_2.10	17.2.0-removes3resolver.54f37a8		073a54f6047df5b6c1a1bb7e002884f3a95bb982
com.codacy	codacy-libraries_2.10	17.2.0-removes3resolver.b71dbf9		840be74741eaf8dcb84485cc8f87776805403079
com.codacy	codacy-libraries_2.10	18.0.0		ea97ae75f5ca35c820f8ce47e5827806f18db907
com.codacy	codacy-libraries_2.10	18.0.1		2971aae99a45f35573310c6de9f2895cd41e713c
com.codacy	codacy-libraries_2.10	18.0.3		75868817c5f8bc30a0f806d3c54f4db3865c11a8
com.codacy	codacy-libraries_2.10	18.0.4		0d54dd248ed48b6cf74517a8d8ab2358207be495
com.codacy	codacy-libraries_2.10	18.0.5		ea603a1b484138f8e85f9f77c7fc96f1d2524d12
com.codacy	codacy-libraries_2.10	19.0.0		ba65842ff31aba8f998855bc1f37fc459e7940d1
com.codacy	codacy-libraries_2.10	19.0.0-bumpsbt.1017570		56e1a1d84524be6dd3269c7d126b08cca3619203
com.codacy	codacy-libraries_2.10	19.0.0-bumpsbt.dd2d8ed		4441f63c9667ea82be65e31fb098e39f16ee0de2
com.codacy	codacy-libraries_2.10	20.0.0		71f7a363ae9c1d7d209855b11ec9f8c941d5fc37
com.codacy	codacy-libraries_2.10	20.0.0-bundleupdate.339ca10		1cfcf94e3d4849a8be6bd8a23d9da3e74726f9fc
com.codacy	codacy-libraries_2.10	20.0.0-bundleupdate.4f94705		84cedd1a666074ceb59b03c68184ac4bf4d324a9
com.codacy	codacy-libraries_2.10	20.0.0-bundleupdate.570597f		980363f26aa3d24fde4a35ea1c662ad314886c57
com.codacy	codacy-libraries_2.10	20.0.0-bundleupdate.6aa132f		a53b1dd518e028893e3f7ccac547478dd36dd6b8
com.codacy	codacy-libraries_2.10	20.0.0-bundleupdate.a3bf92e		abc8a7bf1838eb75e5fd82671d2292c0c291d950
com.codacy	codacy-libraries_2.10	20.0.0-bundleupdate.bbde01c		2b97ddba3ca3f99f877740159e566774a0dbfac3
com.codacy	codacy-libraries_2.10	20.0.0-bundleupdate.e123bf0		c08df8d4ca1f7e7a63de55b9675013b9f6fa73e7
com.codacy	codacy-libraries_2.10	20.0.1		0f28defa1f7d7a50b3d3fa5fb6e7906886cc9ba6
com.codacy	codacy-libraries_2.10	20.0.2		6fbf4f78c2efc3ace0af2a30c565317bbe7b9c19
com.codacy	codacy-libraries_2.10	20.0.3		b61ac462360e20968fe4eb93b38490cc7e01261f
com.codacy	codacy-libraries_2.10	20.0.3-fixversionsonatype.caba0cb		8bb148e385f265f054164d18bc7ea38305501f53
com.codacy	codacy-libraries_2.10	20.0.3-useorbs.0d1b431		8298aef1390854f2491f96b21e43d2a5939c83a5
com.codacy	codacy-libraries_2.10	20.0.3-useorbs.3ca22f0		1bf8dd496b882197af2ef8768e4b60fcc610c8ce
com.codacy	codacy-libraries_2.10	20.0.3-useorbs.7d9fa82		4826b78fbcefd6ca8ab84e1fdeb076383c921adb
com.codacy	codacy-libraries_2.10	20.0.4		0f9ef01c3cce9f0c49ec5ef758b8f765aaa68b38
com.codacy	codacy-libraries_2.10	20.0.5		67c458ea5a62ee14a4d06d9f665e28718c9bbad9
com.codacy	codacy-libraries_2.10	20.0.6		1aaac5e04427e089ddac1f99e392f292448727ba
com.codacy	codacy-libraries_2.10	20.0.7		c42e8b99df74f1fa8a5b594fa8cbd40ab2faeed2
com.codacy	codacy-libraries_2.10	20.1.0		111da61ae7fa2f22298cf70c1a2ecd809ed2f0a0
com.codacy	codacy-libraries_2.10	20.1.1		ec97ef35a06a2f1d5ee5bf7962aa50d7fab19ec7
com.codacy	codacy-libraries_2.10	21.0.0		255bdc4fce3094884311f2eed6743a8af4d67117
com.codacy	codacy-libraries_2.10	21.0.1		ddc2ad8e295b0a82a98237d51d6b1a3c03efde59
com.codacy	codacy-libraries_2.10	21.0.2		006a42639f1adb3a38ac42c370046d42d206277c
com.codacy	codacy-libraries_2.10	21.0.3		0e43813e8d6c7819536b14a51ef505de55c4af8e
com.codacy	codacy-libraries_2.10	22.0.0		a51e3e96726fda35d5469f458ece287cdbc0d0a8
com.codacy	codacy-libraries_2.10	22.0.1		fee721d5e038bed7725311ed7ca578b7c99016cb
com.codacy	codacy-libraries_2.10	22.0.2		459944fd170708588882b9a92edcbe87f5aade8f
com.codacy	codacy-libraries_2.10	23.0.0		01c68eb71a1ecd32ea34ccbedf63af9f819fd40d
com.codacy	codacy-libraries_2.10	23.0.1		bb30be95f402836f350d46220ee5af805b460d78
com.codacy	codacy-libraries_2.10	23.1.0		e06888470a66288546a18f5f8f077eab5d531140
com.cowave.commons	commons-framework	2.7.1		78e1c3d9b114405e3d29263ab02d3741499d6a1b
com.cowave.commons	commons-framework	2.7.2		a2fd3d9f17ce5c28ef67f2ba61b5b21371915bf9
com.cowave.commons	commons-framework	2.7.3		23c46ed0ee42deefb55719060ee0d3bd65029ee0
com.cowave.commons	commons-framework	2.7.4		05a0671b05f224af81641297fe387a6465b70b51
com.cowave.commons	commons-framework	2.7.5		0385c0e005455d8ec4036488b51ec23a1c6d225a
com.dlsc.phonenumberfx	phonenumberfx-demo	1.1.0		a889859ed7a6d046033468e3a33c6a2fa07065c7
com.dlsc.phonenumberfx	phonenumberfx-demo	1.10.0		9f79a38ff479170e5efc4f49ce46509d7fc3a56b
com.dlsc.phonenumberfx	phonenumberfx-demo	1.11.0		c988cc0a4ce5d9284b311d6ff1eaf7052bb76942
com.dlsc.phonenumberfx	phonenumberfx-demo	1.12.0		80d4f33a8dae844c300f9599f0ed7c3d0d67cab8
com.dlsc.phonenumberfx	phonenumberfx-demo	1.12.1		8de530f82fb0e9f4d5f41007e9a621950361700a
com.dlsc.phonenumberfx	phonenumberfx-demo	1.5.0		d3f1818835dddbb991240f7f5a7b0e06ed0f589b
com.dlsc.phonenumberfx	phonenumberfx-demo	1.6.0		2fe36a9dfafb64521e5f549da7b779ea1ce6d9ce
com.dlsc.phonenumberfx	phonenumberfx-demo	1.7.0		544fa19f124ba7c325e1667ebcb4acde8ed76d2d
com.dlsc.phonenumberfx	phonenumberfx-demo	1.8.0		0fbb4c5055828efcffafe5abc6c2f4e70dae8ddb
com.dlsc.phonenumberfx	phonenumberfx-demo	1.9.0		bf0497ebf9f5d2b2a4a277e9cb0a857beb3eb88d
com.dropbox.differ	differ-macosarm64	0.3.0		N/A
com.dropbox.differ	differ-macosarm64	0.3.0	metadata	839c94f6e015b242c4e76ba95f68209a970a47e2
com.eygraber	jsonpathkt-core-watchosarm32	3.0.0		N/A
com.eygraber	jsonpathkt-core-watchosarm32	3.0.0	metadata	f905050afd30c41910c17f2184b056ba727ea6bb
com.eygraber	jsonpathkt-core-watchosarm32	3.0.1		N/A
com.eygraber	jsonpathkt-core-watchosarm32	3.0.1	metadata	4273540eb185e77e6a4bfc623cd40d0474b9c933
com.eygraber	jsonpathkt-core-watchosarm32	3.0.2		N/A
com.eygraber	jsonpathkt-core-watchosarm32	3.0.2	metadata	0bb19d731577cfe21517a93a9bb5f840400a4d9e
com.faendir.acra	acra-http	5.0.0-alpha10		N/A
com.faendir.acra	acra-http	5.0.0-alpha11		N/A
com.faendir.acra	acra-http	5.0.0-alpha12		N/A
com.faendir.acra	acra-http	5.0.0-alpha13		N/A
com.faendir.acra	acra-http	5.0.0-alpha14		N/A
com.faendir.acra	acra-http	5.0.0-alpha4		N/A
com.faendir.acra	acra-http	5.0.0-alpha5		N/A
com.faendir.acra	acra-http	5.0.0-alpha6		N/A
com.faendir.acra	acra-http	5.0.0-alpha7		N/A
com.faendir.acra	acra-http	5.0.0-rc1		N/A
com.faendir.acra	acra-http	5.0.0-rc2		N/A
com.fleeksoft.ksoup	ksoup-okio-iosarm64	0.1.6		N/A
com.fleeksoft.ksoup	ksoup-okio-iosarm64	0.1.6	metadata	3caac76cc1288e46acba37115cf6603e5387a723
com.fleeksoft.ksoup	ksoup-okio-iosarm64	0.1.7		N/A
com.fleeksoft.ksoup	ksoup-okio-iosarm64	0.1.7	metadata	d1061a2869b55ed1c1b295325198fdc5d1916923
com.fleeksoft.ksoup	ksoup-okio-iosarm64	0.1.8		N/A
com.fleeksoft.ksoup	ksoup-okio-iosarm64	0.1.8	metadata	2e6befd557e758a1e56f1c786040d55752bbcd28
com.fleeksoft.ksoup	ksoup-okio-iosarm64	0.1.9		N/A
com.fleeksoft.ksoup	ksoup-okio-iosarm64	0.1.9	metadata	caace78c234a316f70e453f9a153d5d82263223b
com.fleeksoft.ksoup	ksoup-okio-iosarm64	0.2.0		N/A
com.fleeksoft.ksoup	ksoup-okio-iosarm64	0.2.0	metadata	016bcf39096458a0692679cbe3612b248579f21c
com.fleeksoft.ksoup	ksoup-okio-iosarm64	0.2.1		N/A
com.fleeksoft.ksoup	ksoup-okio-iosarm64	0.2.1	metadata	e564336662a73a8245ec8132e61613eae32739d1
com.fleeksoft.ksoup	ksoup-okio-iosarm64	0.2.2		N/A
com.fleeksoft.ksoup	ksoup-okio-iosarm64	0.2.2	metadata	9ec17ca7128c4434380a35162b45695cf26485c7
com.fleeksoft.ksoup	ksoup-okio-iosarm64	0.2.3		N/A
com.fleeksoft.ksoup	ksoup-okio-iosarm64	0.2.3	metadata	fc58906d637c8ba51b169cffe1ce9a8a2c566b23
com.gitee.amour_cy	nxyfan-plugin-auth	1.0.0		2495d6ecb9980d62c26ac3d71257ff26c3419be9
com.gitee.amour_cy	nxyfan-plugin-auth	1.0.1		f81c8f235c11ca0baffee1a40f759e4e87c0ed59
com.gitee.amour_cy	nxyfan-plugin-auth	1.0.2		befd42665bec54428cd191f8933fd956d464831e
com.gitee.amour_cy	nxyfan-plugin-auth	1.0.3		7bd04e84a9780cd90344e629563f5e4e4ec26ac8
com.gitee.amour_cy	nxyfan-plugin-auth	1.0.4		3a8ba52f627deb8c5e5ef56f5ffd3ec5110de947
com.gitee.amour_cy	nxyfan-plugin-auth	1.0.5		0aa9cc2b7f4355806964b6b0fc42c6ad77582462
com.gitee.amour_cy	nxyfan-plugin-auth	1.0.6		1c409bf0fbd0eded0b88563640ca9f783adf2a02
com.gitee.amour_cy	nxyfan-plugin-auth	1.0.7		7d2b83d861d164b2954ea0e7f472cf773f5676d4
com.gitee.amour_cy	nxyfan-plugin-auth	1.0.8		53ce34b23f1f380556db0faea6ed0edd8f135688
com.gitee.amour_cy	nxyfan-plugin-auth	1.0.9		10560178e56c259949353845f60182e0b0d5a441
com.gitee.amour_cy	nxyfan-plugin-auth	1.1.0		eb19c5d1e1f98c0dbdba39a28574d677df7abd32
com.gitee.amour_cy	nxyfan-plugin-auth	1.1.1		7a141e907a7bc7183c41ea8f15df8068f2d00b34
com.gitee.amour_cy	nxyfan-plugin-auth	1.1.2		0c28a9ac3bcfecb15270c313f73a63c9f656864a
com.gitee.amour_cy	nxyfan-plugin-auth	1.1.3		1553e2a874352348e3db5bf034abeb64b0b5e7e5
com.gitee.amour_cy	nxyfan-plugin-auth	1.1.4		992c8bad138baf895b0e240d92c9bed408284098
com.gitee.amour_cy	nxyfan-plugin-auth	1.1.5		53d4babda9a5e796c2dd7f04259205ff57213dd6
com.gitee.amour_cy	nxyfan-plugin-auth	1.1.6		71ed877e6369bdd8c7376331256c5da9fc2c5265
com.gitee.amour_cy	nxyfan-plugin-auth	1.1.7		98b700cb1857f5329c35ece332fb812a2d60b48e
com.gitee.amour_cy	nxyfan-plugin-auth	1.1.8		41c8ca4399dfec710531f6225d02de08ffc850f4
com.gitee.amour_cy	nxyfan-plugin-auth	1.1.9		ee46bb5cc81bae25851260f5ae136ab015411e6a
com.gitee.amour_cy	nxyfan-plugin-auth	1.2.0		e95c09a08e3a029284b6bce5cf71ba13a98747c6
com.gitee.amour_cy	nxyfan-plugin-auth	1.2.1		5c516e2f18ac88cdd945f871c9c2103290a03359
com.gitee.amour_cy	nxyfan-plugin-auth	1.2.2		a1d68df4206fd9348a7fda410dc898ff32e3d4da
com.gitee.amour_cy	nxyfan-plugin-auth	1.2.3		d5cd811df43d92ce570e4450e0d7b3c421b5b942
com.gitee.amour_cy	nxyfan-plugin-auth	1.2.4		28c3a481aa7f023647792f7ad6e43f6a75778142
com.gitee.amour_cy	nxyfan-plugin-auth	1.2.5		a515b95fd433f5b323b5b213182805d8e48f82de
com.gitee.amour_cy	nxyfan-plugin-auth	1.2.6		b7d5c12b271d0fc4054efb7b8e965fa342126372
com.gitee.amour_cy	nxyfan-plugin-auth	1.2.7		c697977e16327385b08aa674943cceb361e434cf
com.gitee.amour_cy	nxyfan-plugin-auth	1.2.8		4149c2aa3fe1765a169063d42a4046d48bcab0b2
com.gitee.amour_cy	nxyfan-plugin-auth	1.2.9		02202ce2917978572ce70dd1bc9aa9c15c8a9e63
com.gitee.amour_cy	nxyfan-plugin-auth	1.3.0		59497e79faa94a51b6f84160d95d0b0ad6d0f7b0
com.gitee.amour_cy	nxyfan-plugin-auth	1.3.1		4083c8bc9f02cf83bfc25d69e3b5fda0af8c8619
com.gitee.amour_cy	nxyfan-plugin-auth	1.3.2		711941d41a8a3ab67f46368fb8ae996591258a4c
com.gitee.amour_cy	nxyfan-plugin-auth	1.3.3		4f29fb532b6e059b31907f6753a57c8b16386a34
com.gitee.amour_cy	nxyfan-plugin-auth	1.3.4		e7c20007d9a9a5eab750a517890e4b18fac45fb4
com.gitee.amour_cy	nxyfan-plugin-auth	1.3.5		29b6e68753d8c2405cfd859f227bacfab301b3bf
com.gitee.amour_cy	nxyfan-plugin-auth	1.3.6		e1235f7844472ff8c5d9c157ec67a3428f24bc06
com.gitee.amour_cy	nxyfan-plugin-auth	1.3.7		0a39359b93d25d1c3aa25c7b5c493db4098e718f
com.gitee.amour_cy	nxyfan-plugin-auth	1.3.8		78a903beb0b9249c04d958ae378ce1e35348cdf1
com.gitee.amour_cy	nxyfan-plugin-auth	1.3.9		b5c460a12777d1a3a2f44d3e4795c6eb90cfcaaa
com.gitee.amour_cy	nxyfan-plugin-auth	1.4.0		0196f21eb494d4d660f51c42ebd3c70e82d25c85
com.gitee.amour_cy	nxyfan-plugin-auth	1.4.1		ba9774ddc5c9c6e4e3d2c85dc5c20da8a46f0bf3
com.gitee.amour_cy	nxyfan-plugin-auth	1.4.2		57993c6faa69b2028f97c35dcb478c338c120399
com.gitee.amour_cy	nxyfan-plugin-auth	1.4.3		aa06529f9ebb4f3c7132c789b6f49839a4f1172a
com.gitee.amour_cy	nxyfan-plugin-auth	1.4.4		fe71f3c5e16233c33256a2dbfa1266f226e56fea
com.gitee.amour_cy	nxyfan-plugin-auth	1.4.5		0e9def609e1e2113b7056e0c1d2aa2f46dfdedd7
com.gitee.amour_cy	nxyfan-plugin-auth	1.4.6		0de34c1eb17b3e2c59d75e189feb0ba0f7852ca5
com.gitee.amour_cy	nxyfan-plugin-auth	1.4.7		05e624dae9ca138733c9f89074135d57a631867f
com.gitee.amour_cy	nxyfan-plugin-auth	1.4.8		a8a93e5b70120b4e52dfb386fb577771a201e546
com.gitee.amour_cy	nxyfan-plugin-auth	1.4.9		c6f11b6dd97d504e47939f9a72d9e90a4924c42b
com.gitee.amour_cy	nxyfan-plugin-auth	1.5.0		4fe36f127b607107a469f1d4a4583ab5ca07d163
com.gitee.amour_cy	nxyfan-plugin-auth	1.5.1		a34ec3817990a3c2af0d953ab49c17415e2f39f0
com.gitee.amour_cy	nxyfan-plugin-auth	1.5.2		e9cb1043a2e1f336946e9c2f747f39ea527a39f9
com.gitee.amour_cy	nxyfan-plugin-auth	1.5.3		7128e60b6751e84ef9772022472347e054632854
com.gitee.amour_cy	nxyfan-plugin-auth	1.5.4		75c52f01d0e18de73d827f0e7bff34a1fc703d8f
com.gitee.amour_cy	nxyfan-plugin-auth	1.5.5		67615dfc4f04dfecb28907a74c876c799e10016a
com.gitee.amour_cy	nxyfan-plugin-auth	1.5.6		a5a85e120e97a6cd61b9a66e5420f4ae4ca0cf7d
com.gitee.amour_cy	nxyfan-plugin-auth	1.5.7		7e4c6046db89b154fd618cc96f1cde014099246f
com.gitee.amour_cy	nxyfan-plugin-auth	1.5.8		d3dc1456be4e34cc771814c1b5628178ed2574fd
com.gitee.amour_cy	nxyfan-plugin-auth	1.5.9		be9880259122c85b4d56e468e68e41dc7e91a58c
com.gitee.amour_cy	nxyfan-plugin-auth	1.6.0		d11699ad1109c98f2cbb7419bb483152ff36dd26
com.gitee.amour_cy	nxyfan-plugin-auth	1.6.1		659dcd70fb7899ed31f21b01c666740907c135aa
com.gitee.amour_cy	nxyfan-plugin-auth	1.6.2		dd1d43d959518335fb9a19025b5139df14b6b202
com.gitee.amour_cy	nxyfan-plugin-auth	1.6.3		b600c82f074e6c23b11e6c2573bc1a8d5967a541
com.gitee.amour_cy	nxyfan-plugin-auth	1.6.4		cf0413f17e4f6bf19ee3138cde92c81099c1bd77
com.github.davidmarquis	fluent-interface-proxy	1.3.0		519c459c771e2554437649a32b56e27a83ba66dc
com.github.davidmarquis	fluent-interface-proxy	1.3.1		150302fc9ced7fc2bb017825a7cb1f7f8f604979
com.github.davidmarquis	fluent-interface-proxy	1.3.2		58d010dc66f1776ac8228ae51bb44272a92afcfd
com.github.davidmarquis	fluent-interface-proxy	2.0.0		6bff116d4816473034779a337bad102dc361503c
com.github.davidmarquis	fluent-interface-proxy	2.1.0		062fe62ae9dff017599ef4ba4d51629000a0d89a
com.github.davidmarquis	fluent-interface-proxy	2.1.1		5776ba4cd1a6e53e28d894e852acfef9493e4a2f
com.github.davidmarquis	fluent-interface-proxy	2.1.2		e2c8a5d214b45dd1282da36943ee6e6268f32910
com.github.davidmarquis	fluent-interface-proxy	2.2.0		baf0f173e1589518b8926b4e4d1b8931093b5aae
com.github.drtrang	druid-spring-boot-actuator	1.1.1		b295bc720d59a1db10fdab04afe3ddf21749c0e8
com.github.jwt-scala	jwt-json4s-jackson_3	10.0.0		3a48a24b886ab1aff2399ed78c476b0e1a7e5cf9
com.github.jwt-scala	jwt-json4s-jackson_3	10.0.1		ec08e4fd4cfb1960cd039cee3e14af3c5bda29fc
com.github.jwt-scala	jwt-json4s-jackson_3	10.0.4		57dfaa0c07e2089f2dd40842339896bf74a1a10d
com.github.jwt-scala	jwt-json4s-jackson_3	8.0.3		717bfd99bb87b59a3b3a4eb51380bd4dce1760e0
com.github.jwt-scala	jwt-json4s-jackson_3	9.0.0		6870010714b6734c5a5f7a756acc357a619f5182
com.github.jwt-scala	jwt-json4s-jackson_3	9.0.1		7fa0d57eccc0f7880e6960df8ffc36be2daff851
com.github.jwt-scala	jwt-json4s-jackson_3	9.0.2		f73f23b64a1511c6ec840ce5377f4b9f15b240d1
com.github.jwt-scala	jwt-json4s-jackson_3	9.0.3		adc00546de0cef1e8ab2ed3ecc254ccedd7f3d97
com.github.jwt-scala	jwt-json4s-jackson_3	9.0.4		f08d3a2a1b11038a3e37357b3915704412576c86
com.github.jwt-scala	jwt-json4s-jackson_3	9.0.5		566c7f1eeefac544a8e8c14ab4e9b7df3c5bd773
com.github.jwt-scala	jwt-json4s-jackson_3	9.0.6		4c1b934848b29377dba82dd823d521fc5199e15d
com.github.jwt-scala	jwt-json4s-jackson_3	9.1.0		f001356cc9723b7d52e68f8ffc7873e16bd2a152
com.github.jwt-scala	jwt-json4s-jackson_3	9.1.1		91426e5b84b2a448d181980df9f5365107be619e
com.github.jwt-scala	jwt-json4s-jackson_3	9.1.2		4ef78e300bd75d5f3c40d57bacfba8deaaea243b
com.github.jwt-scala	jwt-json4s-jackson_3	9.2.0		15f0bbe0259076ecc738ec09eade67984873f51d
com.github.jwt-scala	jwt-json4s-jackson_3	9.3.0		ca67dec1e6ba063354a433aaecc0bb3610cb0388
com.github.jwt-scala	jwt-json4s-jackson_3	9.4.0		523410133fc827b3a1403e38bc2ff48ed8ba0fea
com.github.jwt-scala	jwt-json4s-jackson_3	9.4.1		7ea0c31d28ed67057ec73c37811fad5ae68b04e8
com.github.jwt-scala	jwt-json4s-jackson_3	9.4.2		418ba7c44fc724dd5c50a54d7b450fc00118905f
com.github.jwt-scala	jwt-json4s-jackson_3	9.4.3		390e7f10c81f48f8d17701b5224179c73f252bd4
com.github.jwt-scala	jwt-json4s-jackson_3	9.4.4		7cebfdc8b7a76cd05e004bbd40f12aed90661c07
com.github.jwt-scala	jwt-json4s-jackson_3	9.4.5		d0c542fc0fbcaaca97ecdb73189d8d7889e98ee2
com.github.jwt-scala	jwt-json4s-jackson_3	9.4.6		ad0e3b8b8b3a76b65b6c1678a0686ae8fb2e3e58
com.github.ndrlslz	zhihuDaily-java-client	0.1.2		459f9ab35410c8bc1c41d573b5997b4a9028ba1c
com.github.tminglei	slick-pg_core_2.12	0.15.0		74193711630768440bf94bcc1233b26290736d67
com.github.tminglei	slick-pg_core_2.12	0.15.0-M3		1330c76c2a8e02a92691168be5c383614814e232
com.github.tminglei	slick-pg_core_2.12	0.15.0-M4		755b13667add273516364a22220cabb6fc0f5375
com.github.tminglei	slick-pg_core_2.12	0.15.0-RC		2d4a139be63f90581fb018614c4cf45e9fa48fc0
com.github.tminglei	slick-pg_core_2.12	0.15.1		734b6463d52cb15b5b906358055dcb58fea5977d
com.github.tminglei	slick-pg_core_2.12	0.15.2		23b3ceae39888f14be1279daf8278d59f750598e
com.github.tminglei	slick-pg_core_2.12	0.15.3		851540e147ffbfcd6ab74f8315d5225c00f41b20
com.github.tminglei	slick-pg_core_2.12	0.15.4		54f2fd4c28cfd2e7b61a68fe6c50d2620ee29c5d
com.github.tminglei	slick-pg_core_2.12	0.15.5		23b3f81ec707996ed14eba6d397ff104767ac45a
com.github.tminglei	slick-pg_core_2.12	0.15.6		3494fcc436b95ecf98f259baf37e9169e15b05e7
com.github.tminglei	slick-pg_core_2.12	0.15.7		56b6dc28e2c61e951f25af5a89778a8672b2cc87
com.github.tminglei	slick-pg_core_2.12	0.16.0		5210f7f3b6258abeef55b162f2e4745f0d7888cd
com.github.tminglei	slick-pg_core_2.12	0.16.1		1c0ebb47c522bce1852a0dd1388ad52fce0b095e
com.github.tminglei	slick-pg_core_2.12	0.16.2		29aab09bad5a609d877abaa53f9d30b77af98ebe
com.github.tminglei	slick-pg_core_2.12	0.16.3		e50af299ab809b42cc248fd2ded7d66f9e49757e
com.github.tminglei	slick-pg_core_2.12	0.17.0		6ab3244c91674e0c6b6aa1718ed68098f402629c
com.github.tminglei	slick-pg_core_2.12	0.17.1		13d213c278d6d899394960fdd92d614b47df9769
com.github.tminglei	slick-pg_core_2.12	0.17.2		5549fc922b400f6aa2a303cff4d7374edacfe68f
com.github.tminglei	slick-pg_core_2.12	0.17.3		1e9f15d15b3fe398aa380035532e6daaf7eb4fd3
com.github.tminglei	slick-pg_core_2.12	0.18.0		46601714eb68f3bd5ce296946082a17d0bdc82ea
com.github.tminglei	slick-pg_core_2.12	0.18.1		3ed8c015f5f5136c22dc986546c2b18cde2eab5b
com.github.tminglei	slick-pg_core_2.12	0.19.0		8f1d031ecd60e863265578bf38df8d8e834958b1
com.github.tminglei	slick-pg_core_2.12	0.19.1		d9bb405c36c829554c03119cbf95adb168607d46
com.github.tminglei	slick-pg_core_2.12	0.19.2		31d394100dc9dfe4b3cffa9e1a6e6786607933a3
com.github.tminglei	slick-pg_core_2.12	0.19.3		a03f41957506481f8942c22a2a5fb5c423620109
com.github.tminglei	slick-pg_core_2.12	0.19.4		f8fc5cdc2e83d53b2bb301e90589eeb93b280831
com.github.tminglei	slick-pg_core_2.12	0.19.5		594f6dbcd70b228368f14748e1f3bac07d7c3f6d
com.github.tminglei	slick-pg_core_2.12	0.19.6		46728b5f6a471be24d7204c870ed74aed50d346b
com.github.tminglei	slick-pg_core_2.12	0.19.7		4fcfe773614e11ae3130c52153959c1cfccd17da
com.github.tminglei	slick-pg_core_2.12	0.20.0		02f5379b78b76b9b64e80638105a6d01a266d725
com.github.tminglei	slick-pg_core_2.12	0.20.1		29a9ae74ac9e41c6d95c989737b3fcbbb6caec31
com.github.tminglei	slick-pg_core_2.12	0.20.2		72b5338e66d48e3fecc748d2b8370149a413c9fc
com.github.tminglei	slick-pg_core_2.12	0.20.3		eab181713cc60023ae9f8e7bcbfcb26fe5940f75
com.github.tminglei	slick-pg_core_2.12	0.20.4		32c9ab3ea66b6b11d4df600b460bb838e33b0c54
com.github.tminglei	slick-pg_core_2.12	0.21.0		749de80550e8ac0284945e627b58555bdd67df19
com.github.tminglei	slick-pg_core_2.12	0.21.0-M1		4d78405cc93cecd042583212d2b6c5e7a24eac93
com.github.tminglei	slick-pg_core_2.12	0.21.1		5c9921a9e91edcd92e98e2c7540a5be63d921c73
com.github.tminglei	slick-pg_core_2.12	0.22.0		80a5030de5121c1930f4847e96dbe5efdbb769d1
com.github.tminglei	slick-pg_core_2.12	0.22.0-M5		e3438903bc84489278e73d34ab3525b50364e12e
com.github.tminglei	slick-pg_core_2.12	0.22.1		6d454e384f9a70332005d9db8e6f27dd60254ce6
com.github.tminglei	slick-pg_core_2.12	0.22.2		0ff4ae377b516ff461742470de3c0e6de4f87410
com.github.tminglei	slick-pg_core_2.12	0.23.0		968908579e38ea327ddb3ca6267c6f28d6eb141f
com.github.tminglei	slick-pg_core_2.12	0.8.6		b4cf9a1c8fbef61c0ff7e0dc433eb2ebd9802711
com.github.xuwei-k	msgpack4z-play_sjs1_3	0.10.0		292f604fd9cbd3020e52e99e020092fabef3ee87
com.github.xuwei-k	msgpack4z-play_sjs1_3	0.11.0		7686adac155bda5621df1a540ffad29907d2d20b
com.github.xuwei-k	msgpack4z-play_sjs1_3	0.11.1		02980770ac8a3747a4662624b1fe3851972e8f71
com.github.xuwei-k	msgpack4z-play_sjs1_3	0.12.0		74c6a83afc240d31d455be29f76463d6ebcbe97d
com.github.xuwei-k	msgpack4z-play_sjs1_3	0.13.0		ffde153bd7067c477765d478d32276654cd42834
com.gitlab.cdc-java.applic	cdc-applic-mountability-impl	0.10.0		75b62ab85c38e82032dcbdc9f616d724a3846c99
com.gitlab.cdc-java.applic	cdc-applic-mountability-impl	0.11.0		b3304b837e1127412c0c95a3862c2c5da5f4b75e
com.gitlab.cdc-java.applic	cdc-applic-mountability-impl	0.12.0		ac82feb5bf2df171440c5d09499475b36eaf876c
com.gitlab.cdc-java.applic	cdc-applic-mountability-impl	0.13.0		545bdb17bf611209d6c2e6bb26af4bb99fd3df80
com.gitlab.cdc-java.applic	cdc-applic-mountability-impl	0.13.1		d4e88088bbfec51de8822ffb7ebb2ce315129c30
com.gitlab.cdc-java.applic	cdc-applic-mountability-impl	0.13.2		29b0f3065e5c71778256db9ab66b36b3b41a1462
com.gitlab.cdc-java.applic	cdc-applic-mountability-impl	0.13.3		c1956cdcedc251ffe9f118780963e72b13f363c3
com.gitlab.cdc-java.applic	cdc-applic-mountability-impl	0.14.0		8e2d6706e4a814c6590853b6d349632fd6a8ed68
com.gitlab.cdc-java.applic	cdc-applic-mountability-impl	0.14.1		cc463db37ff22c3be75449d22ba7fd7a43b140f6
com.gitlab.cdc-java.applic	cdc-applic-mountability-impl	0.14.2		0bf7f68d0c567a0451cf667a3b07425fcd481e5d
com.gitlab.cdc-java.applic	cdc-applic-mountability-impl	0.15.0		74931400a852675f26a2e4b32f1b545007f93566
com.gitlab.cdc-java.applic	cdc-applic-mountability-impl	0.2.0		35407284aefe1e4f630263a88b87dd6837df6dba
com.gitlab.cdc-java.applic	cdc-applic-mountability-impl	0.3.0		dca3e8fdb41146c825e13d5e080812727f6c0578
com.gitlab.cdc-java.applic	cdc-applic-mountability-impl	0.4.0		47098ba6026588a62670eb0bb68919306d3511a2
com.gitlab.cdc-java.applic	cdc-applic-mountability-impl	0.5.0		d79d01833bf247cbbc257e96cf5f05bf22e05ea5
com.gitlab.cdc-java.applic	cdc-applic-mountability-impl	0.6.0		76702dff4efd8c9aa8cc600b490ff4f939e17b5b
com.gitlab.cdc-java.applic	cdc-applic-mountability-impl	0.7.0		a3707549191c34d4fd0238274b8a620e1ba3bd9a
com.gitlab.cdc-java.applic	cdc-applic-mountability-impl	0.8.0		5a78c3942a91ee17b6e0a14967c7f8da5cc2a907
com.gitlab.cdc-java.applic	cdc-applic-mountability-impl	0.9.0		9010e98578f0320e7f49b644e248a67d19e13215
com.google.code.play2-maven-plugin	play2-provider-play25	1.0.0-beta4		dcc8412e95f22ae6355ef5bdbe4f69e7b8ec9dfe
com.google.code.play2-maven-plugin	play2-provider-play25	1.0.0-beta5		56d985b0f0a6810241d4a437483ede83b403736c
com.google.code.play2-maven-plugin	play2-provider-play25	1.0.0-beta6		4e9b71d69e1ccb45a7d3536438bc13a9630d3cbe
com.google.code.play2-maven-plugin	play2-provider-play25	1.0.0-beta7		747cc721d20e9a240922778a09213df7579d06be
com.google.code.play2-maven-plugin	play2-provider-play25	1.0.0-beta8		f83ca3a73aa328d9e31e0699472c77cbfd1c4845
com.google.code.play2-maven-plugin	play2-provider-play25	1.0.0-beta9		31c7bae66e7b6689d03aa35c52a2b293a9b6a309
com.google.code.play2-maven-plugin	play2-provider-play25	1.0.0-rc1		65057bd02634aa9500d41e91c07b2d11690f40a5
com.google.code.play2-maven-plugin	play2-provider-play25	1.0.0-rc2		cd1a6a7fc9ce43e65febea68a51fcf1c5a172af8
com.google.code.play2-maven-plugin	play2-provider-play25	1.0.0-rc3		62403d39431cd323fdb18a887beaca45383b59a2
com.google.code.play2-maven-plugin	play2-provider-play25	1.0.0-rc4		6a2609211b520c27e2371e9f389ee741b105c9ea
com.google.code.play2-maven-plugin	play2-provider-play25	1.0.0-rc5		149e2ec0b07bce631262dce5addd588df2146454
com.graphhopper	directions-api-java-client	0.4.0		cdb83678664f35b0beb8c4db916040014a9873da
com.graphhopper	directions-api-java-client	0.4.0-RC1		6fcb16bc1b202aac87b1c20059f43aceed590b86
com.graphhopper	directions-api-java-client	0.4.1		76afc6c4cfccd491a80ba5bd16b678d817cf6f27
com.graphhopper	directions-api-java-client	0.4.1.1		9eb5f58aeea0d3c571b77e42082f377f58943db5
com.graphhopper	directions-api-java-client	0.4.1.2		d0e04390e82b37b748b07b827e0798b9f971f30f
com.graphhopper	directions-api-java-client	0.4.1.3		c1267b7172f5825b8396d910dc7137dc5be57989
com.graphhopper	directions-api-java-client	0.4.1.4		88e98d927b544a00bcc16382103475e2ea84394f
com.graphhopper	directions-api-java-client	0.4.1.5		294011d3423b7622f88f27949739e4651b80775b
com.graphhopper	directions-api-java-client	0.4.1.6		35a0c98c03e13cffe007c56520dfe3231ab159ac
com.graphhopper	directions-api-java-client	0.5.0.0		e4d8d3656cea4ecf48910d11e6fc2da8b0debe84
com.graphhopper	directions-api-java-client	0.5.0.2		4a0b81d029cec59147bed3d0adee749dcae6cff6
com.graphhopper	directions-api-java-client	0.6.0		8df9555a8b8b07598791ddeedd5bcbd8495844a1
com.graphhopper	directions-api-java-client	0.6.0-RC1		cc686fe63e5b11fc2dcb8c5aa471d5b36d912641
com.graphhopper	directions-api-java-client	0.6.0-RC2		5c4496e9a6f511ec96097fae444100b9828ddb01
com.graphhopper	directions-api-java-client	0.7.0		64189b392286f9c965957294ccaebd85e9c3aaab
com.graphhopper	directions-api-java-client	0.7.0-RC2		72ad38d1150d8661b8b2c0a3a789824cb1c8e7d3
com.graphhopper	directions-api-java-client	0.7.0-RC3		db75358dced5ffcf013074f71c8003f682ca1a9d
com.graphhopper	directions-api-java-client	0.7.0-RC4		17c2885b2a2e939185583b4b18c0ab28ac1a0706
com.graphhopper	directions-api-java-client	0.7.0.1		d90fdb744f32cf787699d789486d78640e89fe77
com.graphhopper	directions-api-java-client	0.7.0.2		a56262239da2c722c6c7bebd48959d01bee6a207
com.graphhopper	directions-api-java-client	0.7.0.4		4245958bf30523111106298dcec51d1536d687f8
com.graphhopper	directions-api-java-client	0.7.0.5		33c695ba7b03a2d757aa847cd2e4271c28e04bff
com.graphhopper	directions-api-java-client	0.7.0.6		40e6f2348d8268e28f579a90357e00175b910e48
com.graphhopper	directions-api-java-client	0.7.0.7		60c6a2876fbe32c88d966db7862f668ca3fb3882
com.graphhopper	directions-api-java-client	0.8.0		94a44ecfca675da532b6e9ced1356679b82d0c95
com.graphhopper	directions-api-java-client	0.8.0-RC1		2724c6cba38077fcc4cfb475f6f490fe45408f7b
com.graphhopper	directions-api-java-client	0.8.0-RC2		158c4c2c8c088f604d705dd27d5823866afb2d2a
com.graphhopper	directions-api-java-client	0.8.1		44b04750f8f3311dcba8c8cf40b3bff427205f0f
com.graphhopper	directions-api-java-client	0.8.2		231714552b09a2e533ff552a043b8c1e35a15a00
com.graphhopper	directions-api-java-client	0.8.2-2		5c7941ff842d13c16e4a764adfb0f6180d33c81a
com.graphhopper	directions-api-java-client	0.8.2-3		6c5397c4e74ee8f04be841fd5571c2c3a9bb51db
com.graphhopper	directions-api-java-client	0.8.2.1		ee0cd87e0e3a21c69cb826c5c1cc71af8339d2a1
com.gu	flexible-content-block-to-text_2.11	0.4		880667a14095e5b6de2ce0ebbcff6b5e70f6bcdb
com.kumuluz.ee	kumuluzee-jta-narayana	2.3.0		16dea59d23a32e97b19f8a1a2002ce3ebfab363e
com.kumuluz.ee	kumuluzee-jta-narayana	2.3.0-beta.1		fbdb6eebb81eb827081c9842050bc02116226f7c
com.kumuluz.ee	kumuluzee-jta-narayana	2.3.0-beta.2		a068c8542220f9e26888ef0c6f25b712b8f49218
com.kumuluz.ee	kumuluzee-jta-narayana	2.4.0		f6d7c5bc9b584244b24da393dabe40ec8f00fa93
com.kumuluz.ee	kumuluzee-jta-narayana	2.4.0-beta.1		ea7037ee6bad1c448d6225b668477b15371e7f0d
com.kumuluz.ee	kumuluzee-jta-narayana	2.4.0-beta.2		1573a449ca1dfe007a9b52cfca0b039e2e76b062
com.kumuluz.ee	kumuluzee-jta-narayana	2.4.1		4aa0d1b32639ed49ee75e361cc2b0e3762da35d0
com.kumuluz.ee	kumuluzee-jta-narayana	2.5.0		3795b7a630391a421e93ccb708c9d1084c7eee42
com.kumuluz.ee	kumuluzee-jta-narayana	2.5.1		994c9dfb44277269feb2d9596d7ef9a8252c4dd4
com.kumuluz.ee	kumuluzee-jta-narayana	2.5.2		e73d54ddeba24bd334a47d519e19349bc2ae8da4
com.kumuluz.ee	kumuluzee-jta-narayana	2.5.3		07fb64d15be46b2ad589c2ed7a147b6c41f71380
com.kumuluz.ee	kumuluzee-jta-narayana	2.6.0		0d9f3f08409a17728f97c3ebeeaa4d724997388d
com.kumuluz.ee	kumuluzee-jta-narayana	3.0.0		5bd4304b05b749a486430463dfb3005ec8d07e0e
com.kumuluz.ee	kumuluzee-jta-narayana	3.0.0-beta.1		97232239f0febb655b99bf0050bf812b26af6bf1
com.kumuluz.ee	kumuluzee-jta-narayana	3.0.0-beta.2		f5369902e7fd9b205f263fcf60df1e29f7fb010e
com.kumuluz.ee	kumuluzee-jta-narayana	3.0.0-beta.3		012d0b2ac7eba0a87f1c7cc749f6559e02719d8d
com.kumuluz.ee	kumuluzee-jta-narayana	3.1.0		e4b4091a67c2e367587c51921dcc84cd5a49fd20
com.kumuluz.ee	kumuluzee-jta-narayana	3.10.0		25293c6af62d16351e275a8109f759e36e8b4a55
com.kumuluz.ee	kumuluzee-jta-narayana	3.11.0		f0f3ad99acbd2eed0a922579aa425184b368d865
com.kumuluz.ee	kumuluzee-jta-narayana	3.12.0		282d9dd5391bd5c11b818a1c89a1c3e1e563be0d
com.kumuluz.ee	kumuluzee-jta-narayana	3.12.1		a8a4d9fcae5fd10e8cf81544a95015e2ba19999b
com.kumuluz.ee	kumuluzee-jta-narayana	3.12.2		3087ff9832c4a628d8aeaca9983e1502bdd08cbf
com.kumuluz.ee	kumuluzee-jta-narayana	3.2.0		33676889b38a4c0f5f64119e546b648387fb8eba
com.kumuluz.ee	kumuluzee-jta-narayana	3.3.0		957e3699632b85e7eebc1a11671086995738efdc
com.kumuluz.ee	kumuluzee-jta-narayana	3.4.0		fa92290f570b341f3277542196f767b1c86e567b
com.kumuluz.ee	kumuluzee-jta-narayana	3.4.1		2ce8ece8c6928e716d28c50fa6f129f3acdb5619
com.kumuluz.ee	kumuluzee-jta-narayana	3.5.0		5331f8558a2e5f3e6332b1f51c9dd990d21b0066
com.kumuluz.ee	kumuluzee-jta-narayana	3.6.0		a0fbf2dd5f10cbb21d052f53fb1ef0dd6a1b9e89
com.kumuluz.ee	kumuluzee-jta-narayana	3.6.1		1de6f777d5f6860b8de1f9c66a7dd5fe1b5edfd0
com.kumuluz.ee	kumuluzee-jta-narayana	3.7.0		ba900ff7d7e9b28e269043950417bf444756bafd
com.kumuluz.ee	kumuluzee-jta-narayana	3.8.0		2cb7d669eb3e9aa99dcdfa5eb68e21733c868ce9
com.kumuluz.ee	kumuluzee-jta-narayana	3.9.0		53039fec543dd6655c96295b7dad34e13e552563
com.kumuluz.ee	kumuluzee-jta-narayana	4.0.0		3688aa777cf5c46504e895a9dbe9ebd094ecc9cc
com.kumuluz.ee	kumuluzee-jta-narayana	4.0.0-beta.1		576a86e4b95a73a27af8c16b6bf847bd735e74f2
com.kumuluz.ee	kumuluzee-jta-narayana	4.1.0		66317d1bf726446556ba11ce389a6e74404b0177
com.lihaoyi	ammonite-ops_2.13.0-M5	1.6.5-10-649d2b3		fe593f3243a9a530aca4e9c60b5e39a71136064c
com.lihaoyi	ammonite-ops_2.13.0-M5	1.6.5-7-189109d		fb19b69484d3a0c3b033bd34c1fb85440983800a
com.lihaoyi	ammonite-ops_2.13.0-M5	1.6.6		3d23108bb59a09a8525b3df6fde678137c47c726
com.lihaoyi	ammonite-ops_2.13.0-M5	1.6.6-0-2b13f8a		1d7fc9f6703d79828f53d85cac36e549b25b7ea3
com.lihaoyi	ammonite-ops_2.13.0-M5	1.6.6-1-05ecc9b		453489be4a797bbddbfa4d988bb3ed3107ff3099
com.lihaoyi	ammonite-ops_2.13.0-M5	1.6.6-10-5fa74ab		8efefeffc344dc92a7ea9ad46c9b523a624b05b4
com.lihaoyi	ammonite-ops_2.13.0-M5	1.6.6-2-edaf2a9		b838112a2def8205da07edebe334251a80105c9c
com.lihaoyi	ammonite-ops_2.13.0-M5	1.6.6-6-7e89968		415148da4a951d17a1ad5985a767d39434729298
com.lihaoyi	ammonite-ops_2.13.0-M5	1.6.6-7-5e5461b		c643377ccee5cb2009e3ff6bc4a99dbac614b2f1
com.lihaoyi	ammonite-ops_2.13.0-M5	1.6.7		85ce4010f0dad50d0b1ed9739aa46d3d98ff10b9
com.lihaoyi	ammonite-ops_2.13.0-M5	1.6.7-0-0ea3902		d448decee3b58cec5f8d218cb979146b8cbd8f88
com.lihaoyi	ammonite-ops_2.13.0-M5	1.6.7-1-a44339b		8b02c4278278fd6417fb00dd355c7b3763a3d57c
com.lihaoyi	ammonite-ops_2.13.0-M5	1.6.7-2-c28002d		dcf58e5c3a300a195a767eaa31d8075113a2645b
com.monkopedia.ksrpc	ksrpc-packets-mingwx64	0.8.1		N/A
com.monkopedia.ksrpc	ksrpc-packets-mingwx64	0.8.2		N/A
com.monkopedia.ksrpc	ksrpc-packets-mingwx64	0.8.3		N/A
com.monkopedia.ksrpc	ksrpc-packets-mingwx64	0.8.4		N/A
com.monkopedia.ksrpc	ksrpc-packets-mingwx64	0.9.0		N/A
com.monkopedia.ksrpc	ksrpc-packets-mingwx64	0.9.1		N/A
com.monkopedia.ksrpc	ksrpc-packets-mingwx64	0.9.2		N/A
com.monkopedia.ksrpc	ksrpc-packets-mingwx64	0.9.3		N/A
com.monkopedia.ksrpc	ksrpc-packets-mingwx64	0.9.4		N/A
com.monkopedia.ksrpc	ksrpc-packets-mingwx64	0.9.5		N/A
com.netflix.rxjava	rxjava-debug	0.17.0		50f5ee31c2622745981efb440ddc3df95209f128
com.netflix.rxjava	rxjava-debug	0.17.0-RC1		70d82e6bc79f805ff7ee9d21b6cd2d7c2ce2d31e
com.netflix.rxjava	rxjava-debug	0.17.0-RC2		e18d0a1fb717090615875af96c9561af09207ebc
com.netflix.rxjava	rxjava-debug	0.17.0-RC3		845cb0771077a15216cba95c2e7119e581762cd2
com.netflix.rxjava	rxjava-debug	0.17.0-RC4		df4978d042481bf6a1ca8106c15b3719b7d40f68
com.netflix.rxjava	rxjava-debug	0.17.0-RC5		58319958de54bb72a4074937aaa72475751ab5bd
com.netflix.rxjava	rxjava-debug	0.17.0-RC6		6f06dc589d4b3e255fd4c8fa6df485564d000beb
com.netflix.rxjava	rxjava-debug	0.17.0-RC7		ae67ccf781480d25cd3eaaf045774288c1bec64e
com.netflix.rxjava	rxjava-debug	0.17.1		163fd8b4854f466dd360feab7698a7d7d9493b2b
com.netflix.rxjava	rxjava-debug	0.17.2		c8e2067790a73757e19fa8b42f8ecaf42ae46237
com.netflix.rxjava	rxjava-debug	0.17.3		9c6fa6aea8bedcec5ebeff70609b4d5b3295574c
com.netflix.rxjava	rxjava-debug	0.17.4		25a4e940dfcbe1a41dff1507fdc89cbac97ce681
com.netflix.rxjava	rxjava-debug	0.17.5		1be4629157d529339b57bbd17e6adc26d1c63872
com.netflix.rxjava	rxjava-debug	0.17.6		0473eb386422f19d4643bf3319edabf75e362b7a
com.netflix.rxjava	rxjava-debug	0.18.0		fbe62ca6c009181e394bef6368998347834aece5
com.netflix.rxjava	rxjava-debug	0.18.1		c64ce296ad9ba4808d81144d5c90b9751bce17fe
com.netflix.rxjava	rxjava-debug	0.18.2		76437b791fdb3b19e24db803fd6bcc046a5fddb0
com.netflix.rxjava	rxjava-debug	0.18.3		a11d63bf1bf7ef6e5f3b9ccd145c8c7fb2bba321
com.netflix.rxjava	rxjava-debug	0.18.4		217c03eee5f8948e80b74701f8d6fee7cec113f5
com.netflix.rxjava	rxjava-debug	0.19.0		bad27fa54360705e974d0f61663589cfaf94d8c5
com.netflix.rxjava	rxjava-debug	0.19.1		ac8ecf170349018f239c70577aeb1f27994d40eb
com.netflix.rxjava	rxjava-debug	0.19.2		598e30260b6fb3e3d9dfdf2c10f55ce7c951eff8
com.netflix.rxjava	rxjava-debug	0.19.4		20c42c7784128f5256d11fe2102291630790120e
com.netflix.rxjava	rxjava-debug	0.19.6		77467f213a533e19ae61ce1720e9f8c3d47cc1ea
com.netflix.rxjava	rxjava-debug	0.20.0		3a8fb76fc1411ab59e3cf973bc51ce931ed3c452
com.netflix.rxjava	rxjava-debug	0.20.0-RC1		b039c0fbfb801ebcfc216a90cd1ce9f9b32de7aa
com.netflix.rxjava	rxjava-debug	0.20.0-RC2		319612f51357ad7216a432bbe17d8a80bd4cf7a8
com.netflix.rxjava	rxjava-debug	0.20.0-RC3		cdde56ac5660f9d98137af3e9df7dc6087ad3d67
com.netflix.rxjava	rxjava-debug	0.20.0-RC4		91fdd8fcfc0f091d200f1249379806e9bfbe2b8b
com.netflix.rxjava	rxjava-debug	0.20.0-RC5		3cf514662b14d66a24010b13edbe40ce6b983923
com.netflix.rxjava	rxjava-debug	0.20.0-RC6		33917591082982297d0c3a02f22754a10b28a4a4
com.netflix.rxjava	rxjava-debug	0.20.1		513d87df3b6d3e7bb4867910ca24ab680bf77a06
com.netflix.rxjava	rxjava-debug	0.20.2		cc7ef8c4ba05887864714f15ab7d13f72d3e301a
com.netflix.rxjava	rxjava-debug	0.20.3		2b43fb96538e2b800cf21ffa3c5215f978fc90a0
com.netflix.rxjava	rxjava-debug	0.20.4		116511898506f40f1ae770b177e734efb6e29b35
com.netflix.rxjava	rxjava-debug	0.20.5		a460b871ed7a645424dc339d8154bf2456548d04
com.netflix.rxjava	rxjava-debug	0.20.6		0b0b5df8a8ced237ac1f4b9cc945686a9fcede62
com.netflix.rxjava	rxjava-debug	0.20.7		a510565d986c6597025ca254fba05b32c6ec38dd
com.propensive	rapture-google-translate_2.11	2.0.0-M4		612c3bd680db44a75acfa1d5d1de68a22fb509b8
com.propensive	rapture-google-translate_2.11	2.0.0-M5		3fa9f28221c5dcb924de5609122d221339fe2ed5
com.propensive	rapture-google-translate_2.11	2.0.0-M6		e75526da8c9291f8232bb767cb2a9909da31a516
com.propensive	rapture-google-translate_2.11	2.0.0-M7		11710a9e28d3e652f09d1347ee79356b65221e42
com.propensive	rapture-google-translate_2.11	2.0.0-M8		57e2de170a7e6ff93ec80ba8c86a4253afdd9e47
com.propensive	rapture-google-translate_2.11	2.0.0-M9		2d0e7f2f19dd7f77e9dff5a530a1cd3c5b8a93ac
com.propensive	rapture_sjs0.6_2.11	2.0.0-M1		03f3495d99e68146e1d1452d7d6a14fc85be0d83
com.propensive	rapture_sjs0.6_2.11	2.0.0-M3		398e72af067a754a05d8b559bf967093ed2f73d0
com.propensive	rapture_sjs0.6_2.11	2.0.0-M4		05eaf68d7cb5ed995973517c4805a2c103f60d83
com.propensive	rapture_sjs0.6_2.11	2.0.0-M5		1394223f2327a120f57f3f75e30408d5db43a648
com.propensive	rapture_sjs0.6_2.11	2.0.0-M6		edea765020797b08bdd84c2c56c0bcbc36ff898a
com.propensive	rapture_sjs0.6_2.11	2.0.0-M7		8c9ddcf465cefd7199e649201aec8b40f627f34c
com.propensive	rapture_sjs0.6_2.11	2.0.0-M8		d1abd5b653a6508aab6e8872f0c199302ff04027
com.propensive	rapture_sjs0.6_2.11	2.0.0-M9		2214b95d77677980b5fe084e17260e9f6485e0eb
com.seezoon.framework	seezoon-framework-spring-boot-starter	1.0.0		159a8f848c1f91438d612b658979836f9b0a7c10
com.shakelang.util	logger-js	0.4.0		N/A
com.shakelang.util	logger-js	0.4.0	html-docs	63b879f2705d25df118b4726b4551be50644d521
com.shakelang.util	logger-js	0.5.0		N/A
com.shakelang.util	logger-js	0.5.0	html-docs	cd9bc1dc2953032614da19dce8629c95df372c41
com.shakelang.util	logger-js	0.5.1		N/A
com.shakelang.util	logger-js	0.5.1	html-docs	c4ec934e45cc08391ad593b8e2b629c848c13c60
com.shakelang.util	logger-js	0.5.2		N/A
com.shakelang.util	logger-js	0.5.2	html-docs	883bea6783cb43fed30508697c64d783f7bcb8bf
com.soywiz	korlibs-serialization-properties-iossimulatorarm64	6.0.0-alpha1		N/A
com.soywiz	korlibs-serialization-properties-iossimulatorarm64	6.0.0-alpha1	metadata	f9b762976705281510527eab42e9857664066cd7
com.soywiz	korlibs-serialization-properties-iossimulatorarm64	6.0.0-alpha2		N/A
com.soywiz	korlibs-serialization-properties-iossimulatorarm64	6.0.0-alpha2	metadata	2f995aa6cfa894adce1e0287082c21386b6df19b
com.tigrisdata.tools.code-generator	cli	1.0.0-alpha.1		3f96fdeb95ed9177ed2383072015f1e5983781e3
com.tigrisdata.tools.code-generator	cli	1.0.0-alpha.2		b41dbe4ccd2a277dd38f5ae318286d0a1114b565
com.tigrisdata.tools.code-generator	cli	1.0.0-alpha.3		e3ffedbf8e796c7e56b542f06f3a075cb786dc7c
com.toolazydogs.aunit	aunit-junit	1.0.0		1faef48c9ad9f503309ddd0a850fb907210c5bf9
com.toolazydogs.aunit	aunit-junit	1.0.1		34864d4c8cdd780626293737887e7826e93d534b
com.toolazydogs.aunit	aunit-junit	1.0.2		d2956fa2740653ae9ef3a499f99203f853a6f069
com.xemantic.ai	anthropic-sdk-kotlin-watchosx64	0.12		N/A
com.xemantic.ai	anthropic-sdk-kotlin-watchosx64	0.12	metadata	74d11ab7edbb988f92fe1bc096ef3b6ced4fc119
com.xemantic.ai	anthropic-sdk-kotlin-watchosx64	0.13		N/A
com.xemantic.ai	anthropic-sdk-kotlin-watchosx64	0.13	metadata	953ab1d77d8555f7ab7bb4e4c71e0b8d0e75cb4f
com.xemantic.ai	anthropic-sdk-kotlin-watchosx64	0.15		N/A
com.xemantic.ai	anthropic-sdk-kotlin-watchosx64	0.15	metadata	bf11dd376ad925481d5e2e8dd37405c0d85da4ab
com.xemantic.ai	anthropic-sdk-kotlin-watchosx64	0.17.0		N/A
com.xemantic.ai	anthropic-sdk-kotlin-watchosx64	0.17.0	metadata	bb24b97edbef205fb9858bd05e6531aea97d8b96
com.xemantic.ai	anthropic-sdk-kotlin-watchosx64	0.17.1		N/A
com.xemantic.ai	anthropic-sdk-kotlin-watchosx64	0.17.1	metadata	ec155befea60b1d92ec88c1d637999b65eacfab3
com.xemantic.ai	anthropic-sdk-kotlin-watchosx64	0.18.1		N/A
com.xemantic.ai	anthropic-sdk-kotlin-watchosx64	0.18.1	metadata	e0f617cc80fa3ab1bda7dc6759f9e2d12b668336
com.xemantic.ai	anthropic-sdk-kotlin-watchosx64	0.18.2		N/A
com.xemantic.ai	anthropic-sdk-kotlin-watchosx64	0.18.2	metadata	5db600d91678f36ce4ad7144001cd99cd332927f
com.xemantic.ai	anthropic-sdk-kotlin-watchosx64	0.19.0		N/A
com.xemantic.ai	anthropic-sdk-kotlin-watchosx64	0.19.0	metadata	0c75e30e33050f8f0e2182f7d94e04bf659c4898
com.yahoo.sql4d	Sql4Ddriver	3.5.4		377e07bc969eeff5373f07ec5ba1f390e1afba87
com.yahoo.sql4d	Sql4Ddriver	3.5.5		e63f32ff6a4f4bbbef2070e3c4d1a77f3846ef6c
com.yahoo.sql4d	Sql4Ddriver	3.5.6		2a2af37fd8f4303ae0c1d6e645c7dafd445984eb
com.yahoo.sql4d	Sql4Ddriver	4.0.0		c3f791b22d6e2da496d28484a16bd56c00b2f0f3
com.yahoo.sql4d	Sql4Ddriver	4.0.1		ddb33081940b3ada74520a83165c3faf241dc55f
com.yahoo.sql4d	Sql4Ddriver	4.1.0		bb6e51fdf216f3e1253552436b2a16f73433419d
de.acosix.alfresco.utility	de.acosix.alfresco.utility.core.repo.quartz1	1.0.5.0		42ffae8a04c60e31a668811faded4e0301562c73
de.acosix.alfresco.utility	de.acosix.alfresco.utility.core.repo.quartz1	1.0.6.0		71693b69d7570942f8e2bf503792fdf8824d4637
de.acosix.alfresco.utility	de.acosix.alfresco.utility.core.repo.quartz1	1.0.7.0		8a5194b3a10dc3901de817784932529673d18c74
de.acosix.alfresco.utility	de.acosix.alfresco.utility.core.repo.quartz1	1.0.8.0		bfbbc2d58c8afc2a5d4f86b49b7d03dcad1560ed
de.acosix.alfresco.utility	de.acosix.alfresco.utility.core.repo.quartz1	1.1.0		6da2100eb8981cba7ddb8f0c6ba64e3419cbd21c
de.acosix.alfresco.utility	de.acosix.alfresco.utility.core.repo.quartz1	1.2.0		509b0a8a740c3724b7214d2a6be9fe417935aa16
de.acosix.alfresco.utility	de.acosix.alfresco.utility.core.repo.quartz1	1.2.1		a0eed03b2fff09e0fe8545c7a12769dd7caed28c
de.acosix.alfresco.utility	de.acosix.alfresco.utility.core.repo.quartz1	1.2.2		c40aebb05085e26fa53cb8c177decfd34c39823c
de.acosix.alfresco.utility	de.acosix.alfresco.utility.core.repo.quartz1	1.2.3		36f5c70b320937e1d88a8e01e50cecba6473ec26
de.acosix.alfresco.utility	de.acosix.alfresco.utility.core.repo.quartz1	1.2.4		2f4a08a0f5631f86cfbd297b44838cae64148315
de.acosix.alfresco.utility	de.acosix.alfresco.utility.core.repo.quartz1	1.2.5		4ab5754edf38875cc7551944ead413fab3ad0871
de.acosix.alfresco.utility	de.acosix.alfresco.utility.core.repo.quartz1	1.3.0		2d8792ac18261ae81cd8b7c054bb8cbbea0d56ed
de.acosix.alfresco.utility	de.acosix.alfresco.utility.core.repo.quartz1	1.3.2		8c46d2985ceadffcd3454b4b2fe18b68dc3ff3a7
de.acosix.alfresco.utility	de.acosix.alfresco.utility.core.repo.quartz1	1.4.0		de54f38ee061a740330901ce689b63b44e65743c
de.acosix.alfresco.utility	de.acosix.alfresco.utility.core.repo.quartz1	1.4.1		1f32e600e44d323f48445ea29c1555c6cf0027c0
de.acosix.alfresco.utility	de.acosix.alfresco.utility.core.repo.quartz1	1.4.2		51daf917f422e77d4e27e262343ccaafb0501956
de.acosix.alfresco.utility	de.acosix.alfresco.utility.core.repo.quartz1	1.4.3		f1953cb060633509784a892dfe13f350fcf14dc7
de.acosix.alfresco.utility	de.acosix.alfresco.utility.core.repo.quartz1	1.4.4		30048458d4f9f4a20d94ce53b7a1edacb551124b
de.acosix.alfresco.utility	de.acosix.alfresco.utility.core.repo.quartz1	1.4.5		7aef0ba29f725dd80ac9b1638870b04d26bd0b78
de.lmu.ifi.dbs.elki	elki-docutil	0.7.5		c08f0f94d1c597559458465cfa267225d3042dcc
dev.zio	zio-aws-lookoutmetrics_2.13	5.17.102.7		0cda71fab881ee1683dcfd03517b1b11e9c8be77
dev.zio	zio-aws-lookoutmetrics_2.13	5.17.102.8		8a6aaa6abba87396e03e6738b17eee55e2db4fc9
dev.zio	zio-aws-lookoutmetrics_2.13	5.17.102.9		48da3d29bbcee8d1d2995f1896c5b3391b565ca5
dev.zio	zio-aws-lookoutmetrics_2.13	5.17.103.1		47801725d420f9ffcd5726161b9ab17f27ccccd2
dev.zio	zio-aws-lookoutmetrics_2.13	5.17.104.1		76b04f7862a2cdc1e8b0e4286bd7f2364159e802
dev.zio	zio-aws-lookoutmetrics_2.13	5.17.104.10		f04db441d39c96795cabc47a551b2a12608e0d06
dev.zio	zio-aws-lookoutmetrics_2.13	5.17.104.11		39f64af4d72005df8a153909fb6e44152de6f91c
dev.zio	zio-aws-lookoutmetrics_2.13	5.17.104.12		e39e86757d315b79ec43370d2ce060f1de4b076e
dev.zio	zio-aws-lookoutmetrics_2.13	5.17.104.13		6c91ec063640cf7e2db092f46b1bc117e5643d77
dev.zio	zio-aws-lookoutmetrics_2.13	5.17.104.2		772e6dab30b9a41e7388c4ba8c5830e24661a64e
dev.zio	zio-aws-lookoutmetrics_2.13	5.17.104.3		0fbe8bfdab400ae79a9a34542da01401358a4089
dev.zio	zio-aws-lookoutmetrics_2.13	5.17.104.4		a9161b073a4c5cfbc0a33cda0710baba1db96860
dev.zio	zio-aws-lookoutmetrics_2.13	5.17.104.5		fcc15bb94154435343bbe6fcd34fc577d448d358
dev.zio	zio-aws-lookoutmetrics_2.13	5.17.104.7		c29579882251b7d0487be455af19da3940f14fc9
dev.zio	zio-aws-lookoutmetrics_2.13	5.17.104.8		21a5ac63bc235d80101c5b3a3f7050d2da89a2c6
dev.zio	zio-aws-lookoutmetrics_2.13	5.17.104.9		a7b3b2f833c8123ef9c45ff5517f3e9a77dc3b84
dev.zio	zio-aws-lookoutmetrics_2.13	5.17.112.1		5e74c09001c9544b3aa9d1d1d741c9de8c50b392
dev.zio	zio-aws-lookoutmetrics_2.13	5.17.113.1		33bf312c215f5af9f08613f0268ad3ffb60f1910
dev.zio	zio-aws-lookoutmetrics_2.13	5.17.115.1		53724a5013fb17ab72ab43d1bc10ec0201dfe63c
dev.zio	zio-aws-lookoutmetrics_2.13	5.17.116.1		3396f78978382c5e78ed16b55c2d322a0e064e5e
dev.zio	zio-aws-lookoutmetrics_2.13	5.17.116.2		19987d123b6092b267a733204c06e28cfb9669b0
dev.zio	zio-aws-lookoutmetrics_2.13	5.17.121.2		738014fa2ae658fcefdb28ffcf0ed1a8e7f7563f
dev.zio	zio-aws-lookoutmetrics_2.13	5.17.121.3		48a8f32cdd2586744560081d9f56727ceb0c57cf
dev.zio	zio-aws-lookoutmetrics_2.13	5.17.122.1		e594badd73323b174fb74ad2217d9e4957cb7f29
dev.zio	zio-aws-lookoutmetrics_2.13	5.17.123.1		f7d17fbe97a82100bd696eef2d9ec6db731a7d0c
dev.zio	zio-aws-lookoutmetrics_2.13	5.17.123.2		c224da9eb062cf155bab0ea53cc45712d4bc1cef
dev.zio	zio-aws-lookoutmetrics_2.13	5.17.124.1		2612a9efd954919c4caa657dd4f248c66e83033d
dev.zio	zio-aws-lookoutmetrics_2.13	5.17.124.2		79f6de06cf4ba502fc6b8159049b5290e4c3859e
dev.zio	zio-aws-lookoutmetrics_2.13	5.17.124.3		3e849566ed0f4eae2c0e7083616cecb361c88a93
dev.zio	zio-aws-lookoutmetrics_2.13	5.17.125.1		029ab9756dd07180e3ed195bbc0b4ec3c4df43a7
dev.zio	zio-aws-lookoutmetrics_2.13	5.17.126.1		96a6695362cb6bda6b2fa2ec537445ba6d8ad4f6
dev.zio	zio-aws-lookoutmetrics_2.13	5.17.126.2		6e958e7ccf935356f2522eb8b3cab46be0495747
dev.zio	zio-aws-lookoutmetrics_2.13	5.17.127.1		41a2d1c05203684dec6547dbedb7a6ea7002d4a3
dev.zio	zio-aws-lookoutmetrics_2.13	5.17.127.2		21cff90befa76c017f41813bb81b2e03c8aa6a6a
dev.zio	zio-aws-lookoutmetrics_2.13	5.17.128.1		9dc3e1abc1ce1ec9f1b72f9945717c6133bd2c21
dev.zio	zio-aws-lookoutmetrics_2.13	5.17.129.1		b6dbf57b801e90985d5aad32a6e9866a75df6113
dev.zio	zio-aws-lookoutmetrics_2.13	5.17.129.2		1fec325481634e9575860a36bac5b00a694a1d10
dev.zio	zio-aws-lookoutmetrics_2.13	5.17.129.3		fcd8084145c002bf39e24a2ef67437b2d5a3bd75
dev.zio	zio-aws-lookoutmetrics_2.13	5.17.130.1		aad44e8687fad6a6c3604e975abe80a71e19d1a9
dev.zio	zio-aws-lookoutmetrics_2.13	5.17.130.2		61653831633d375b72e0bdf1ecdf5fc3c16555d4
dev.zio	zio-aws-lookoutmetrics_2.13	5.17.130.3		4539ce2c0df51ee2f7bbbdeae5915d3ffe82463d
dev.zio	zio-aws-lookoutmetrics_2.13	5.17.130.5		eff7ef5915e02fbedc93b7f41d428b6011058745
dev.zio	zio-aws-lookoutmetrics_2.13	5.17.130.6		98aa836f82f080af8b3974364036241cdb40fb30
dev.zio	zio-aws-lookoutmetrics_2.13	5.17.130.7		3163f980d097906494d4159a644c0996870adf90
dev.zio	zio-aws-lookoutmetrics_2.13	5.17.130.8		9cddb1b033a6f76ae817f420aa6eb1bbba220e29
dev.zio	zio-aws-lookoutmetrics_2.13	5.17.144.1		9665f61aa56142ea978827b14d78b8ea4bc6c089
dev.zio	zio-aws-lookoutmetrics_2.13	5.17.145.1		6992ecf64c172ef6fe94cff82332915832a33426
dev.zio	zio-aws-lookoutmetrics_2.13	5.17.146.1		a25281bcf0cd78597b1fefe509b95631bfc5ca68
dev.zio	zio-aws-lookoutmetrics_2.13	5.17.146.2		d3cdde4ce61afb59a4b38fd440d520141d6aaf19
dev.zio	zio-aws-lookoutmetrics_2.13	5.17.147.1		e3b9fd588d3efa7a9275d5cec990b3849e5986dd
dev.zio	zio-aws-lookoutmetrics_2.13	5.17.148.1		704ddc0aeb837be91a449fdf0287cb6efaf438fe
dev.zio	zio-aws-lookoutmetrics_2.13	5.17.149.1		ee17ee1ef94307e9ef5f391ab636f15213061779
dev.zio	zio-aws-lookoutmetrics_2.13	5.17.150.1		0369651d8624529b685d33fb0138792904c2358a
dev.zio	zio-aws-lookoutmetrics_2.13	5.17.151.1		273aa162c675cc33f082a7d1074cf36f51c67837
dev.zio	zio-aws-lookoutmetrics_2.13	5.17.151.2		f6aa9077048709f7b8838f3b414c06fe5cc16c38
dev.zio	zio-aws-lookoutmetrics_2.13	5.17.152.1		9c87cf1d99c5d6adbf8638be8ef534adc085d3be
dev.zio	zio-aws-lookoutmetrics_2.13	5.17.153.1		c4ecea772115f4a6fdeb10c215687cab99f906d7
dev.zio	zio-aws-lookoutmetrics_2.13	5.17.153.2		57bd1dfac72d5a17224ba927c186b12939ae2a1d
dev.zio	zio-aws-lookoutmetrics_2.13	5.17.153.3		b3377fb1ad6ebf14a295813317a5291847e7a5b5
dev.zio	zio-aws-lookoutmetrics_2.13	5.17.154.1		9a52d129fc90cd4547cfa16e49e137acdeac5261
dev.zio	zio-aws-lookoutmetrics_2.13	5.17.155.1		c227c5ff05304eb7d239e7ac216d6c1dc471b15d
dev.zio	zio-aws-lookoutmetrics_2.13	5.17.155.2		3272db35e515b26100f271295c87c0f27290172d
dev.zio	zio-aws-lookoutmetrics_2.13	5.17.157.1		52d772ba7145945dbbb4d8a6c3fbe31d01798207
dev.zio	zio-aws-lookoutmetrics_2.13	5.17.157.2		5368b9bf791b6a7473d2a6c26065b105b9955c90
dev.zio	zio-aws-lookoutmetrics_2.13	5.17.158.1		a83eb708c9d77a575ca37fc3080b55f2fa59adc5
dev.zio	zio-aws-lookoutmetrics_2.13	5.17.158.2		b6abd31fcf776f0071aa6c017c0130e93ffd1add
dev.zio	zio-aws-lookoutmetrics_2.13	5.17.158.3		58cb5749ca49c244943f29af46a76f02dd90f7bc
dev.zio	zio-aws-lookoutmetrics_2.13	5.17.158.4		c188bbf18ec2bb081464d4f7c6fcb1a450af0f6c
dev.zio	zio-aws-lookoutmetrics_2.13	5.17.160.1		114f950de18af618d028528689733f45156bcf4f
dev.zio	zio-aws-lookoutmetrics_2.13	5.17.161.1		dfe323d541fb3cfb9d84b96abe165ef6396a96ba
dev.zio	zio-aws-lookoutmetrics_2.13	5.17.161.2		876b24e3a126ab5924f8e72c6437e81539e58134
dev.zio	zio-aws-lookoutmetrics_2.13	5.17.162.1		8692defbce2bb541caaec46b600dc0082d2f9c8c
dev.zio	zio-aws-lookoutmetrics_2.13	5.17.162.2		a579a5bd208d67ff152143c3c98b8b9a8da3c7e2
dev.zio	zio-aws-lookoutmetrics_2.13	5.17.162.3		b6fce09ffc597aa39e307920c5508b41d6d7a0b1
dev.zio	zio-aws-lookoutmetrics_2.13	5.17.163.1		9e17193fd3cb25f2205edbd7d2d198495f2dc69e
dev.zio	zio-aws-lookoutmetrics_2.13	5.17.164.1		63de9c1da346a28a638201b3e2720dd96f0da547
dev.zio	zio-aws-lookoutmetrics_2.13	5.17.166.1		7dfc5895ba9ff888bd177c20a0207781845c4574
dev.zio	zio-aws-lookoutmetrics_2.13	5.17.166.2		a8bb908dcbdfa41a75eb585770ce07dfc0b95460
dev.zio	zio-aws-lookoutmetrics_2.13	5.17.166.3		223003eead3e9cbf82120418790064c518a964e4
dev.zio	zio-aws-lookoutmetrics_2.13	5.17.167.1		cc0d0b3a2de7395b17596137daa2c76a80cb6708
dev.zio	zio-aws-lookoutmetrics_2.13	5.17.168.1		d4eac80f83e612e5f371bfa90de510fc2c8ee4cc
dev.zio	zio-aws-lookoutmetrics_2.13	5.17.169.1		324206f384f24b460c093abed9b18a8acf441178
dev.zio	zio-aws-lookoutmetrics_2.13	5.17.170.1		66b74fd5405b29b12a2f69ae8e2dd3e717cd1db6
dev.zio	zio-aws-lookoutmetrics_2.13	5.17.171.1		1280cb15fbba317ce86ece44ab33afd50301f93a
dev.zio	zio-aws-lookoutmetrics_2.13	5.17.172.1		84d2f6b203d96f30e92e73d8f486a2666d5f2eb0
dev.zio	zio-aws-lookoutmetrics_2.13	5.17.172.2		3b6ce44f68c00593ef77945b40a565dd44d1d884
dev.zio	zio-aws-lookoutmetrics_2.13	5.17.174.1		550c8c6dc671c57a94a98a87685be6e5aeb86364
dev.zio	zio-aws-lookoutmetrics_2.13	5.17.175.1		8bb29d4892d9585ea457e509965fda096122c3d5
dev.zio	zio-aws-lookoutmetrics_2.13	5.17.176.1		044662145fadfdcc92195decf83612cfcbb68002
dev.zio	zio-aws-lookoutmetrics_2.13	5.17.176.2		2f15aa7b0da1f8b3fc61be1463008fa53cc3704e
dev.zio	zio-aws-lookoutmetrics_2.13	5.17.177.1		cd52e503f6a3ecfcc46b67755db2d19affccf27c
dev.zio	zio-aws-lookoutmetrics_2.13	5.17.178.1		27c378b53b8201c409fd62de67630a32ce18e87a
dev.zio	zio-aws-lookoutmetrics_2.13	5.17.181.1		1523dc9059d523f77d880e9d93f9f680ef8485e1
dev.zio	zio-aws-lookoutmetrics_2.13	5.17.182.1		10b161ffaad9c179c43ea5db6a17e458d8aaa351
dev.zio	zio-aws-lookoutmetrics_2.13	5.17.183.1		a68834d691cfca30f9eb78231f55fc84ddff0b51
dev.zio	zio-aws-lookoutmetrics_2.13	5.17.184.1		b7df7dfd58ae8d98f6a9709c7339a95590bf0dc6
dev.zio	zio-aws-lookoutmetrics_2.13	5.17.186.1		ea4f8f575c2e029c1377771c11dd08c51d6b41ef
dev.zio	zio-aws-lookoutmetrics_2.13	5.17.187.1		a68167b899f79122ed71e2be11ec78cbe9f99460
dev.zio	zio-aws-lookoutmetrics_2.13	5.17.188.1		8e6f508043dad5daa4c2fc199cd9cb2a87c2bfdd
dev.zio	zio-aws-lookoutmetrics_2.13	5.17.190.1		e377fa560da8c72343f019c3078570f575467c27
dev.zio	zio-aws-lookoutmetrics_2.13	5.17.190.2		397479396f78b1d02958600663d93d225b3b3c5d
dev.zio	zio-aws-lookoutmetrics_2.13	5.17.191.2		28be9415956d866cddb4815bc8d9e7cece402db8
dev.zio	zio-aws-lookoutmetrics_2.13	5.17.193.1		859d19de5235afda15518dedf76af47c6c981b5f
dev.zio	zio-aws-lookoutmetrics_2.13	5.17.193.2		fbe7f1db3e8927a06bb1bbce251824e042e22c36
dev.zio	zio-aws-lookoutmetrics_2.13	5.17.194.1		e9ada9a08a9798bc675618a803e7bd5f59b36512
dev.zio	zio-aws-lookoutmetrics_2.13	5.17.195.1		ffd1b83c6e1401385714ac148daad90d07e9ad9a
dev.zio	zio-aws-lookoutmetrics_2.13	5.17.195.2		1b39a2cad8594942bfbad55c49cf561b0b1c73c8
dev.zio	zio-aws-lookoutmetrics_2.13	5.17.195.3		7f4490d3ca4fdda4fe6f996df1a830f7655d352f
dev.zio	zio-aws-lookoutmetrics_2.13	5.17.196.1		d56c1f72307942304ab12fe17c9d63f9a6a0c462
dev.zio	zio-aws-lookoutmetrics_2.13	5.17.197.1		c261ca57c237a6cc7909b9018028082e96c0fb64
dev.zio	zio-aws-lookoutmetrics_2.13	5.17.197.2		e1ba3b98515a08826ed615e7b0af1e00c1665f0d
dev.zio	zio-aws-lookoutmetrics_2.13	5.17.201.1		2bbabc32e504635b4adf4825b6e924274512400f
dev.zio	zio-aws-lookoutmetrics_2.13	5.17.201.2		d6c2bba6ddaff29043ec0fa499eeba2ac94506f6
dev.zio	zio-aws-lookoutmetrics_2.13	5.17.202.1		81770305192327ec194a618ef3a8494aaf7c9683
dev.zio	zio-aws-lookoutmetrics_2.13	5.17.203.1		facc0a15d756a4cc01d98221baea9e993b58f4a8
dev.zio	zio-aws-lookoutmetrics_2.13	5.17.203.2		db968217cb7f2c01780b35d8216a8adc4e32e814
dev.zio	zio-aws-lookoutmetrics_2.13	5.17.204.1		803d7b91ac0723dbd61c10df24081552765b9d68
dev.zio	zio-aws-lookoutmetrics_2.13	5.17.205.1		20d804922a30771bee3c9d514925eaa593f377e1
dev.zio	zio-aws-lookoutmetrics_2.13	5.17.206.1		37b48ce625270eb87c16502305fe5d68b9a64fa0
dev.zio	zio-aws-lookoutmetrics_2.13	5.17.207.1		48f601e8ac0eafe5ddcceb0436360dbe731b5dae
dev.zio	zio-aws-lookoutmetrics_2.13	5.17.208.1		5e8486553dd7cb33163d015c1adbec849701ead5
dev.zio	zio-aws-lookoutmetrics_2.13	5.17.208.2		2da54736d821f3a895b811ffe3b33a8297ae50b5
dev.zio	zio-aws-lookoutmetrics_2.13	5.17.209.1		34616c648e7b10dd80a90d80bcd37db51f72bd04
dev.zio	zio-aws-lookoutmetrics_2.13	5.17.211.1		0d9ff85e71d2576c505dab3deb6cd4bf73cbc755
dev.zio	zio-aws-lookoutmetrics_2.13	5.17.212.1		170a5bfbde31558c1eaa848ef66a1da3714626cd
dev.zio	zio-aws-lookoutmetrics_2.13	5.17.214.1		c3f798eec36fb5ad82cc83e7aa326daf2bcec85f
dev.zio	zio-aws-lookoutmetrics_2.13	5.17.217.1		97cb8b30b6893b84c1f8cbc5e68dfa90558a32f6
dev.zio	zio-aws-lookoutmetrics_2.13	5.17.218.1		a621834d527c51f14c12fa5d0dfa1c5b0141e054
dev.zio	zio-aws-lookoutmetrics_2.13	5.17.224.2		c7c1c53d2756783864206e737fe19292aeb38c85
dev.zio	zio-aws-lookoutmetrics_2.13	5.17.224.3		2095cfc78833cd776365c8d8e9e9445f2fb9a4fa
dev.zio	zio-aws-lookoutmetrics_2.13	5.17.224.4		073359afc0ce08b3beb864b2969f244272016a44
dev.zio	zio-aws-lookoutmetrics_2.13	5.17.225.1		6d24e9abba7befa7d7badfecaa181a6f2b2825cb
dev.zio	zio-aws-lookoutmetrics_2.13	5.17.225.2		d864ab1cee9df1bb0271c00ef16a7c0952b813f6
dev.zio	zio-aws-lookoutmetrics_2.13	5.17.233.1		4e972b84c7c752c7d992cf800b7d37060c190c63
dev.zio	zio-aws-lookoutmetrics_2.13	5.17.234.1		9bdb31d3d24a27c666e6ef9b5abc79837103b278
dev.zio	zio-aws-lookoutmetrics_2.13	5.17.239.1		2deae9814b27b23b071294a2af17f1bf59154944
dev.zio	zio-aws-lookoutmetrics_2.13	5.17.239.4		616c4198d1ae2f4756ca808ab333dda6c4cb72a1
dev.zio	zio-aws-lookoutmetrics_2.13	5.17.252.1		0c273f62d2bc8e1ffc3610a78275a751b66bfb12
dev.zio	zio-aws-lookoutmetrics_2.13	5.17.257.1		807c82419324f91cf13d2a1e36117746f346402e
dev.zio	zio-aws-lookoutmetrics_2.13	5.17.265.1		5d150ee1019a614ddd8e544f708f7c6865161693
dev.zio	zio-aws-lookoutmetrics_2.13	5.17.267.1		132ad47fd00beb9245a0aa64b17cc780685ce73a
dev.zio	zio-aws-lookoutmetrics_2.13	5.17.267.4		8909d06557e3d66874b835ccd71d7dc4fe26b05c
dev.zio	zio-aws-lookoutmetrics_2.13	5.17.267.6		951a84af03e20f934dce80370c43d56eb4152c88
dev.zio	zio-aws-lookoutmetrics_2.13	5.17.267.7		b1548dd7cb0fdb43c56addd195c1ac6bfaf34121
dev.zio	zio-aws-lookoutmetrics_2.13	5.17.269.1		54d4837a6f8e577eb19f7b973bfd3de094187b6f
dev.zio	zio-aws-lookoutmetrics_2.13	5.17.271.1		253803ba25fd2b77f4713637143c1fb28c3d5c02
dev.zio	zio-aws-lookoutmetrics_2.13	5.17.280.1		610ec35eea6ad84dd29984614315782c7f7b3697
dev.zio	zio-aws-lookoutmetrics_2.13	5.17.295.1		cb8082493c6e100724adae2f7d2662d5d5fe03c4
dev.zio	zio-aws-lookoutmetrics_2.13	5.17.295.10		9c8690c6810a198a30f10376a47e99e858407624
dev.zio	zio-aws-lookoutmetrics_2.13	5.17.295.11		ccd1e979b8d9555d96c2afb2c9813c0c25b353ed
dev.zio	zio-aws-lookoutmetrics_2.13	5.17.295.12		e38f1035416719a146f60eb2faa4c900cb733fd9
dev.zio	zio-aws-lookoutmetrics_2.13	5.17.295.13		4222523922845733020f52af4941a6220322cabb
dev.zio	zio-aws-lookoutmetrics_2.13	5.17.295.14		b7e4ef2d96a45a08cb8441901b799cd770fc847b
dev.zio	zio-aws-lookoutmetrics_2.13	5.17.295.15		420d6ad8439679bab10d43ca61f6691c8e8bba00
dev.zio	zio-aws-lookoutmetrics_2.13	5.17.295.16		084f7064d9cc845c83dc411394876a25523c25f2
dev.zio	zio-aws-lookoutmetrics_2.13	5.17.295.17		7d06e3eab9db0ce9e44938b93e7b278abbe91952
dev.zio	zio-aws-lookoutmetrics_2.13	5.17.295.18		74dece96de5b1dbfcb8c93997b54e1aa66b14666
dev.zio	zio-aws-lookoutmetrics_2.13	5.17.295.19		22fe0b8dfcaa55df57967e311ca02aa5bed1a3f8
dev.zio	zio-aws-lookoutmetrics_2.13	5.17.295.2		5de43ae88b3296817a210e57c5c60625fa8b6572
dev.zio	zio-aws-lookoutmetrics_2.13	5.17.295.20		a8075e6c0291dd2eff718a704d80e8207206cedc
dev.zio	zio-aws-lookoutmetrics_2.13	5.17.295.22		147fb402194e38ec6b1716c35939cfceab1b1bfb
dev.zio	zio-aws-lookoutmetrics_2.13	5.17.295.3		9212674d5d513f36a1814e940a16036c11535bc6
dev.zio	zio-aws-lookoutmetrics_2.13	5.17.295.4		c7020aa241e39197daebe8feb7598162f3f7559a
dev.zio	zio-aws-lookoutmetrics_2.13	5.17.295.5		257ae77f8fa7c8324bcc5f78e077c58c6bdede38
dev.zio	zio-aws-lookoutmetrics_2.13	5.17.295.6		da629230c2ebc91a6a7d43b63ddf292691aa8a66
dev.zio	zio-aws-lookoutmetrics_2.13	5.17.295.8		8952da2e17e9bcb7063eb49b8785d825d313d6c7
dev.zio	zio-aws-lookoutmetrics_2.13	5.17.295.9		7e687cf35e3419b5f8a69b1ee6d1e9a37e5eeb1d
dev.zio	zio-aws-lookoutmetrics_2.13	5.19.12.1		578c1394c0be5e6b0ea584376255f7021f33c5a3
dev.zio	zio-aws-lookoutmetrics_2.13	5.19.17.1		b51d3c76e3425563b5b5653bb95b6ad38eac124d
dev.zio	zio-aws-lookoutmetrics_2.13	5.19.17.2		83dcde12d653b6cf04aa19987e5f4403d02c7959
dev.zio	zio-aws-lookoutmetrics_2.13	5.19.26.1		10b8207da158a3a4ea7d931df00f02f9a816bffa
dev.zio	zio-aws-lookoutmetrics_2.13	5.19.31.1		171ef37cc1f03d59eb809a138a1dfb54eccae037
dev.zio	zio-aws-lookoutmetrics_2.13	5.19.31.2		d576f518d94a6197d7220057fcc0149972c7d021
dev.zio	zio-aws-lookoutmetrics_2.13	5.19.31.3		ef2fbc62f6ba26b0299cdb9a8c0162f978579a32
dev.zio	zio-aws-lookoutmetrics_2.13	5.19.31.4		aa88c4932be16ed427e803af31e064f8da034b4d
dev.zio	zio-aws-lookoutmetrics_2.13	5.19.31.5		b2b52b7a578e2a3a694b087f99e94d4a16ee7d15
dev.zio	zio-aws-lookoutmetrics_2.13	5.19.33.1		c8044801c95252068d1c0b13c9e3896fa46c6cef
dev.zio	zio-aws-lookoutmetrics_2.13	5.19.33.2		be4a65f770b375bad6c2067391906928db067fe7
dev.zio	zio-aws-lookoutmetrics_2.13	5.19.7.1		a2e487aa97b64b7dd329172edfe49cc736b4fad2
dev.zio	zio-aws-lookoutmetrics_2.13	5.19.7.2		420a878f0aeef16aea2fa8822236691d5a479472
dev.zio	zio-aws-lookoutmetrics_2.13	5.19.7.3		f317338554accb69bffeb44d284b2fd09ad20b5a
dev.zio	zio-aws-lookoutmetrics_2.13	5.19.7.4		2df98150e64c5bcb9f3f163b374cff8490bf7e9d
dev.zio	zio-aws-lookoutmetrics_2.13	5.19.7.5		916f2533fdc86ce8f9e1a9aaf39b4a7824ce4be6
dev.zio	zio-aws-lookoutmetrics_2.13	5.19.7.6		e8818e2901ae26df932b9b38d8f7d2632f50f8ef
dev.zio	zio-aws-lookoutmetrics_2.13	5.19.8.1		e93af9de99a25f07e9cb98f4e39148fe948dfa2f
dev.zio	zio-aws-lookoutmetrics_2.13	5.19.8.2		b43650946fe541eaf703c957ffa91cff6030e56a
dev.zio	zio-aws-lookoutmetrics_2.13	5.19.8.3		42b5ebcddc25d99d9337f2258a7c5b45ddae5999
dev.zio	zio-aws-lookoutmetrics_2.13	5.19.8.4		1f0991ad8b63e7d7819f4a0a55796d43ec96630c
dev.zio	zio-aws-lookoutmetrics_2.13	5.20.17.1		c5b05bb8bba8770757e39f5d1bc477d8013f96e4
dev.zio	zio-aws-lookoutmetrics_2.13	5.20.17.2		b8b8bc0c7b64c5179f18d39647a73efc41f41a3b
dev.zio	zio-aws-lookoutmetrics_2.13	5.20.22.1		4287e7e3d18725e4dde7f6f9638b72c0e18fa264
dev.zio	zio-aws-lookoutmetrics_2.13	5.20.22.2		be56a4055d2d054965030309931ba224e20999e3
dev.zio	zio-aws-lookoutmetrics_2.13	5.20.22.3		aaa3893cf82209036122acdcc4949105a8825b44
dev.zio	zio-aws-lookoutmetrics_2.13	5.20.32.1		81c5efb5f0bb6cf95c6acc7198845bfe5045b238
dev.zio	zio-aws-lookoutmetrics_2.13	5.20.32.2		4fc48c91c7d793b8a76aef595a8bdd4bb2718ec6
dev.zio	zio-aws-lookoutmetrics_2.13	5.20.37.1		05fd46b877a89a04ee2b3c23582befc9c86bbe15
dev.zio	zio-aws-lookoutmetrics_2.13	5.20.42.1		3a107fe77db97b251f6a9c6b44df53731f47b9d6
dev.zio	zio-aws-lookoutmetrics_2.13	5.20.7.1		f34f7a4e3855efbdfab19bd889790131fbb08afd
dev.zio	zio-aws-lookoutmetrics_2.13	5.20.7.2		d0b15286e0e03a4502eb5cdb174cc628ad85e8e4
dev.zio	zio-aws-lookoutmetrics_2.13	5.20.7.3		af854a07ce5da42b95c52a1685804c5acab3c888
dev.zio	zio-aws-lookoutmetrics_2.13	6.20.103.1		091652748149c2be39d5f00d527461da6e6a041c
dev.zio	zio-aws-lookoutmetrics_2.13	6.20.103.2		26467a0a46eeb63f18184325a19bd2ff4c47ac54
dev.zio	zio-aws-lookoutmetrics_2.13	6.20.115.1		0af9c6c865b7ed0006a084ab501c657d404db49c
dev.zio	zio-aws-lookoutmetrics_2.13	6.20.115.2		8463c5db2c4adeac975059039086c120c9d1dfc5
dev.zio	zio-aws-lookoutmetrics_2.13	6.20.120.1		86c5ec876481f426c716470b873a3cba091dad44
dev.zio	zio-aws-lookoutmetrics_2.13	6.20.149.1		30e749b310761bc5a4cd811492b2c7f8d4a5df44
dev.zio	zio-aws-lookoutmetrics_2.13	6.20.149.2		0b4131301268b84866d005d919f1131ec0723a51
dev.zio	zio-aws-lookoutmetrics_2.13	6.20.162.1		02541b35c7ef93a38e71cfd9257d45d9058aa8d4
dev.zio	zio-aws-lookoutmetrics_2.13	6.20.162.2		8ce1c4786f3f01bbf5b96ef4235365b8f5c4cf91
dev.zio	zio-aws-lookoutmetrics_2.13	6.20.42.1		d862f9a0c374c9c5381327da2401e8f94ddd16d1
dev.zio	zio-aws-lookoutmetrics_2.13	6.20.42.2		fc6304775c4456f73020fe0d6603bde8eada3b66
dev.zio	zio-aws-lookoutmetrics_2.13	6.20.47.1		047e104b6bbdf25157230df730a0625918b0c4c2
dev.zio	zio-aws-lookoutmetrics_2.13	6.20.56.2		bc0d07448a58b7558c7ba609957364110acac9c2
dev.zio	zio-aws-lookoutmetrics_2.13	6.20.58.1		4e1e1f1d4143c87a85e6b2a574cdb3d685931eb9
dev.zio	zio-aws-lookoutmetrics_2.13	6.20.58.2		1cf81ab7ba6d12fcf42fe202a62ce9aaf9efdc27
dev.zio	zio-aws-lookoutmetrics_2.13	6.20.58.3		91195b47afb053883a26388f6a5f6ad3a78bb231
dev.zio	zio-aws-lookoutmetrics_2.13	6.20.61.1		2e91800c7d366359d972d337e8cb887a277d1900
dev.zio	zio-aws-lookoutmetrics_2.13	6.20.69.1		4c78bd9bc07bede06d84a45426d09d385759e71e
dev.zio	zio-aws-lookoutmetrics_2.13	6.20.69.2		695f6d7421dcb50bac36c3a79a3bd8c2b52c301f
dev.zio	zio-aws-lookoutmetrics_2.13	6.20.74.1		d5d7f1881437e91ccba22bcd3c3779f7b6f0f040
dev.zio	zio-aws-lookoutmetrics_2.13	6.20.74.2		2ce40c4349c8beb11e14de15d09959bb52cf1869
dev.zio	zio-aws-lookoutmetrics_2.13	6.20.78.1		e0906cc8d967648c0fb346f4c5c9ac2f971dc683
dev.zio	zio-aws-lookoutmetrics_2.13	6.20.78.2		d25509e3fd234170dca110f8bfab4fa24e9415e2
dev.zio	zio-aws-lookoutmetrics_2.13	6.20.78.3		36f19298ca59e7843863d19ce35cf8a00253bb23
dev.zio	zio-aws-lookoutmetrics_2.13	6.20.83.1		e1bb1eb0b3174fd0452c7a1ec448089e55b1eb85
dev.zio	zio-aws-lookoutmetrics_2.13	6.20.83.2		e326095f1cba1c388993f6205f3e2ac3feca8774
dev.zio	zio-aws-lookoutmetrics_2.13	6.20.97.2		3b8484ea562e0b994eaddd68b7cbb7026bd432f8
dev.zio	zio-aws-lookoutmetrics_2.13	7.21.15.1		95c12f5606504555a3d62c7e07a21f45f6978366
dev.zio	zio-aws-lookoutmetrics_2.13	7.21.15.10		8b1c7a4f88407e12da43ec5e3c99415fe6f782ea
dev.zio	zio-aws-lookoutmetrics_2.13	7.21.15.11		1b70b724a46644ee537dcb9fa8a0241e9afebbc6
dev.zio	zio-aws-lookoutmetrics_2.13	7.21.15.12		a4cbc333e6a2791dc58b556d43933804f8e60dd5
dev.zio	zio-aws-lookoutmetrics_2.13	7.21.15.13		84d3ab9c0e97724fa7faa14d905fb7d0669176d2
dev.zio	zio-aws-lookoutmetrics_2.13	7.21.15.15		00e9862012ca795d40152c737826953e7e584703
dev.zio	zio-aws-lookoutmetrics_2.13	7.21.15.2		ff27f04c60a1771f186641b0e3ff3999ed025aab
dev.zio	zio-aws-lookoutmetrics_2.13	7.21.15.3		9c2bc0aca2ff513119d60792faeac354672419c2
dev.zio	zio-aws-lookoutmetrics_2.13	7.21.15.4		3a450f513fc9b1924a80df98bb5b49d729639265
dev.zio	zio-aws-lookoutmetrics_2.13	7.21.15.5		28dc95248867ddf3c70a1d97407114fd18ee81d2
dev.zio	zio-aws-lookoutmetrics_2.13	7.21.15.7		7fd67849dfb87984e27b0515c45d943dfcdc703a
dev.zio	zio-aws-lookoutmetrics_2.13	7.21.15.8		44cb35e34cebbbb2f589c36109a190d9a2280b09
dev.zio	zio-aws-lookoutmetrics_2.13	7.21.15.9		158e0b1408cb7161abee44bad8eae4fb45c07500
dev.zio	zio-aws-lookoutmetrics_2.13	7.28.24.2		f0b2ca7d5432b36147df73d56b86650a67c5b6a7
dev.zio	zio-aws-lookoutmetrics_2.13	7.28.26.1		4c87151e11400e1dff2961b9383a529a09281c51
dev.zio	zio-aws-lookoutmetrics_2.13	7.28.29.1		ca77cc00646948ef5d099581f3b7b412ab241659
dev.zio	zio-aws-lookoutmetrics_2.13	7.28.29.10		f03c93a64fd89977485f827b01ac4a2b41280e1a
dev.zio	zio-aws-lookoutmetrics_2.13	7.28.29.11		99f7c4cf002c628795f2ce7b6bfc4c9316d67433
dev.zio	zio-aws-lookoutmetrics_2.13	7.28.29.12		d86fb6679beaf53ab63ff79a56c68c29d123e070
dev.zio	zio-aws-lookoutmetrics_2.13	7.28.29.13		787c0c04876bc77413e195c3669a728ffaa6365b
dev.zio	zio-aws-lookoutmetrics_2.13	7.28.29.14		cd9be1ea516e2822586e8b31ae1580622a17b6b8
dev.zio	zio-aws-lookoutmetrics_2.13	7.28.29.15		65f80d72fce6c57387c16ce3129eab5bc7bea393
dev.zio	zio-aws-lookoutmetrics_2.13	7.28.29.16		46e7167d8ff770fac639ba57133940df60d8994a
dev.zio	zio-aws-lookoutmetrics_2.13	7.28.29.17		1a4f8fa4db562edbcb6ef13b3e9eb8eff2a2dde7
dev.zio	zio-aws-lookoutmetrics_2.13	7.28.29.18		527538ea5841da7ece89b919213d1b445dbaa7ee
dev.zio	zio-aws-lookoutmetrics_2.13	7.28.29.19		01330a2287ac18203db2ee213ae4b4df7b34550d
dev.zio	zio-aws-lookoutmetrics_2.13	7.28.29.2		5549c55875e5406d708091c9b5355e3ff6a70ba0
dev.zio	zio-aws-lookoutmetrics_2.13	7.28.29.3		d541c561cb1066b791d0752327b337948c573428
dev.zio	zio-aws-lookoutmetrics_2.13	7.28.29.4		b23d1688891009b7abe1b2cdfb2417c5c3e15784
dev.zio	zio-aws-lookoutmetrics_2.13	7.28.29.5		2010cdad782ce9fa13b3f443753a6c81fd68d0e1
dev.zio	zio-aws-lookoutmetrics_2.13	7.28.29.6		7ea6499b8ee2b0f04d64e21d169755c47ea6a3bd
dev.zio	zio-aws-lookoutmetrics_2.13	7.28.29.7		001afa63e52cc7f0583d4837ec940cac44b77424
dev.zio	zio-aws-lookoutmetrics_2.13	7.28.29.8		63d585199ee2af57ff65c0e792f701c2a48320b2
dev.zio	zio-aws-lookoutmetrics_2.13	7.28.29.9		90bd58874113c68ccfcf41f3ac9dd6443599170c
dev.zio	zio-aws-lookoutmetrics_2.13	7.30.15.1		878b5b031859eedaab153a0555f877cc8ad7d7ee
dev.zio	zio-aws-lookoutmetrics_2.13	7.30.15.2		b28a82cc8f0d97c8f707fe063fc01a2ff3b53b46
dev.zio	zio-aws-lookoutmetrics_2.13	7.30.16.1		2bc5c1eede1356f58fb630f1cbb54e313f39387e
dev.zio	zio-aws-lookoutmetrics_2.13	7.30.16.2		bd12ac4ceba0404562f807a85a82e4d14ed830e7
dev.zio	zio-aws-lookoutmetrics_2.13	7.30.16.3		d992130e44ea72a17f8ee053a4a202ffdd4e0c2a
dev.zio	zio-aws-lookoutmetrics_2.13	7.30.16.4		72bdf9da7e760af5075459ee51d06f18bf7778cf
dev.zio	zio-aws-lookoutmetrics_2.13	7.30.20.1		e28ef8c99aef3e6b430f920ddb39110696ca78a3
dev.zio	zio-aws-lookoutmetrics_2.13	7.30.22.1		c74f360ea6b631333245c8d282291df9849d4533
dev.zio	zio-aws-lookoutmetrics_2.13	7.30.22.2		08d22d9323558d895dc181242ac6356f0a042355
dev.zio	zio-aws-lookoutmetrics_2.13	7.30.23.1		0233bf9e64947d297115e13e151abad420725791
dev.zio	zio-aws-lookoutmetrics_2.13	7.30.24.1		88cbd54d18dacb402e93c50c26f470dc8f805f7c
dev.zio	zio-aws-lookoutmetrics_2.13	7.30.24.2		39b6c4b57bf1fda76d9723b9b344b58f441f6681
dev.zio	zio-aws-lookoutmetrics_2.13	7.30.25.1		7f28732d2d9f944c8ae4f0fa61da890b2a722fdc
dev.zio	zio-aws-lookoutmetrics_2.13	7.30.26.1		e3dbfaa570311aea0ae94fc7ff146ea050ebab13
dev.zio	zio-aws-lookoutmetrics_2.13	7.30.27.1		d1b90e53458dba6451df6a07e3fc974c53b265d2
dev.zio	zio-aws-lookoutmetrics_2.13	7.30.27.2		bffc1289147a106b3c829f32c8df53abae43325d
dev.zio	zio-aws-lookoutmetrics_2.13	7.30.29.1		655573fbf92472f7208ddcb98466a742e6e6ca89
dev.zio	zio-aws-lookoutmetrics_2.13	7.30.30.1		e95bd82c2e4bd0626d05cf88b1ccdd83bda3d550
dev.zio	zio-aws-lookoutmetrics_2.13	7.30.31.1		fd29536015a811cbe086fc0be7c709a7bfc8656d
dev.zio	zio-aws-lookoutmetrics_2.13	7.30.31.2		129e1f42bdb588442847121f89f14bfe3ea1ce2e
dev.zio	zio-aws-lookoutmetrics_2.13	7.30.32.1		aeadede92f648b56719ecd56e308b3aa4bb02784
dev.zio	zio-aws-lookoutmetrics_2.13	7.30.33.1		c31ac4b2af235e142053f0500086b394ed85ceb2
dev.zio	zio-aws-lookoutmetrics_2.13	7.30.34.1		cfc88ee1d217707c026e9abae9c70fd1e93fb748
dev.zio	zio-aws-lookoutmetrics_2.13	7.30.34.2		12050b050601cffaa98f80263580e20cbda7ba6f
dev.zio	zio-aws-lookoutmetrics_2.13	7.30.35.1		640f0e1ddf80e711eb504389770c1382bc59c8c6
dev.zio	zio-aws-lookoutmetrics_2.13	7.30.36.1		9586890596429391dd970fcd80ee2e1eda3818bc
dev.zio	zio-aws-lookoutmetrics_2.13	7.30.37.1		26c9135905fad9f2d28b4b9f5fa225e6d5c6bd29
dev.zio	zio-aws-lookoutmetrics_2.13	7.30.38.1		494dea6c134f9a94e54c911bc43828ef67a1d091
dev.zio	zio-aws-lookoutmetrics_2.13	7.30.38.2		85cc5c983a92f13924c96b7fee0a21ad58f8bae6
dev.zio	zio-aws-lookoutmetrics_2.13	7.31.0.1		43f49c60b6eb848da2029071799ef3e1ae98253c
dev.zio	zio-aws-lookoutmetrics_2.13	7.31.1.1		9d579b91840ac487e22e1e1c345595a4701f811f
dev.zio	zio-aws-lookoutmetrics_2.13	7.31.1.3		9a0f3408cada2938d96102d9c73876beac07a5d8
dev.zio	zio-aws-lookoutmetrics_2.13	7.31.1.4		d471c6a5da237a48a66ffe5132daeb4b05a80632
dev.zio	zio-aws-lookoutmetrics_2.13	7.31.1.5		5dc65dd65bad0854060d204522d436429fcfd510
dev.zio	zio-aws-lookoutmetrics_2.13	7.31.10.1		39c75a5fed6f2cfe775346393d36f89aeec8db3f
dev.zio	zio-aws-lookoutmetrics_2.13	7.31.11.1		c43be3ce2efe430bcb1e4e25e04a89dfd6a326bd
dev.zio	zio-aws-lookoutmetrics_2.13	7.31.13.1		4098c7880c06db277478e8d445ee3b7dec1efe65
dev.zio	zio-aws-lookoutmetrics_2.13	7.31.14.1		3361fac037166fe2f7358aa34931cf38bf3ff6f6
dev.zio	zio-aws-lookoutmetrics_2.13	7.31.15.1		388749af6a1b1e100dfcd204a3191d2cc8e54a55
dev.zio	zio-aws-lookoutmetrics_2.13	7.31.16.1		c410943e836e094c488edfc1c8bc5c8cd4036af0
dev.zio	zio-aws-lookoutmetrics_2.13	7.31.16.2		2202daa369002406d9814e681f103d7755f2969a
dev.zio	zio-aws-lookoutmetrics_2.13	7.31.17.1		dfbac84154b3cc0a21997788fbe409a3b3d867f3
dev.zio	zio-aws-lookoutmetrics_2.13	7.31.18.1		5b7e59a5cdd15058cab60bd42978c0566bad5157
dev.zio	zio-aws-lookoutmetrics_2.13	7.31.19.1		61a3901555c425f5aee2c90f46e38335edd3440e
dev.zio	zio-aws-lookoutmetrics_2.13	7.31.2.1		cd94216ca62fdfc793334237e2c0265b36e7e8f9
dev.zio	zio-aws-lookoutmetrics_2.13	7.31.20.1		ac6633baf03de29bd819d01a483ade976b7d3e7c
dev.zio	zio-aws-lookoutmetrics_2.13	7.31.21.1		c47c24d1d3483d7bc1a4df215ef928da6e26e805
dev.zio	zio-aws-lookoutmetrics_2.13	7.31.22.1		e2076c8466dfc0b22ea3ce7152cf39d4f2d461b4
dev.zio	zio-aws-lookoutmetrics_2.13	7.31.22.2		89d2893a86916a5e28dbb8e8b48fdf5fbefac66d
dev.zio	zio-aws-lookoutmetrics_2.13	7.31.24.1		52654d2089cfa32a648f865a7d860383b6d673cc
dev.zio	zio-aws-lookoutmetrics_2.13	7.31.25.1		6a224f1571bba2d1a87c290293321f52a9ede10e
dev.zio	zio-aws-lookoutmetrics_2.13	7.31.26.1		fc0b66b11cd76441bcfad8c325806f9da014c260
dev.zio	zio-aws-lookoutmetrics_2.13	7.31.26.2		731471b1cb38f6ea1e9410beb1a7825b8811aa35
dev.zio	zio-aws-lookoutmetrics_2.13	7.31.27.1		ac1b41bc4ef13442d3ce2634d7b86ef44c97fb29
dev.zio	zio-aws-lookoutmetrics_2.13	7.31.28.1		8891eb4306079078ea2019e6919801c37713e5aa
dev.zio	zio-aws-lookoutmetrics_2.13	7.31.3.1		4e16055295e5ec14977a274ce7cd5a503e282d05
dev.zio	zio-aws-lookoutmetrics_2.13	7.31.30.1		965ef932b4a4d88d4da06b0032689ca2800ae7e1
dev.zio	zio-aws-lookoutmetrics_2.13	7.31.4.1		dafafeebf1d8aa8cca165047f4bd923f2c337452
dev.zio	zio-aws-lookoutmetrics_2.13	7.31.6.1		3396de95017c757b65cab01c996727d84e1e1806
dev.zio	zio-aws-lookoutmetrics_2.13	7.31.6.2		14effcaf3e3761b18bdade788b0933fcf542b931
dev.zio	zio-aws-lookoutmetrics_2.13	7.31.6.3		d4660e5dff1fa9a014225578fa4ee5ccb3838ece
dev.zio	zio-aws-lookoutmetrics_2.13	7.31.7.1		9a72e53ab1d833bd4e281333c8936bfed2e45934
dev.zio	zio-aws-lookoutmetrics_2.13	7.31.8.1		dfb711f6f58396c2b2898a1256dd1f5ae6be8dbf
dev.zio	zio-aws-lookoutmetrics_2.13	7.31.9.1		427a7ae5b09715f38a268e02de97c52c0bb2ac25
io.amient.affinity	avro-formatter-kafka_2.5-scala_2.12	0.14.0		c785ad58b094e09551653fc9735a59b157c0ae20
io.amient.affinity	avro-formatter-kafka_2.5-scala_2.12	0.14.0	all	506ce7b71795d2a1b8aa005a45a3e99561091065
io.amient.affinity	avro-formatter-kafka_2.5-scala_2.12	0.14.1		785f3f64432f0374a973aa27fee838a32a1c2db8
io.amient.affinity	avro-formatter-kafka_2.5-scala_2.12	0.14.1	all	b147a11869e415737ccb059f35c543851ea1c98b
io.amient.affinity	avro-formatter-kafka_2.5-scala_2.12	0.15.0		8f7c358035cf26c688c4d9b8f982ba86d830674a
io.amient.affinity	avro-formatter-kafka_2.5-scala_2.12	0.15.0	all	58e385195f5aeedea05154331170411ffea3ea67
io.amient.affinity	avro-formatter-kafka_2.5-scala_2.12	0.15.1		95423474ede0fac9cb8972c3ede8583242371660
io.amient.affinity	avro-formatter-kafka_2.5-scala_2.12	0.15.1	all	12596912a645269c503fa04926f2e6414de74880
io.amient.affinity	avro-formatter-kafka_2.5-scala_2.12	0.15.2		1797d00d5ed72ea1cb6cae41c70c2ec5dcca98f0
io.amient.affinity	avro-formatter-kafka_2.5-scala_2.12	0.15.2	all	4499d7103f65e21acd10139acf25ca646ecdce84
io.argonaut	argonaut-scalaz_sjs0.6_2.13	6.2.3		81308f65216c0bc29d33acd90f46a717028fa036
io.argonaut	argonaut-scalaz_sjs0.6_2.13	6.2.4		930d5520068045db84fdd95c6a161856d0a52acb
io.argonaut	argonaut-scalaz_sjs0.6_2.13	6.2.5		ec23ba074f39babe1310c88574bf6523207b013b
io.argonaut	argonaut-scalaz_sjs0.6_2.13	6.3.0		4320dc5ffca62f3a69eec5a4200784fed0278f94
io.argonaut	argonaut-scalaz_sjs0.6_2.13	6.3.0-M1		321f866b6584801ade6b7e886be224f5fb378a5e
io.argonaut	argonaut-scalaz_sjs0.6_2.13	6.3.0-M2		fc06a6fe2cc1eca7cfc75ea3e9e17cee01c8b6af
io.github.everythingme	overscroll-decor-android	1.1.1		N/A
io.github.ghostbuster91.sttp-openapi	core_2.13	0.4.0		20a446f0cd2a5e1aef5453fcc5ac299748a50212
io.github.ghostbuster91.sttp-openapi	core_2.13	0.4.1		f09570126418bb290ff77221fc76ebeb599e2236
io.github.ghostbuster91.sttp-openapi	core_2.13	0.4.2		1e989c183bce0dd17cec35d52b399573a5519572
io.github.ghostbuster91.sttp-openapi	core_2.13	0.4.3		45931efa116c0217031897f4632b78af6e0ac064
io.github.ghostbuster91.sttp-openapi	core_2.13	0.4.4		41333a0cf2f22f1fabfdc6a6b07928ff08af7151
io.github.ghostbuster91.sttp-openapi	core_2.13	0.4.5		8a63644d91549f33ae1e2cbbf16fd16af9ad39bb
io.github.ghostbuster91.sttp-openapi	core_2.13	v0.3.3		9b0ef2e4778458748a1ffe8768cbefc1f770c163
io.github.haiyangwu	mediasoup-client	3.4.0		N/A
io.github.haiyangwu	mediasoup-client	3.4.0-beta		N/A
io.github.jamalakida	java-mail-assistance-library	1.0.0		5c9a7edeb88c0abc9f26d0c4568044e530fe0203
io.github.jamalakida	java-mail-assistance-library	2.0.0		10b51d242a8a87cd260281661444b096211d01b2
io.github.stefankoppier	kotlin-builder-dsl	0.0.1		5676e9d2b033ee22ad387d9b8323e4e6e262d5de
io.github.stefankoppier	kotlin-builder-dsl	0.0.2		735809f04ccb668beff203a149360a222b1f1db4
io.github.stefankoppier	kotlin-builder-dsl	0.0.3		dbd22b15d781a30e7722644b84c818b4a4334c95
io.havah	havah-tokens	0.0.1		38d84e7cf5e46f22fcbdfa993578a35c3e7ef55e
io.havah	havah-tokens	0.0.2		3122d347f9b0a4a9b02026167db3068d892662a4
io.havah	havah-tokens	0.0.3		397056a24b3063f8fa21e05fd4f381edeb019d26
io.havah	havah-tokens	0.0.4		e6448c532aa746b21992f7b59398afd28c3cee83
io.havah	havah-tokens	0.0.5		d405d222a7b28e97f668249afdedab1c81ab9527
io.havah	havah-tokens	0.0.6		93b3d72a2615620c3a7d628810cd4597ef3c34bb
io.havah	havah-tokens	1.0.0		273c1e82ef9b8a5ab179e26cd0c31512f84df4e1
io.havah	havah-tokens	1.0.1		5ad33cdb131a2c2ec02887bbfe30018b70a7ac89
io.havah	havah-tokens	1.0.2		5448f7c45341bad00ebc5f61d17c5c2d9c864065
io.pravega	pravega-connectors-flink_2.11	0.1.0		036f80161f916b3b1792ac987eceb8fe73e4b310
io.pravega	pravega-connectors-flink_2.11	0.2.0		0ba131882900eb1a0fc244457c82a2a8a0dae4db
io.pravega	pravega-connectors-flink_2.11	0.2.1		370d338d2c69245c48b5a40e1054b49f5f547a46
io.pravega	pravega-connectors-flink_2.11	0.3.0		338a5a0844f5f38cc5a947bf566d8ddf5c7b8093
io.pravega	pravega-connectors-flink_2.11	0.3.1		0c37b117705e50ed8846dd506c32ebc50b6f42b4
io.pravega	pravega-connectors-flink_2.11	0.3.2		e5da8a31e8698da79b98a9ececf3eefec547a694
io.pravega	pravega-connectors-flink_2.11	0.4.0		b8cc8addce370175a9e93481cb56188bf467bb9e
net.alchim31.maven	scala-archetype-simple	1.4		0c368a97fa729c1213371f92927f4f2caa3bfaad
net.alchim31.maven	scala-archetype-simple	1.5		d034e2696fe47cc3fbe19b7091960e5651fc42c0
net.alchim31.maven	scala-archetype-simple	1.6		3597008cf502ab21cbb2f4d51e45456a2a2f20a4
net.alchim31.maven	scala-archetype-simple	1.7		c9b6b4fdfa0aa637314b5020db00781d987e0457
net.dusense.framework	dusense-extension-datapermit	4.0		9e40a9b6e624e5176fb18593ba6e09bf437d9f9c
net.dusense.framework	dusense-extension-datapermit	4.1		c3a1a640d052bef4c03d84f75dcb7211a4750fcf
net.dusense.framework	dusense-extension-datapermit	4.2		d7243b526c1c9805c68865dcce8593b41855ee07
net.nemerosa	resources-json	0.1.3		132fafceea9f88fe709d0e0d48012e80a9a20875
net.nemerosa	resources-json	0.2.0		4d65a8dc98342a71f04aea822bebfe75df2d8f27
net.nemerosa	resources-json	0.3.0		de59cf39d5ccde1803daee38dffefbadf92542f9
net.nemerosa	resources-json	0.4.0		5a75547f62ba262a0b503c3bec3c1e00e00ff8a2
org.apache.camel	camel-jsonapi-starter	3.0.0-M3		ce32ebf5657e03ea062a5c21ac427855004b561e
org.apache.camel	camel-jsonapi-starter	3.0.0-M4		37a625f53eafdf345bc55969f8741d850f582001
org.apache.camel	camel-jsonapi-starter	3.0.0-RC1		5bd44f9caefa335e2c22794a309c42fde987dc44
org.apache.camel	camel-jsonapi-starter	3.0.0-RC2		4a4c4619755957efa12328a41ab8c9a843657184
org.apache.camel	camel-jsonapi-starter	3.0.0-RC3		6f5409cb1a28c81186e55f287aa84f692dfc845e
org.apache.directory.server	apacheds-service	2.0.0-M1		c57e6b6550e4dc9b7afb71690a44fc0daac4ecb6
org.apache.directory.server	apacheds-service	2.0.0-M10		e845f3d7ca70a50da26920abc9271a45b363aa19
org.apache.directory.server	apacheds-service	2.0.0-M11		bd024213be17bfdbefe7aa5f5267dfba538facc3
org.apache.directory.server	apacheds-service	2.0.0-M12		0130d19621f42eaecc99801fc09ce00eb69bceff
org.apache.directory.server	apacheds-service	2.0.0-M13		e1cd75505b47e3bb091cbec40dd3e14093e1be44
org.apache.directory.server	apacheds-service	2.0.0-M14		02ac1e0d05b6704034b5428de6d109ff8a65fee9
org.apache.directory.server	apacheds-service	2.0.0-M15		bca6363658a1edc6ae68c397deeda18d99e0bdd8
org.apache.directory.server	apacheds-service	2.0.0-M16		6d2f1cc1e3733084003362ec231cb2fb25060303
org.apache.directory.server	apacheds-service	2.0.0-M17		c60cf6e2b75011c428de6ec8a92014f80ede568f
org.apache.directory.server	apacheds-service	2.0.0-M18		46fc797a840ba088a952ee21d6368eb8a36aa1c7
org.apache.directory.server	apacheds-service	2.0.0-M19		6962ef4667444f29c9a839ce84c95dd74f226789
org.apache.directory.server	apacheds-service	2.0.0-M2		2239f9989e64154445f9029b9d0b07eaa8369784
org.apache.directory.server	apacheds-service	2.0.0-M20		3c0fcdab5e43120efe2b8d0230e4d569ab750872
org.apache.directory.server	apacheds-service	2.0.0-M21		f9180ec811a98f5e0c4992ef5060a2d5e78ae448
org.apache.directory.server	apacheds-service	2.0.0-M22		26a38b482bfd225902fd340c91a39798dac32a44
org.apache.directory.server	apacheds-service	2.0.0-M23		676bdc22fcddf5ffac93967f21f12c062374a472
org.apache.directory.server	apacheds-service	2.0.0-M24		28c3927284ebea042a441cb1761bf61ff6b003ad
org.apache.directory.server	apacheds-service	2.0.0-M3		635bad16636cc2b0c9e37ebab0b6fe7113c47231
org.apache.directory.server	apacheds-service	2.0.0-M4		e2f396e2fa5f5d4aee99f05d860ff0c5e1a5c43f
org.apache.directory.server	apacheds-service	2.0.0-M5		d7a70a493b786b8ca60f1d6850f6b3790b50bd14
org.apache.directory.server	apacheds-service	2.0.0-M6		04addf42f95e1e5dd27b141ea0901360d96d5a06
org.apache.directory.server	apacheds-service	2.0.0-M7		939eed8df1f6ea2d89cba29d7d019cad2dda7947
org.apache.directory.server	apacheds-service	2.0.0-M8		2c74688c051eb3b45d369ca8fca5410569595e0b
org.apache.directory.server	apacheds-service	2.0.0-M9		255de643f08aa809c48dd91ccf5555960b402531
org.apache.directory.server	apacheds-service	2.0.0.AM25		cb366700b3840e40233871fbda97ca287147ba3f
org.apache.directory.server	apacheds-service	2.0.0.AM26		122c128511e35d1a4d3688351f89e08eef4113fd
org.apache.directory.server	apacheds-service	2.0.0.AM27		0d5485fe930755e9fc0b75367448f1f660787f66
org.apache.hive	hive-standalone-metastore-server	4.0.0		f57023895964d73d27f16ab2e6990016540e43db
org.apache.hive	hive-standalone-metastore-server	4.0.0-alpha-1		9622fef68bde3d10d88469ea8e96a77b4d349d84
org.apache.hive	hive-standalone-metastore-server	4.0.0-alpha-2		6b2ff4d93448ffa34876e9246d4b7079307ff658
org.apache.hive	hive-standalone-metastore-server	4.0.0-beta-1		f359845981c82d457d9168c1872dd7351fbb462f
org.apache.hive	hive-standalone-metastore-server	4.0.1		bfadfed03587e06a8bf06726a5b76f404c23dd5c
org.chipsalliance	firtool-resolver_2.13	1.0.0		344e63d87cc0ffcb82facadb474c1d8cae50b730
org.chipsalliance	firtool-resolver_2.13	1.1.0		14627a34716fe320eb97bb07ccbdfd5ff5843b87
org.chipsalliance	firtool-resolver_2.13	1.2.0		946000c7c3f35bc436898e7fb89d14f8fb3ae5dc
org.chipsalliance	firtool-resolver_2.13	1.3.0		94045850f8ef64451312be70ea4400a1f3b3f94b
org.chipsalliance	firtool-resolver_2.13	2.0.0		09346fcbf1edf1f7838ffd65a68e90f271d072ae
org.chipsalliance	firtool-resolver_2.13	2.0.1		e413fd1143cfe5145c8af2a3f9ac7509bfca3603
org.clapper	grizzled-scala_2.13.0-M5	4.7.0		5bef769a62e3b9240234ef76d5056e9675c7e953
org.clapper	grizzled-scala_2.13.0-M5	4.8.0		87c62cbb75b04ceaa5d635fc2d3265f29bb17c1e
org.clapper	grizzled-scala_2.13.0-M5	4.9.0		aa5b0b73052df4ef45f08528d8f24cb316f9a230
org.codingmatters.poom.ci	poom-ci-pipeline-api-spec	1.1.0		11e9dcd9405c8b03a8ba2d6bd59a5f862fec6d4b
org.danbrough.ktor	ktor-server-test-suites-iosarm64	2.2.3		f9d4765cd0161e7192daef28600af8ea25b225be
org.danbrough.ktor	ktor-server-test-suites-iosarm64	2.2.3	metadata	4a37d8e5b73ed822bd77b65681d36b83be72020a
org.jbehave	jbehave-gherkin	3.10		793dbb710608ef7bc141f48cb30ef030ee6ec0a6
org.jbehave	jbehave-gherkin	3.7		c045cc4a4e4248f512952938e69a2e807ead0aba
org.jbehave	jbehave-gherkin	3.7.1		6f62c36e62f744a2fac9e6680ffe17bf5a6f0c40
org.jbehave	jbehave-gherkin	3.7.2		84ff9fe1e8d4b1b8534e02c126596e3460f7a8aa
org.jbehave	jbehave-gherkin	3.7.3		651b1d938ed09e9860408d6cf68822aea254b844
org.jbehave	jbehave-gherkin	3.7.4		f6e8a9dc07ad4ab68395c77efe113d332ad2ec45
org.jbehave	jbehave-gherkin	3.7.5		daeae90030c2ce9e5e211471643dd9d42d4717b4
org.jbehave	jbehave-gherkin	3.8		bff0f96a30fe53910d720e600308e1a97547034e
org.jbehave	jbehave-gherkin	3.9		8dbe68c07021201ad894c1bf778cb58c4238ed56
org.jbehave	jbehave-gherkin	3.9-beta-1		8a8d69f617d66a50271731177a227ce1d24960d2
org.jbehave	jbehave-gherkin	3.9-beta-2		406466560783e1cb8e305d4800b141043744fe14
org.jbehave	jbehave-gherkin	3.9-beta-3		e59b5f9eb5c49e06fabc8577678818459a3d4bee
org.jbehave	jbehave-gherkin	3.9-beta-4		b937a9a4634c04e6411903e4f52c90566d24a514
org.jbehave	jbehave-gherkin	3.9-beta-5		74131493e599c687afbfb6b4295e59641f13cedf
org.jbehave	jbehave-gherkin	3.9.1		5aeeeac0a6ad74bcf818f1dc4b41311a21196734
org.jbehave	jbehave-gherkin	3.9.2		f92e58226bcd424f1eaa243a7a2afffdd788e0f4
org.jbehave	jbehave-gherkin	3.9.3		ba44ed5f219c28d8fc959e58f0e35abd6eb2edb2
org.jbehave	jbehave-gherkin	3.9.4		dbe8967e93c5a728e07d04749e11fafc4ac2dc5c
org.jbehave	jbehave-gherkin	3.9.5		67779a158985ba67d6df01026331713b81577193
org.jbehave	jbehave-gherkin	4.0		e81d9060bdcdb48b22bf77e6b2e8ade7dd9de2b2
org.jbehave	jbehave-gherkin	4.0-beta-10		222c5c2d86160a99b9696483a0a0dc4f7149b86d
org.jbehave	jbehave-gherkin	4.0-beta-11		357102db272d8d55f2d5cf9df09825fd062dce2e
org.jbehave	jbehave-gherkin	4.0-beta-2		f1a331d4d761377f382591dc32eee9b878b1aada
org.jbehave	jbehave-gherkin	4.0-beta-3		dc9ada183a29a45a5cb4ded580a61e4d33b11ee9
org.jbehave	jbehave-gherkin	4.0-beta-4		0988389c4093046b3d161f8b2bfcf537dc6f99bf
org.jbehave	jbehave-gherkin	4.0-beta-5		c2b94fcbe30f963fc5991ba292bbb3d83b33291c
org.jbehave	jbehave-gherkin	4.0-beta-6		2ec45e0e06e1211467bb75b1e86b2f391d47dca8
org.jbehave	jbehave-gherkin	4.0-beta-7		7c5e58985c53c505fc07e1dc00cb4f72c2d0943b
org.jbehave	jbehave-gherkin	4.0-beta-8		2015b9a9b9788929bf5932b68754e3d5f74819ca
org.jbehave	jbehave-gherkin	4.0-beta-9		374d44c0b1f498aec353cd83ff006977033f972e
org.jbehave	jbehave-gherkin	4.0.1		e7c627c9889ec3df1e23062df4c4920f30cf84ad
org.jbehave	jbehave-gherkin	4.0.2		7124fdf2e45451e1bcfefe9c48bab3dd393725b0
org.jbehave	jbehave-gherkin	4.0.3		3ebbe680dcd29d1e28c83b78b8d87c729d34a86d
org.jbehave	jbehave-gherkin	4.0.4		8b9787d2e832352340a0570718f64927464b139c
org.jbehave	jbehave-gherkin	4.0.5		f67df21c094ac5a341ec9602e6e5adfc64ec6ca2
org.jbehave	jbehave-gherkin	4.1		636b54dcc140ab7e6e4361c4ed347159874330ee
org.jbehave	jbehave-gherkin	4.1.1		30291d4a1f4d6fcb77a9c6180be25cc9fbb66fee
org.jbehave	jbehave-gherkin	4.1.2		43de6072e759d32de8234c0e3c45767f78ce69a0
org.jbehave	jbehave-gherkin	4.1.3		0831ee6eb041d029be1e70230514bbd0455ae450
org.jbehave	jbehave-gherkin	4.2		2e73ddf072555f75fc89079f463dfc952a86eb92
org.jbehave	jbehave-gherkin	4.2-beta-1		5db0b33bbc6fb64d09da0e9bdf09ca3a5cf789f2
org.jbehave	jbehave-gherkin	4.2-beta-2		25fd5a22e4b7202369dc985a6a6a85eaae4d5140
org.jbehave	jbehave-gherkin	4.2-beta-3		831bf0dfacdb8f8594be968bfae6f0ef89165400
org.jbehave	jbehave-gherkin	4.2-beta-4		39f07e7be1dccc214c134fec405897ea46a3ad12
org.jbehave	jbehave-gherkin	4.2-beta-5		91f055828f032e2abd2b83ab8e3107805a6bee90
org.jbehave	jbehave-gherkin	4.3		d98f1e9d033d71ca4841f7fddbe1e33071457b86
org.jbehave	jbehave-gherkin	4.3-beta-1		ec8ee1f23945693d68f2d7278b9009111eb54fd9
org.jbehave	jbehave-gherkin	4.3-beta-2		53928457b930939acb4edb25ac06b3d7a9b3d726
org.jbehave	jbehave-gherkin	4.3-beta-3		e4f09903edbf37dda08cf5d0b9f34a2b46ee25eb
org.jbehave	jbehave-gherkin	4.3-beta-4		cb2bc7d3e8051712f22c8f8eecc5009f908017e7
org.jbehave	jbehave-gherkin	4.3.1		9e9c62e488a24dfbdd9f5d5472b894c7619f8bd8
org.jbehave	jbehave-gherkin	4.3.2		c7755524bb683fcd6af51952ac73016c20fb3ad0
org.jbehave	jbehave-gherkin	4.3.3		901af3f22fc5e7c52aa084d0a98efe6b0832447e
org.jbehave	jbehave-gherkin	4.3.4		2e9e4624406d72adca5d5d0cb0cee7d571e70406
org.jbehave	jbehave-gherkin	4.3.5		bcce05e99edf8b4c4531f58fa4c560f48af048ae
org.jbehave	jbehave-gherkin	4.4		3f877db74839bb4ab4343d5c0ec3cca35673f867
org.jbehave	jbehave-gherkin	4.5		2513646f5e881ae62a6b051de24232fb8c21e1a9
org.jbehave	jbehave-gherkin	4.5.1		bcf5ee4bec390f30736cf655f0e0a2c8916d86fe
org.jbehave	jbehave-gherkin	4.6		a4fff7e8b9f19cf6c18b6f363ce000e342897381
org.jbehave	jbehave-gherkin	4.6.1		30d3d0fbd565434ad3a6fbc73d52aee3f3d7fa7f
org.jbehave	jbehave-gherkin	4.6.2		5206720cb6ad6dfb964fc03c7377814fd0d4a0e4
org.jbehave	jbehave-gherkin	4.6.3		c8286650b4e35e9e1a4b20c685c16d3d41142a1f
org.jbehave	jbehave-gherkin	4.7		eea1a8f4c000287128ea618ee3533ec4d5303786
org.jbehave	jbehave-gherkin	4.8		7bae6f7c45dd096227d79bf864863802a1c9c3b9
org.jbehave	jbehave-gherkin	4.8.1		9cb3813802350fdd4b33a99d6b8dec8579408c66
org.jbehave	jbehave-gherkin	4.8.2		8b0dc845705c9ebac7613ad3a3032bb2a0c1bb8c
org.jbehave	jbehave-gherkin	4.8.3		5c1cb50add4a771a898f20a5544207b975e190df
org.jbehave	jbehave-gherkin	5.0		7cfb966856aabc699eec71be631eae7e2e1943e6
org.jbehave	jbehave-gherkin	5.1		5be9e1b169c943505388a8c3286cc71700fa5b4d
org.jbehave	jbehave-gherkin	5.1.1		db749a68f190d0f25581068d10c30205e4a965e2
org.jbehave	jbehave-gherkin	5.2.0		81d857a60a61b569e6df029860f5be282baa346c
org.jboss.arquillian.extension	arquillian-extension-byteman	1.0.0		0007fe14fe05db07d58e6e44d93b1809e7ed6621
org.jboss.arquillian.extension	arquillian-extension-byteman	1.0.0.Alpha1		8b1ad107bef3f7fd526dec8d287e4d33f70da229
org.jboss.arquillian.extension	arquillian-extension-byteman	1.0.0.Alpha2		0f1fa6fb2980f6e9dc0e66adfe363e215e576231
org.jboss.arquillian.extension	arquillian-extension-byteman	1.0.0.Alpha3		bb142e0708071c00ec56e5a8c318e350448b099b
org.jboss.arquillian.extension	arquillian-extension-byteman	1.0.0.Alpha4		eccb1bbcf09242df6f4496c8a9164546a58542bd
org.jboss.arquillian.extension	arquillian-extension-byteman	1.1.0		29cfa919d38c965fca15aa4d4954e3ab844b5d82
org.jboss.errai	errai-jpa-demo-todo-list	2.3.0.CR1		N/A
org.jboss.errai	errai-jpa-demo-todo-list	2.3.0.Final		N/A
org.jboss.errai	errai-jpa-demo-todo-list	2.3.1.Final		N/A
org.jboss.errai	errai-jpa-demo-todo-list	2.3.2.Final		N/A
org.json4s	json4s-core_2.8.2	3.0.0		54e617ce15f41ebe054c0617129f70da60384ef4
org.json4s	json4s-core_2.8.2	3.1.0		afa96ea4e69ec035f2c3708e6c6e800138811172
org.nuiton.jrst	jrst	1.0.0		e17cc9af2823d8284de881f334d37324a4e0dfc2
org.nuiton.jrst	jrst	1.0.1		c72e70e796d5966e0509cbfd00f247ba781cc91b
org.nuiton.jrst	jrst	1.1.0		f04cc95df1018c61bb600aca4fd23311e9d11db6
org.nuiton.jrst	jrst	1.1.1		e408bd2796ebbfa09205899e9176b1d8e997238b
org.nuiton.jrst	jrst	1.2		4060fcecb9d6eadf8001220c43fc71ccd13462e4
org.nuiton.jrst	jrst	1.3		99e038aa7407c614bc254471dd44b4c3636914f7
org.nuiton.jrst	jrst	1.4		f0e7d7d9da6bd63bab6e4e130fac762cf47a2f73
org.nuiton.jrst	jrst	1.5		fa010dfb6b82b361287e7b7482983f9b3876984f
org.nuiton.jrst	jrst	2.0		0923162e98a4ed76a6d25d858ea8b8d14022eb43
org.nuiton.jrst	jrst	2.0.1		9c2df0afb2ff80ffdb4fb4f5291b7af45a470d47
org.nuiton.jrst	jrst	2.1		aac0bf21628e893dd6d971f3ba57647d73de960a
org.nuiton.jrst	jrst	2.2		2a1eab75571c06af527f5bcfcc9f6f3e64ea5d2c
org.nuiton.jrst	jrst	2.3		2a99b5baa8853db85a21af5262d2627b79b11f2a
org.nuiton.jrst	jrst	2.4		39ffa130e613becb5ddb90eb5c063f7e8b6cb5f4
org.openwms	org.openwms.core.integration.hibernate	0.1		8252aad1f81033448762f208fed2c66d2214f5d0
org.openwms	org.openwms.core.integration.hibernate	1.0		d41e9483f5dbe18bfb0e424c37d99f6d454cdd8c
org.owasp.appsensor	appsensor-kafka-server	2.1.0		7315f1d8c30bb4d5ee769be84eb72805a299bf12
org.owasp.appsensor	appsensor-kafka-server	2.1.0-RC1		145febeac55f0c2cd5a136419187fa7b3626eb24
org.owasp.appsensor	appsensor-kafka-server	2.1.0-RC2		1a48be0dd85633b1cb83041e6464f7486a4dd6ab
org.owasp.appsensor	appsensor-kafka-server	2.2.0		84bfc0be99b71eb689f5c6caf4b748a9089eac92
org.owasp.appsensor	appsensor-kafka-server	2.2.0-RC1		aaf4ba266e16dfb851b3ddcef1fa26cfd18f639b
org.owasp.appsensor	appsensor-kafka-server	2.2.0-RC2		0806d654fe50cfc6e018569e8d2915e2e5be3e6f
org.owasp.appsensor	appsensor-kafka-server	2.3.0		0c7b1c78546ff33fe8708bd956295b77535c4784
org.owasp.appsensor	appsensor-kafka-server	2.3.1		cc39ec91fcdc300b03fd80454367525a695e393a
org.owasp.appsensor	appsensor-kafka-server	2.3.2		bc48cd2f1b39285de41a6a59115197a397215698
org.owasp.appsensor	appsensor-kafka-server	2.3.3		45e492725a5d55797ae31f551084222f13bd83a2
org.soitoolkit.commons.poms	soitoolkit-assembly-descriptors	0.1.3		53aee8630c7c9904fd227056298e6e927fca15eb
org.soitoolkit.commons.poms	soitoolkit-assembly-descriptors	0.1.4		ec5ecacdeeafa3bea1262d1021a2c3071410e6ea
org.soitoolkit.commons.poms	soitoolkit-assembly-descriptors	0.1.5		b31dcb8fd0e441f3c16d29c2250d9b6c22c664ee
org.soitoolkit.commons.poms	soitoolkit-assembly-descriptors	0.1.6		e1206ae6e9513ef9333f5a7d91754c384394d9dd
org.soitoolkit.commons.poms	soitoolkit-assembly-descriptors	0.1.8		bd75d8ff2cdbf75ba41f6f7d8a9cb543a4796658
org.soitoolkit.commons.poms	soitoolkit-assembly-descriptors	0.1.9		0efdad13028845fd51bbd473af3183836d17bec4
org.soitoolkit.commons.poms	soitoolkit-assembly-descriptors	0.2.0		c38c8ad3e840d3602ea7408605bc24addc73d920
org.soitoolkit.commons.poms	soitoolkit-assembly-descriptors	0.3.0		492dc0ea94e178c7bccff5a5c874de5accbcb796
org.soitoolkit.commons.poms	soitoolkit-assembly-descriptors	0.3.1		68993bbf8b0a6234a3b873c86427e94c8a6ee657
org.soitoolkit.commons.poms	soitoolkit-assembly-descriptors	0.4.0		9152fa48f3bcb4b71fd122186b2f140d49c2ddba
org.soitoolkit.commons.poms	soitoolkit-assembly-descriptors	0.4.1		a2dd162df319e2f3464ef63459fbfa351804f057
org.soitoolkit.commons.poms	soitoolkit-assembly-descriptors	0.5.0		019b747186e7301bf5cb2c91f61a087bf1e02009
org.soitoolkit.commons.poms	soitoolkit-assembly-descriptors	0.6.0		8e13b8596cd8feb640151df1bde8d7cda447ea59
org.soitoolkit.commons.poms	soitoolkit-assembly-descriptors	0.6.1		d66709616269eaf985b7c9eaedbc6847942bf22b
org.soitoolkit.commons.poms	soitoolkit-assembly-descriptors	0.6.1-M1		2011babcbd690ee85db95def058d33a97e694c27
org.soitoolkit.commons.poms	soitoolkit-assembly-descriptors	0.6.1-M2		8c3c3582b38bb3b977518472275b62743a3e1ef7
org.soitoolkit.commons.poms	soitoolkit-assembly-descriptors	0.6.1-M3		5e5d1704d215dfa6a6d8988183905f2b7e2d6038
org.soitoolkit.commons.poms	soitoolkit-assembly-descriptors	0.6.1-M4		ed2f10bde4d8cfdfb3bf738115a90be83045a14a
org.soitoolkit.commons.poms	soitoolkit-assembly-descriptors	2.0.0-M2		4222743fbde72362417a0bcc7a61c87370b42025
org.soitoolkit.commons.poms	soitoolkit-assembly-descriptors	2.0.0-M3		4d9d4433efa8ac95121fcd6602f0914bbe7e0d62
org.soitoolkit.commons.poms	soitoolkit-assembly-descriptors	2.0.0-M4		fdd646eb048bdcb34f9d433ef93356718d68c40d
org.soitoolkit.commons.poms	soitoolkit-assembly-descriptors	2.0.0-M5		80d9641cf0fe6f0e3bfa8f5f81d0fad34591ca8c
org.soitoolkit.commons.poms	soitoolkit-assembly-descriptors	2.0.0-M6		c7ed0ceafdffc562d28382443e6fdee0f179e361
org.webjars.npm	babel__plugin-proposal-export-namespace-from	7.12.1		a309dca6f0b41594f6a1393ae56ac4ab6abf3040
org.webjars.npm	babel__plugin-proposal-export-namespace-from	7.14.5		553d4c37c7266019712a1127a16c5513ec95cec2
org.webjars.npm	babel__plugin-proposal-export-namespace-from	7.17.12		51f1c2a7b69b153acff4e5e2e4d35ad52997d1f8
org.webjars.npm	babel__plugin-proposal-export-namespace-from	7.18.9		17c4f061a0231fdf68b88c0258486a023ce8c777
org.webjars.npm	babel__plugin-proposal-export-namespace-from	7.5.2		35041cfb38080deff28b28f3cecbeb5b1040c3c0
org.webjars.npm	babel__plugin-proposal-export-namespace-from	7.8.3		2d429474360dd845b33602d184a38429a1e3bed9
org.webjars.npm	shallow-equal-fuzzy	0.0.1		95588a986f63f006cd3d840fb4d5b51e2cc7deca
org.webjars.npm	toast-ui__calendar	2.1.3		991854a6c1fc055cb1b7e12eea13900c015df138
plexus	plexus-compiler-api	1.0		600fdc2cb231d817d85b3360962d005395643291
plexus	plexus-compiler-api	1.2		15d969b7e47ee955a2918541e22b1455388a24fc
plexus	plexus-compiler-api	1.3		6987ba6be9de937c756cd62b85d0f85273791769
plexus	plexus-compiler-api	1.3-SNAPSHOT		069b06f452e57aa897dcd37f022546e3ad119b5b
plexus	plexus-compiler-api	1.4		8724e08cac7e3c535282c4e550b4294de5ab2e61
plexus	plexus-compiler-api	1.5		1a7bc101616a6092aa2b7419c7ed050067dba7ad
ru.i-novus.components	liquibase-maven-plugin	3.6.2.1-inovus.1		02b916ba7ae6c6c52800191cee33fc1e2b2f62f9
ru.i-novus.components	liquibase-maven-plugin	3.6.2.2.inovus		6b3a7f9c39ae14763db18985118dffb3020b194a
ru.i-novus.components	liquibase-maven-plugin	3.6.2.3.inovus		5c8e8d16f08dbe5cd87062a1c812aca6219c9903
ru.i-novus.components	liquibase-maven-plugin	3.6.2.4.inovus		cc8c370a356609b53e095c5a550dadf430cf27fa
ru.i-novus.components	liquibase-maven-plugin	3.6.2.5.inovus		30b0a98658561654a0ef4975153a21250a2e7b06
