com.alipay.sofa.lookout	lookout-ext-os	1.4.0		13d2d7ec5f3c4584e3adf9752eed2003b1568dab
com.alipay.sofa.lookout	lookout-ext-os	1.4.1		249ec88d7ddfc60b4c87648f6df4895cd8db7d99
com.alipay.sofa.lookout	lookout-ext-os	1.4.2		503feb442c1b625a0560e606c08d4aa1880fdff8
com.alipay.sofa.lookout	lookout-ext-os	1.4.3		541ec046ffdccb492bf379b31e6a51ea3753741c
com.alipay.sofa.lookout	lookout-ext-os	1.4.4		b579528759cb888c0fdc59db81c261880f498cad
com.alipay.sofa.lookout	lookout-ext-os	1.5.0		3a75dae7e65ac1a046391201feb29bb145f302ce
com.alipay.sofa.lookout	lookout-ext-os	1.5.1		2ef005c8b42120e3b30b7b0cbfb747ab12a1af35
com.alipay.sofa.lookout	lookout-ext-os	1.5.2		2f7ffeeaedadf8d358581f863891ff7fa8a8e1de
com.alipay.sofa.lookout	lookout-ext-os	1.5.3		4067cfaabbceed5661f8e9a1634f88d3126ab3bc
com.alipay.sofa.lookout	lookout-ext-os	1.5.4		6dac66d6a59eecc0899555fbee41e910c0a59282
com.alipay.sofa.lookout	lookout-ext-os	1.6.0		cdfeb9e37956604de1423bbfd93860898b8643af
com.alipay.sofa.lookout	lookout-ext-os	1.6.1		abace662b69837005c3ddf47a057c36e225cb194
com.amilesend	mediainfo-jna-wrapper	1.0.0		097ef2965598fe5a8bed67965b3a2165dfd0c522
com.amilesend	mediainfo-jna-wrapper	1.0.1		9e10de23aa6239e111f9842f6d4751403bc02efb
com.amilesend	mediainfo-jna-wrapper	1.0.2		babd1b9ada832c4707a580c28e195a12f38601c6
com.amilesend	mediainfo-jna-wrapper	1.0.3		6e174c8222391e46b6cdf2555ee2425063481163
com.amilesend	mediainfo-jna-wrapper	1.0.4		51727402c4f13776a5b11f4885939a36cdc37f7a
com.amilesend	mediainfo-jna-wrapper	1.0.5		f8c7fadfbf1b3ca3d52e2970ec9c69a16f4b204c
com.amilesend	mediainfo-jna-wrapper	1.0.6		4556a266894b6ab017e9934fd25fa53a03916826
com.amilesend	mediainfo-jna-wrapper	1.1		8c04cb068c681970ef0ed536fe10e436747ff9f1
com.amilesend	mediainfo-jna-wrapper	1.2		dc54acf9693f6244256452c075e4c440784ce167
com.azure.resourcemanager	azure-resourcemanager-datafactory	1.0.0		b6a682a44600bf789f58b6cae4d4839680ee35ce
com.azure.resourcemanager	azure-resourcemanager-datafactory	1.0.0-beta.1		c9eaf785bb2cfe279480740684a8ea3883e865d1
com.azure.resourcemanager	azure-resourcemanager-datafactory	1.0.0-beta.10		d1ec1a69ee91e3e7b28deec35923ccd88a22f963
com.azure.resourcemanager	azure-resourcemanager-datafactory	1.0.0-beta.11		19f7763392bc8452cc9c4a90e9ef26ee2a783322
com.azure.resourcemanager	azure-resourcemanager-datafactory	1.0.0-beta.12		e1d8d796837101ee6d7a7c4800021f4f938fd337
com.azure.resourcemanager	azure-resourcemanager-datafactory	1.0.0-beta.13		4029169a9ebd6ad2d1dcd2472adfedee7f083571
com.azure.resourcemanager	azure-resourcemanager-datafactory	1.0.0-beta.14		c2b54f4ae62c83920f8bedb4ab84e15ae2366fae
com.azure.resourcemanager	azure-resourcemanager-datafactory	1.0.0-beta.15		d2cdecf4d5f9ab1fc21aa405edb77e96fbf5cf79
com.azure.resourcemanager	azure-resourcemanager-datafactory	1.0.0-beta.16		26f40685a28d503dd7d6e2418b0a8599162d0ef1
com.azure.resourcemanager	azure-resourcemanager-datafactory	1.0.0-beta.17		cc55f8b3a182b7ee08a9c21deec0e6fce50fb42e
com.azure.resourcemanager	azure-resourcemanager-datafactory	1.0.0-beta.18		dc79043a4ff4a0cbe3ea8ad0699e64cb3c6b4ba9
com.azure.resourcemanager	azure-resourcemanager-datafactory	1.0.0-beta.19		843496a40b06664545e3df9957e46951277fd2fe
com.azure.resourcemanager	azure-resourcemanager-datafactory	1.0.0-beta.2		815b6b82e41db7b008fed16e385ad05bbccf3ebc
com.azure.resourcemanager	azure-resourcemanager-datafactory	1.0.0-beta.20		aff23fab225a8b0cea7c93deb2308020fd992736
com.azure.resourcemanager	azure-resourcemanager-datafactory	1.0.0-beta.21		06eed38079dabedd5458b951e81b3391540b86f0
com.azure.resourcemanager	azure-resourcemanager-datafactory	1.0.0-beta.22		c7efe78ab857c39a7ee65a9ba13770da44b4a8bb
com.azure.resourcemanager	azure-resourcemanager-datafactory	1.0.0-beta.23		685d8150b00c13b426b03fd0073fdf77247195d5
com.azure.resourcemanager	azure-resourcemanager-datafactory	1.0.0-beta.24		d7d35345494bce118b15b207533dbc38be2045d9
com.azure.resourcemanager	azure-resourcemanager-datafactory	1.0.0-beta.25		9d64948ed1ebb5e25c8b45b68680bb31bb53bb06
com.azure.resourcemanager	azure-resourcemanager-datafactory	1.0.0-beta.26		d92db273b64d880c06533b2c4954de4625bcf6e8
com.azure.resourcemanager	azure-resourcemanager-datafactory	1.0.0-beta.27		ff0b2f9fa02d795bcff94a1b3bc4660510c0a97a
com.azure.resourcemanager	azure-resourcemanager-datafactory	1.0.0-beta.28		7a4b31c1a5f281c8ee60ad3ead62d39870867639
com.azure.resourcemanager	azure-resourcemanager-datafactory	1.0.0-beta.29		4fb08078302fe8c10c4e20b4264ea48edf74346a
com.azure.resourcemanager	azure-resourcemanager-datafactory	1.0.0-beta.3		1a4a5dfa40bdf6b1a9e1f04c3c663da448a75f7d
com.azure.resourcemanager	azure-resourcemanager-datafactory	1.0.0-beta.30		19a55fd14c94ff4aed62d9bd634e027ff2d5737b
com.azure.resourcemanager	azure-resourcemanager-datafactory	1.0.0-beta.4		208c2b6833fedb912596be49eba9d73606e43f45
com.azure.resourcemanager	azure-resourcemanager-datafactory	1.0.0-beta.5		ba8b32c30227d8137ac3fa3d220b0595c29d1f16
com.azure.resourcemanager	azure-resourcemanager-datafactory	1.0.0-beta.6		ba2054754736af74abfa00a3baff04f47167a699
com.azure.resourcemanager	azure-resourcemanager-datafactory	1.0.0-beta.7		12af4569d4e6242481c9bb3a90c5e4aafadc988e
com.azure.resourcemanager	azure-resourcemanager-datafactory	1.0.0-beta.8		b9b24115c58a4e114ca2885701dc6ab36ffd6bef
com.azure.resourcemanager	azure-resourcemanager-datafactory	1.0.0-beta.9		e5ba247eaaa687a1579bae6f00e9af597c5a6545
com.azure.resourcemanager	azure-resourcemanager-datafactory	1.1.0		06d39442367e590a7e6458e598b89a2e430beb37
com.badoo.reaktive	coroutines-interop-watchosarm32	1.1.22		N/A
com.badoo.reaktive	coroutines-interop-watchosarm32	1.1.22-nmtc		N/A
com.badoo.reaktive	coroutines-interop-watchosarm32	1.2.0		N/A
com.badoo.reaktive	coroutines-interop-watchosarm32	1.2.0-nmtc		N/A
com.badoo.reaktive	coroutines-interop-watchosarm32	1.2.1		N/A
com.badoo.reaktive	coroutines-interop-watchosarm32	1.2.1-nmtc		N/A
com.badoo.reaktive	coroutines-interop-watchosarm32	1.2.2		N/A
com.badoo.reaktive	coroutines-interop-watchosarm32	1.2.2	metadata	305c3c40d23e72007983fe86e174b12e3229f74e
com.badoo.reaktive	coroutines-interop-watchosarm32	1.2.2-nmtc		N/A
com.badoo.reaktive	coroutines-interop-watchosarm32	1.2.2-nmtc	metadata	a50b49930959cadea8b6a9048e7ee1011679b958
com.badoo.reaktive	coroutines-interop-watchosarm32	1.2.3		N/A
com.badoo.reaktive	coroutines-interop-watchosarm32	1.2.3	metadata	7c5197a587daa47b9fa325fd6a7fd92f96282adc
com.badoo.reaktive	coroutines-interop-watchosarm32	1.2.3-nmtc		N/A
com.badoo.reaktive	coroutines-interop-watchosarm32	1.2.3-nmtc	metadata	6c4f2cd56b3e49d4aab3472c274449cded7e0776
com.badoo.reaktive	coroutines-interop-watchosarm32	1.3.0		N/A
com.badoo.reaktive	coroutines-interop-watchosarm32	1.3.0	metadata	6b4a295c41e34d1187dc293d73df980d1f646eb3
com.badoo.reaktive	coroutines-interop-watchosarm32	1.3.0-nmtc		N/A
com.badoo.reaktive	coroutines-interop-watchosarm32	1.3.0-nmtc	metadata	2db76fb55bbd33c46a02c9f16a5c6b398f084774
com.badoo.reaktive	coroutines-interop-watchosarm32	2.0.0		N/A
com.badoo.reaktive	coroutines-interop-watchosarm32	2.0.0	metadata	000f40c73db46dc7650587c73755fab500ec2e97
com.badoo.reaktive	coroutines-interop-watchosarm32	2.0.0-alpha01		N/A
com.badoo.reaktive	coroutines-interop-watchosarm32	2.0.0-alpha01	metadata	1ab4f92d71061cb95794a74b1caefb9dc2aec5ab
com.badoo.reaktive	coroutines-interop-watchosarm32	2.0.0-beta01		N/A
com.badoo.reaktive	coroutines-interop-watchosarm32	2.0.0-beta01	metadata	258715405280ae597c662a4c621ce9919d69f63e
com.badoo.reaktive	coroutines-interop-watchosarm32	2.0.1		N/A
com.badoo.reaktive	coroutines-interop-watchosarm32	2.0.1	metadata	f799196c513b5c1edf66f4d2b6bde56dfdff7006
com.badoo.reaktive	coroutines-interop-watchosarm32	2.1.0		N/A
com.badoo.reaktive	coroutines-interop-watchosarm32	2.1.0	metadata	6af3117840e5bb42c501d319f407a7ef13eb4dc7
com.badoo.reaktive	coroutines-interop-watchosarm32	2.1.0-beta01		N/A
com.badoo.reaktive	coroutines-interop-watchosarm32	2.1.0-beta01	metadata	fce3d519a5e7e4e7bc7a9606d7b3a07d511aaef6
com.badoo.reaktive	coroutines-interop-watchosarm32	2.2.0		N/A
com.badoo.reaktive	coroutines-interop-watchosarm32	2.2.0	metadata	7db8cf290cb1dff5bcc1e8d658166d803b2ac6be
com.badoo.reaktive	coroutines-interop-watchosarm32	2.3.0		N/A
com.badoo.reaktive	coroutines-interop-watchosarm32	2.3.0	metadata	8ce768b6624b4ca91ffdf25b2f8c8aa67598c45e
com.chenkaiwei.krest	krest-core	1.0.0		3caa6bc7a3badeb53bb334820d535924c88c80b1
com.chenkaiwei.krest	krest-core	1.0.3		787abbb5bdc20e88955716571172294c0b93a598
com.chenkaiwei.krest	krest-core	1.0.4		0e33aac52321e9a661fd02416446f142bad6bb7d
com.chenkaiwei.krest	krest-core	1.0.5		4994e5a7fc3b2c53cc4e7c8f51e2903192c69107
com.codesgood	justifiedtextview	1.0.0		N/A
com.codesgood	justifiedtextview	1.0.1		N/A
com.codesgood	justifiedtextview	1.0.2		N/A
com.codesgood	justifiedtextview	1.1.0		N/A
com.codesgood	justifiedtextview	2.0.0		N/A
com.codesgood	justifiedtextview	2.0.1		N/A
com.fresco-kitchenos	kitchenos-client-sdk-kos-appliance-state-iosarm64	1.27.0		N/A
com.fresco-kitchenos	kitchenos-client-sdk-kos-appliance-state-iosarm64	1.27.0	metadata	6e8887e55c7ea91a5181c0b10194cb80d09900d3
com.fresco-kitchenos	kitchenos-client-sdk-kos-appliance-state-iosarm64	1.27.1		N/A
com.fresco-kitchenos	kitchenos-client-sdk-kos-appliance-state-iosarm64	1.27.1	metadata	f2f42d67093b64a5ab63c6dd1de0c499995f97c4
com.fresco-kitchenos	kitchenos-client-sdk-kos-appliance-state-iosarm64	1.27.2		N/A
com.fresco-kitchenos	kitchenos-client-sdk-kos-appliance-state-iosarm64	1.27.2	metadata	9f6ea830a437d75bfa8a8f7ef55951f0aaacef99
com.fresco-kitchenos	kitchenos-client-sdk-kos-appliance-state-iosarm64	1.28.0		N/A
com.fresco-kitchenos	kitchenos-client-sdk-kos-appliance-state-iosarm64	1.28.0	metadata	5cafcfd4f2e0ff1c936ed8d724f5ca936c0594b1
com.fresco-kitchenos	kitchenos-client-sdk-kos-appliance-state-iosarm64	1.29.0		N/A
com.fresco-kitchenos	kitchenos-client-sdk-kos-appliance-state-iosarm64	1.29.0	metadata	22328c643b79070684ce77a991f01aa43256bcd1
com.fresco-kitchenos	kitchenos-client-sdk-kos-appliance-state-iosarm64	1.29.1		N/A
com.fresco-kitchenos	kitchenos-client-sdk-kos-appliance-state-iosarm64	1.29.1	metadata	569078286cb2df0057ebed0b3fb52d9178e5b0ed
com.fresco-kitchenos	kitchenos-client-sdk-kos-appliance-state-iosarm64	1.29.2		N/A
com.fresco-kitchenos	kitchenos-client-sdk-kos-appliance-state-iosarm64	1.29.2	metadata	c914c235f07d5e6854fa0bba05cb720e95b583f7
com.fresco-kitchenos	kitchenos-client-sdk-kos-appliance-state-iosarm64	1.30.0		N/A
com.fresco-kitchenos	kitchenos-client-sdk-kos-appliance-state-iosarm64	1.30.0	metadata	0f8de437d3e9c647e48bc80dc66a97c1a3354036
com.fresco-kitchenos	kitchenos-client-sdk-kos-appliance-state-iosarm64	1.30.1		N/A
com.fresco-kitchenos	kitchenos-client-sdk-kos-appliance-state-iosarm64	1.30.1	metadata	da21e9b2ebfaa7dea2d3dd81926f3be1c05e9d76
com.fresco-kitchenos	kitchenos-client-sdk-kos-appliance-state-iosarm64	1.31.0		N/A
com.fresco-kitchenos	kitchenos-client-sdk-kos-appliance-state-iosarm64	1.31.0	metadata	ce5490ac47e05310975820dc8cabed2ee1966ed6
com.fresco-kitchenos	kitchenos-client-sdk-kos-appliance-state-iosarm64	1.31.1		N/A
com.fresco-kitchenos	kitchenos-client-sdk-kos-appliance-state-iosarm64	1.31.1	metadata	6132059dc55028be3ba922b0e2121e6de7114e59
com.g2forge.gearbox	gb-cli	0.0.8		7cab024a54b902625cc002cadee19553fd54461a
com.g2forge.gearbox	gb-cli	0.0.9		87fc0a1f3b23e09945e92b8da7cf0066752485b8
com.gitee.anwena	mongo-plus-sharding	2.1.6		b65655e65be10e5ea887f6006dd96dbc27ac3707
com.gitee.anwena	mongo-plus-sharding	2.1.6.1		553d1f5ffcf29b5564028c2104e707ccf8d4f23f
com.github.chenjianjx.ssio	ssio-ext-test-common	2.0.0		a4daae42d59e1d4a4fad27fd5070defd9532a58d
com.github.chenjianjx.ssio	ssio-ext-test-common	2.0.1		5024d73c9840ad48df6ec1c0b303b3dfaa4145e4
com.github.houbb	data-atc-news	1.0.0		12b262f82854ae0f89a4fa01b0547e19ed483a7e
com.github.houbb	rpc-all	0.1.5		75965ca9c8f51da55d78ff0c95bf7b69d4b09d1f
com.github.houbb	rpc-all	0.1.6		83d8b13548e1f3e42f563d13c8dee8964108879d
com.github.houbb	rpc-all	0.1.7		222888d3dd8bce1f3810ff9926dc1e21c5ba1cb7
com.github.houbb	rpc-all	0.1.8		78cf4a130a2867d55eef9be7dc8ff82c63a663de
com.github.houbb	rpc-all	0.1.9		69129f0f107810eaea61eef1c60830d6f881add3
com.github.houbb	rpc-all	0.2.0		f41dfdd92024c414659b4a68a31dc97be71755e5
com.github.houbb	rpc-all	0.2.1		b3cbe122f7b2966a217eef01be47f2626803e517
com.github.houbb	rpc-all	0.2.2		0ea00f69a1a66d35413f825404a893de87e8dbed
com.github.nightdragonyl	yelong-full-labbol-model-support	1.0.0		1b87b4bafd1209ed2fb6d233fda47b8c9f7aa9c5
com.io7m.dixmont	com.io7m.dixmont.tests	0.0.1		bc13dbe4376bb3985d96fce252ea98c285ad0d80
com.io7m.dixmont	com.io7m.dixmont.tests	0.0.2		66d820c66491bde22c59f285885c8d2b39c65ea2
com.io7m.dixmont	com.io7m.dixmont.tests	1.0.0		098661f242e40a19822610f07aa9bdc30a081f8a
com.io7m.dixmont	com.io7m.dixmont.tests	2.0.0		3e2c9bdfde6a336bf102ab55d974eb9c64c77ff4
com.jakewharton.mosaic	mosaic-testing-linuxx64	0.15.0		N/A
com.jakewharton.mosaic	mosaic-testing-linuxx64	0.16.0		N/A
com.jakewharton.mosaic	mosaic-testing-linuxx64	0.17.0		N/A
com.liferay	com.liferay.wiki.editor.link.browse.web	1.0.0		2fc4fba863cd438e8b65a6d3d8df6d71493fc656
com.liferay	com.liferay.wiki.editor.link.browse.web	1.0.1		512e121132d225d60f0c740e402081e804fd273e
com.liferay	com.liferay.wiki.editor.link.browse.web	1.0.2		2a499bd2fae56b1ca48e7dd35447ad4888046160
com.liferay	com.liferay.wiki.editor.link.browse.web	1.0.3		5963486734939f49ba449056fe5810e16503e558
com.liferay	com.liferay.wiki.editor.link.browse.web	1.0.4		29e73fa2331143eaaf3b1a55b902de9d8e65921c
com.liferay	com.liferay.wiki.editor.link.browse.web	1.0.5		6cacb9f2f1ca185b52bdf2c471382620d9dcb5c0
com.liferay	com.liferay.wiki.editor.link.browse.web	1.0.6		60663b97088a3e61257464d220c66095d75d4d31
com.liferay	com.liferay.wiki.editor.link.browse.web	1.0.7		008363b4965f297cf83a81d8916fbd4177ebf6c0
com.liferay	com.liferay.wiki.editor.link.browse.web	1.0.8		26b588cb1b2d18b6d777f85882d6d1c711d1bd0d
com.liferay	com.liferay.wiki.editor.link.browse.web	1.0.9		56851fd4bd6a471aa5c4ebbfa3770fe69f9de8dd
com.liferay	com.liferay.wiki.editor.link.browse.web	2.0.0		8ce6e605b5742f6ba045b3e47f2dafe20a42e126
com.liferay	com.liferay.wiki.editor.link.browse.web	2.0.1		36f2e5d7276c2c556ebebf23dc9cb2ecc6bb64fe
com.liferay	com.liferay.wiki.editor.link.browse.web	2.0.2		70e9b498c3373a41addb718915e0aeda4c8cf39c
com.liferay	com.liferay.wiki.editor.link.browse.web	2.0.3		1658c4e57196c4d8c559206e28cf5f581b1b7b53
com.liferay	com.liferay.wiki.editor.link.browse.web	2.0.4		063793d6a1ca074a8c4e6afe4a4b9d01792dffe9
com.liferay	com.liferay.wiki.editor.link.browse.web	2.0.5		5f34495083c0db9973bf00317341b9fca62b29b7
com.liferay	com.liferay.wiki.editor.link.browse.web	2.0.6		ce577a566a9580c3c994c71963d4b53f99df8f52
com.liferay	com.liferay.wiki.editor.link.browse.web	2.0.7		58951f913e3f49e8c53f0f86b019b58ec3dcb715
com.liferay	com.liferay.wiki.editor.link.browse.web	2.0.8		ef5efb978ac50137c4b8c29179f29ec6d09a30e1
com.liferay	com.liferay.wiki.editor.link.browse.web	3.0.0		dd126ec0ef8b13efaa518c173d809120020f4cd0
com.liferay	com.liferay.wiki.editor.link.browse.web	3.0.1		8d9a66a106fd4e66a83be8eb4a9cdfd23fff708f
com.liferay	com.liferay.wiki.editor.link.browse.web	3.0.2		e87652a3813664ea056e8edafb32f41a960a1f97
com.liferay	com.liferay.wiki.editor.link.browse.web	3.0.3		4646f0520621c1ad6d9fc799a9c6ad95f06224cf
com.liferay	com.liferay.wiki.editor.link.browse.web	3.0.4		4a9f125058754f5b45f6ac2cf246b9fe7e991fa9
com.liferay	com.liferay.wiki.editor.link.browse.web	3.0.5		0d7d4c5c193e3682f7a5aef697b5ab2a5d1dcf27
com.liferay	com.liferay.wiki.editor.link.browse.web	3.0.6		2a05e7624015b72d898766e072d0fedef2d7dc79
com.liferay	com.liferay.wiki.editor.link.browse.web	3.0.7		d5ff0348515e49b6ba50514778f4b4b1ab78dc3a
com.liferay	com.liferay.wiki.editor.link.browse.web	3.0.8		8507d25c3f9923521497f1505439d659915ba816
com.liferay	com.liferay.wiki.editor.link.browse.web	3.0.9		e1a74e40fc218c56e43950f0f35d1e7e8e603e5a
com.liferay	com.liferay.wiki.editor.link.browse.web	4.0.0		31b9e07bc2a075a66dc6658e6a0dc941014f4799
com.liferay	com.liferay.wiki.editor.link.browse.web	4.0.1		1bdff2fce8766ef9b627a97f62851a3af43e1684
com.liferay	com.liferay.wiki.editor.link.browse.web	4.0.10		ed3feca2968f46d9969837d636e4e6b0c07c0b39
com.liferay	com.liferay.wiki.editor.link.browse.web	4.0.2		898459c44d95b6a596a538325dce25da2a9a6eba
com.liferay	com.liferay.wiki.editor.link.browse.web	4.0.3		0de02e72bf845cfb24c875eb42be6478b8ad3578
com.liferay	com.liferay.wiki.editor.link.browse.web	4.0.4		79066af0aa907da6e656aa2a985a9c2a176d34da
com.liferay	com.liferay.wiki.editor.link.browse.web	4.0.5		71ae3810dde15e408977156f970ef03992bfedfd
com.liferay	com.liferay.wiki.editor.link.browse.web	4.0.6		9297e63c61935b14c7babb6b4feceed3456849d5
com.liferay	com.liferay.wiki.editor.link.browse.web	4.0.7		d3f1c2f083fbf96c13d00fcce48efc98a597b2e8
com.liferay	com.liferay.wiki.editor.link.browse.web	4.0.8		e918b48f0905ebb9c1329bbeb0dbfb806ad9cc9b
com.liferay	com.liferay.wiki.editor.link.browse.web	4.0.9		12f026f240de6dd4e0cf24b0cbecd53590a53abb
com.luckypeng.mock	mock-spark-connector	1.1		e95727d6da6ee7fbcdeb4b44611655711002eb06
com.luckypeng.mock	mock-spark-connector	1.2		a9c7d3e2fe80ca239b2e835aee92d8ad2794e07c
com.mantledillusion.metrics	trail-metrics-support-vaadin-8	1.0.0		ccbbc1e06dd75b2ac3c1a4e99f7c6856bd2b01f7
com.mantledillusion.metrics	trail-metrics-support-vaadin-8	1.0.0.ALPHA1		15e802f8cee745e26b4dd1cd4100ff87dd8c86e2
com.mantledillusion.metrics	trail-metrics-support-vaadin-8	1.0.0.ALPHA2		b1b7db788b57bcee32bf7d18ebe34cf46704801c
com.mantledillusion.metrics	trail-metrics-support-vaadin-8	1.0.0.ALPHA3		cd033422b9780682ead58f6eeeaab41d809f5f98
com.mantledillusion.metrics	trail-metrics-support-vaadin-8	1.0.0.ALPHA4		ae3029bb41277e2f404a2052500aed797190b8b3
com.mantledillusion.metrics	trail-metrics-support-vaadin-8	1.0.0.ALPHA5		b31eb9a9667c17f69cd9fd80f31fea87ebe3d83e
com.mantledillusion.metrics	trail-metrics-support-vaadin-8	1.0.0.ALPHA6		4f1f48ba77b686dc893f40eb519bf4d2baf38fe5
com.mantledillusion.metrics	trail-metrics-support-vaadin-8	1.0.0.ALPHA7		b5abcdf1cbd0dbf3e9c1ba2314c45566aa3299ed
com.mantledillusion.metrics	trail-metrics-support-vaadin-8	1.0.0.ALPHA8		340dfe1e4506e84d2faff200e2c44162bd74e5d5
com.mantledillusion.metrics	trail-metrics-support-vaadin-8	1.0.0.BETA1		0ee399a7a4d1c9998d4e578ce532154f6b515dec
com.mantledillusion.metrics	trail-metrics-support-vaadin-8	1.0.0.BETA2		ee9547a4c144cf5d203d15869f5c2a9fdaeb3435
com.mantledillusion.metrics	trail-metrics-support-vaadin-8	1.0.0.BETA3		cc580cdb0a40fc7faee13672922563a05b52de2a
com.mantledillusion.metrics	trail-metrics-support-vaadin-8	1.0.0.BETA4		caae299a101d969acf50779176e023a2b61b87c3
com.mantledillusion.metrics	trail-metrics-support-vaadin-8	1.0.0.BETA5		c4b8653c30f6bc847257c3f81c87cbd484aea272
com.mantledillusion.metrics	trail-metrics-support-vaadin-8	2.0.0		4bfea188aa6738d3c74fc338d89b0913f4fa0488
com.mantledillusion.metrics	trail-metrics-support-vaadin-8	2.0.0.BETA1		6ab01b0dc742d34aeadc5537ef1b1869b1f729fa
com.mantledillusion.metrics	trail-metrics-support-vaadin-8	2.0.0.BETA2		f2bb96d7af348d0aa9e55a702280a7571b878c08
com.mantledillusion.metrics	trail-metrics-support-vaadin-8	2.0.0.BETA3		725adc1d9ab388c7dfe4afa7ccec57cc4e12b10e
com.mantledillusion.metrics	trail-metrics-support-vaadin-8	2.1.0		9927d1076557c5ff29a00c5f58b9745604d34939
com.mantledillusion.metrics	trail-metrics-support-vaadin-8	2.2.0		70dedaec253520a73ae8664e1e50c298c8a91832
com.mantledillusion.metrics	trail-metrics-support-vaadin-8	2.2.1		331cd75c842c2a8248d1550826521baeb8b63f00
com.mantledillusion.metrics	trail-metrics-support-vaadin-8	2.2.2		b8074f0187f8374ffd209329d747f8248d63ec0b
com.microsoft.azure.resourcemover.v2021_01_01	azure-mgmt-resourcemover	1.0.0		20ed879e0be4e79dd4d5b7c3439ebaf10206ebb6
com.sandinh	couchbase-scala_2.13	10.0.0-M1		a5f68af63ba396ef190179710e6b0a1b3a019229
com.sandinh	couchbase-scala_2.13	10.0.0-M2		4196e01a57f6e728f8ba026e5bf404715453a43d
com.sandinh	couchbase-scala_2.13	10.0.0-M3		6574f042f44f469907b93d662df2b25cf0c24509
com.sandinh	couchbase-scala_2.13	10.0.0-M4		c511b617c4dd0d21b58ce3acc4e842f2b6df03ad
com.sandinh	couchbase-scala_2.13	10.0.0-M5		b9ef36dbdc8be55f6fb8af3ef7b837f4ee631189
com.sandinh	couchbase-scala_2.13	10.0.0-M6		aefa58f7b1bacc59ce7c689ac96bedd182154484
com.sandinh	couchbase-scala_2.13	10.0.0-M7		4383d083da8f5571753a3c245f6c155db0cc70c4
com.sandinh	couchbase-scala_2.13	8.0.0		9ca67af9dc798dfaef7059fa58a0fd0f979d57b7
com.sandinh	couchbase-scala_2.13	8.0.0-1-g0a620a6		2563d42bedd8514fa905d2d1a020b8f3523fd456
com.sandinh	couchbase-scala_2.13	8.1.0		247646630b2285e3b169a9854365bb28b17101e9
com.sandinh	couchbase-scala_2.13	9.0.0		236f039485a43625513c5f6555433cb130f62f68
com.sandinh	couchbase-scala_2.13	9.0.0-RC1		d5e02205a9a58e3429f71a848a38090b72663f19
com.sandinh	couchbase-scala_2.13	9.0.0-RC2		507cb5fb9e74b521ceb76c28da7e548f2d41b679
com.sandinh	couchbase-scala_2.13	9.1.0		e60d015bd6697426ce9e878fb2c874340b9937fc
com.sandinh	couchbase-scala_2.13	9.1.0-RC1		8587b4076e062dd58ff1c48a127a6dc8f23d40c9
com.sandinh	couchbase-scala_2.13	9.1.0-RC2		d1175248ef330d6060e146376b235a93bee119fd
com.sandinh	couchbase-scala_2.13	9.2.0		4a15824dc27a16902a2bfd8d64ac691db9b2b143
com.soywiz	korlibs-number-linuxx64	5.5.0-alpha1		N/A
com.soywiz	korlibs-number-linuxx64	5.5.0-alpha2		N/A
com.soywiz	korlibs-number-linuxx64	5.5.0-alpha3		N/A
com.soywiz	korlibs-number-linuxx64	6.0.0		N/A
com.soywiz	korlibs-number-linuxx64	6.0.0-alpha1		N/A
com.soywiz	korlibs-number-linuxx64	6.0.0-alpha2		N/A
com.soywiz	korlibs-number-linuxx64	6.0.0-alpha3		N/A
com.soywiz	korlibs-number-linuxx64	6.0.0-alpha4		N/A
com.soywiz	korlibs-number-linuxx64	6.0.0-alpha5		N/A
com.soywiz	korlibs-number-linuxx64	6.0.0-alpha6		N/A
com.soywiz	korlibs-number-linuxx64	6.0.0-alpha7		N/A
com.soywiz	korlibs-number-linuxx64	6.0.0-alpha8		N/A
com.soywiz	korlibs-number-linuxx64	6.0.0-alpha9		N/A
com.thesamet.scalapb	scalapb-runtime_2.10	0.7.0		b0fabb3d6e2331b392a18c7795c7c1122a16d359
com.thesamet.scalapb	scalapb-runtime_2.10	0.7.0-rc1		8ee3c9b14629bd5266f7536de7628c08ba2073b7
com.thesamet.scalapb	scalapb-runtime_2.10	0.7.0-rc2		1fc611adc37caa34b57d2cb0895813318b83857d
com.thesamet.scalapb	scalapb-runtime_2.10	0.7.0-rc3		de1602130f775b805c8436864001596769fb1da2
com.thesamet.scalapb	scalapb-runtime_2.10	0.7.0-rc4		b245bb289231e4ffbcd28c861579414ff7289588
com.thesamet.scalapb	scalapb-runtime_2.10	0.7.0-rc5		15231c2b707377cf3e6c7a2b13be661a5bffe0ef
com.thesamet.scalapb	scalapb-runtime_2.10	0.7.0-rc6		bde9f2c2d930a6d77df2e7d909a21933b1e1bcb7
com.thesamet.scalapb	scalapb-runtime_2.10	0.7.0-rc7		6772da911ade90be7fa04058257d69b30ae10451
com.thesamet.scalapb	scalapb-runtime_2.10	0.7.1		794aaec6f553885b4e796578d8646468bf78a28d
com.thesamet.scalapb	scalapb-runtime_2.10	0.7.2		79b1ee4f8c8d5a01dc6cf0b3f0782cbc1f0a8888
com.thesamet.scalapb	scalapb-runtime_2.10	0.7.3		bb522114b9b3a35fb1e326e6314b96ab47b1d4a6
com.thesamet.scalapb	scalapb-runtime_2.10	0.7.4		b5f7f4e6010b8da8dd840ee2757f89006678a45b
com.thesamet.scalapb	scalapb-runtime_2.10	0.8.0		c66295bac91dd0a8a390c6b24bf8d8d7b0459bd0
com.thesamet.scalapb	scalapb-runtime_2.10	0.8.0-RC1		61237ec316e937f93a58b067d3a4dfdde096f046
com.thesamet.scalapb	scalapb-runtime_2.10	0.8.0-RC2		ab213e022254fd76dc5743a53515ba8be2571737
com.thesamet.scalapb	scalapb-runtime_2.10	0.8.1		8c85882386ad584ac2ab9e7c278cac53647ecbb9
com.thesamet.scalapb	scalapb-runtime_2.10	0.8.2		ac4991f9bc61b563310332cf32fe04805c5d236b
com.thesamet.scalapb	scalapb-runtime_2.10	0.8.3		3406dea5fb769660d5e7df26a232c5c39d4fa942
com.thesamet.scalapb	scalapb-runtime_2.10	0.8.4		4525555804fcf19cef5f8adb12f5036a856e79d8
com.thesamet.scalapb	scalapb-runtime_2.10	0.9.0-RC1		56d9f1b32c1a3277208fe29dc92845e59c63c172
com.timgroup	scalaquery_nested_2.9.1	1.0.0		22fa2bb9637063e5aa7170e503d364ab756d9f4e
com.tksimeji	wobject	0.0.0		fd5cfeaa934eda4b8987b37e5a673ef0d4825161
com.tksimeji	wobject	0.1.0		92033f4f79360208cfb21d49aa819e1abbad8e2c
com.tksimeji	wobject	0.2.0		06f0afb7aa66ecbaff5b5315d37d77961223f2dc
com.tksimeji	wobject	0.2.2		e2410d45c807e7cb8a14e57f00972f2b6764f68a
com.typesafe.akka	akka-file-mailbox_2.11	2.3.10		56892dfb2c86772dd6f34616b5342fbe5af33be6
com.typesafe.akka	akka-file-mailbox_2.11	2.3.11		bb1b1465af92c45a9b5b759191ea28513fbed8e9
com.typesafe.akka	akka-file-mailbox_2.11	2.3.12		d30681e1773b15bfcddceaf046c69011eee8e56d
com.typesafe.akka	akka-file-mailbox_2.11	2.3.13		b43355628fd71c82c408c569c50ff082f2e38c61
com.typesafe.akka	akka-file-mailbox_2.11	2.3.14		a7da8974820b03e3a4ab240764f623b07aa51f71
com.typesafe.akka	akka-file-mailbox_2.11	2.3.15		08190233183217f45a74334f4e267af6a4160bc2
com.typesafe.akka	akka-file-mailbox_2.11	2.3.16		0ac41c039231c9c17cc96a6219622549be5b753e
com.typesafe.akka	akka-file-mailbox_2.11	2.3.2		eb60d1db95942cc0436c45fd2341929381d9f736
com.typesafe.akka	akka-file-mailbox_2.11	2.3.3		cf3ac9e109999528e7463f9b6b582af77f599abf
com.typesafe.akka	akka-file-mailbox_2.11	2.3.4		2b544d92717077e392d5b45de3cc157f4cdf462e
com.typesafe.akka	akka-file-mailbox_2.11	2.3.5		b0ad4f6910b76e8d4052244e2536e5555a8dccf3
com.typesafe.akka	akka-file-mailbox_2.11	2.3.6		783d6bfd0b88a81cd5c85563aa9f1064be2b0d57
com.typesafe.akka	akka-file-mailbox_2.11	2.3.7		af15e63f663a47f8cce51459781bcf5d1118b6f1
com.typesafe.akka	akka-file-mailbox_2.11	2.3.8		45c214e4571896855d9ebf253fea636ff3b93606
com.typesafe.akka	akka-file-mailbox_2.11	2.3.9		5739a0e4ffc7be72dd3d9411047d85184efe5f1e
de.sciss	numbers_sjs1_2.13	0.2.1		1d974bcc3872024ddf9e84670b0e965478647dc2
dev.programadorthi.routing	auth-iosarm32	0.0.8		N/A
dev.programadorthi.routing	auth-iosarm32	0.0.8	metadata	192c7f6fa186470cb955ecb187b5f2abef24fc6f
eu.socialsensor	socialsensor-query-builder	0.2		7ea0c214925eba52b6482ecb7c4f2f9a3f95e87f
fr.ght1pc9kc	entity-graphql	1.3.0		a85adc4ac3ceebcb0eef9dbda1a60ca07cc8bdf5
fr.ght1pc9kc	entity-graphql	1.3.1		dcdc62da41dcd852994f2c9a5fea7405b09cccaf
fr.ght1pc9kc	entity-graphql	1.3.2		bf3e00eecaff1433f05763b1e827e51e5674f0ee
fyi.fax.klassindex	processor	4.1.0		5900ef66fad10ac7110e913d66b3cff94ed15dec
fyi.fax.klassindex	processor	4.1.1-rc.0		b61a81f8caea9d81b0c1c7927dc0986669c86bcc
io.altoo	pekko-kryo-serialization_2.13	1.0.0		59d81fc3bc4b559de3f06d278d987dd48df18e6a
io.altoo	pekko-kryo-serialization_2.13	1.0.0-RC1		a2027f8d3150e6fb8409eccb9ef452e2850c3355
io.altoo	pekko-kryo-serialization_2.13	1.0.1		20fb27bf76399ccb890f63b5edf4d560357395d1
io.altoo	pekko-kryo-serialization_2.13	1.1.0		99d9e12e99688ad38da79161806251372b277985
io.altoo	pekko-kryo-serialization_2.13	1.2.0		162402c18912e881c48700f7a89cacdc57eba369
io.altoo	pekko-kryo-serialization_2.13	1.2.1		72e2ffde342f3d05a45346515e53232cc61ef42f
io.datazoom.sdk	openmeasurement	0.0.1		N/A
io.datazoom.sdk	openmeasurement	0.0.2		N/A
io.datazoom.sdk	openmeasurement	0.0.3		N/A
io.github.bobbyesp.lyricfier	lyricfier	1.0		1665015df588014daa869185f169712faeba5f77
io.github.kvlabs.filemock	core	1.0.0		1184e3a19f66da95a5f9455af4b9eb16de35cb55
io.github.salamahin	joinwiz_testkit_2.11	0.1.1		820b835b6f124668068ce3f651963195045aabfd
io.github.salamahin	joinwiz_testkit_2.11	0.1.10		8738361ad3b2c8bb6417c40c3384d31a31b4c5fd
io.github.salamahin	joinwiz_testkit_2.11	0.1.11		388d500a8d523f1947157b25c90eeee0eae7160a
io.github.salamahin	joinwiz_testkit_2.11	0.1.14		71dede9aa300efe409a029980ebe5878d6608519
io.github.salamahin	joinwiz_testkit_2.11	0.1.15		13ce25304ee44cfa80afc88b6d477b3973c40476
io.github.salamahin	joinwiz_testkit_2.11	0.1.16		85abcc5430ccb1312a281418e981b64c7f5063a7
io.github.salamahin	joinwiz_testkit_2.11	0.1.17		94509556942b73682234da2a22dcba6bed9f803a
io.github.salamahin	joinwiz_testkit_2.11	0.1.2		1498cd2a87a2995cba396b9837bd7cdcaef633ba
io.github.salamahin	joinwiz_testkit_2.11	0.1.3		ee8629e919abfcc5853e882169ac236f27bfb101
io.github.salamahin	joinwiz_testkit_2.11	0.1.4		664242d732840e789e708abc9d41ef6d52ad161c
io.github.salamahin	joinwiz_testkit_2.11	0.1.5		4fe74c21747a7d029a619390d2293cd2f8914697
io.github.salamahin	joinwiz_testkit_2.11	0.1.6		c7af4bdafca9716365e9f16d039af23e64fa8001
io.github.salamahin	joinwiz_testkit_2.11	0.1.7		a53ce0cb49342b1b1ccf5958b94fc4f8ed48f23d
io.github.salamahin	joinwiz_testkit_2.11	0.1.8		c9e34d48961ce13d8ade181f6d7638e0e541cad2
io.github.salamahin	joinwiz_testkit_2.11	0.1.9		2db9c51c8a085a7380ff361efe54be2fc18a1044
io.github.salamahin	joinwiz_testkit_2.11	0.2.0		041d5285a18cf198522cea327e91be5ae7681da9
io.github.salamahin	joinwiz_testkit_2.11	0.2.1		edda30915a7f7e7b3bb6a618a121cab65c0a095d
io.github.salamahin	joinwiz_testkit_2.11	0.2.2		a11e19e45a669382314aff3cc378bffa70005600
io.github.salamahin	joinwiz_testkit_2.11	0.2.3		1a7c4c476bf30f73027b4199444924cada2eb5c1
io.github.salamahin	joinwiz_testkit_2.11	0.2.4		15ba375d2e5c11a3bb5ad883d4a894e093ed1ae7
io.github.salamahin	joinwiz_testkit_2.11	0.2.5		10627e38b5c60f385b2130387f43e187d01f647b
io.github.salamahin	joinwiz_testkit_2.11	0.2.6		1379fd70d07726810c4410f89ffdf0714fa5ad0e
io.github.salamahin	joinwiz_testkit_2.11	0.2.7		add85e942ba38c0438bfb57afbed9b8ebb49adb3
io.github.salamahin	joinwiz_testkit_2.11	0.2.8		ee361231144cbe79b1a2c5e28d3807d0bc6d8dd7
io.github.vip-test	vip-test	0.1.34		N/A
io.joyfill	api-js	0.1.0-RC1		N/A
io.joyfill	api-js	1.0.0		N/A
io.joyfill	api-js	1.0.0-K2.0		N/A
io.joyfill	api-js	1.0.1		N/A
io.joyfill	api-js	1.0.2		N/A
io.joyfill	api-js	1.0.3		N/A
io.joyfill	api-js	1.0.4		N/A
io.joyfill	api-js	1.0.5		N/A
io.joyfill	api-js	1.0.6		N/A
io.joyfill	api-js	1.1.0		N/A
io.joyfill	api-js	1.1.1		N/A
io.joyfill	api-js	1.1.10		N/A
io.joyfill	api-js	1.1.11		N/A
io.joyfill	api-js	1.1.12		N/A
io.joyfill	api-js	1.1.13		N/A
io.joyfill	api-js	1.1.14		N/A
io.joyfill	api-js	1.1.2		N/A
io.joyfill	api-js	1.1.3		N/A
io.joyfill	api-js	1.1.4		N/A
io.joyfill	api-js	1.1.5		N/A
io.joyfill	api-js	1.1.6		N/A
io.joyfill	api-js	1.1.8		N/A
io.joyfill	api-js	1.1.9		N/A
io.joyfill	api-js	2.0.0-Beta01		N/A
io.joyfill	api-js	2.0.0-Beta02		N/A
io.joyfill	api-js	2.0.0-Beta03		N/A
io.kamon	kamon-system-metrics_2.13	2.0.0		45cd00cf2a544763f37c81d70d0163e9d31876a2
io.kamon	kamon-system-metrics_2.13	2.0.1		8e70aa7a5c7367299859d8d2ae898094949f969f
io.kamon	kamon-system-metrics_2.13	2.0.2		69273d572784397d8e3f4ad279093404602472ce
io.kamon	kamon-system-metrics_2.13	2.1.0		2d97665337f72135844708980f82f1bde3247b61
io.kamon	kamon-system-metrics_2.13	2.1.1		7826b37c29e534e71ced6cf8825712c11bd35f63
io.kamon	kamon-system-metrics_2.13	2.1.10		18b63c69bd7e0241a3d2c0437e0cc00a97ef51b1
io.kamon	kamon-system-metrics_2.13	2.1.11		e5078cadd97d35c57df1ff0ceefa372c74224c78
io.kamon	kamon-system-metrics_2.13	2.1.12		5bab04dbaec2aada039113253d22c7aa06b83813
io.kamon	kamon-system-metrics_2.13	2.1.13		a11e68ac1370ff168219c48f1bb8c47bc5278352
io.kamon	kamon-system-metrics_2.13	2.1.14		bdecaea45b7753acf98644ae0ebbfb67b59e256e
io.kamon	kamon-system-metrics_2.13	2.1.15		bef43b1248eda22063be2dca48cb309a89f51908
io.kamon	kamon-system-metrics_2.13	2.1.16		555b4e4f212685c6bc7c66478f9e8b99666c94e7
io.kamon	kamon-system-metrics_2.13	2.1.17		c489338f5a6d189952a689900804158ffe2d2791
io.kamon	kamon-system-metrics_2.13	2.1.18		4aa82ae620f6f3fe9960a78e30e94af86cb3ab2f
io.kamon	kamon-system-metrics_2.13	2.1.19		e79019944c60a2d6ad94bfb9c05b3915d2da06b9
io.kamon	kamon-system-metrics_2.13	2.1.2		129c02596c3916e228c9ebc1ace753d2583b8398
io.kamon	kamon-system-metrics_2.13	2.1.20		554b7a0ce0f125114509b17e0bc0fb22ba6bfc90
io.kamon	kamon-system-metrics_2.13	2.1.21		cbb2cfdfd51d30e5cd59b13c73cdf6bca97ca2ec
io.kamon	kamon-system-metrics_2.13	2.1.3		8c9cb3ecf86065f7a2b6229d21ea39b504d13e8f
io.kamon	kamon-system-metrics_2.13	2.1.4		deca6791ddab9e43ec97286ccf054e37c4f60f32
io.kamon	kamon-system-metrics_2.13	2.1.5		7dcd5e48ab1b99a08fab8743fb2b09efdfb2511f
io.kamon	kamon-system-metrics_2.13	2.1.6		2fd1bbc3183720274b63e6231807bc3b1b369d6f
io.kamon	kamon-system-metrics_2.13	2.1.7		136d1de010566181f8d8033625b1e1a752408520
io.kamon	kamon-system-metrics_2.13	2.1.8		9228f9168a54a1d9a9043d7ca5d2dc10fba9737a
io.kamon	kamon-system-metrics_2.13	2.1.9		aace679cd11b85305cdafbe8bd8ffdb8e9a263db
io.kamon	kamon-system-metrics_2.13	2.2.0		ac6a746577416a6992d05bb888d7b3bbcbf93e2e
io.kamon	kamon-system-metrics_2.13	2.2.1		3ecc2252f0b48a068d14273f40a2b79c6c19a7e1
io.kamon	kamon-system-metrics_2.13	2.2.2		0fb39dfc4ddb644b1e8974236a9fbf4c1b337ea7
io.kamon	kamon-system-metrics_2.13	2.2.3		b4734eaa6e67fb207c306701f92e9e6a932e8a63
io.kamon	kamon-system-metrics_2.13	2.3.0		e09f8454e463d7ddcda03ad003437be7c865c1e1
io.kamon	kamon-system-metrics_2.13	2.3.1		657132662273f2c7e8c451c6eaad8c270266bd76
io.kamon	kamon-system-metrics_2.13	2.4.0		53e1bcabddf7b4a650ca8dd0b8b56710b4a025cd
io.kamon	kamon-system-metrics_2.13	2.4.1		9f6946a80a769c4139ddcba040a5fe2a23723df5
io.kamon	kamon-system-metrics_2.13	2.4.2		7ef33fe361efa2bf3888fd61c23090fd714c089e
io.kamon	kamon-system-metrics_2.13	2.4.5		01bec01400e82454739418f1f3a6d931c4ee4e8b
io.kamon	kamon-system-metrics_2.13	2.4.6		d20143f6b21a1a4d682620d0eb17af2e8c2f6464
io.kamon	kamon-system-metrics_2.13	2.4.7		c38d928d825366cc23c41b84c2a23c45b991f88a
io.kamon	kamon-system-metrics_2.13	2.4.8		011b3a7baef11fc4067cc11a4e8eda278be10cf5
io.kamon	kamon-system-metrics_2.13	2.5.0		2f3cf922a3097fc0a87e8144b643094eda904c3e
io.kamon	kamon-system-metrics_2.13	2.5.1		cc1f6ab849c2675a34d335e8b14b97fbe29a261a
io.kamon	kamon-system-metrics_2.13	2.5.10		724eeb4d4cb8557e7ee5c49715bd2b119bf468da
io.kamon	kamon-system-metrics_2.13	2.5.11		30ea2a0bafd20ab228fde3a2d78f41f178151efa
io.kamon	kamon-system-metrics_2.13	2.5.12		99b56aee8dc336a3e189fc777541bc6a62f150ae
io.kamon	kamon-system-metrics_2.13	2.5.2		921cbf3ddff3c5f17fca6facb816451679063982
io.kamon	kamon-system-metrics_2.13	2.5.3		d4d9b02b917fc8a6b4f09e0921a8d7faf33ee14d
io.kamon	kamon-system-metrics_2.13	2.5.4		f3169b39a729ff35af2d15713d1ff474aa5e27d9
io.kamon	kamon-system-metrics_2.13	2.5.5		0d23e83a27685a21e56bc680123f3b034817fc89
io.kamon	kamon-system-metrics_2.13	2.5.6		44fa440ac1164092773bd25a3a13e45c8e210c1c
io.kamon	kamon-system-metrics_2.13	2.5.7		acce6d1d24c42e8090057f3cfc5f653ac7e2fcc2
io.kamon	kamon-system-metrics_2.13	2.5.8		7fa6ba3a13fb46f698c5e0288c1fff586a8a06c4
io.kamon	kamon-system-metrics_2.13	2.5.9		4555f6ba33b7d25fac3e44414c12d2e68191a1f3
io.kamon	kamon-system-metrics_2.13	2.6.0		64eac19b1a0d0c5aee674d77f825687cda26584e
io.kamon	kamon-system-metrics_2.13	2.6.1		e33d984a888807071edfaf96f88b510e65a9c7e4
io.kamon	kamon-system-metrics_2.13	2.6.3		7f1d8b872000f338fce687edda578efde24a54b5
io.kamon	kamon-system-metrics_2.13	2.6.4		4f0734543fd5fb990902bcd520c5267848f99569
io.kamon	kamon-system-metrics_2.13	2.6.5		3c00c774108b02ca1623480783104a0ec16e21dd
io.kamon	kamon-system-metrics_2.13	2.6.6		fa30207937eafbc166906aeb682ee058d1610e59
io.kamon	kamon-system-metrics_2.13	2.7.0		2d62ec0fdbeac04b82d7b4c9815b26c0fbcbd4b5
io.kamon	kamon-system-metrics_2.13	2.7.1		16740cbd9c4188fa9a0140c2c87e003755e72696
io.kamon	kamon-system-metrics_2.13	2.7.2		460b8796ab9b20d9c67d6d51cbbd7b6f67603dc5
io.kamon	kamon-system-metrics_2.13	2.7.3		35ce4d196eb6dc760e11d7771280e17006192204
io.kamon	kamon-system-metrics_2.13	2.7.4		e40e6383986536ba139a813c6dec5cd00c68b933
io.kamon	kamon-system-metrics_2.13	2.7.5		3ba1bd2b39cd9009a4a2dedb2f9836c2c31c7cd2
io.kamon	kamon-system-metrics_2.13	2.7.6		10e27ff7b505facfcc1863f2ef2bd1dcea574e41
io.kamon	kamon-system-metrics_2.13	2.7.7		69859cca4a81f067f19e384e665d07ebe260783e
io.opentelemetry.android	core	0.10.0-alpha		N/A
io.opentelemetry.android	core	0.11.0-alpha		N/A
io.opentelemetry.android	core	0.7.0-alpha		N/A
io.opentelemetry.android	core	0.8.0-alpha		N/A
io.opentelemetry.android	core	0.9.0-alpha		N/A
io.opentelemetry.android	core	0.9.1-alpha		N/A
io.resys.hdes	hdes-client-api	3.1.2		8e0c3dac646d2d986f8631675d1bddf4840aa34e
io.resys.hdes	hdes-client-api	3.1.3		a5e93fda30153c6ab3739eea1ff8eb048c3b36bd
io.resys.hdes	hdes-client-api	3.1.4		3b87dd827d7af05dbf90e88b2ebf5481199912cd
io.resys.hdes	hdes-client-api	3.1.5		fbb7dca0e47987eef4e4fafb0663787d38c89a1e
io.resys.hdes	hdes-client-api	3.1.6		cf786067da40e0fcd2d9219c2e4d4064c75a4896
io.resys.hdes	hdes-client-api	3.1.7		ef95bc4e41afa3d977b43e08eeaa963b85f2aab9
io.resys.hdes	hdes-client-api	3.1.8		9d407b5dfff262ac1836f86af49dd6476358cd55
io.resys.hdes	hdes-client-api	3.1.9		d089208f9f8f4a1c3df2fa8572979afbe6336aff
io.resys.hdes	hdes-client-api	3.110		eeff21ad5384647040022ca3ac853f9a9a8b9964
io.resys.hdes	hdes-client-api	3.112		aac68bd40d6b45153f8f97fcac05b47b7c7b0bf5
io.resys.hdes	hdes-client-api	3.115		0ccc832affcccb67cbbb02fcdcc825736c195850
io.resys.hdes	hdes-client-api	3.116		7b72075f9acf28787b0adc2c1f57ba1e2b7fb198
io.resys.hdes	hdes-client-api	3.117		67ceeb209b34d0ed5494e19ec425e4cb51fb4e36
io.resys.hdes	hdes-client-api	3.118		81358b52754b01ed87855391f93b5138aedf4820
io.resys.hdes	hdes-client-api	3.119		43d02f1d5a5c649a7baa0043f7429ba9ac754e28
io.resys.hdes	hdes-client-api	3.120		6c06ebfef0f6cbab2d35a712e13cae94ff4e809a
io.resys.hdes	hdes-client-api	3.121		e171e9b77d0773d3c50107d550784e7fcbd1537d
io.resys.hdes	hdes-client-api	3.122		79dae4770dcfec47c6d76e401e5181d9f88a81e2
io.resys.hdes	hdes-client-api	3.123		89cc26757770c0cd20127211386a245ae8dbed64
io.resys.hdes	hdes-client-api	3.124		68a909fe2480f7cd4bab17d23d1d22a749f31e58
io.resys.hdes	hdes-client-api	3.125		f88dd354cc7981619af565e96506a47af3fcb19d
io.resys.hdes	hdes-client-api	3.126		beadc9de1820d97923510f3de178169583fb4e93
io.resys.hdes	hdes-client-api	3.127		776c4001e2b34002f221162ade10643cc9ca4ec9
io.resys.hdes	hdes-client-api	3.128		160d8bd8b21322923dd6bb5d761fc5ffe52151ff
io.resys.hdes	hdes-client-api	3.130		161f99a2d4b335b78b1eaddbe8d3c7e890c157ca
io.resys.hdes	hdes-client-api	3.130.10		45f81a4ce17bca61c001cdf413ce348e43c154d6
io.resys.hdes	hdes-client-api	3.130.11		083a8c50ee15249dff5760d61cea0cfe375dbdc7
io.resys.hdes	hdes-client-api	3.130.12		7b04e7925d40a45a5825f1b581b5163b74d3c062
io.resys.hdes	hdes-client-api	3.130.13		c1e189cbecb9511abddcafe3f64d9840d54dbb44
io.resys.hdes	hdes-client-api	3.130.14		02a62ba5a0c2ba566b9f3648f7c5d0e7419033b4
io.resys.hdes	hdes-client-api	3.130.15		fd18dca969d66d7da044712ba9be2cc1ad80ec04
io.resys.hdes	hdes-client-api	3.130.16		05fb2620906316b864ed2775acb102d02b618b1c
io.resys.hdes	hdes-client-api	3.130.17		7bbc4c3a0851529e611fb0b7e93c1adfebf77f55
io.resys.hdes	hdes-client-api	3.130.19		eb960e99c78eb9ad19f0f472741dda95db0244cb
io.resys.hdes	hdes-client-api	3.130.2		852a86b9a80a41e4c299792da0c7e6dddf191e02
io.resys.hdes	hdes-client-api	3.130.22		0fb8bf322633a821a2009b612bad7a643508d063
io.resys.hdes	hdes-client-api	3.130.3		3d0a5655b4b1d1550506799f9809a1f6c4caf0a9
io.resys.hdes	hdes-client-api	3.130.4		f0c09169c8377c8e4f6fa8606b5900b304298348
io.resys.hdes	hdes-client-api	3.130.5		78659fd789eaeb9821abc3c640f4f906c1cbae0d
io.resys.hdes	hdes-client-api	3.130.51		8273423a6d09d1c46d601195a9a2a42b9a8329f2
io.resys.hdes	hdes-client-api	3.130.52		74da15503146993baf9f294d2fd804c3d692eb4a
io.resys.hdes	hdes-client-api	3.130.53		e209295d388b04d8f7d90514372cba06cd006c85
io.resys.hdes	hdes-client-api	3.130.54		830eb9370164b5cb2f093ee80d644f50cc06662b
io.resys.hdes	hdes-client-api	3.130.55		d182ace0ca60c6a56ade885663b7a83c8fe212be
io.resys.hdes	hdes-client-api	3.130.56		4539a3bd5c4dd1bcd8f8512f8e2890b3698f1698
io.resys.hdes	hdes-client-api	3.130.57		6b1658a01236fd2c9811e5a807fe8e2229a77cd3
io.resys.hdes	hdes-client-api	3.130.58		627f4244d0e8e1799393c0a83679a132c1d43190
io.resys.hdes	hdes-client-api	3.130.59		4c8b61cc9bc9bcf48d725dba6386861252660457
io.resys.hdes	hdes-client-api	3.130.6		1f39dea8eb5e34578c6e3845c3d1e07144337f85
io.resys.hdes	hdes-client-api	3.130.60		b73ffd8ea878d437fad08f2f3c2e2b1085921706
io.resys.hdes	hdes-client-api	3.130.61		44ff57d7ba39310887b233ccf521162231dd1edf
io.resys.hdes	hdes-client-api	3.130.62		a37723d86ac8ab1d91e5b769c7529901bc8c1ba5
io.resys.hdes	hdes-client-api	3.130.63		a583b38d8f37504eb78a46f8dc38657bc5f2f512
io.resys.hdes	hdes-client-api	3.130.65		08a36785e617603564a2efe9645e3eb773efe532
io.resys.hdes	hdes-client-api	3.130.7		a217781522fa65c069c25539ea254aa591724d66
io.resys.hdes	hdes-client-api	3.130.74		eb9f2e98772b928e0dbc3534809f743eb4cca5ff
io.resys.hdes	hdes-client-api	3.130.75		7e5779b865f390912b7d95c97bd6496b1c7272e7
io.resys.hdes	hdes-client-api	3.130.76		b07cdce6bd5990bc362c7d93e025d85c49074ef2
io.resys.hdes	hdes-client-api	3.130.77		1d16c8e742799306fc6f86dacc007b85de309525
io.resys.hdes	hdes-client-api	3.130.78		c82044e526304cb5e6a8805ddb4d72559320f254
io.resys.hdes	hdes-client-api	3.130.8		94ddc70e03ce5499a9adaf9670643dedcc2b9138
io.resys.hdes	hdes-client-api	3.130.9		403fba5955658036bfb23aaf93c3a515d0c276f2
kr.junhyung	pluginjar-core	0.0.1		a3de376a12231f803b0b162abfedc157b6b230fa
kr.junhyung	pluginjar-core	0.0.2		0b1187f1b439a8e94d44e0aae6b2644d36ac81d0
kr.junhyung	pluginjar-core	0.0.3		3dd69dc741c264f4ffabbc3fedc39c1334846409
kr.junhyung	pluginjar-core	0.0.4		a9a8bbbded3d7ad957b8bc641bccd0f907e0cc29
kr.junhyung	pluginjar-core	0.0.5		e61f18fc9c59a02ece152da98bf3553fcef11b3e
kr.junhyung	pluginjar-core	0.0.6		b55ac6b5ff096b8f3bb507c9cd1f997f73f2384c
kr.junhyung	pluginjar-core	0.0.7		bf2e8e96f009d96f66d17d81280cf68fe10246c8
love.forte.simbot.component	simbot-component-qq-guild-api-jvm	3.0.0.0-alpha.4		ee018191d4792b455c53168d5f5f7d1a2c6fda05
love.forte.simbot.component	simbot-component-qq-guild-api-jvm	3.0.0.0-alpha.5		a3f24f73411684331b2eb5e497df92a4afc961cd
love.forte.simbot.component	simbot-component-qq-guild-api-jvm	3.0.0.0-alpha.6		55f928f7505f67d111c383b29b403ddf16892014
love.forte.simbot.component	simbot-component-qq-guild-api-jvm	3.0.0.0-alpha.7		26b97799c86d1f42c83e851ed383d3d41857af09
love.forte.simbot.component	simbot-component-qq-guild-api-jvm	3.0.0.0-alpha.8		75e736b26bad6cffe3c82db2cef200eb1dac2ba8
love.forte.simbot.component	simbot-component-qq-guild-api-jvm	3.1.0.0-alpha.9		b66bacb71b63d754d2cb3c0b33dad076c0c44778
love.forte.simbot.component	simbot-component-qq-guild-api-jvm	3.2.0.0		0657dda74d1b44e322e288c253bb468cabbf19d9
love.forte.simbot.component	simbot-component-qq-guild-api-jvm	3.2.0.0-alpha.10		b66bacb71b63d754d2cb3c0b33dad076c0c44778
love.forte.simbot.component	simbot-component-qq-guild-api-jvm	3.2.0.0-beta.1		b66bacb71b63d754d2cb3c0b33dad076c0c44778
love.forte.simbot.component	simbot-component-qq-guild-api-jvm	3.2.0.0-beta.2		0657dda74d1b44e322e288c253bb468cabbf19d9
love.forte.simbot.component	simbot-component-qq-guild-api-jvm	4.0.0		65b1630e3e6bcfece2959e3313cb61cd38cd58ad
love.forte.simbot.component	simbot-component-qq-guild-api-jvm	4.0.0-beta1		bc1e1d1c9441368554d9226e46c321be0789f70d
love.forte.simbot.component	simbot-component-qq-guild-api-jvm	4.0.0-beta10		722d28695765759a869dcb23d6a542b5f6f4b009
love.forte.simbot.component	simbot-component-qq-guild-api-jvm	4.0.0-beta11		7dc94164139d5c5a08751cdb1c357568cf3d1a07
love.forte.simbot.component	simbot-component-qq-guild-api-jvm	4.0.0-beta2		c76bf7ebb227cebf021b9e7ee6e48e36daf3864e
love.forte.simbot.component	simbot-component-qq-guild-api-jvm	4.0.0-beta3		4d0eae82a9afd037167b5343ad8cd793b455e72c
love.forte.simbot.component	simbot-component-qq-guild-api-jvm	4.0.0-beta4		68166e75787081bfece9e560b4ab41c544b6332b
love.forte.simbot.component	simbot-component-qq-guild-api-jvm	4.0.0-beta5		880db009f6a79a45a15089025395f54e85928dae
love.forte.simbot.component	simbot-component-qq-guild-api-jvm	4.0.0-beta6		81e48bc440c992e3e3584f857c63ef6c7c8323e2
love.forte.simbot.component	simbot-component-qq-guild-api-jvm	4.0.0-beta7		98247117a9e30aa8546b0bb986a0e71f5def9a64
love.forte.simbot.component	simbot-component-qq-guild-api-jvm	4.0.0-beta8		98247117a9e30aa8546b0bb986a0e71f5def9a64
love.forte.simbot.component	simbot-component-qq-guild-api-jvm	4.0.0-beta9		eb3afe0655eea9e6258fdf255425a38b746cbd5c
love.forte.simbot.component	simbot-component-qq-guild-api-jvm	4.0.0-dev1		d54f4a16727f1ca5f1d4ccced852852a753b0550
love.forte.simbot.component	simbot-component-qq-guild-api-jvm	4.0.0-dev2		d54f4a16727f1ca5f1d4ccced852852a753b0550
love.forte.simbot.component	simbot-component-qq-guild-api-jvm	4.0.0-dev3		bc5ac9c1a2ecabea26d6d5ed9fa358c22a53efeb
love.forte.simbot.component	simbot-component-qq-guild-api-jvm	4.0.0-dev4		bc5ac9c1a2ecabea26d6d5ed9fa358c22a53efeb
love.forte.simbot.component	simbot-component-qq-guild-api-jvm	4.0.0-dev5		6957abfb93ef0f9871a7f79aa705a8e732123e5b
love.forte.simbot.component	simbot-component-qq-guild-api-jvm	4.0.0-dev6		831f69f90ed95dfd008aa96a60292822154806ad
love.forte.simbot.component	simbot-component-qq-guild-api-jvm	4.0.0-dev7		91bfd2a722c2e951f3d8c0456252a65ae7a57462
love.forte.simbot.component	simbot-component-qq-guild-api-jvm	4.0.0-dev8		afd9fd201314dc95353e4f4372d63dbccccc2bb3
love.forte.simbot.component	simbot-component-qq-guild-api-jvm	4.0.1		65b1630e3e6bcfece2959e3313cb61cd38cd58ad
love.forte.simbot.component	simbot-component-qq-guild-api-jvm	4.0.2		0f3579362171df271953eefb678933e3c89a78ec
love.forte.simbot.component	simbot-component-qq-guild-api-jvm	4.1.0		9201c15ea11b0a970c1993530d0033027745b6ae
love.forte.simbot.component	simbot-component-qq-guild-api-jvm	4.1.1		45877ca187841adad1740ae07d6f207b52e52928
love.forte.simbot.component	simbot-component-qq-guild-api-jvm	4.1.2		45877ca187841adad1740ae07d6f207b52e52928
love.forte.simbot.component	simbot-component-qq-guild-api-jvm	4.1.3		e2b7d65aaa5f71e326d5e4c991feec5a0ed02683
love.forte.simbot.component	simbot-component-qq-guild-api-jvm	4.1.4		eb6e685567c276dea66d1408fcb69475d30a3bde
net.guerlab	guerlab-spring-redis-starter	0.2.0		3bf3421c6708cf6279e3b5c8473c6374411ff1d8
net.guerlab	guerlab-spring-redis-starter	0.3.0		d323255fd326e5104467001ec30824f516ed9778
net.guerlab	guerlab-spring-redis-starter	0.3.1		236193eea6921a3d3233724115a585ae382b82ea
net.guerlab	guerlab-spring-redis-starter	0.3.2		f970454b5e7d6530140345436075abe385746845
net.guerlab	guerlab-spring-redis-starter	0.3.3		e17492416c7959dccafd24f155784943367a1661
net.guerlab	guerlab-spring-redis-starter	0.3.4		3e27e660c227ccb862cdcd68cbf7542a5fcb8b4d
net.guerlab	guerlab-spring-redis-starter	0.3.5		d43b5990ceab9f66e8409a914e66456e935197f9
net.guerlab	guerlab-spring-redis-starter	0.3.6		b64ed70f028b04c28761df85fd7bd7a7a35eb3a3
net.guerlab	guerlab-spring-redis-starter	0.3.7		587830ae01a7064313e9eb89c3b29794a65a992c
net.guerlab	guerlab-spring-redis-starter	0.3.8		5b2dc641e776e6e4d00a75d3d0e95af5c43ad765
net.guerlab	guerlab-spring-redis-starter	0.4.0		9233ad50e7f6d087460540f637f91e8e22147403
net.guerlab	guerlab-spring-redis-starter	0.4.1		fceb578b9a43702166020b9b7bf1f6806e511ad0
net.guerlab	guerlab-spring-redis-starter	2.0.0		f8d02dcb36cb81fe30ab18fce7c4dcf65b287aa2
net.guerlab	guerlab-spring-redis-starter	2.0.1		bd318b731b476f36b6436900f4b3f6c465e67d8a
net.guerlab	guerlab-spring-redis-starter	2.1.0		e7b5e43f38c673831b0e090198903bc96f7850c2
net.guerlab	guerlab-spring-redis-starter	2.1.1		df7ef4f59affa4f9eaaa3717760bf8a0e3a87990
net.guerlab	guerlab-spring-redis-starter	2.1.2		f3a7fd7a44b998a281ac610012c5e7a5c2c62f69
net.guerlab	guerlab-spring-redis-starter	2.1.3		c0403bb0d2f88daab9647dcb56dec40ffc9db6fd
net.guerlab	guerlab-spring-redis-starter	2.1.4		299c8b8529ae48bf743ae911b712f1df2d1c0fce
net.guerlab	guerlab-spring-redis-starter	2.1.5		c5beaf198c55849b50de3ccab04b755b6cd60a41
net.peanuuutz	tomlkt-js	0.1.0		b2e1f99ddc80a11aa891f3130000e04185be11ba
net.peanuuutz	tomlkt-js	0.1.1		b58faef46e58e4847a27c23e5e2d28b4206ae3f2
net.peanuuutz	tomlkt-js	0.1.2		3eac9df78eaf9a82abd90576bc5dfeb10077dd7b
net.peanuuutz	tomlkt-js	0.1.3		ccda48e066c9edb19a3662c61c704ec7cd38d7bb
net.peanuuutz	tomlkt-js	0.1.4		19408a01d73907dbe17bf5eb8091e20c4262b1d1
net.peanuuutz	tomlkt-js	0.1.5		e4921ebf933188446cf5db65f102a19832845079
net.peanuuutz	tomlkt-js	0.1.6		5de861d0d28db3bb6407be691a79ae016dbc2754
net.peanuuutz	tomlkt-js	0.1.7		da8f0d8c6a68f518e372ab7ba1fa5cec8b56d6b5
net.peanuuutz	tomlkt-js	0.1.8		N/A
net.peanuuutz	tomlkt-js	0.2.0		N/A
org.apache.hadoop	hadoop-submarine-tony-runtime	0.2.0		a4474b80272e2705a730fdc60a6117958cb3373b
org.apache.servicemix.bundles	org.apache.servicemix.bundles.quartz	1.5.2_1		d6059e88dd74ffb24f5ce83a2c5f6f1f2fd9205a
org.apache.servicemix.bundles	org.apache.servicemix.bundles.quartz	1.6.1_1		09da886e33615f3a77cb493d2a3afbf3d8e2a90a
org.apache.servicemix.bundles	org.apache.servicemix.bundles.quartz	1.6.1_3		fc4308f35ac17fa1b887b9e60828248b0309fd56
org.apache.servicemix.bundles	org.apache.servicemix.bundles.quartz	1.6.1_4		98cb7dd3e666785d2ecf907b39897c8e5a8c2fdd
org.apache.servicemix.bundles	org.apache.servicemix.bundles.quartz	1.6.1_5		b4819ecc202f963c9a2d7dabe7f6c5cf8d170f3d
org.apache.servicemix.bundles	org.apache.servicemix.bundles.quartz	1.6.6_1		78e2081f71472f60736993c79eee4f2435f01f01
org.apache.servicemix.bundles	org.apache.servicemix.bundles.quartz	1.6.6_2		40401c94b95524b480151f5eddd853de125563c4
org.apache.servicemix.bundles	org.apache.servicemix.bundles.quartz	1.6.6_3		50b59a0ebf6d66d29224003e6467324d7fb00956
org.apache.servicemix.bundles	org.apache.servicemix.bundles.quartz	1.8.1_1		ce5616a25c602257a17c8ff5a9f9c63f24b18f28
org.apache.servicemix.bundles	org.apache.servicemix.bundles.quartz	1.8.1_2		ca64bf517e6214753cce4e6cd870e630f2a9c2f5
org.apache.servicemix.bundles	org.apache.servicemix.bundles.quartz	1.8.2_1		fd16c08984a74af731ba97f9eb1591c2a7c44bf3
org.apache.servicemix.bundles	org.apache.servicemix.bundles.quartz	1.8.2_2		669cc12189987b93d5da1d14124ba43aab495ab7
org.apache.servicemix.bundles	org.apache.servicemix.bundles.quartz	1.8.3_1		7547c54b4a7ac93b64df7424255be44036b78da2
org.apache.servicemix.bundles	org.apache.servicemix.bundles.quartz	1.8.3_2		2c8099dc51c0be84818159d87e0edcc5f83a402e
org.apache.servicemix.bundles	org.apache.servicemix.bundles.quartz	1.8.3_3		7c16e81c744297da517b61a89a481ff35bfb3af2
org.apache.servicemix.bundles	org.apache.servicemix.bundles.quartz	1.8.4_1		883d0cfb347901fc4506767093c88787d40bf192
org.apache.servicemix.bundles	org.apache.servicemix.bundles.quartz	1.8.4_2		0f02ebaee1d8ddd830ba1a0414baa3aa1a824589
org.apache.servicemix.bundles	org.apache.servicemix.bundles.quartz	1.8.5_1		0e5b5cf78b8206c6b0c09b949a8cc083908b53bb
org.apache.servicemix.bundles	org.apache.servicemix.bundles.quartz	1.8.5_2		25c6f053d8b00a35bcf4a874e82ff21ed6e7b5b3
org.apache.servicemix.bundles	org.apache.servicemix.bundles.quartz	1.8.6_1		358c07a693895db7788bd1843828c67e3e2fea03
org.apache.servicemix.bundles	org.apache.servicemix.bundles.quartz	2.0.1_1		22d0ebb687a1ef50478a2eb5aba8a527b7ff106f
org.apache.servicemix.bundles	org.apache.servicemix.bundles.quartz	2.1.0_1		73f809aa207ee40f4d3d5c86bdd2eaa66bdf4c06
org.apache.servicemix.bundles	org.apache.servicemix.bundles.quartz	2.1.2_1		2be135bdd085ff07ee5b82b88619afb7365acf10
org.apache.servicemix.bundles	org.apache.servicemix.bundles.quartz	2.1.5_1		15e95b3be6aede91962a36f4326b86750c5274da
org.apache.servicemix.bundles	org.apache.servicemix.bundles.quartz	2.1.6_1		872fab6e36f3b9986a41a502cee9d6c554e9a5e1
org.apache.servicemix.bundles	org.apache.servicemix.bundles.quartz	2.1.7_1		0ed51697f7d2fe60ebb610206ae60ea3fe1a54ae
org.apache.servicemix.bundles	org.apache.servicemix.bundles.quartz	2.2.0_1		b9ef71249ce46a8bf1092c756fac764fcc800a6f
org.apache.servicemix.bundles	org.apache.servicemix.bundles.quartz	2.2.1_1		6f69740fc230428d0e815ede398a9bbcad8d5cba
org.apache.servicemix.bundles	org.apache.servicemix.bundles.quartz	2.2.2_1		b7c846a6cccc872f4f1a1404efe2cfcae67c3386
org.apache.servicemix.bundles	org.apache.servicemix.bundles.quartz	2.2.3_1		42c130d12d6843520603c2385f57a4d411d9f59c
org.apache.servicemix.bundles	org.apache.servicemix.bundles.quartz	2.3.0_1		5669000353560b631f000b404704e6c7204911f6
org.apache.servicemix.bundles	org.apache.servicemix.bundles.quartz	2.3.0_2		e4fa59a9a742944d8bb0b17bc5832f0e8da949d4
org.apache.servicemix.bundles	org.apache.servicemix.bundles.quartz	2.3.1_1		85a972b861048a11dce01b314e88eeaf669f7883
org.apache.servicemix.bundles	org.apache.servicemix.bundles.quartz	2.3.2_1		c5d52030853858a3012810883a60d5202c9effce
org.connectorio.telemetry	model	2.5.0		62be05b310b746d3b76ea7af55c8f31ace91fd44
org.eclipse.jetty.gcloud	jetty-gcloud-memcached-session-manager	9.3.11.v20160721		fddfc94defdc7efe7e77e51739706ac9b13d3467
org.eclipse.jetty.gcloud	jetty-gcloud-memcached-session-manager	9.3.12.v20160915		0a7962448b76e0ad9b78f1fa0a818a7639343b1e
org.eclipse.jetty.gcloud	jetty-gcloud-memcached-session-manager	9.3.13.M0		09fce518b16058bbbbeb5ab6f0994b39acac0b41
org.eclipse.jetty.gcloud	jetty-gcloud-memcached-session-manager	9.3.13.v20161014		b920aebb3194db012baa80a512b122f16fe4c63a
org.eclipse.jetty.gcloud	jetty-gcloud-memcached-session-manager	9.3.14.v20161028		dc4efd206282a7ca238defdcd4fb8349cd21a14c
org.eclipse.jetty.gcloud	jetty-gcloud-memcached-session-manager	9.3.15.v20161220		68bb93fa1a1e53bfe2f2edca1ac43aa66641b919
org.eclipse.jetty.gcloud	jetty-gcloud-memcached-session-manager	9.3.16.v20170120		1f9ab1ff0ad1e0ad5969842207951fdfb875a31a
org.eclipse.jetty.gcloud	jetty-gcloud-memcached-session-manager	9.3.17.RC0		2879a7ba22473aecc3e93776a059f2db76da7b29
org.eclipse.jetty.gcloud	jetty-gcloud-memcached-session-manager	9.3.17.v20170317		7180bf1fc333bf40d8d1c2f5c68fc0e8f553d580
org.eclipse.jetty.gcloud	jetty-gcloud-memcached-session-manager	9.3.18.v20170406		23b4717829b3a91c671c319816ee0b9165544b0e
org.eclipse.jetty.gcloud	jetty-gcloud-memcached-session-manager	9.3.19.v20170502		f406661f47c41b5a997a6054f9de54cd93ae9a38
org.eclipse.jetty.gcloud	jetty-gcloud-memcached-session-manager	9.3.20.v20170531		07c26d8f0ce55bbbba82571ad7d7ccc5a6fb83c5
org.eclipse.jetty.gcloud	jetty-gcloud-memcached-session-manager	9.3.21.M0		65ffdcc477076c5a17ab9d2dcec3e22dc73b9034
org.eclipse.jetty.gcloud	jetty-gcloud-memcached-session-manager	9.3.21.RC0		318066a8bf7571c24c209ed61c16ced7ee046f20
org.eclipse.jetty.gcloud	jetty-gcloud-memcached-session-manager	9.3.21.v20170918		f77219e68c4af08f6df6e436d53c4581cf1ebb7a
org.eclipse.jetty.gcloud	jetty-gcloud-memcached-session-manager	9.3.22.v20171030		b734d7f0d378c15420f3fe0077f3afd9cd503140
org.eclipse.jetty.gcloud	jetty-gcloud-memcached-session-manager	9.3.23.v20180228		7392f9646e0c2f7c51822aebf3cb4ba4507deb55
org.eclipse.jetty.gcloud	jetty-gcloud-memcached-session-manager	9.3.24.v20180605		3f6232dbfd85adf17d41984cfb42ec2848883eac
org.eclipse.jetty.gcloud	jetty-gcloud-memcached-session-manager	9.3.25.v20180904		428bf899da408cb69692bbb2de5feed79ee75ea0
org.eclipse.jetty.gcloud	jetty-gcloud-memcached-session-manager	9.3.26.v20190403		8a71635b75ba4af29820562f831ece18067bda3d
org.eclipse.jetty.gcloud	jetty-gcloud-memcached-session-manager	9.3.27.v20190418		a406e1c408795c3a50dd13b1793d8796a85d83aa
org.eclipse.jetty.gcloud	jetty-gcloud-memcached-session-manager	9.3.28.v20191105		5d44d967cb7568f0b649f992178cedce5d78eacb
org.eclipse.jetty.gcloud	jetty-gcloud-memcached-session-manager	9.3.29.v20201019		5bbdd521562cd0ae60605aff82382c285d6e0883
org.eclipse.jetty.gcloud	jetty-gcloud-memcached-session-manager	9.3.30.v20211001		1d746c9107718a6293c52eccdcd868da4c9473bd
org.eclipse.vorto	org.eclipse.vorto.codegen.hono.python	0.10.0.M4		f0311b0bb5cb47b7c3eded4d4b6245e4181a0562
org.eclipse.vorto	org.eclipse.vorto.codegen.hono.python	0.10.0.M5		17bf3d65c178a21ddf69a13d7e3f1ae70849546a
org.eclipse.vorto	org.eclipse.vorto.codegen.hono.python	0.10.0.M6		5ecabe4f4bb52dce4258e67840d3ebc226180b91
org.eclipse.vorto	org.eclipse.vorto.codegen.hono.python	0.10.0.M7		4f60a1f7f8943bef1dbd271bac3b67013df956fa
org.finos.legend.engine	legend-engine-xt-openapi-generation	4.10.0		8528ceabdc773bce0e5e4c9e960a5a7937c05e5d
org.finos.legend.engine	legend-engine-xt-openapi-generation	4.11.0		fea97827c926edf5e57af6f4b75871eb1d9292d9
org.finos.legend.engine	legend-engine-xt-openapi-generation	4.11.1		770d3afa49d7bb9fa2a323eac375d09407dba708
org.finos.legend.engine	legend-engine-xt-openapi-generation	4.12.1		33179d9242badf3c46b78a73c66345f4e277e36f
org.finos.legend.engine	legend-engine-xt-openapi-generation	4.13.1		4306501621bc9c417dcca18172a6e0f5ace4494b
org.finos.legend.engine	legend-engine-xt-openapi-generation	4.13.2		a0ddc87fe691b91fff348eb113e48169b128fb08
org.finos.legend.engine	legend-engine-xt-openapi-generation	4.13.3		86fabb905a3d9570fe484251528d9d93db4c46eb
org.finos.legend.engine	legend-engine-xt-openapi-generation	4.14.1		bd8721eaa4d916d22bcd1fdb0ac4a40b93b230d7
org.finos.legend.engine	legend-engine-xt-openapi-generation	4.15.4		57189d547c61c598aeb2a65ce9c131511c52e242
org.finos.legend.engine	legend-engine-xt-openapi-generation	4.15.6		18509f88ec3078086342494657234c9b92818eb1
org.finos.legend.engine	legend-engine-xt-openapi-generation	4.15.7		93b775e49b17a51c2a11377b4d984f74d74e9da0
org.finos.legend.engine	legend-engine-xt-openapi-generation	4.15.8		f0b564cf0a1a8ca7c9bd3cb9cd19eb432b15a55b
org.finos.legend.engine	legend-engine-xt-openapi-generation	4.15.9		78dbe2a775e57fa87659776c4eb66b2b6c5219bb
org.finos.legend.engine	legend-engine-xt-openapi-generation	4.16.0		2bb16228112a812f4a0f9226271bfacb7687b313
org.finos.legend.engine	legend-engine-xt-openapi-generation	4.16.1		8d66cdee3a4fa24e5c6f38cf27ff4e3bfcd12f16
org.finos.legend.engine	legend-engine-xt-openapi-generation	4.17.0		38deb615b9c309cc1403c7addae3cc406458317d
org.finos.legend.engine	legend-engine-xt-openapi-generation	4.18.2		27c68af7026abd479f04bc921b80b4d89bb089ec
org.finos.legend.engine	legend-engine-xt-openapi-generation	4.18.3		e807b83facd26c5aec2b8fe200a707d272f66271
org.finos.legend.engine	legend-engine-xt-openapi-generation	4.18.4		62479b3a9c89ba264348d9871b39c6cc194e88e6
org.finos.legend.engine	legend-engine-xt-openapi-generation	4.18.5		cdf6df99bc138aa18af9f86ce46e3c8521495211
org.finos.legend.engine	legend-engine-xt-openapi-generation	4.19.0		604dc7da962672ce77745ec2b240cee5507ac4be
org.finos.legend.engine	legend-engine-xt-openapi-generation	4.20.3		e453142e77ffe10600e8baf9fc66ca9ec9de828f
org.finos.legend.engine	legend-engine-xt-openapi-generation	4.21.0		98778bf3a703f347fd0e344f5425edff38e50fd5
org.finos.legend.engine	legend-engine-xt-openapi-generation	4.21.1		a219f5acfb22bda700e1ca830f23cb26bfde3d54
org.finos.legend.engine	legend-engine-xt-openapi-generation	4.22.0		75d543c694d2b628730535f2c9e302db061eb0db
org.finos.legend.engine	legend-engine-xt-openapi-generation	4.22.1		e0e5f5982ff66a452666be826a394425448d8ba9
org.finos.legend.engine	legend-engine-xt-openapi-generation	4.23.0		62cdef64c97685427a0aed8b446ed7b820fda77d
org.finos.legend.engine	legend-engine-xt-openapi-generation	4.24.0		23df3525dc5b6d2dd039df9b4e6969dc73e9b7c4
org.finos.legend.engine	legend-engine-xt-openapi-generation	4.25.0		852770cc2d6133130dd90795b028ea30f49061e3
org.finos.legend.engine	legend-engine-xt-openapi-generation	4.25.1		3aa95f5767a2622d0272f4ffb11835bdf9013fad
org.finos.legend.engine	legend-engine-xt-openapi-generation	4.25.2		dadbac05ed27d84602befa19f92183466f7edf1d
org.finos.legend.engine	legend-engine-xt-openapi-generation	4.26.0		f83b15f5f3f04611b7f49074d80779bb00bb86b7
org.finos.legend.engine	legend-engine-xt-openapi-generation	4.26.3		9a10b0b997eb4d8f7867b77b95de724a864ef1bb
org.finos.legend.engine	legend-engine-xt-openapi-generation	4.26.4		765d88b6a30c61a2566e760f12070b44277ceb1b
org.finos.legend.engine	legend-engine-xt-openapi-generation	4.26.5		270375767dad4ef28f10cf390d6c9434be2d36ee
org.finos.legend.engine	legend-engine-xt-openapi-generation	4.26.6		570f75cdab4a61a3306d201fe0449a974f534f50
org.finos.legend.engine	legend-engine-xt-openapi-generation	4.27.0		c38590b1c99487895adb56f63c6e21ed4a3886b5
org.finos.legend.engine	legend-engine-xt-openapi-generation	4.27.1		9b077cfb58ce65a857efbe04cdbb8ab48c48ea52
org.finos.legend.engine	legend-engine-xt-openapi-generation	4.28.0		341ddd41104a9a76d08d7ee80fe4902e984c4116
org.finos.legend.engine	legend-engine-xt-openapi-generation	4.28.1		f2b91709013ebf369396c8eba16a2a65be7d6b6e
org.finos.legend.engine	legend-engine-xt-openapi-generation	4.28.2		436feb437c32252eb82aae800655f88c63c74936
org.finos.legend.engine	legend-engine-xt-openapi-generation	4.29.0		e3999d7633a6265fbbe5396f680eb17b8cb19a54
org.finos.legend.engine	legend-engine-xt-openapi-generation	4.29.1		3dffeed9880c4679810c732685c1071c27926a2c
org.finos.legend.engine	legend-engine-xt-openapi-generation	4.30.0		4d018b2485a313468aec98cc0d758eae2605b7f5
org.finos.legend.engine	legend-engine-xt-openapi-generation	4.30.1		ef940da40f9138afcef6c533caf2ae7f1d7765a0
org.finos.legend.engine	legend-engine-xt-openapi-generation	4.30.2		40eef1f5737d4a7673476f78021683fc8dbca1c3
org.finos.legend.engine	legend-engine-xt-openapi-generation	4.30.3		5a5b577dea4150cfb3a2ca63c0c1b193633ee0a6
org.finos.legend.engine	legend-engine-xt-openapi-generation	4.31.1		403ec9c4e775cbfe1257088c80649c3b8839e392
org.finos.legend.engine	legend-engine-xt-openapi-generation	4.31.2		dd5ece4ca495a637ba4f1cbc0c6feee132aa71f5
org.finos.legend.engine	legend-engine-xt-openapi-generation	4.31.3		957d4855a5214790ce74a62f8d77a8a67dc36ea8
org.finos.legend.engine	legend-engine-xt-openapi-generation	4.32.0		c86d6d2afe8a6328fff82f00aeb53e9f1898ca68
org.finos.legend.engine	legend-engine-xt-openapi-generation	4.32.1		891ed8b6443ef8e081bb94f43e86ca0e0f8669f4
org.finos.legend.engine	legend-engine-xt-openapi-generation	4.32.2		75964ff94baa413fa42f899c02a36b00a8ac5a13
org.finos.legend.engine	legend-engine-xt-openapi-generation	4.33.0		b2c05cda68c5f38fe15c36940cdbb28e74b8e3f7
org.finos.legend.engine	legend-engine-xt-openapi-generation	4.33.3		f06e8e02b5772c933f375ac44832799b3f3150a2
org.finos.legend.engine	legend-engine-xt-openapi-generation	4.33.5		817350aebe17db5b15b94784972b53ebd421b754
org.finos.legend.engine	legend-engine-xt-openapi-generation	4.33.6		6f1b850a31cea486850fce55eea3a82444dab440
org.finos.legend.engine	legend-engine-xt-openapi-generation	4.34.0		47fd0b092a4059470f527581e9b3fdf87460d50a
org.finos.legend.engine	legend-engine-xt-openapi-generation	4.35.0		3913704cefa2a93e7e023330c76bcf2f665614fb
org.finos.legend.engine	legend-engine-xt-openapi-generation	4.35.1		f62c8878b46a6c327804d24256d2f256a6715d87
org.finos.legend.engine	legend-engine-xt-openapi-generation	4.35.2		32401aed694b89cff8358bd8bee8a27261e446b9
org.finos.legend.engine	legend-engine-xt-openapi-generation	4.35.3		504f0da6fefd1f6750e271b8bc40642abe118ba7
org.finos.legend.engine	legend-engine-xt-openapi-generation	4.35.4		9f622a8570de11e56320da3770259fa64ed6e125
org.finos.legend.engine	legend-engine-xt-openapi-generation	4.35.5		1197875ed84f69be7bd816aa276891bf6361c8ef
org.finos.legend.engine	legend-engine-xt-openapi-generation	4.36.0		621f1e762a79c4dcaa0ea72da52564f91a183ae1
org.finos.legend.engine	legend-engine-xt-openapi-generation	4.37.0		c4cee5fe1e8c541eb5e072534c05d1186717a9fe
org.finos.legend.engine	legend-engine-xt-openapi-generation	4.37.1		c7c95794aaa9aaaca42e009be0a7e14b5267b970
org.finos.legend.engine	legend-engine-xt-openapi-generation	4.37.2		9d0d63b4cee45e51848f8b05b08e825fb64c3d35
org.finos.legend.engine	legend-engine-xt-openapi-generation	4.37.7		6010dc862450a259ef2b934d6bb5fd83ab3572bb
org.finos.legend.engine	legend-engine-xt-openapi-generation	4.37.8		5bd4cf0c094d927b4f7c3aa1312b76e1f8603470
org.finos.legend.engine	legend-engine-xt-openapi-generation	4.38.0		0be5814821814e4da780b3075f4c1a737b4ae7a9
org.finos.legend.engine	legend-engine-xt-openapi-generation	4.38.1		b578ea5b1d501d8e9895d44524f0c4222e430c23
org.finos.legend.engine	legend-engine-xt-openapi-generation	4.38.2		cc07304b64f8f67fa20b63ed23327999883f1289
org.finos.legend.engine	legend-engine-xt-openapi-generation	4.38.3		8ee9fa0960e9f7b3783c0c6eae38180a307dd764
org.finos.legend.engine	legend-engine-xt-openapi-generation	4.38.4		1f1c5de99b3b7fa971ca1842adc94e469f379f21
org.finos.legend.engine	legend-engine-xt-openapi-generation	4.39.0		3e09ac2503a043e7c8305325844545239abf713f
org.finos.legend.engine	legend-engine-xt-openapi-generation	4.39.1		2c4f46ada9f221c18e38f6cd15f092861121fb10
org.finos.legend.engine	legend-engine-xt-openapi-generation	4.40.0		8dc4b9759eabd3b15e08ae622fe4701808900c0d
org.finos.legend.engine	legend-engine-xt-openapi-generation	4.40.3		a301a74287832abf4626fc6dc5bb8800abdfadc3
org.finos.legend.engine	legend-engine-xt-openapi-generation	4.41.0		92e35e86f623cfda9712a275755834cce8aad776
org.finos.legend.engine	legend-engine-xt-openapi-generation	4.42.0		d09c4fd6af55a654eda514e0928af52ef9fa5688
org.finos.legend.engine	legend-engine-xt-openapi-generation	4.42.1		9fe1652aefc95132634501ff0bd3bc922b617894
org.finos.legend.engine	legend-engine-xt-openapi-generation	4.42.2		4ae925883600dabe68ae2037c1d77581580cf49b
org.finos.legend.engine	legend-engine-xt-openapi-generation	4.42.3		5fdadfcd008364f3fd074539c2db449b24e49e62
org.finos.legend.engine	legend-engine-xt-openapi-generation	4.42.4		ac7c8472ed9d7a590b8eae42e84162658fc4809f
org.finos.legend.engine	legend-engine-xt-openapi-generation	4.42.5		ed3a37749266880390febb150cd406f4691d7a50
org.finos.legend.engine	legend-engine-xt-openapi-generation	4.42.6		fa6e3a1e92a4f3d62b3d2c3f66f2b105c0b175e4
org.finos.legend.engine	legend-engine-xt-openapi-generation	4.43.0		603b122c95ee04ff04dd1dee707c1ae033623bfd
org.finos.legend.engine	legend-engine-xt-openapi-generation	4.43.1		0c13d2c0ca625eaeb2674d6a47f563beacf26499
org.finos.legend.engine	legend-engine-xt-openapi-generation	4.43.2		bdc8d30e0d1b51ed74d5f032b146344d3edd2aba
org.finos.legend.engine	legend-engine-xt-openapi-generation	4.43.3		03d73e0193a8cd03a92fc81f58eb5734f0aa4792
org.finos.legend.engine	legend-engine-xt-openapi-generation	4.43.4		39cc7d5c7686cf111e2be47c2d2572abea81f94e
org.finos.legend.engine	legend-engine-xt-openapi-generation	4.44.0		c0b38396c429e401db50e6d0ce0d42154c2b03b1
org.finos.legend.engine	legend-engine-xt-openapi-generation	4.44.1		80a3f5de925c6e96115f35e8ef5f73653038abe8
org.finos.legend.engine	legend-engine-xt-openapi-generation	4.44.2		69a32f3f549ed32f18c8391a60dd6d246e983320
org.finos.legend.engine	legend-engine-xt-openapi-generation	4.44.3		6dee52652ed9f25508451f2f940b8335a4ff17df
org.finos.legend.engine	legend-engine-xt-openapi-generation	4.45.0		83d5ddedbe78942cf73eda9391ff623d63d99bab
org.finos.legend.engine	legend-engine-xt-openapi-generation	4.45.1		595cf6881554aa64bf89731459516cceda742b10
org.finos.legend.engine	legend-engine-xt-openapi-generation	4.45.2		381382ba548ea6618b02f2f13d48e03c3a701f24
org.finos.legend.engine	legend-engine-xt-openapi-generation	4.46.0		1d7c9ab9679b779c536c974a91c33220e567c60e
org.finos.legend.engine	legend-engine-xt-openapi-generation	4.46.1		125482f45d9d0a492a6aefd76e44700acf1faed8
org.finos.legend.engine	legend-engine-xt-openapi-generation	4.46.2		72702f65ca4455dc7fe1885af2dae557da6fbd3d
org.finos.legend.engine	legend-engine-xt-openapi-generation	4.47.0		88d3fbe4645f318f013a0246e848e1fb5f926389
org.finos.legend.engine	legend-engine-xt-openapi-generation	4.47.1		2ba05c7958b76687e138b6065d0e5a001c7689a2
org.finos.legend.engine	legend-engine-xt-openapi-generation	4.47.2		72317a4e9e20b62385f0b1e1e5439d64be2279bd
org.finos.legend.engine	legend-engine-xt-openapi-generation	4.47.3		3680b0ae60bc8d296fbb66d6c6f09fb88afd17da
org.finos.legend.engine	legend-engine-xt-openapi-generation	4.48.0		4801df7061fa1ca151fcb18c8486891c464ad29d
org.finos.legend.engine	legend-engine-xt-openapi-generation	4.48.1		462e307af913b8c94a627d05f9bf7ac091b53a57
org.finos.legend.engine	legend-engine-xt-openapi-generation	4.48.2		11af65445e65bd3fc29dc7982c08c16c0cb96ef0
org.finos.legend.engine	legend-engine-xt-openapi-generation	4.49.0		27fd7cc933a734f2a07111f3f12ea534751f0a1e
org.finos.legend.engine	legend-engine-xt-openapi-generation	4.49.1		580fab3c7bdeaa4886f25363a7daf0cf346ecffc
org.finos.legend.engine	legend-engine-xt-openapi-generation	4.50.0		851b12daff152c194efbd5edd6be3275c7220980
org.finos.legend.engine	legend-engine-xt-openapi-generation	4.50.1		2de7fc76fc3868807ebb7d83269b582c1b79538b
org.finos.legend.engine	legend-engine-xt-openapi-generation	4.51.1		b8e1db0fa0f98d4348251eb01e13acbc248a263a
org.finos.legend.engine	legend-engine-xt-openapi-generation	4.52.0		2829e33cc4d59359212576850bce7ec624a3ccfb
org.finos.legend.engine	legend-engine-xt-openapi-generation	4.52.1		ea90f1ef25d15770ea240638fdb50e1ddf374e18
org.finos.legend.engine	legend-engine-xt-openapi-generation	4.53.0		deb017adaa191655a44c70dfa6de97aa167f1a54
org.finos.legend.engine	legend-engine-xt-openapi-generation	4.53.3		88206d4c2ccedabbb8852b8c497993b9dec6d244
org.finos.legend.engine	legend-engine-xt-openapi-generation	4.53.5		5644ff0814458dec2fabca4f529616ecb9cd297d
org.finos.legend.engine	legend-engine-xt-openapi-generation	4.53.8		d87891fa449aae8e32945a1088f3d4b51147c9bd
org.finos.legend.engine	legend-engine-xt-openapi-generation	4.54.0		8bc25583bc44780bcfef3f34c08fbe498018191d
org.finos.legend.engine	legend-engine-xt-openapi-generation	4.54.1		ef58b8723f2259dfe6130a68c3d5534716f1d062
org.finos.legend.engine	legend-engine-xt-openapi-generation	4.55.0		d659bce020ef908ef730b7e51d935020fc3e112e
org.finos.legend.engine	legend-engine-xt-openapi-generation	4.55.1		d45bb4ade3b59a18529ebce443e6fc95fd64e099
org.finos.legend.engine	legend-engine-xt-openapi-generation	4.55.2		994066310c0960bf5ed1583c02ae6d902fea33d7
org.finos.legend.engine	legend-engine-xt-openapi-generation	4.55.3		6bd67f2ad6799ae6393ae74d74bfbd4ad4eab3cb
org.finos.legend.engine	legend-engine-xt-openapi-generation	4.55.4		35e7e71649153b5cd91bdee8c7d4219ca09a3f4d
org.finos.legend.engine	legend-engine-xt-openapi-generation	4.56.0		acf867d666e154278a1ada8f4648adc3074aaa34
org.finos.legend.engine	legend-engine-xt-openapi-generation	4.57.0		c9fc0e985bf8ce4c97bb07ff2520aea524f09a37
org.finos.legend.engine	legend-engine-xt-openapi-generation	4.57.1		6cdb1e676a99ffcb6245153d39e1ca6a7c53397c
org.finos.legend.engine	legend-engine-xt-openapi-generation	4.58.0		8dd7a78d8061f1a89ad370578404709eaa9ee59d
org.finos.legend.engine	legend-engine-xt-openapi-generation	4.58.1		b1bce6264bcca4c55454ed161792d914c964d865
org.finos.legend.engine	legend-engine-xt-openapi-generation	4.59.0		dc5eb0c7a451216bd8e5df639ead3abe3f40b055
org.finos.legend.engine	legend-engine-xt-openapi-generation	4.60.0		f233095c27d2cd2c078cee0c4ff4f7d066be2c71
org.finos.legend.engine	legend-engine-xt-openapi-generation	4.61.0		20e2e35c377ec51e66775da3f86dff343574d658
org.finos.legend.engine	legend-engine-xt-openapi-generation	4.62.0		2658118c1d97c62727f36cc4683e6d7de49327af
org.finos.legend.engine	legend-engine-xt-openapi-generation	4.62.1		41b8c444e29ee42108ee16786c38b51c618c83bb
org.finos.legend.engine	legend-engine-xt-openapi-generation	4.63.0		77959bc73e20f2c66b5b3c3dce1a0b7668039cfc
org.finos.legend.engine	legend-engine-xt-openapi-generation	4.63.1		3e7eda4c9b8015c820a135f42710e064f0b2df3a
org.finos.legend.engine	legend-engine-xt-openapi-generation	4.63.2		f7e2fe5fef66673160c9663fdf23b09d4827262a
org.finos.legend.engine	legend-engine-xt-openapi-generation	4.64.0		beb0793160fb876f8a8df4b20508498c4655ba97
org.finos.legend.engine	legend-engine-xt-openapi-generation	4.64.1		cfe8fb4d4b8760faba6564d46362b755b0b0a7a0
org.finos.legend.engine	legend-engine-xt-openapi-generation	4.65.0		168cef5defdf23363f88ae78d53c76ae132daa3e
org.finos.legend.engine	legend-engine-xt-openapi-generation	4.65.2		e316f16d0ccec9a10ec3438778f451569aa4d52d
org.finos.legend.engine	legend-engine-xt-openapi-generation	4.65.3		89717d336a3cde0d637c20bf1242207c9460b7b2
org.finos.legend.engine	legend-engine-xt-openapi-generation	4.66.0		f3b20e960f50da0e06c37ac82f3b6b39a0bda183
org.finos.legend.engine	legend-engine-xt-openapi-generation	4.66.1		672b9730a5ebc3201fba16b9bdb4c16622d3eec0
org.finos.legend.engine	legend-engine-xt-openapi-generation	4.67.0		98d226fe808e1cf6e0e84a5f61beb41cf845dbb1
org.finos.legend.engine	legend-engine-xt-openapi-generation	4.67.1		c094571590950fbd00afe155631d7bc013c42584
org.finos.legend.engine	legend-engine-xt-openapi-generation	4.67.10		1f3cbe8b8e49adf17ec701e79ba66071ee3cd679
org.finos.legend.engine	legend-engine-xt-openapi-generation	4.67.11		2aa2db75ddcbb37d170c89efdb296e9673a43231
org.finos.legend.engine	legend-engine-xt-openapi-generation	4.67.12		be35913772c9a428e37af305d1e788085e21a701
org.finos.legend.engine	legend-engine-xt-openapi-generation	4.67.2		40c3337caa1604d1f11600665a213899ee06fa59
org.finos.legend.engine	legend-engine-xt-openapi-generation	4.67.3		bda3c8d0cee021152a4f8493008baaa8c1368408
org.finos.legend.engine	legend-engine-xt-openapi-generation	4.67.4		48a3d7ad6bf5c8a14ab2a306238afa21e3bd2908
org.finos.legend.engine	legend-engine-xt-openapi-generation	4.67.5		4df9637a184a282dc55d44ba0bd07b9672169c7f
org.finos.legend.engine	legend-engine-xt-openapi-generation	4.67.7		ad0996735e28db2335d4556d377dc42f04453561
org.finos.legend.engine	legend-engine-xt-openapi-generation	4.67.8		aff2e6bb5627736bf3f3e158a5e267c68a92e0ff
org.finos.legend.engine	legend-engine-xt-openapi-generation	4.67.9		0fc6240d7bfb019de902a7e54b0bef95027f0199
org.finos.legend.engine	legend-engine-xt-openapi-generation	4.68.0		5357f96841efeb1c3aa5055245d9263b501d7b89
org.finos.legend.engine	legend-engine-xt-openapi-generation	4.69.0		46b4af1e01717def35fd54499f8fcdd61b853b82
org.finos.legend.engine	legend-engine-xt-openapi-generation	4.69.1		991064cda2737568b10e31d7e4e803f7ca878bf6
org.finos.legend.engine	legend-engine-xt-openapi-generation	4.69.2		cda33ff28810b20236c70fc462a84ef99710e443
org.finos.legend.engine	legend-engine-xt-openapi-generation	4.69.3		f5c4d9ae53d240b6b54fb7a633e3b1380ecee5d5
org.finos.legend.engine	legend-engine-xt-openapi-generation	4.69.4		ac041fcfef13fbe109899fa44ea24d5a77f9fe04
org.finos.legend.engine	legend-engine-xt-openapi-generation	4.70.0		1609530b77498dd180a61728e140e4692882b637
org.finos.legend.engine	legend-engine-xt-openapi-generation	4.70.1		9c5f06a579807eea3f9b89d416dd88d6e79817de
org.finos.legend.engine	legend-engine-xt-openapi-generation	4.71.1		2fe5c975091e5026fe27e1b5fbb6d0f848dc1f3b
org.finos.legend.engine	legend-engine-xt-openapi-generation	4.72.0		5f34fcfcb0a07814cdc56818b46f40501c686155
org.finos.legend.engine	legend-engine-xt-openapi-generation	4.73.0		f117c84b5e1d664c042e52b8adefa0d28cbba179
org.finos.legend.engine	legend-engine-xt-openapi-generation	4.73.1		6779e508b1a4538b6590c039895ea89dd0507567
org.finos.legend.engine	legend-engine-xt-openapi-generation	4.74.0		5a7b7cddb804618048fda3a29ba1dd11fb7a04ba
org.finos.legend.engine	legend-engine-xt-openapi-generation	4.75.0		a359ebc0a3f28baf11fde571bc61665349dca7d9
org.finos.legend.engine	legend-engine-xt-openapi-generation	4.75.1		099a356cd5215236b20808f6c5c07eeb3dfc9ddc
org.finos.legend.engine	legend-engine-xt-openapi-generation	4.75.3		9e6245952d3e3f51b1ff34dd2fc8a3674d8c2854
org.finos.legend.engine	legend-engine-xt-openapi-generation	4.76.0		4974f77837fa0235d41cf296d1bc990701ed4d54
org.finos.legend.engine	legend-engine-xt-openapi-generation	4.77.0		2eb754a5f9a55036ad77123a03967a65a6d506d7
org.finos.legend.engine	legend-engine-xt-openapi-generation	4.77.1		f8ab0c1f769e686bf8677ae306c034edecffe13e
org.finos.legend.engine	legend-engine-xt-openapi-generation	4.78.0		959644fc5e2517dd013e6dd3a3cf82cf3686cef3
org.finos.legend.engine	legend-engine-xt-openapi-generation	4.78.1		29dfce49c5bae1b28bc6a5f630bbafe2a50d203e
org.finos.legend.engine	legend-engine-xt-openapi-generation	4.78.2		39dc31b3a8635cc659cc1af4d878aec7a6d17946
org.finos.legend.engine	legend-engine-xt-openapi-generation	4.78.3		15026fd8560a0acfe999d049e35822246acd336f
org.finos.legend.engine	legend-engine-xt-openapi-generation	4.78.6		0106e685035e119623bc0a626a102e435988af82
org.finos.legend.engine	legend-engine-xt-openapi-generation	4.79.0		9b1432f086d6c4651f114d42d45814418336b8cc
org.finos.legend.engine	legend-engine-xt-openapi-generation	4.80.0		234c219e1dcee6cc11e7c34d86e0642864075987
org.finos.legend.engine	legend-engine-xt-openapi-generation	4.81.0		ef4e06f54fccefd14e975a89a99bfb4af8daa939
org.finos.legend.engine	legend-engine-xt-openapi-generation	4.82.0		78879b1a796de937e1430adf96cba4f4f165fdc0
org.finos.legend.engine	legend-engine-xt-openapi-generation	4.83.0		6adadb8132227aed514da96735aebbecd4efbbd6
org.finos.legend.engine	legend-engine-xt-openapi-generation	4.83.1		336a0d93be6462ec500eb1044aa9136cc0fc2d84
org.finos.legend.engine	legend-engine-xt-openapi-generation	4.83.2		5018c4124b873a6ddc50cb1f580f07578ff1652c
org.finos.legend.engine	legend-engine-xt-openapi-generation	4.83.3		618650d8ff96feb6087b6ed91133f2bd1b107165
org.finos.legend.engine	legend-engine-xt-openapi-generation	4.9.0		bb54eb95a842b7676252836cd5c735982e21c750
org.flywaydb	flyway-database-db2zOS	10.15.0		31ffdfd06ac7cca7002edecd4637f204ac08a5d2
org.fujion.webjars	webjar-moment	2.22.2		0b266afd6f38aa210961ff5bcdf007f2a97f0ed0
org.fujion.webjars	webjar-moment	2.24.0		41f788efa13992f444e0d6c38d9f3d1ecf1915d2
org.fujion.webjars	webjar-moment	2.27.0		97f1494cc5cbb8a24b263867299acc8fff1fb7e9
org.fujion.webjars	webjar-moment	2.28.0		4fbd99f6e8b447a4abf506c66b78c651214a3c15
org.fujion.webjars	webjar-moment	2.29.1		d4fa4ecb03babc47a3c46424e9027fcb82978efc
org.fujion.webjars	webjar-moment	2.29.1-10		3bfc4b584046228f6c1ddd2f3933c424e7ab750f
org.fujion.webjars	webjar-moment	2.29.2		0e5d83dba4dcb136c1d61150331d4fb0200c68e1
org.fujion.webjars	webjar-moment	2.29.4		7e4ee757165649b031e57c8b2c7ee5b43da1b82d
org.fusesource.scalate	scalate-bookstore	1.0		N/A
org.fusesource.scalate	scalate-bookstore	1.0	classes	547c2c02bee05b1abfced5d49e2339aa790e2b33
org.fusesource.scalate	scalate-bookstore	1.1		N/A
org.fusesource.scalate	scalate-bookstore	1.1	classes	657f64ceb98b9b7ffffcd33544b0265fb7ecdc60
org.fusesource.scalate	scalate-bookstore	1.2		N/A
org.fusesource.scalate	scalate-bookstore	1.2	classes	eeafb5b28017ede5a2194f1f1e8b82424939a2e0
org.fusesource.scalate	scalate-bookstore	1.3		N/A
org.fusesource.scalate	scalate-bookstore	1.3	classes	200a53c8c646e5dad43ac978c1be6a1eddf3e4b9
org.fusesource.scalate	scalate-bookstore	1.3.1		N/A
org.fusesource.scalate	scalate-bookstore	1.3.1	classes	bb8cf5f8d1c5efefc77961448e21bd0799b295b9
org.fusesource.scalate	scalate-bookstore	1.3.2		N/A
org.fusesource.scalate	scalate-bookstore	1.3.2	classes	12c15690df9e653103c37309638ac5d890956dcc
org.hildan.krossbow	krossbow-stomp-default-tvossimulatorarm64	4.0.0		N/A
org.hildan.krossbow	krossbow-stomp-default-tvossimulatorarm64	4.0.0	metadata	b8135c51be7c1f9c61699c81e74fffddd9d23cf2
org.hildan.krossbow	krossbow-stomp-default-tvossimulatorarm64	4.0.1		N/A
org.hildan.krossbow	krossbow-stomp-default-tvossimulatorarm64	4.0.1	metadata	394a1bcb6225aedba0fe7b2030491f46da1a4f1d
org.hildan.krossbow	krossbow-stomp-default-tvossimulatorarm64	4.0.2		N/A
org.hildan.krossbow	krossbow-stomp-default-tvossimulatorarm64	4.0.2	metadata	351c1dbaf06859b0f99a41638a4c48f05a7b556e
org.hildan.krossbow	krossbow-stomp-default-tvossimulatorarm64	4.0.3		N/A
org.hildan.krossbow	krossbow-stomp-default-tvossimulatorarm64	4.0.3	metadata	76d5eb61f6bfcfb2ff31c07bb3391ff3867c177b
org.jasig	person-directory	1.0.0		b6219f36e534443fea3e5464e0c56790e519b8b8
org.jboss.seam.jms	seam-jms-api	3.0.0.Alpha1		e37d4eab06f6a835370878acf47b2a62b72b524b
org.kevoree.library.cloud	org.kevoree.library.cloud.lxc	3.0.0		b91746d0f166c386f21745e66d87e238d99d153e
org.kevoree.library.cloud	org.kevoree.library.cloud.lxc	3.0.1		46530ce9711386c9c859a0dbb52d3b0ea1cbe20e
org.kevoree.library.cloud	org.kevoree.library.cloud.lxc	3.0.2		2ae0b3c4123affbdfe183519a8d40d381be5c110
org.kevoree.library.cloud	org.kevoree.library.cloud.lxc	3.1.0		b1f19c16c6b07ebe001516e8c623f76582ffdc1e
org.kevoree.library.cloud	org.kevoree.library.cloud.lxc	3.1.1		68378fd683c26351cb9a8505ad96df516e9c85d2
org.kevoree.library.cloud	org.kevoree.library.cloud.lxc	3.1.2		f77b685384f4a3bc4df7776aaa33a73313a657b3
org.kevoree.library.cloud	org.kevoree.library.cloud.lxc	3.1.3		9a27291dac3de38b7dbfafe1e82e3dabd7e157f9
org.kevoree.library.cloud	org.kevoree.library.cloud.lxc	3.1.4		6e3be3acf43a9d5b64903e0fcb272b2867a77106
org.kevoree.library.cloud	org.kevoree.library.cloud.lxc	3.1.5		0610d91a88be90dc7ce286795944c43678b7dc80
org.kevoree.library.cloud	org.kevoree.library.cloud.lxc	3.4.0		13c67a60a355c175d457e5775fb5a9cb54c4bfdb
org.kevoree.library.cloud	org.kevoree.library.cloud.lxc	3.4.1		dbecace3f8cc05fa97323ee3c46d0697aad264e5
org.kevoree.library.cloud	org.kevoree.library.cloud.lxc	3.5.0		b0eb39619deba26b84e5e8a152dabc13f742ae1f
org.kevoree.library.cloud	org.kevoree.library.cloud.lxc	3.5.1		f1c91d3da491d384e8c03a09394746772cc81c95
org.kevoree.library.cloud	org.kevoree.library.cloud.lxc	3.5.2		5194b1cad3bbba8898e25efe4edcfba4cc31e395
org.kevoree.library.cloud	org.kevoree.library.cloud.lxc	3.5.3		f38950542b41ca1e780ea3a88cada5fab7fcf4ea
org.kevoree.library.cloud	org.kevoree.library.cloud.lxc	3.6.0		b42819c9081d030818a98a25f659ea506cc9ec7b
org.kevoree.library.cloud	org.kevoree.library.cloud.lxc	3.6.1		a82188e7ac84828a356c9983a163bd4c1914f97c
org.kevoree.library.cloud	org.kevoree.library.cloud.lxc	3.6.2		7ecc50ff5c1196d6336ca50c5c03fbd8bf8b1e13
org.kevoree.library.cloud	org.kevoree.library.cloud.lxc	3.6.3		72140e821ecee7b907b2c117e3e0d24500b1d263
org.kevoree.library.cloud	org.kevoree.library.cloud.lxc	3.6.4		f1ef6e27c846f349634e134cedc8e89ee35b0264
org.kevoree.library.cloud	org.kevoree.library.cloud.lxc	3.6.5		b3d82e50f77358f60a53570b5f30ee4ddb5857b7
org.kevoree.library.cloud	org.kevoree.library.cloud.lxc	3.6.6		af71acfa17f7a33599743ec8313a44346bb6ab59
org.kevoree.library.cloud	org.kevoree.library.cloud.lxc	3.6.7		84fa245e7840e6c31a35101d4401424915590cbe
org.kevoree.library.cloud	org.kevoree.library.cloud.lxc	3.7.0		5ffcc227830875d04e1871e8ad7e1ba5d8f5c6b1
org.kevoree.library.cloud	org.kevoree.library.cloud.lxc	3.7.2		f5c9c6d5c33fb662019f3216296d15dcc3ca5931
org.kevoree.library.cloud	org.kevoree.library.cloud.lxc	3.7.3		aef9952fb7c27c37ba92110c8a35e116f667e047
org.kevoree.library.cloud	org.kevoree.library.cloud.lxc	4.0.0		1660607f62cc371b7aff7f604c0e898e7d62128a
org.kevoree.library.cloud	org.kevoree.library.cloud.lxc	5.0.1		ec54c146abcf30d75ef798cdfae20f79b051b409
org.kevoree.library.cloud	org.kevoree.library.cloud.lxc	5.0.2		5720421070d6a4a26ff55dafeb70bd9c116f2f45
org.kevoree.library.cloud	org.kevoree.library.cloud.lxc	5.0.3		3c9aeecb91a6471114bb4a829a0bbdce997215be
org.kevoree.library.cloud	org.kevoree.library.cloud.lxc	5.0.4		6d1f15b3bbf472be4828ba280762bc874238415b
org.kevoree.library.cloud	org.kevoree.library.cloud.lxc	5.0.5		5df8a2742dbf2a760162c21046d84c4e6814346a
org.kevoree.library.cloud	org.kevoree.library.cloud.lxc	5.0.6		059849a244e3e9ab9d765859dc105ef518300651
org.kevoree.library.cloud	org.kevoree.library.cloud.lxc	5.0.7		dfc89344ae2ee9d8b26f07bdd3d88a921ad17d45
org.kie.kogito	jitexecutor-runner	1.10.0.Final		b3de0b37d10d067f50999868c52dd920bce7d6cd
org.kie.kogito	jitexecutor-runner	1.10.0.Final	runner	37d68497302ade4af3b90150331ca8e44f920bff
org.kie.kogito	jitexecutor-runner	1.11.0.Final		60d52b81828afde9495d6ba3f928bceb009d2c9d
org.kie.kogito	jitexecutor-runner	1.11.0.Final	runner	abf8167e123caae22438c16c00861dd854358e3c
org.kie.kogito	jitexecutor-runner	1.11.1.Final		3d51f16dc7a4c96eef9b724b7580036b22c2fca2
org.kie.kogito	jitexecutor-runner	1.11.1.Final	runner	6b20c8119a5eb10f33696e38bd212c7cd0febd2b
org.kie.kogito	jitexecutor-runner	1.12.0.Final		a62b3e08536cdac30e5d5b052bbc1d1e907cc22f
org.kie.kogito	jitexecutor-runner	1.12.0.Final	runner	36d5fe51cef885bd359861b683baf6b0771a7a3a
org.kie.kogito	jitexecutor-runner	1.13.0.Final		99c6b720a2d7eb4294ef8170ae1eadaaef57957e
org.kie.kogito	jitexecutor-runner	1.13.0.Final	runner	df1e7beef097a97e8a0e49c0fe6937ff4f63c370
org.kie.kogito	jitexecutor-runner	1.14.0.Final		7de31acaed37970e5c6c932b12118247ce796933
org.kie.kogito	jitexecutor-runner	1.14.0.Final	runner	7a822be909b822dac7e12b6ed879e4e077380691
org.kie.kogito	jitexecutor-runner	1.14.1.Final		4ead3069cb165716c88e5a7b2efecbb7d78a77bd
org.kie.kogito	jitexecutor-runner	1.14.1.Final	runner	2a94ce3b70bd95128c516cba27489544e70fcd10
org.kie.kogito	jitexecutor-runner	1.15.0.Final		66f031f22e3b663f1917a7b8c211eae58921d0dd
org.kie.kogito	jitexecutor-runner	1.15.0.Final	runner	df70293d7e4eb5bf58afff457167273899a5f54d
org.kie.kogito	jitexecutor-runner	1.16.0.Final		35e98e56d9d35aca997d34bdde6b2542bf06102f
org.kie.kogito	jitexecutor-runner	1.16.0.Final	runner	32a67ccf3a70692a0b6b836d049964f2c29e6073
org.kie.kogito	jitexecutor-runner	1.16.1.Final		5108d1af24870f998a49df23579ac3ad28bc669a
org.kie.kogito	jitexecutor-runner	1.16.1.Final	runner	0146397eb860ef62bdc253a54cebe5bf000b2518
org.kie.kogito	jitexecutor-runner	1.17.0.Final		ec8d1ddd6bcf5418958bbad05b32427c5ed844c1
org.kie.kogito	jitexecutor-runner	1.17.0.Final	runner	0ddee7b42652deac853159e6f2b65265088dacf8
org.kie.kogito	jitexecutor-runner	1.18.0.Final		9bab40095425067d35b3f8fcdee3385e418b163c
org.kie.kogito	jitexecutor-runner	1.18.0.Final	runner	54b756ff5828479fa10a4b731f63587934b2c30b
org.kie.kogito	jitexecutor-runner	1.19.0.Final		5de0ebfa6bced17e821a161ac9cd2052c39ecf44
org.kie.kogito	jitexecutor-runner	1.19.0.Final	runner	6e84b74557b6a5da41eec002978d6cea02408840
org.kie.kogito	jitexecutor-runner	1.2.0.Final		215b43a46ebe555127f56ace674187f98506c3c0
org.kie.kogito	jitexecutor-runner	1.2.0.Final	runner	8dacf56482b1502db4fab631d261e43fad10dacb
org.kie.kogito	jitexecutor-runner	1.20.0.Final		61a1ce1279a46ab88fd1f9bf969ea6e7effdee04
org.kie.kogito	jitexecutor-runner	1.20.0.Final	runner	13e893bde6b7297a531b94d7ae77c110efeb64dc
org.kie.kogito	jitexecutor-runner	1.21.0.Final		36f0d124f29d0a98fc07ac49d43d2696d3fd5d99
org.kie.kogito	jitexecutor-runner	1.21.0.Final	runner	dc849580f91f5337cfb64efe2bcff74a185772e1
org.kie.kogito	jitexecutor-runner	1.22.0.Final		62e173dff35e3c4f84fa5c610a4344ac1d4bc7f3
org.kie.kogito	jitexecutor-runner	1.22.1.Final		a3c59c20d17fa61dbe380dab008665b5361c818a
org.kie.kogito	jitexecutor-runner	1.23.0.Final		0b32cd6ebb870ab1059143aa05e50c315ddb1195
org.kie.kogito	jitexecutor-runner	1.24.0.Final		0fe949b67ab550fe34cf8dd1cf131865144e06c4
org.kie.kogito	jitexecutor-runner	1.24.1.Final		02f75ea2095ab038f785007bac5e9556089cdd66
org.kie.kogito	jitexecutor-runner	1.25.0.Final		8aa1b1c425fd66ac62be38123a34d6fce0c648f2
org.kie.kogito	jitexecutor-runner	1.26.0.Final		e3be2063ff26852fd8c36efdcba32593407556ea
org.kie.kogito	jitexecutor-runner	1.27.0.Final		f9a7795c234cee86ba9f429a839428c1fdb28cba
org.kie.kogito	jitexecutor-runner	1.28.0.Final		f2b32314014c02b5a4a8a5e99cc572b33c0a9608
org.kie.kogito	jitexecutor-runner	1.29.0.Final		da6d72ce490ffda475b40e0f47e713a090820910
org.kie.kogito	jitexecutor-runner	1.3.0.Final		c998f3e04ca7fd9f4b24f49c574af15831964de4
org.kie.kogito	jitexecutor-runner	1.3.0.Final	runner	cfc1d0066ca71bbc7cce6ed6d7aa0bab617df95b
org.kie.kogito	jitexecutor-runner	1.30.0.Final		84da591ef1f403dbfe9d39bd9b0c96add6165679
org.kie.kogito	jitexecutor-runner	1.31.0.Final		410dd21e0b7559138d92991ef09577bfb6985280
org.kie.kogito	jitexecutor-runner	1.31.1.Final		dfd75da8f45f12f0485eab698af77f18e526b9ff
org.kie.kogito	jitexecutor-runner	1.32.0.Final		5fa8ddc87f3a7137c8d8dcff48b61889321c510f
org.kie.kogito	jitexecutor-runner	1.33.0.Final		26505d67b743fe6865c239af246d765b9bc9cce1
org.kie.kogito	jitexecutor-runner	1.34.0.Final		ed45a34e12ff7dcae6ff9d822a62dcb946aec397
org.kie.kogito	jitexecutor-runner	1.35.0.Final		0ccb66f0a438878dbe7f1f50fbc9d81058f5cdfb
org.kie.kogito	jitexecutor-runner	1.36.0.Final		65bc6c3c0cba173200a41fe0803f9c4fa5f4128c
org.kie.kogito	jitexecutor-runner	1.36.1.Final		d3e7d04f84ad25e77bb8ce8103fd3a048104d48b
org.kie.kogito	jitexecutor-runner	1.37.0.Final		2bb9e3fbe8fa680fca289f9ade0f6c617fb1ad24
org.kie.kogito	jitexecutor-runner	1.38.0.Final		8d1c55cf2eb8bfd4164608f4095df51129a5ebb1
org.kie.kogito	jitexecutor-runner	1.39.0.Final		f0813dfe0dc31e79bd16c5d22abea66d7545f072
org.kie.kogito	jitexecutor-runner	1.4.0.Final		dae0156af38b5510240abead545fdd97a7540290
org.kie.kogito	jitexecutor-runner	1.4.0.Final	runner	690eab970d449e174f550026f0ab74fe509cbd80
org.kie.kogito	jitexecutor-runner	1.4.1.Final		e2f150447bda2a3a9f9497331651e1e3d59af3bc
org.kie.kogito	jitexecutor-runner	1.4.1.Final	runner	fc9132b66642b487614324556f424c3ff9c8e0ae
org.kie.kogito	jitexecutor-runner	1.40.0.Final		8082db73039ce49e662e4570f45abff07f50b34d
org.kie.kogito	jitexecutor-runner	1.40.1.Final		f39d68a6788caf878535bb92750cdc38ebdf062e
org.kie.kogito	jitexecutor-runner	1.40.2.Final		d2d265459c204492b59b4184d2cba760c0007473
org.kie.kogito	jitexecutor-runner	1.41.0.Final		2311ffe7ea6bd95b6d02ed0747d64b0853a73ceb
org.kie.kogito	jitexecutor-runner	1.42.0.Final		7513fe18f706aad76979a0424aadac5e4478be3f
org.kie.kogito	jitexecutor-runner	1.43.0.Final		0b0650a44680cf3e78fb8024bd3590baf29bb5e8
org.kie.kogito	jitexecutor-runner	1.44.0.Final		012454e27f8e66dca8b81e8ac547746e9c41a552
org.kie.kogito	jitexecutor-runner	1.44.1.Final		401910a8223ff6f3d86e2d1bc10bc88c9a14a265
org.kie.kogito	jitexecutor-runner	1.5.0.Final		8af728eba92c5da1f5f431165de098aa875b5c58
org.kie.kogito	jitexecutor-runner	1.5.0.Final	runner	8cf29c622927b3c7637f4f851858aebae1d4f6e0
org.kie.kogito	jitexecutor-runner	1.6.0.Final		552660edefa27773eb5a10e3815883076398faca
org.kie.kogito	jitexecutor-runner	1.6.0.Final	runner	dc24f9907098c7886f5d1d79e8bf5bbdd871b7bc
org.kie.kogito	jitexecutor-runner	1.7.0.Final		c144c11c5c9daa2d127a2794c0c1918732a17154
org.kie.kogito	jitexecutor-runner	1.7.0.Final	runner	c69327b2210f6064fd87563a372f31f304bfbdb4
org.kie.kogito	jitexecutor-runner	1.8.0.Final		04daf201afedc62d36423e357d72605c6a94ddd9
org.kie.kogito	jitexecutor-runner	1.8.0.Final	runner	8dbaf2b19a675dbd1196b9e4f2afbec11fedb12b
org.kie.kogito	jitexecutor-runner	1.9.0.Final		9b4d729b36a4ead04e41e01c4af49a367e7a8f0c
org.kie.kogito	jitexecutor-runner	1.9.0.Final	runner	e5ef65e9bdb28c05cb9ef8382c39c60038f0cead
org.kie.kogito	jitexecutor-runner	1.9.1.Final		ed6f4773989ba9772c133a84d9725dfe6c6d380d
org.kie.kogito	jitexecutor-runner	1.9.1.Final	runner	692133f4857c420443cbe0bac8b5d31ccb5a17fd
org.kie.kogito	jitexecutor-runner	10.0.0		31750ce1a8b1dca7a5684a916435cb0dcab594ca
org.kie.kogito	jitexecutor-runner	2.44.0.Alpha		8afb2bf99228671eff55a3efdf1443f7122f22f6
org.mvnpm	mobx-react-lite	4.1.0		6bd3d33543016850cf9da1cfa3e0f3d656c21f7e
org.mvnpm.at.mapbox	unitbezier	0.0.1		cde749606a87ce6185c2f949ce44922272d944c9
org.ow2.petals	petals-registry-client-mock	1.0.0		c964f06ec063736d85affa8b2c7f89c05f529c61
org.ow2.petals	petals-registry-client-mock	1.0.1		bf837c2120e216a1c4bbc2118ed0db8c074f7068
org.ow2.petals	petals-registry-client-mock	1.0.2		c4b27f4526e71f855d9fedd9ca3602019aae24d4
org.ow2.petals	petals-registry-client-mock	1.1.0		7f64101fa31c8e2d8b9f48d39ebff12ff1139325
org.ow2.petals	petals-registry-client-mock	1.2.0		76cc34ca638080ec398010c94590b2cc844f74a1
org.pac4j	resteasy-pac4j	2.2.0		a133b0f4a4c53eacbf8f800a78beba3ab9201959
org.pac4j	resteasy-pac4j	2.3.0		08e2fb992d250e60f362af77f71f55720b9ba550
org.pac4j	resteasy-pac4j	3.0.0		25bd638ca38ae3f44573aff9d4635fa22dd6f799
org.pac4j	resteasy-pac4j	3.0.0-RC1		5b7ca4911f4e5c6df8d42657aaa5251dcc3ad032
org.pac4j	resteasy-pac4j	3.0.1		3b8ea53b88cb746c5cb5cdbb581f57a6ba54bb97
org.pac4j	resteasy-pac4j	3.0.2		616908eaec967a4474edb7ad737ace26cd101630
org.pac4j	resteasy-pac4j	3.0.3		2d8807b497882feb24088d87413b097d78d54619
org.pac4j	resteasy-pac4j	4.0.0		b8e1549e74e972ea7fa63a678dde1a540c97c6d5
org.sonatype.plugins	nexus-staging-maven-plugin-its	1.0		9f9bc0a083fc05fbcc57de415086a4aeeaf0d6aa
org.sonatype.plugins	nexus-staging-maven-plugin-its	1.0.1		a20942c3a6d38f852b22390849d0009ac9b40f1a
org.sonatype.plugins	nexus-staging-maven-plugin-its	1.0.2		291288faccece80dfff61c88ce383528ed7095ea
org.sonatype.plugins	nexus-staging-maven-plugin-its	1.1		b9d1d6ced580e7fb53a7cbc6dab60064b638be66
org.sonatype.plugins	nexus-staging-maven-plugin-its	1.2		83576fad8b69d45925255f6adba0fc846b6785c8
org.ton	ton-kotlin-tonapi-tl-watchosarm64	0.3.0		N/A
org.ton	ton-kotlin-tonapi-tl-watchosarm64	0.3.0	metadata	6cdebb1535a39363aee47251509415664d22bd6d
org.ton	ton-kotlin-tonapi-tl-watchosarm64	0.3.1		N/A
org.ton	ton-kotlin-tonapi-tl-watchosarm64	0.3.1	metadata	249302f98dcc26aa4c1d09b05b74e8eb3a1fdea8
org.ton	ton-kotlin-tonapi-tl-watchosarm64	0.4.2		N/A
org.ton	ton-kotlin-tonapi-tl-watchosarm64	0.4.2	metadata	2f1102bab1d7c3cc2f2dfc8cf0d963b231f30b96
org.ton	ton-kotlin-tonapi-tl-watchosarm64	0.4.3		N/A
org.ton	ton-kotlin-tonapi-tl-watchosarm64	0.4.3	metadata	b0f9d25cadf4dc17fa4ed173ededdfa2cf9b4d89
org.tpolecat	typename_native0.4_3	1.1.0		3ca7c7ff6f107f9ef691ebaa1c02561f0fe2925a
org.webjars	bootstrap-glyphicons	bdd2cbfba0		bf69d016d6f2891984fdfe8b63227e0a68236184
org.webjars.npm	clientjs	0.1.11		2ad8583452f216f68bfd23b7beb31f3112b9e396
org.webjars.npm	clientjs	0.2.1		6c007517425c6aa703fa0a4bce2376dadab74cb5
org.webjars.npm	postcss-normalize-timing-functions	4.0.0		0b17c612b81c03ca8e962c968844c5ab2442664e
org.webjars.npm	postcss-normalize-timing-functions	4.0.0-rc.2		c0bb8d4ff381e3dcb08b27b5b5fd6965618fd8b0
org.webjars.npm	postcss-normalize-timing-functions	4.0.2		4173daec5d09245da7836f105b3f71ab9302d81f
org.webjars.npm	postcss-normalize-timing-functions	5.1.0		337ab3465101bb78be6a54741e5e34eada88d2ea
org.webjars.npm	types__offscreencanvas	2019.3.0		2d7e90995340e681c470ca67471d00aee88e035b
org.webjars.npm	types__offscreencanvas	2019.7.0		00cf036040cd20a17c27fad5f9272e7b336b7438
org.webjars.npm	types__offscreencanvas	2019.7.3		dfc0d9858aa009e2c2242afc0df009faa92d7d6a
org.xowl.platform	xowl-service-storage	0.3.0		69a80c8a594fffe561ec3a541086c2066cc99a98
ru.kontur.mobile.visualfsm	visualfsm-core-androidnativex64	4.0.0		N/A
