app.cash.burst	burst-watchosarm32	0.1.0		N/A
app.cash.burst	burst-watchosarm32	0.1.0	metadata	bcc170c42accec243a5355be27edd358f5ea6416
app.cash.burst	burst-watchosarm32	0.2.0		N/A
app.cash.burst	burst-watchosarm32	0.2.0	metadata	3b67454c4a2e34ce0af6638e73e9145679445117
app.cash.burst	burst-watchosarm32	0.3.0		N/A
app.cash.burst	burst-watchosarm32	0.3.0	metadata	54a35cf17c2c1ed964d9181375e75b1953ccda73
app.cash.burst	burst-watchosarm32	0.4.0		N/A
app.cash.burst	burst-watchosarm32	0.4.0	metadata	16eba49909b2272c82974ecd28a4ee3a526464b1
app.cash.burst	burst-watchosarm32	0.5.0		N/A
app.cash.burst	burst-watchosarm32	0.5.0	metadata	bd83742c46d51164f72871bd83a1de485b4733ad
app.cash.burst	burst-watchosarm32	0.6.0		N/A
app.cash.burst	burst-watchosarm32	0.6.0	metadata	5ad4745dd43ed707e9ba02db8a4ba84ff9517744
app.cash.burst	burst-watchosarm32	0.7.0		N/A
app.cash.burst	burst-watchosarm32	0.7.0	metadata	a55085c807581401c60fd54596f2b74905a8b2c3
app.cash.burst	burst-watchosarm32	2.0.0		N/A
app.cash.burst	burst-watchosarm32	2.0.0	metadata	6056270c3ceefd51c7ac0b1bcc1208000675703c
app.cash.burst	burst-watchosarm32	2.1.0		N/A
app.cash.burst	burst-watchosarm32	2.1.0	metadata	322487e964f40095c9e5c0129ec415fe5e9ad2d7
app.cash.burst	burst-watchosarm32	2.2.0		N/A
app.cash.burst	burst-watchosarm32	2.2.0	metadata	b9602a13ac58eaf5b49d021bdcbb5c1c7ee8abd8
app.cash.burst	burst-watchosarm32	2.3.0		N/A
app.cash.burst	burst-watchosarm32	2.3.0	metadata	bbb86c218caadfd290d297201de3e7508b1edc75
app.cash.burst	burst-watchosarm32	2.4.0		N/A
app.cash.burst	burst-watchosarm32	2.4.0	metadata	00da2dbecfc6d332a6eb81be3a65b23cc23e9c7c
app.cash.burst	burst-watchosarm32	2.5.0		N/A
app.cash.burst	burst-watchosarm32	2.5.0	metadata	bcd848a03783abf53e5fd5cf064f4629ff1ec896
at.released.wasm-sqlite-driver	common-cleaner-linuxarm64	0.1-beta01		N/A
at.released.wasm-sqlite-driver	common-cleaner-linuxarm64	0.1-beta02		N/A
at.released.wasm-sqlite-driver	common-cleaner-linuxarm64	0.1-beta03		N/A
cn.com.antcloud.api	antcloud-api-provider-ak_55afdde95cc7448bad87a98d904c1f44	1.0.0		32013b1cd3ffcc5932554b2fbc3e76fc536d05ca
cn.com.antcloud.api	antcloud-api-provider-ak_55afdde95cc7448bad87a98d904c1f44	1.0.1		edf0265d28f4f843a47357fd9fa59d73de3acbed
cn.playscala	play-utils_2.12	0.1.0		bac3d5b3ec2d4050dd7e0f5d682f3da586a749ff
cn.playscala	play-utils_2.12	0.2.0		15168613499d14d965da2c32ec9d050bf321f13d
cn.playscala	play-utils_2.12	0.2.1		0221775fc99ddc3c1d570e5af95d3be592a7218c
com.alibaba	bytekit-core	0.0.1		b0ff0848c65ca29b2711d6bf3b4a91382ac07f10
com.alibaba	bytekit-core	0.0.2		75355356255d108227bf4f542aace74c42eb293a
com.alibaba	bytekit-core	0.0.3		eee61b58b573e0d89ce909fd81a7e0d014c4a6f5
com.alibaba	bytekit-core	0.0.4		748d6abcad7836b16254cd98f913172a12e7ecbd
com.alibaba	bytekit-core	0.0.5		8772fb3c3e9af50cb63873b5fee9abbc67d5a637
com.alibaba	bytekit-core	0.0.6		f2185345921e8dfe8e03ff2d278ab8125e38649e
com.alibaba	bytekit-core	0.0.7		500b8c9381c64cfd73a5827ea3339c00949fc7dc
com.alibaba	bytekit-core	0.0.8		52ba22fa48e21e39ba17aea4eb7dc3de4977c0ed
com.alibaba	bytekit-core	0.0.9		f2754797c5eb7ae749a3734ef2e3941169fb72b7
com.alibaba	bytekit-core	0.1.1		0a4193623d74a569457733072132f706a96ec671
com.alibaba	bytekit-core	0.1.2		88dcdaa47b5f667f79378aab576b96f1f96f131d
com.alibaba	bytekit-core	0.1.3		90d76b41f281d61f0f19e0c1c980fcbe6fd937ab
com.alibaba	bytekit-core	0.1.4		0a03236af96b96b2a24e0179c65682107d1adaee
com.avast	sst-lettuce_2.12	0.10.0		83fa418f548ceafaf434496b3a83175d4b03b826
com.avast	sst-lettuce_2.12	0.10.1		e3ecc78319a3407e0c354eed6ef60a7e037ae4db
com.avast	sst-lettuce_2.12	0.10.4		e3cc51126e1937499576fdd85eb1c913444b8f4b
com.avast	sst-lettuce_2.12	0.10.5		80669d4176a54b2e6e1b836091d64da0f796db33
com.avast	sst-lettuce_2.12	0.11.0		dcf15e6d7c03a5c1bc1c252176d03c5ad140e5d5
com.avast	sst-lettuce_2.12	0.11.1		60fd1d92549bdb2d0f287d7012716b5c137fbe14
com.avast	sst-lettuce_2.12	0.11.2		80c252b690a629729bb128c9b4e7f6af76911c60
com.avast	sst-lettuce_2.12	0.11.3		8ea4ce6699cd212a0174c9950d2ee3457d780e68
com.avast	sst-lettuce_2.12	0.12.0		604dd96b9607ebd72d6a50166a0685526c1a555d
com.avast	sst-lettuce_2.12	0.12.1		84670cf5290909f55bb8b8d74b7935a68929f83e
com.avast	sst-lettuce_2.12	0.12.2		086a5d7a5be05539705ce4ef84e1302b883f1234
com.avast	sst-lettuce_2.12	0.12.3		66423a16565f610253e32d7fbf6cc338626c3531
com.avast	sst-lettuce_2.12	0.12.4		42387c5739e1eccc2c8badf787af92c17cac8e85
com.avast	sst-lettuce_2.12	0.12.5		5454346b848597cf63b6bc8cfd37c4ee2df8079a
com.avast	sst-lettuce_2.12	0.14.0		6bb72f98db78ffd68143c70674e867bce23a8f4c
com.avast	sst-lettuce_2.12	0.14.2		6420847250d334fbe6cc8295b3b20004614b6208
com.avast	sst-lettuce_2.12	0.14.3		c7a8d034346620ad4e8be906831800f8d77d6bf8
com.avast	sst-lettuce_2.12	0.14.4		afc5204cdd678a032297235a98465962bae40bcd
com.avast	sst-lettuce_2.12	0.14.5		895ae8de71cef9ea9168d3bdd40d691b8b979455
com.avast	sst-lettuce_2.12	0.14.6		03f562c83d38a7b54aef9414de6471527fa4226d
com.avast	sst-lettuce_2.12	0.15.0		7f715ed17dc66511e4fc4d869c4432c201a52c46
com.avast	sst-lettuce_2.12	0.15.1		4819daf4ad2aa166964089155e225191fe8b43e9
com.avast	sst-lettuce_2.12	0.15.2		ee3722d933b9b4c5d197f478a75f485b2037a527
com.avast	sst-lettuce_2.12	0.15.3		a2a3a995dc3849d4c5ff4a53680966bb718634d6
com.avast	sst-lettuce_2.12	0.15.4		ac0ea02042893a543ae0c9c00d860d9b96d6e6c0
com.avast	sst-lettuce_2.12	0.15.5		777fd22b149c7470764e2ac6a7fb6d671f6265ea
com.avast	sst-lettuce_2.12	0.15.6		f1606527baacce94ced6bfac3e09dc8ae280d9de
com.avast	sst-lettuce_2.12	0.15.7		034ded2f23e1a536fbee8da6a5e568dea92ac215
com.avast	sst-lettuce_2.12	0.15.8		047bb7cf57d5364d06626ca25ccaed0ac0cf831e
com.avast	sst-lettuce_2.12	0.16.0		352c160dd29c780ae3c6cb6473769999e9da3ef2
com.avast	sst-lettuce_2.12	0.16.1		6b7f88ec62a4be55c24e9cb2944e9270d0bea124
com.avast	sst-lettuce_2.12	0.16.2		821b5d0360ebef27afa67e3210fb0bab2a04c781
com.avast	sst-lettuce_2.12	0.16.3		a8feab78983b1be866c8697a673c278b441942e1
com.avast	sst-lettuce_2.12	0.17.0		f8fd5a4f651a626ed38c5e815d7a9ff0dec1de5d
com.avast	sst-lettuce_2.12	0.17.1		2664a9b9b1820c49a57441a2343e4f7e1e1ac075
com.avast	sst-lettuce_2.12	0.17.2		8e5fb22f08b4561be7f4e8971356e9807aa67e7c
com.avast	sst-lettuce_2.12	0.18.0		4a2b6e12537c5f60404dbc49d6d281ab5dc6a282
com.avast	sst-lettuce_2.12	0.18.1		8337879291b9727cf0daf61d6dd918a400358bed
com.avast	sst-lettuce_2.12	0.18.2		335083581dbfb223540af33e3edf5c96383662cb
com.avast	sst-lettuce_2.12	0.18.3		643289fb32aad3d8ba27411470b2df62153dd114
com.avast	sst-lettuce_2.12	0.18.4		de709910807dc277352342b1fceff0eda8272f11
com.avast	sst-lettuce_2.12	0.18.5		568fb5bf50104c289cc7d9e3079f9f14cf5f7d8d
com.avast	sst-lettuce_2.12	0.18.6		601487c5c786d16726b902b17c2740c06450d79c
com.avast	sst-lettuce_2.12	0.19.0		758f681b8e8706dbd3a1ac8d27a66b7aaa1a4263
com.avast	sst-lettuce_2.12	0.4.1		51ac409d3d85810f91345dd4565fb0228e8a89ae
com.avast	sst-lettuce_2.12	0.4.2		26c88d17f1ac85fb831f0961cde80bde56dd08ca
com.avast	sst-lettuce_2.12	0.4.3		c9334c5b544660cdcfb0df125612f1a3d7ac4c64
com.avast	sst-lettuce_2.12	0.5.0		049ff869f61406e2088e163f2de2347c77b63c0e
com.avast	sst-lettuce_2.12	0.5.1		da566d099144eb89135602b2974066b96a90929f
com.avast	sst-lettuce_2.12	0.5.4		57a85a56534a47b1e304ed863c447dbb7585d198
com.avast	sst-lettuce_2.12	0.5.5		145a9fb9e47c7a66c5cb737f39f937c1bc9d174e
com.avast	sst-lettuce_2.12	0.5.6		1ae6133ed67db729b214490c9058fd7aafa2e696
com.avast	sst-lettuce_2.12	0.6.0		e1a5097df5ee3115dd8a3149e39da6015204ad82
com.avast	sst-lettuce_2.12	0.6.1		ec20b3a72ba8319fc448efbba71204c138fb2df0
com.avast	sst-lettuce_2.12	0.6.2		01d969fc86df4cc94f0991ef69c7a629aab73572
com.avast	sst-lettuce_2.12	0.6.5		374c98817c67c45a2508fd89cc348bb910b5e8e3
com.avast	sst-lettuce_2.12	0.6.6		cea277b23b15226269b2f9acfb8fb512017133e4
com.avast	sst-lettuce_2.12	0.7.0		07eb66a88601dd53c0324e7d14f99ac63fb8b5ef
com.avast	sst-lettuce_2.12	0.7.1		854da1931a1d01849b65daaeb6488c0127d19e9f
com.avast	sst-lettuce_2.12	0.7.2		97e65fe341e2d554170491f425deaab98e23fc4f
com.avast	sst-lettuce_2.12	0.7.3		7f187aeaeee0270e5bd0cc5f503e901aaa7fa8de
com.avast	sst-lettuce_2.12	0.8.0		d3c3e26f2603c2408449c315a2ddd25078ec52e5
com.avast	sst-lettuce_2.12	0.9.0		73c0e8cf25f78a71ea1088caacda949adc5653f7
com.avast	sst-lettuce_2.12	0.9.1		7a18ea50e200d4a4399d092aa1d6a47e941b0bb3
com.bq.corbel	resmi	1.31.1		2e2c878bb07523a7f5c5455dc9cb3632f8910a8e
com.bq.corbel	resmi	1.32.0		0502d20fa61c01612cf8ed87f44a50c31d916463
com.bq.corbel	resmi	1.32.1		e25cff67c577c551a48681a69d9a1415307fc128
com.bq.corbel	resmi	1.33.0		c78256baeaa44bcd98462d2ad0ba3ed0d7481556
com.bq.corbel	resmi	1.34.0		4b7061cc1ad5ee04bc8394bcc019f96cfce00ce7
com.bq.corbel	resmi	1.34.1		88e30f6efed4ec72e744971124f000bb2382b2c9
com.bq.corbel	resmi	1.35.0		5c7274c91bcd1feeea3ff9be2e6dcd9479faf2d4
com.codiform	moo	1.0		1fca277d4e8a88dd8484f3d49cc7300fc0d5d845
com.codiform	moo	1.1		81a85e18d059db7743e0fc1dbb09d545f27427ff
com.codiform	moo	1.2		0eb2ace896f2026b7e4d158819fb3927b3ffcb44
com.codiform	moo	1.2.1		851aee5d95f066215541760c098363d4ed6000e6
com.codiform	moo	1.3		35a27b355c42c4529048166786633a2c05285b13
com.d-velop.sdk	dvelop-sdk-common	0.1.4		2602028ac0b972823ae582a0ab8f9019150dae76
com.d-velop.sdk	dvelop-sdk-common	0.1.5		04bb5ef767a56e7710f52f43d73a3a5bc4267196
com.d-velop.sdk	dvelop-sdk-common	0.2.0		36ab810f50e9ad064d489d76ef40d113678f95f8
com.d-velop.sdk	dvelop-sdk-common	0.2.2		9ec09749c66461a233a092d6435874ed783f1ee4
com.ffbit.maven.plugins	solr-maven-plugin	0.0.1		d22d90c6170ff5b0b77d04140031c5f4e693a95d
com.ffbit.maven.plugins	solr-maven-plugin	0.0.2		1c51e9f0a9edc3344700405276bf580648db2bd5
com.ffbit.maven.plugins	solr-maven-plugin	0.0.3		8cf24dadbc7e597b2b7f31150d8b04a3839b6b8f
com.ffbit.maven.plugins	solr-maven-plugin	0.0.4		566d21f6b45774993c00418855cf5a3e47c5ab57
com.ffbit.maven.plugins	solr-maven-plugin	0.0.5		578b9a6671332e7c3caf111f037e7e59618b52ba
com.ffbit.maven.plugins	solr-maven-plugin	0.0.6		4e9dfcdbe3fe650c81a29658e3b25b9927355bc3
com.ffbit.maven.plugins	solr-maven-plugin	0.0.7		2497b87ac6a0af98ca79d71ecd679f62607a59ed
com.ffbit.maven.plugins	solr-maven-plugin	0.0.7.1		f97119982d4d7f6f02e8efe094bf2b81466f9a5a
com.ffbit.maven.plugins	solr-maven-plugin	0.0.7.2		56e399a0e852fedc1a48e3f317f64cbde2d273a2
com.github.alexarchambault.tmp.ammonite	ammonite-shell_2.12.3	2.3.8-125-0c2846b7		647f755480189f9de8efa1d773eca401f98aaf6d
com.github.alexarchambault.tmp.ammonite	ammonite-shell_2.12.3	2.3.8-126-b13d995b		2a5791f7a4aa56aecadb61d4d0bf65dc4790ada1
com.github.alexarchambault.tmp.ammonite	ammonite-shell_2.12.3	2.3.8-91-0bf267c2		a875ea9215baf0b92b5342e7396fad0a37c9f195
com.github.alexarchambault.tmp.ammonite	ammonite-shell_2.12.3	2.3.8-93-f3ac22ce		eaadd12a3301481a1d16338404ce2e4569003455
com.github.fangjinuo.audit.entityloader	audit-entityloader-resttemplate	2.1.0		8b1d67a215fbf1bc9956c47a8ba0cd3e29b11209
com.github.fangjinuo.audit.entityloader	audit-entityloader-resttemplate	2.2.0		c56b2230e38fe0f2bc927b63d615283d370c2fac
com.github.fangjinuo.audit.entityloader	audit-entityloader-resttemplate	2.2.1		e6eb73e341f47672103df8bcbfff373e30d6c5e4
com.github.fangjinuo.audit.entityloader	audit-entityloader-resttemplate	2.2.2		866ec3d869c9fb926afbab969f9a1cc36f93988e
com.github.fangjinuo.audit.entityloader	audit-entityloader-resttemplate	2.2.3		df8815790a42735aef10bd0ae320a5d24d32a388
com.github.fangjinuo.audit.entityloader	audit-entityloader-resttemplate	2.2.4		91755724a5ca06da210d9fdcfffedc0e2ad4d048
com.github.fangjinuo.audit.entityloader	audit-entityloader-resttemplate	2.2.5		bdfd43234729d54e3d9fe0ef9c3e6be3404290a9
com.github.fangjinuo.audit.entityloader	audit-entityloader-resttemplate	2.2.6		9a364b19f31b2932d812a6572236f93ebc23ace9
com.github.fangjinuo.audit.entityloader	audit-entityloader-resttemplate	2.2.7		d1bd5f6b64ee3e578ee2dbc800f1e0e689862fb1
com.github.fangjinuo.audit.entityloader	audit-entityloader-resttemplate	2.2.8		24f9bc5ef561e5a6fa15cbd11ea38050d325333f
com.github.fangjinuo.audit.entityloader	audit-entityloader-resttemplate	2.2.9		2b2546da51108b11caf9fa7fb96df2d815950b11
com.github.fangjinuo.audit.entityloader	audit-entityloader-resttemplate	2.3.0		5beeae541107bfd0a900d4f5f6a03215e3bcbd50
com.github.fangjinuo.audit.entityloader	audit-entityloader-resttemplate	2.3.1		49d21e1aa219248d9aaa4c4f127c9aede7f34265
com.github.fangjinuo.audit.entityloader	audit-entityloader-resttemplate	2.3.10		02909a0ebd37875df14a8e5284af66a24a079a2b
com.github.fangjinuo.audit.entityloader	audit-entityloader-resttemplate	2.3.11		f68a181e6483460a12069a2d8ca09ad91d8c2d9b
com.github.fangjinuo.audit.entityloader	audit-entityloader-resttemplate	2.3.12		e40a44b99a138c5c9e469cfb7546b89e44afab78
com.github.fangjinuo.audit.entityloader	audit-entityloader-resttemplate	2.3.13		0c0a103ce6fef7a03ce86c22f0c37ab96d79d761
com.github.fangjinuo.audit.entityloader	audit-entityloader-resttemplate	2.3.14		2f0621ac0f13e60b748d1fc2bbae80008645d580
com.github.fangjinuo.audit.entityloader	audit-entityloader-resttemplate	2.3.15		2a73805280100659c824b915b98c5fb36cf74677
com.github.fangjinuo.audit.entityloader	audit-entityloader-resttemplate	2.3.16		7041909b689d2d0c15356d4994f6659b27dd13d5
com.github.fangjinuo.audit.entityloader	audit-entityloader-resttemplate	2.3.17		8b92c530b45ab1feaefb1199e59bd666f7ab3bd7
com.github.fangjinuo.audit.entityloader	audit-entityloader-resttemplate	2.3.18		aedd06de76068310180a327ce61fd0f2c6227429
com.github.fangjinuo.audit.entityloader	audit-entityloader-resttemplate	2.3.19		37eba67e778ba1a5e830633c856f1a76c630770f
com.github.fangjinuo.audit.entityloader	audit-entityloader-resttemplate	2.3.2		883ee9c6b1514c145274d4eb5c89a2354e42ab58
com.github.fangjinuo.audit.entityloader	audit-entityloader-resttemplate	2.3.20		976d4af03335037461d56d26a21cca8a20dcc93b
com.github.fangjinuo.audit.entityloader	audit-entityloader-resttemplate	2.3.3		8db8d3f755acc79eb8b24cddaa1ceb7182f2c0c5
com.github.fangjinuo.audit.entityloader	audit-entityloader-resttemplate	2.3.4		813300182c1f3084c2ddf617219f410b8ddcafde
com.github.fangjinuo.audit.entityloader	audit-entityloader-resttemplate	2.3.5		7cdb6c00d35c95fd7bfe87b6803d5050fc442af5
com.github.fangjinuo.audit.entityloader	audit-entityloader-resttemplate	2.3.6		0121c2fa772bac26a1156da3b76164a48f39aaef
com.github.fangjinuo.audit.entityloader	audit-entityloader-resttemplate	2.3.7		b27750583da4bd5cebd3694d331afa61d1a46451
com.github.fangjinuo.audit.entityloader	audit-entityloader-resttemplate	2.3.8		8e74757f22a259ca90e466e5c57b75254a322786
com.github.fangjinuo.audit.entityloader	audit-entityloader-resttemplate	2.3.9		65cbcdbe3c0b3945b7edd214542997c2d9284aa1
com.github.fsanaulla	chronicler-core-model_2.11	0.3.0		4e360a72e2cb8e03cf3918c820087b33812f0ea9
com.github.fsanaulla	chronicler-core-model_2.11	0.3.1		01daf75cd8b63e4083ffd529d3b9e1238586652a
com.github.fsanaulla	chronicler-core-model_2.11	0.3.2		cada94d0b79c7f66e50b621003b24f10d543cb91
com.github.fsanaulla	chronicler-core-model_2.11	0.3.3		6e21d1e4acae0ade85630af70e094aec11df7c62
com.github.j-mie6	parsley_2.13	1.5.0		ef23da4686bc98f12a861da82b421308ab9f841f
com.github.j-mie6	parsley_2.13	1.5.1		24223c89fde51b68f9fa3bbde8424edb2174d8eb
com.github.j-mie6	parsley_2.13	1.6.0		a538af10ec235e68fc7a7bba73f33143774373e5
com.github.j-mie6	parsley_2.13	1.6.1		b2a27e63fca02aa4454f8c8585604796a6d5f667
com.github.j-mie6	parsley_2.13	1.6.2		6045bf6fdb97d65f36cc55873febcaafb0ef2061
com.github.j-mie6	parsley_2.13	1.7		5e919ec474b809b8c249152a2619f944ae68019a
com.github.j-mie6	parsley_2.13	2.0.0		026bc7a8b48d75e60ac49b9ab40def37024376b3
com.github.j-mie6	parsley_2.13	2.0.1		4bed8d068cb522a129902960e4813050617a1973
com.github.j-mie6	parsley_2.13	2.1.0		4dc3400232db1a0c97043b90f4c1ef04020d0e59
com.github.j-mie6	parsley_2.13	2.2.0		13809af8ce60f4616c38d24c2921266e7ef5251a
com.github.j-mie6	parsley_2.13	2.2.1		c480d0c85fd9859c20a109503c4c9982b80b4be6
com.github.j-mie6	parsley_2.13	2.2.2		765352bbd11f3a92d0a3ea030281d0bf8d52f5b1
com.github.j-mie6	parsley_2.13	2.3.0		378f9924aeeb7c54d17dcce75fe3271307992eb7
com.github.j-mie6	parsley_2.13	2.4.0		1e36fd2a2b572ec6a6297a6015417bf65abc5b07
com.github.j-mie6	parsley_2.13	2.4.1		93b5ef237c0e60238b03ef0b829531f937bad79d
com.github.j-mie6	parsley_2.13	2.4.2		e4c63ee81e28461dbd682ae79db6baf32433346e
com.github.j-mie6	parsley_2.13	2.4.3		64bc54181cbbf1d462464e9351f9c4ce58b74aef
com.github.j-mie6	parsley_2.13	2.4.4		3cbed36249c4525a51819569f34e007b82afaa30
com.github.j-mie6	parsley_2.13	2.5.0		9a79c31b88a1e2301fe6486e014bd04f9bc333d4
com.github.j-mie6	parsley_2.13	2.6.0		9a613f7e54319107f544f723675ba72986533b4c
com.github.j-mie6	parsley_2.13	2.6.1		f3b6ac117ca1aa82419d940751dc3673485d5cda
com.github.j-mie6	parsley_2.13	2.6.2		c5f0a87d0d5b103e5b41d6679603ca09dae368ca
com.github.j-mie6	parsley_2.13	2.7.0		ecf749320a29fd9db1e147c6bacdcdff3c367899
com.github.j-mie6	parsley_2.13	2.8.0		2e34100b65d98af63f6bdaf45881a867bc7626eb
com.github.j-mie6	parsley_2.13	2.8.1		2472068e02b79962c2413a8b27a20fc15f95a456
com.github.j-mie6	parsley_2.13	2.8.2		dc126eba3ac8c680f8a89900b2dd2e4fb645470f
com.github.j-mie6	parsley_2.13	2.8.3		fb5b383bf57c50807862cdb39dc4233914be44f3
com.github.j-mie6	parsley_2.13	2.8.4		7df854a2e85acf4895a7001781ee1a593f514b20
com.github.j-mie6	parsley_2.13	2.8.5		ec742eb43b7240a36aaa813d7aaf9d523e2773fa
com.github.j-mie6	parsley_2.13	2.8.6		5330ea51aae9b55363df49ee1ad0a2073c5c88ed
com.github.j-mie6	parsley_2.13	2.8.7		110732b494aba811551ecd0ddc55ed653877cb87
com.github.j-mie6	parsley_2.13	3.0.0		322ec87d376555cc4abef625386c3161afffe293
com.github.j-mie6	parsley_2.13	3.0.1		f519bcaa1d1e6c8b6b550f1392feb5467a23f66d
com.github.j-mie6	parsley_2.13	3.1.0		1b01a5c3d811a8f3674526f00f1c4911475e7da6
com.github.j-mie6	parsley_2.13	3.1.1		e4b4abb4fbaa2bb29ef75b4f5d23e75ac5f2db77
com.github.j-mie6	parsley_2.13	3.1.2		9060957133c04cdd7631f27a8d43f78278a98c6b
com.github.j-mie6	parsley_2.13	3.1.3		dcc010869c62c1a797a8cc02839200307fa9ca20
com.github.j-mie6	parsley_2.13	3.2.0		db10ea135af77f90b649fc9e6f97e7edb28f15d6
com.github.j-mie6	parsley_2.13	3.2.1		497fce933be6d0fe3bde7037fc516932d98aeae5
com.github.j-mie6	parsley_2.13	3.3.0		eff7a40b56e7eb4175a1ba6eeac08c6e2ad3f752
com.github.j-mie6	parsley_2.13	3.3.1		c4e103ffaa9c905c56b15d3e130ab09bfc640c8c
com.github.j-mie6	parsley_2.13	3.3.10		e2acead76e64ec215b2defa5268278fff5160bfc
com.github.j-mie6	parsley_2.13	3.3.2		b7e3688b4bd9b42f01ee3edfead9d327e54deaf5
com.github.j-mie6	parsley_2.13	3.3.3		39eea18cae9d1a9b6918b2c7d69cc7b4aa2c1718
com.github.j-mie6	parsley_2.13	3.3.4		795de0a680dcd50441220b6e836acee958fc21fb
com.github.j-mie6	parsley_2.13	3.3.5		f15e47cfcd2c398c49997c93622aafbc1bf133c5
com.github.j-mie6	parsley_2.13	3.3.6		98103f87f1324c2041aa5681d763baf4c9412662
com.github.j-mie6	parsley_2.13	3.3.7		f981b78473d40971f93cdf1daf749b2d75cfb701
com.github.j-mie6	parsley_2.13	3.3.8		183cde7250f2b0acf69d44747e3267544ca8392b
com.github.j-mie6	parsley_2.13	3.3.9		c93a78abee935035ce391e01541345d31a53454f
com.github.j-mie6	parsley_2.13	4.0.0		bb5eac906c78b8c849c57b323bfff34543186172
com.github.j-mie6	parsley_2.13	4.0.1		2784734bcf5b98ed5a56e941c27f3dc76db3966c
com.github.j-mie6	parsley_2.13	4.0.2		3675eaea012fdcaca486c0c6f6471bd24c970cdf
com.github.j-mie6	parsley_2.13	4.0.3		7d63970edf67b7c8027b340c613a98623a290ce8
com.github.j-mie6	parsley_2.13	4.1.0		dc83d663b1b52fbd3d7a145497d79d9e60a746ee
com.github.j-mie6	parsley_2.13	4.1.0-M1		af5cc1ed4a92d220a7753b002344191eaf57a46d
com.github.j-mie6	parsley_2.13	4.1.0-M2		ae099b4979eec79e1b8b8547b11b78487598618d
com.github.j-mie6	parsley_2.13	4.1.0-M3		fd3c70599ffe0f4ed153e83f40b9a7dc5c4c8bb6
com.github.j-mie6	parsley_2.13	4.1.0-M4		900430d56bf6aaa2c0e8cfbab08e3f1245a9d99c
com.github.j-mie6	parsley_2.13	4.1.0-M5		9f8864ad2d89151df1038d5fc1bdbd412b55a1ff
com.github.j-mie6	parsley_2.13	4.1.0-M6		6a8215d53b1c95ac1f0e403449c5955a61f9cd4f
com.github.j-mie6	parsley_2.13	4.1.0-M7		7b839fe9acf09243befa83db68e83417ac1c7884
com.github.j-mie6	parsley_2.13	4.1.0-M8		e5fae9ca6d2abb13e227d95d49ebdd6263235e22
com.github.j-mie6	parsley_2.13	4.1.0-RC1		c0be5bda3fbded8f68cedbd79fe3930047059aac
com.github.j-mie6	parsley_2.13	4.1.1		354487605c90b21aaeda368cf2566c0739915288
com.github.j-mie6	parsley_2.13	4.1.2		8123a523cf15b41b3db0e8626a62ad23aedde56d
com.github.j-mie6	parsley_2.13	4.1.3		e7ff728faf86b12f730234eb9d34431a9d230320
com.github.j-mie6	parsley_2.13	4.1.4		534a43f414de4596fe3e8568d4afec552ea0b794
com.github.j-mie6	parsley_2.13	4.1.5		1bb0b394e0cae23917a6b1adf78123496b6f5e3f
com.github.j-mie6	parsley_2.13	4.1.6		934f42a1a4f40a4eb9a5a54d8275b235d31f8cd5
com.github.j-mie6	parsley_2.13	4.1.7		7f8b9171b398068e6018af26ec6c26de600186c8
com.github.j-mie6	parsley_2.13	4.1.8		4f182e66c49966f463fc79ecfeb8090156a3dcd7
com.github.j-mie6	parsley_2.13	4.2.0		7a4cb38367c12179a7bcfa96e735775745de3c1f
com.github.j-mie6	parsley_2.13	4.2.0-M1		5faab75c631cd4d3383fe445d30c7c3f0486313b
com.github.j-mie6	parsley_2.13	4.2.0-M2		7ac3cf0b5796a09574e6df9e9277a7213dfddf53
com.github.j-mie6	parsley_2.13	4.2.0-M3		0c6be6566083dd6e1bdfe900898005db0186741e
com.github.j-mie6	parsley_2.13	4.2.0-RC1		8dc0ce5476707d64c8d9911327b3a7044117c88c
com.github.j-mie6	parsley_2.13	4.2.1		828a1f67689b06cf62a65de39afffac225ea6585
com.github.j-mie6	parsley_2.13	4.2.10		f07744f96531f25f874d3b17c0398b4a6cc4e5cd
com.github.j-mie6	parsley_2.13	4.2.11		57e40b5efbdc4a29b3f966ab4a39bc5d932cac88
com.github.j-mie6	parsley_2.13	4.2.11-M1		0cc1ead2130ed7827ebb6e9bdd7ce95b92349840
com.github.j-mie6	parsley_2.13	4.2.12		d78d808a4fdbe818846afd3930321cc13c54cfb9
com.github.j-mie6	parsley_2.13	4.2.13		d7124d3abb3cc9c0d84c4238d00ed65c9e330631
com.github.j-mie6	parsley_2.13	4.2.14		69cb748e31706301cb17ebdc6fa6993d7a161bf3
com.github.j-mie6	parsley_2.13	4.2.2		e89fcaf64c65f35ab9c59c611040c7f6c2c99d9e
com.github.j-mie6	parsley_2.13	4.2.3		d0c385560c78fd97a3ab7c52f785a5c62ef48fe3
com.github.j-mie6	parsley_2.13	4.2.4		e7c1a180ae20efecbc14950ecfaf072dc6bea5d8
com.github.j-mie6	parsley_2.13	4.2.5		152c1f7d3790883d0e83908273f757a7b97b2087
com.github.j-mie6	parsley_2.13	4.2.6		57a2d7c44664017a51d8bb7961d48b0cea1a9776
com.github.j-mie6	parsley_2.13	4.2.7		d17f0d8453e1e5dbaf8c05a8306966c66dc9bf0c
com.github.j-mie6	parsley_2.13	4.2.8		bceb31a477c8eec920e86fa7cdf8ccc549d5b4a3
com.github.j-mie6	parsley_2.13	4.2.9		b8b2aa9875f3b30659e119be8e2f60235101477f
com.github.j-mie6	parsley_2.13	4.3.0		66934fbbd3ee7977fdb346f4e2b506955c3eff2d
com.github.j-mie6	parsley_2.13	4.3.0-RC1		004a8278016fa172a0f92e49bfaff48a31164067
com.github.j-mie6	parsley_2.13	4.3.0-RC2		a36ef40dc0f77918f5d45728df249d8c7507e7cc
com.github.j-mie6	parsley_2.13	4.3.1		4000aa4ae031fbea87817b112adb1bc73a082112
com.github.j-mie6	parsley_2.13	4.4.0		f7a141934bdc23c7bd30e0746e8dbc24acd111b1
com.github.j-mie6	parsley_2.13	4.4.0-M1		e2b5bd07878e46f2b903cf95de03a401a44f9796
com.github.j-mie6	parsley_2.13	4.4.0-M2		048e3bea81cbfe9f3b7e7482f2833d7005120cdd
com.github.j-mie6	parsley_2.13	4.4.0-M3		63fc3ca2eabd0077c9cd3f211b6ee53847417d99
com.github.j-mie6	parsley_2.13	4.4.0-M4		51b2b5371e44935eda20aab946b03cddaa79de85
com.github.j-mie6	parsley_2.13	4.4.0-M5		fa45ceb9890baffb9237453967fc9d3990486efb
com.github.j-mie6	parsley_2.13	4.4.0-M6		c725b7d3e764f811a54a36ceb36d32484980802d
com.github.j-mie6	parsley_2.13	4.4.0-M7		ad7f5f97b284bc9a6ea40552cb818171b16bed3d
com.github.j-mie6	parsley_2.13	4.4.0-M8		6a7cc2e00b117e9373b093a1c1f555e2434bace2
com.github.j-mie6	parsley_2.13	4.4.0-RC1		a5f110348ae767567323efcf0e700c15116c8cf6
com.github.j-mie6	parsley_2.13	4.4.1		bf210ec8d9c7ed70034a0e75bae877808957828a
com.github.j-mie6	parsley_2.13	4.5.0		0a1d66576919281c5782721c621fa3b7ce35cd32
com.github.j-mie6	parsley_2.13	4.5.0-RC1		0fe8f5988b4a7544ad5241c4f1bb10ee29af32e5
com.github.j-mie6	parsley_2.13	4.5.1		2cf22efdebdaa0a6e63235204a37c0a9db216f61
com.github.j-mie6	parsley_2.13	4.5.2		6f91caad7d9f72a90c1e0d82b48f819ffecdf60e
com.github.j-mie6	parsley_2.13	4.5.3		ea45f9cff9ff9c1a847ea6bb7711a521e37be08e
com.github.j-mie6	parsley_2.13	4.6.0		ed2d593b06ecf177ab15085030af3d9e6db607cd
com.github.j-mie6	parsley_2.13	4.6.1		e37c8a3a426d6c32b52572b4577723cb4541560f
com.github.j-mie6	parsley_2.13	5.0.0-M1		39795094d0807078dda7afd4de829e37fd891d5f
com.github.j-mie6	parsley_2.13	5.0.0-M10		2ca6ef71e97146eeb5c4632b9d1027022a995d9c
com.github.j-mie6	parsley_2.13	5.0.0-M11		cf190135353ed4dbd64f04451cd1439e71854a2f
com.github.j-mie6	parsley_2.13	5.0.0-M12		24c0a58ad2dbf3cbb10aae3db78de25f0f83de85
com.github.j-mie6	parsley_2.13	5.0.0-M13		1a4117f0ac1ef8eecdbf4f7a6c199b5f1c92e515
com.github.j-mie6	parsley_2.13	5.0.0-M14		8fc887b000d2a795fc799ccddc468fd0923225ee
com.github.j-mie6	parsley_2.13	5.0.0-M15		cb7493ee28e5f402d271fed92189a90301aec547
com.github.j-mie6	parsley_2.13	5.0.0-M2		2941c3328c1a8906c1b3864381c9c3b9cd02cc49
com.github.j-mie6	parsley_2.13	5.0.0-M3		1d070cbf3d714b33e30b0b4410fee802bc51ea22
com.github.j-mie6	parsley_2.13	5.0.0-M4		dfea6d946ee015d899fd4f67b53325cb9d44f4eb
com.github.j-mie6	parsley_2.13	5.0.0-M5		51853aec1f400df88a44556230011e37513b949e
com.github.j-mie6	parsley_2.13	5.0.0-M6		f6eb54854729198887fb71dca5c8e6b2aa1fc9ee
com.github.j-mie6	parsley_2.13	5.0.0-M7		f1f334ea131a2422432bfec92fb097bfa0b9ca3a
com.github.j-mie6	parsley_2.13	5.0.0-M8		05ac574a853fbd269a22cd126d7f0debd3cf46de
com.github.j-mie6	parsley_2.13	5.0.0-M9		18de7a753b0cc08d65483c17a06df717265b6a37
com.github.nbbrd.sdmx-dl	sdmx-dl-provider-connectors	3.0.0-beta.10		e97e211b0eede848b2a762f04f46dea0fe4ef8d8
com.github.nbbrd.sdmx-dl	sdmx-dl-provider-connectors	3.0.0-beta.11		c36b69ca9ec81702d4e4f8884d7fb3ab13cd54cd
com.github.nbbrd.sdmx-dl	sdmx-dl-provider-connectors	3.0.0-beta.12		0f37fa3109b88b00dcae01d78e60e4479276199b
com.github.nbbrd.sdmx-dl	sdmx-dl-provider-connectors	3.0.0-beta.13		296ccfc3ca7801d3633f6f0cd0c3c09177d21192
com.github.nbbrd.sdmx-dl	sdmx-dl-provider-connectors	3.0.0-beta.14		e1ed44aa0716c82aa6445f7bafc20b871b0a74ae
com.github.nbbrd.sdmx-dl	sdmx-dl-provider-connectors	3.0.0-beta.2		058c0f39ac66217030d516858aec4c4195ddaeec
com.github.nbbrd.sdmx-dl	sdmx-dl-provider-connectors	3.0.0-beta.3		451be6369c60cf385d60294aad477f06ceb42918
com.github.nbbrd.sdmx-dl	sdmx-dl-provider-connectors	3.0.0-beta.4		23aa49d7fda9073a9cc5f04a9bc1af304a33b00c
com.github.nbbrd.sdmx-dl	sdmx-dl-provider-connectors	3.0.0-beta.5		ca6f48d36f035bb033aa3aa81c9e6532aec4d862
com.github.nbbrd.sdmx-dl	sdmx-dl-provider-connectors	3.0.0-beta.6		21ba948c26b83eb3082d7541c937d1c08396aecd
com.github.nbbrd.sdmx-dl	sdmx-dl-provider-connectors	3.0.0-beta.7		3570b067e6d182f28ad62eb15b2ce1928e62fada
com.github.nbbrd.sdmx-dl	sdmx-dl-provider-connectors	3.0.0-beta.8		f7c352fd6d9737db56b7423e798b452ac96b19b6
com.github.nekolr	wow-excel-poi	1.0.0		364c12f5c78dfa8187869763623a826e6233b42f
com.github.nekolr	wow-excel-poi	1.0.1		9b1f72ce64103aabb72d39df543bc4e1f639ed83
com.github.nekolr	wow-excel-poi	1.0.2		dbf58bde15b7046290cb565e5a1e8941ec764511
com.github.nekolr	wow-excel-poi	1.0.3		27c4f6519190cc8bf2b72e826d957f9d8d06a4cf
com.github.nekolr	wow-excel-poi	1.0.4		6da9fb0ceb6db9080ea44d959dda6cf1c56eb473
com.github.nekolr	wow-excel-poi	1.0.5		c4244cc22e64a34da59fcc552c4a7d054533ef28
com.github.nekolr	wow-excel-poi	1.0.6		08912cda1adbfbf715be1c21ece99713cfccfb5e
com.github.nekolr	wow-excel-poi	1.1.0		635e0c8ae83c44cedbb52c5b43eeea7273ab9d63
com.github.nekolr	wow-excel-poi	1.1.1		66314981fec2e9259ff1d7f0de7b2acb53525114
com.github.nekolr	wow-excel-poi	1.1.2		272ecd026bb52b12ee76398d069c4654015a3a6c
com.github.weekens	spring-social-vkontakte	1.0.0.RELEASE		2c11f44e4b26860ddc76eaf36f31309c07b385e8
com.github.weekens	spring-social-vkontakte	1.1.0.RELEASE		5bc02552b061927e58bc9ff26308831b8617cc12
com.github.weekens	spring-social-vkontakte	1.1.1.RELEASE		3ba486fc585774fffe56e4f1f02e641f0ec2f288
com.github.weekens	spring-social-vkontakte	1.1.2.M3		02edf7a0e2b1eae53b89c3bca4c1fc2c6031a07c
com.github.weekens	spring-social-vkontakte	1.1.3.M3		9d5304866706af58425779a65d33f22e31a4f2af
com.google.appengine	stagingtests	2.0.19		f4ffaf9b4980b3f90926c79055d029e8bd5f9286
com.google.appengine	stagingtests	2.0.20		f03848150723e6df65f079a2817d4dad4c3f0a51
com.google.appengine	stagingtests	2.0.21		78132b2781611b17b05659597dbf67035b756c54
com.google.appengine	stagingtests	2.0.22		a7efb097f54b8f8a5f163f3021793695d2ee34d3
com.google.appengine	stagingtests	2.0.23		2a53e64d5ffe4ce43787d88bbf4790e12d8d74f1
com.google.appengine	stagingtests	2.0.24		68b079307fcd4c2ff19bc0d00a1e9118d513fb9d
com.google.appengine	stagingtests	2.0.25		4f9b8454a4b9fd20ba88e299820991f12949b6d9
com.google.appengine	stagingtests	2.0.26		04e624b2c91f45e1cd00ae93522fbbce16e058df
com.google.appengine	stagingtests	2.0.27		2b764a58a3803851fdd16a7259b7f96ac8188704
com.google.appengine	stagingtests	2.0.28		8861621c835bdfa0db532c62e5755e9176fc6654
com.google.appengine	stagingtests	2.0.29		4d874162575c1f7685d25b68ca006a89aaa45f88
com.google.appengine	stagingtests	2.0.30		e9a4377984b0ba1275674d0a88ea184277caf8e5
com.google.appengine	stagingtests	2.0.31		e0994051c063dd73370cfeb54df4dff5b59d8a3b
com.google.appengine	stagingtests	2.0.32		b5d94cd530c258778dbd89cd2f99493dad5632a4
com.google.appengine	stagingtests	2.0.33		30c2b2d5603bc1f3eaed5a819e4a2a472346cc78
com.google.appengine	stagingtests	2.0.34		90ef353d2d9646dbf9b73d7ccbf98eb268acf60a
com.google.appengine	stagingtests	2.0.35		f5c41cafc21a14661633dd9e9a083fde16194bd6
com.igeeksky.xtool	xtool	1.0.1		d7e036d4cd74c1951526ebbb9677a80ce231d19b
com.igeeksky.xtool	xtool	1.0.10		dc6474745c4c0920a356b9db8ea162d535573e3a
com.igeeksky.xtool	xtool	1.0.11		b2cc2a443407ceb1aee2acab066078879e8f80f5
com.igeeksky.xtool	xtool	1.0.12		bd8acf9c9ece9d956660696b825fc7cff5ef499a
com.igeeksky.xtool	xtool	1.0.13		985bef02d511bc64b97c84834f0bbff9d2da57d9
com.igeeksky.xtool	xtool	1.0.14		d198d6c56e9d2b9a2cb0252352f39599805993b9
com.igeeksky.xtool	xtool	1.0.15		e039b6fe967341482201b5639533c5b79c6f0b51
com.igeeksky.xtool	xtool	1.0.16		50778b86a288ec21044e12026231003916ddfe68
com.igeeksky.xtool	xtool	1.0.17		0258a993fc2f3866b63d53853a45e7d3df71d5b3
com.igeeksky.xtool	xtool	1.0.18		864d72a66bfa067b18eb6c9d20edbb97748a6215
com.igeeksky.xtool	xtool	1.0.19		e4e0903129ffd56040b9d923b76412c67c502ca4
com.igeeksky.xtool	xtool	1.0.2		dcb6767929cfcb02703ce634f2792c727b6e5819
com.igeeksky.xtool	xtool	1.0.20		57c2a92b9a19ec592e9383707ae1261199acd2ab
com.igeeksky.xtool	xtool	1.0.21		febb118c97358755dba4f3e4654046992cef7f43
com.igeeksky.xtool	xtool	1.0.22		4c32bf79ef4e62ca2bf4f716c0dc76779e403a31
com.igeeksky.xtool	xtool	1.0.4		eceb25e430b491bb9f3bad0cf652c4cd8410a334
com.igeeksky.xtool	xtool	1.0.5		f6da781af10f4a63a50ee1957c1d7fa40d298fb9
com.igeeksky.xtool	xtool	1.0.6		09882ea25511af552a75c9f47cb974d7eecd2e60
com.igeeksky.xtool	xtool	1.0.7		23f829b598998956a45891522d1f928645c3e8d2
com.igeeksky.xtool	xtool	1.0.8		5e87b27ba5a8868d00dfb4246fa2a6ab05be660c
com.igeeksky.xtool	xtool	1.0.9		793d1cc90a733474a23e2c39c1f29b458c25a1e5
com.igeeksky.xtool	xtool	1.1.0		cb294dd042c8af4a8d10e22af4632202e253b33f
com.igeeksky.xtool	xtool	1.1.1		b626948b7985f76f3d7c7ff38fdc3313603b09c2
com.igeeksky.xtool	xtool	1.1.2		5a78d7159bbe0fd8b32c07d9c49c1ebb59f07469
com.igeeksky.xtool	xtool	1.1.3		503e05c822466daf4c7e67f96b2f8affb572e9fb
com.igeeksky.xtool	xtool	1.1.4		0e2aaa0d71faaeb4b73a890e39a107f81ffc6266
com.igeeksky.xtool	xtool	1.2.0		7debc5f975f8a8fdc5fcb8cabad65a0faeee39d8
com.igeeksky.xtool	xtool	1.2.1		9e6b01abf3dd42b4b88d9691d321bd33138be08f
com.itxiaoer.commons	commons-snowflake	2.2.0		9a3d66e69c065371f89a60a07b77beafa7e54b7b
com.itxiaoer.commons	commons-snowflake	2.2.1		0ac8c37a892234d255d92a2cc6ad28e4a9dd5d59
com.itxiaoer.commons	commons-snowflake	2.2.10		4b1bca919e34c4021864117d2bfe5f31c192d35d
com.itxiaoer.commons	commons-snowflake	2.2.11		61615d503b918ee45c8af19ae17728f00f72bdaa
com.itxiaoer.commons	commons-snowflake	2.2.12		fbd2dec21914b9575eab012036b4330094165fe6
com.itxiaoer.commons	commons-snowflake	2.2.13		33c2edf9e52863df197b41c27d098bc8567b4785
com.itxiaoer.commons	commons-snowflake	2.2.14		bc7000f7cac45acd8a1e290c3ce9975cfab168fd
com.itxiaoer.commons	commons-snowflake	2.2.15		5b039dc8a6e7355e82895975d3ab54ebabb466fd
com.itxiaoer.commons	commons-snowflake	2.2.17		e44fc0f98e28e00cd2f7e857f158e98eaf09dc99
com.itxiaoer.commons	commons-snowflake	2.2.18		62161a03a533eafc6635b69c0b31999ab71af462
com.itxiaoer.commons	commons-snowflake	2.2.19		ceb2bbe4211c62541f0d4953a43d2df54d707514
com.itxiaoer.commons	commons-snowflake	2.2.2		fbe2ee0857cb460c5e2441d5da885b1bc4518461
com.itxiaoer.commons	commons-snowflake	2.2.20		daeeb9067a8326170baee57ca0405edd8363ca29
com.itxiaoer.commons	commons-snowflake	2.2.21		b04c909636cf8528e5cc2ad253511fc8fea425c0
com.itxiaoer.commons	commons-snowflake	2.2.22		2f416fe4b8a4515bced6b99215dfc6b1d7d2524a
com.itxiaoer.commons	commons-snowflake	2.2.23		7b9c843278f01fcc6120d60a815079067f9f2103
com.itxiaoer.commons	commons-snowflake	2.2.24		e60087cc45c3cb5f2387cb77e092316c6b60d6b9
com.itxiaoer.commons	commons-snowflake	2.2.25		8c14c5e7059275e59e8585819e060d018c0572a9
com.itxiaoer.commons	commons-snowflake	2.2.26		38e39c304270c8ffffc9f6bd68faf9f3d590311f
com.itxiaoer.commons	commons-snowflake	2.2.3		6a73568781107dca346100f0f1c676bc6907f2c8
com.itxiaoer.commons	commons-snowflake	2.2.4		01fa3d1bcb97d4dc03495472bc06a565daa0e170
com.itxiaoer.commons	commons-snowflake	2.2.5		cd65e1252f713c59e2831c567d069de928a7e327
com.itxiaoer.commons	commons-snowflake	2.2.6		e77d915091f01d6c2e11f6019e76580c928be567
com.itxiaoer.commons	commons-snowflake	2.2.7		ccbd74867224726807b222a3137d5296f21ac688
com.itxiaoer.commons	commons-snowflake	2.2.8		7e3ee777c58c674dd981f2c69da4c07b3c5615e5
com.itxiaoer.commons	commons-snowflake	2.2.9		75cd7cc05186a63c7903dde011b641120fe69755
com.itxiaoer.commons	commons-snowflake	2.3.3		b110b79571f133c8a487972e5a568d0d6827c257
com.itxiaoer.commons	commons-snowflake	2.3.4		7487ac21a1801308c0d76e824131c0dd75d7610a
com.jwebmp	guiced-rest-services	0.63.0.61		dfa7a3b6471f93f1c8d25514c9600379f44ff2f2
com.jwebmp	guiced-rest-services	0.65.0.2		c0ad99953f8bb49b7f00a9df1766923751a63f8e
com.jwebmp	guiced-rest-services	0.65.0.3		b550a49b93e5eb24f0e1b765882f3151ce363012
com.jwebmp	guiced-rest-services	0.66.0.1		24b302323ae9304e4f251b1e01e500c26e99d9ed
com.ksyun	ksc-sdk-java-kls	0.2.2		4b244e68c6de5785e7a4783ba8a41bd0ece017f1
com.ksyun	ksc-sdk-java-kls	0.2.3		6a54737f6f8ef0313eb95b15e1dfa574d35875a6
com.ksyun	ksc-sdk-java-kls	0.2.4		bb28f80a498e6539c4dab43e4595cee11092a175
com.ksyun	ksc-sdk-java-kls	0.2.5		ab6459f9b1558db4cf2981254f4a9e93d6f6b742
com.ksyun	ksc-sdk-java-kls	0.2.6		5e5c94a17b705bd604d46f54875930390973aa3c
com.ksyun	ksc-sdk-java-kls	0.2.7		93540b8841fca6ceda5b1335d1d182f9328d8234
com.ksyun	ksc-sdk-java-kls	0.2.8		7cebd6fa0eddd8e2cdc4f1781a3a1e75962162f3
com.ksyun	ksc-sdk-java-kls	0.2.9		111c96413095f00e062bd3e7a16f82c0d5635678
com.ksyun	ksc-sdk-java-kls	0.3.0		a05ee23865f979b754464cf31a4ba751659b6ce6
com.ksyun	ksc-sdk-java-kls	0.3.1		89afcea458265d22a79272dbe378a422dcf3d651
com.ksyun	ksc-sdk-java-kls	0.3.10		1ed97c20eb9fd4440eab98c469f06b6d16da9e2d
com.ksyun	ksc-sdk-java-kls	0.3.11		171cd55d26e80e166058ccc41841317c9ca691e9
com.ksyun	ksc-sdk-java-kls	0.3.12		fad68b27b94922fb5c12cfa8c4b1902c9a55aa3b
com.ksyun	ksc-sdk-java-kls	0.3.13		b180529a9423a8f89ded1f30ce53717fef242ac3
com.ksyun	ksc-sdk-java-kls	0.3.14		7856e6252296a82ea067326d083da9750ff1aba1
com.ksyun	ksc-sdk-java-kls	0.3.15		fbb561f0b353c67b96ea11fc52774ba6e9beba10
com.ksyun	ksc-sdk-java-kls	0.3.16		0288b5bc25ce6bccad4100bfc85c5c46f451a873
com.ksyun	ksc-sdk-java-kls	0.3.17		cad802eac75ed5b9e893efd43e5b89ce55daaeb7
com.ksyun	ksc-sdk-java-kls	0.3.18		819d99283356ad7721f8e307f14e96c0b2f4f2d4
com.ksyun	ksc-sdk-java-kls	0.3.19		005bf8f1e2687c0fbbe0936e559f14cd551b1422
com.ksyun	ksc-sdk-java-kls	0.3.20		cd12fdcc198e31fbb259e9293ef0823c773c33dd
com.ksyun	ksc-sdk-java-kls	0.3.21		4fd1731271b4d5c9a3448ecad0b3b85f3d48c020
com.ksyun	ksc-sdk-java-kls	0.3.22		d88da07c44739a641fd720a8f71712e21669e200
com.ksyun	ksc-sdk-java-kls	0.3.23		cef4411d428f789020cb9aebbdf67f8e866870fa
com.ksyun	ksc-sdk-java-kls	0.3.24		8a770bc27a203d27e9974f35c5ae94ff7f481342
com.ksyun	ksc-sdk-java-kls	0.3.25		010ecc2c14302c37304d9c1d170091bb553c65ee
com.ksyun	ksc-sdk-java-kls	0.3.26		825ce013ed79779ac63ed09acbaf057e1923e773
com.ksyun	ksc-sdk-java-kls	0.3.27		2e0c5bd093618ab3d0fb7b5e33dded9ffd204bc9
com.ksyun	ksc-sdk-java-kls	0.3.28		71fefe6e7a474308791357a9bb515db3d7d8d128
com.ksyun	ksc-sdk-java-kls	0.3.29		f3cfb1c64a4fb2e5302974d1742d2a27889c9212
com.ksyun	ksc-sdk-java-kls	0.3.3		9316a91eaee65a137e1f7df2466c01c7f0d636ea
com.ksyun	ksc-sdk-java-kls	0.3.30		bc8537e07b0bf5e033b6371da0d64c4bad77011e
com.ksyun	ksc-sdk-java-kls	0.3.31		d94592d6f24c83c56690a19d8a569bd868bd81a1
com.ksyun	ksc-sdk-java-kls	0.3.4		1540381999aa6e9b9593250b5a3481ff2afd5626
com.ksyun	ksc-sdk-java-kls	0.3.5		96599f0151373ad80233655143e7070e45a33da4
com.ksyun	ksc-sdk-java-kls	0.3.6		d530a7932234911f96333ce194480c53711f80bc
com.ksyun	ksc-sdk-java-kls	0.3.7		04f640a63822e9a2aab7b2fe08a94a852037a8f7
com.ksyun	ksc-sdk-java-kls	0.3.8		7c47da0b78d8ddbf22d03edba14a951aaa39680c
com.ksyun	ksc-sdk-java-kls	0.3.9		a1227c4b007c97ceea73448d5429befdc7743f0a
com.linkedin.gobblin	gobblin-audit	0.10.0		4330d6cf3647dace7d129a61e2f943ad644dffa4
com.linkedin.gobblin	gobblin-audit	0.11.0		defd6572e4b5a4ca644abd281baa80e878f431b3
com.linkedin.gobblin	gobblin-audit	0.7.0		9a11b0b6e34336eea91b986eff262abbda25989b
com.linkedin.gobblin	gobblin-audit	0.8.0		fbbdb35800d8503059a6a72d33fd2c8a7023e50d
com.linkedin.gobblin	gobblin-audit	0.9.0		d1362b1cdc2e3dcdf1f1fa3947d2cac4d23c95aa
com.lucidchart	opentracing-play-active_2.11	0.1-2.3		c8f1feb5da36785fdf86a8a34b5ba0714fc8d2eb
com.lucidchart	opentracing-play-active_2.11	0.1-2.5		d31ce23b7730f6fde88745bc70ad6df16e6202fa
com.lucidchart	opentracing-play-active_2.11	0.2-2.3		702719fc4aa2afd086c367f8718833c7f238d739
com.lucidchart	opentracing-play-active_2.11	0.2-2.5		26f111861e2bc40fbce0eb1f52073dac330d860c
com.lucidchart	opentracing-play-active_2.11	0.3-2.3		c0db50edadec0fe61a2a657d377130711c916cf3
com.lucidchart	opentracing-play-active_2.11	0.3-2.5		010cbb9b655f81909312d7f1460dcec9cd0bf247
com.lucidchart	opentracing-play-active_2.11	0.4-2.3		07b20394adca06113261eba61479d69ef45dc4a4
com.lucidchart	opentracing-play-active_2.11	0.4-2.5		1642f2d907b64f4bb1512ecbcfdd38f2ada06785
com.lucidchart	opentracing-play-active_2.11	0.5-2.3		85a61d778fd4f637ab3e437a1a1a55cc3e331dad
com.lucidchart	opentracing-play-active_2.11	0.5-2.5		b718faba40abf816bad10e4d02bab61d03427f61
com.lucidchart	opentracing-play-active_2.11	0.6-2.3		82cb753375d4cf458b1e2b66ab22d61137e90cd1
com.lucidchart	opentracing-play-active_2.11	0.6-2.5		57e91892f04939e458413e86ff713a1f816600d9
com.qlangtech.tis	logback-flume-appender	1.0.3		88a67f431cfbab0f51d1a78ee2b1a2afd5451bbd
com.segment.analytics.kotlin.destinations	bugsnag	1.0.0		N/A
com.softwaremill.sttp.client3	async-http-client-backend-monix_3	3.10.0		88497e22a5f8e98b44c582629b233de5b1d15a10
com.softwaremill.sttp.client3	async-http-client-backend-monix_3	3.10.1		37f694c31817b12aeb60f726dd7d6dd495617b65
com.softwaremill.sttp.client3	async-http-client-backend-monix_3	3.10.2		0f6a5baf94aa7764e87adec9ec5e495653707627
com.softwaremill.sttp.client3	async-http-client-backend-monix_3	3.10.3		34c2102f9846a2cec0291a21eb1f8331b753a027
com.softwaremill.sttp.client3	async-http-client-backend-monix_3	3.11.0		f74f68adc442db7a810e5aad95105a899120dbfd
com.softwaremill.sttp.client3	async-http-client-backend-monix_3	3.3.16		e72e12f556c0335da3583fe2738226bf6b3ac429
com.softwaremill.sttp.client3	async-http-client-backend-monix_3	3.3.17		c7829d275584bc3efee8e4571d4cb22dfc791ef2
com.softwaremill.sttp.client3	async-http-client-backend-monix_3	3.3.18		4907779dd2c0e8e7eaa9d0a9d168982945db36b5
com.softwaremill.sttp.client3	async-http-client-backend-monix_3	3.4.0		f0ed3966fdac9f81434b30b47e6ff294c9681831
com.softwaremill.sttp.client3	async-http-client-backend-monix_3	3.4.1		e265b1e979f179088a8fcd675ff765a9f128bc13
com.softwaremill.sttp.client3	async-http-client-backend-monix_3	3.4.2		6cd92ed8ffc33ddbbacb6c6e1bb953fdfbbcd745
com.softwaremill.sttp.client3	async-http-client-backend-monix_3	3.5.0		4263f836c5d327442267cac55f00dce7085655ee
com.softwaremill.sttp.client3	async-http-client-backend-monix_3	3.5.1		4cdd28031082c0f5a095ad44c47a4e284b6033a4
com.softwaremill.sttp.client3	async-http-client-backend-monix_3	3.5.2		94bc732ad86c15f944399f1371df5ab1f0fbb3a0
com.softwaremill.sttp.client3	async-http-client-backend-monix_3	3.6.0		51fe9d4b8865cfafc46841d48d9a194785250da7
com.softwaremill.sttp.client3	async-http-client-backend-monix_3	3.6.1		8ca703c37fa90535130f95ceaba601ee78c21c7e
com.softwaremill.sttp.client3	async-http-client-backend-monix_3	3.6.2		e44cfa5463a9a5fc5592e85e82901dcf75526233
com.softwaremill.sttp.client3	async-http-client-backend-monix_3	3.7.0		7d30121fa84be774c16c89dde53885dc12ee86e5
com.softwaremill.sttp.client3	async-http-client-backend-monix_3	3.7.1		2d51d260331fb0f8f0a289b4770602e68e73c639
com.softwaremill.sttp.client3	async-http-client-backend-monix_3	3.7.2		45617462e3a31fef5ebe9f59836023ad31628881
com.softwaremill.sttp.client3	async-http-client-backend-monix_3	3.7.4		70e91457c4f4d4b53448215ffe46e4bce4de3d88
com.softwaremill.sttp.client3	async-http-client-backend-monix_3	3.7.5		6c67ba21be34fbcda022e56f8b5854d59716bcb7
com.softwaremill.sttp.client3	async-http-client-backend-monix_3	3.7.6		32580e71aabe1d37cf152c83e951905daca58d20
com.softwaremill.sttp.client3	async-http-client-backend-monix_3	3.8.0		c2854457603c29a3c38893db4f22be2a606504a6
com.softwaremill.sttp.client3	async-http-client-backend-monix_3	3.8.1		7b5f834dd01d4b6d8adad352be8cc38613812163
com.softwaremill.sttp.client3	async-http-client-backend-monix_3	3.8.10		e77a773dd93a716f0a614c0d3b6f398ebecb1202
com.softwaremill.sttp.client3	async-http-client-backend-monix_3	3.8.11		e46d44f60d3bfb66df74e544d6b29c1632743bdd
com.softwaremill.sttp.client3	async-http-client-backend-monix_3	3.8.12		2a5f5df6e0d372e50599164411735dcb83a1bd86
com.softwaremill.sttp.client3	async-http-client-backend-monix_3	3.8.13		b226e7f38055ab9aa8c1979038cc9f7750d211d0
com.softwaremill.sttp.client3	async-http-client-backend-monix_3	3.8.14		701a4c4e54ad311fa5c3fb9915e94b1e19a3c354
com.softwaremill.sttp.client3	async-http-client-backend-monix_3	3.8.15		cae27796134e7590f9e969a93f00af07a6409fdb
com.softwaremill.sttp.client3	async-http-client-backend-monix_3	3.8.16		a96713fcd14fd7749ae570975ac4c7771d2ac50b
com.softwaremill.sttp.client3	async-http-client-backend-monix_3	3.8.2		ebf3da59e94b18bdb80207ea7fff7b7962522e10
com.softwaremill.sttp.client3	async-http-client-backend-monix_3	3.8.3		4f43c7b21c3b49466c120b0886fc0ebcaf6035fe
com.softwaremill.sttp.client3	async-http-client-backend-monix_3	3.8.5		c472782c1399503f0ee8886d7d2ee9f3605715f2
com.softwaremill.sttp.client3	async-http-client-backend-monix_3	3.8.6		26710ae9446bff72a4daea29405a8917a21d9cbd
com.softwaremill.sttp.client3	async-http-client-backend-monix_3	3.8.7		ff9983987001934a6c6bb4fe23101cc3c9712e9f
com.softwaremill.sttp.client3	async-http-client-backend-monix_3	3.8.8		f2494fb4edef9370e3f873f9220bd545980170b1
com.softwaremill.sttp.client3	async-http-client-backend-monix_3	3.8.9		69bd6b297484fff3c705c5bd2ecb9421b219ecb6
com.softwaremill.sttp.client3	async-http-client-backend-monix_3	3.9.0		47d6949ec6cb23eb6f6c96d778754d880849b053
com.softwaremill.sttp.client3	async-http-client-backend-monix_3	3.9.1		ddd5a4718cba5ce5c91396505fb897dc7bd5a2b0
com.softwaremill.sttp.client3	async-http-client-backend-monix_3	3.9.2		ba0f8e0dd12d69b6849880bb9b9ece6ae07c90d8
com.softwaremill.sttp.client3	async-http-client-backend-monix_3	3.9.3		13022956b57a3932bc461245a122f6cbfd088f4f
com.softwaremill.sttp.client3	async-http-client-backend-monix_3	3.9.4		c3e2565d611bc0f867f65dbf01286cfe4fd5fae4
com.softwaremill.sttp.client3	async-http-client-backend-monix_3	3.9.5		0430fec5e50bb9494266d758e75a7c1bd7689eb9
com.softwaremill.sttp.client3	async-http-client-backend-monix_3	3.9.6		495816569e176bcb704b8de3e81a2494ca1498ed
com.softwaremill.sttp.client3	async-http-client-backend-monix_3	3.9.7		8c3f75b86d01c1f5c7830cf5eb109850fbb1222b
com.softwaremill.sttp.client3	async-http-client-backend-monix_3	3.9.8		c6e1a7c5718399dcfb9288f05ed8f30f06534f9f
com.twitter	finagle-zipkin-core_2.13	19.11.0		6c537b783a2f123a1e381616251da84e8457234e
com.twitter	finagle-zipkin-core_2.13	19.12.0		40751544b424b27ea92f0822a76fdf329354f1ee
com.twitter	finagle-zipkin-core_2.13	20.1.0		a58ebf64feb5c899ec4904d25d8e312705232f50
com.twitter	finagle-zipkin-core_2.13	20.10.0		d49b9458b214bec60f17c4f24f12b386dafb0b63
com.twitter	finagle-zipkin-core_2.13	20.12.0		7088faf6fb558cc684085ada4d81d8eeaa202784
com.twitter	finagle-zipkin-core_2.13	20.3.0		bdfcfa0841c31c5be3c4b2ae545d4df69322480d
com.twitter	finagle-zipkin-core_2.13	20.4.0		ba75c3edc5e8a814b69b6bda95c93a7c51a12b25
com.twitter	finagle-zipkin-core_2.13	20.4.1		a652449f811da806822fd68bd9ed7db477c264c0
com.twitter	finagle-zipkin-core_2.13	20.5.0		eb20687f6370d74013f2dad1a3c3b288ca7ee3e4
com.twitter	finagle-zipkin-core_2.13	20.6.0		1f54924cc83576b1efa18461e59b558851d02139
com.twitter	finagle-zipkin-core_2.13	20.7.0		05310ce82f6af757fa5f1bb6678b15c20e43c7e6
com.twitter	finagle-zipkin-core_2.13	20.8.0		722dcd0ab926b9b273bb93dc392140733eeb857f
com.twitter	finagle-zipkin-core_2.13	20.8.1		920933c388a5c1b8dcd642a803347ff3fe8d075f
com.twitter	finagle-zipkin-core_2.13	20.9.0		908b23af31fbb44d72fb5dbb081cfab67ee2aba0
com.twitter	finagle-zipkin-core_2.13	21.1.0		94ae143a744d3318c79f5baebcfb7bcc5a3497a5
com.twitter	finagle-zipkin-core_2.13	21.10.0		1c7f5e5c9abdce2136256b60c8bb8a1deb9b5fc8
com.twitter	finagle-zipkin-core_2.13	21.11.0		0c288ccdab8b49a497a03a336a0cd0e82ef3ca53
com.twitter	finagle-zipkin-core_2.13	21.12.0		1a28c91ddb93854b22549d0017888d8a14e5b33f
com.twitter	finagle-zipkin-core_2.13	21.2.0		54257058f92a91bdab7d42c118c4979b4a022e39
com.twitter	finagle-zipkin-core_2.13	21.3.0		065654a808b6eeefa37684a9b8ff97b330a3e0b1
com.twitter	finagle-zipkin-core_2.13	21.4.0		5b1c32ec56c4c862ea0a7412240ef10dc0fb41a9
com.twitter	finagle-zipkin-core_2.13	21.5.0		862c5f44fa7e21bcadee6428289b744ce1ea21f4
com.twitter	finagle-zipkin-core_2.13	21.6.0		386f9f808085db9472fba41621c2119ddd2918b5
com.twitter	finagle-zipkin-core_2.13	21.8.0		3b82d325c3daba46cc43bd3399bb3126a8cb0740
com.twitter	finagle-zipkin-core_2.13	21.9.0		22e1eda7c6221004f9ac18ba4a378fb139a1470f
com.twitter	finagle-zipkin-core_2.13	22.1.0		7b064d064965c5176ced570413b77f088abecf39
com.twitter	finagle-zipkin-core_2.13	22.12.0		9b7386a824ff4a00e77817427270e088db51fb2c
com.twitter	finagle-zipkin-core_2.13	22.2.0		fd112b7220e9e1e9b918cd91b17ae6ec40b838ea
com.twitter	finagle-zipkin-core_2.13	22.3.0		4fb47b01c96638120b1ca48b7c0051df1ac2da75
com.twitter	finagle-zipkin-core_2.13	22.4.0		683eca6b0888b2b8ebfd095acf9dc3ee235c4a55
com.twitter	finagle-zipkin-core_2.13	22.7.0		d363c04402e3f1e6ea276e6f448249385c613875
com.twitter	finagle-zipkin-core_2.13	23.11.0		debf1605a6dfdcb8c8fc975ab0579169c4ccbdb5
com.twitter	finagle-zipkin-core_2.13	24.2.0		7dd8c2acaea26d34224a9d57ca01ed6cb4ac5a6f
com.typesafe.akka	akka-contrib_2.10.0-RC3	2.1.0-RC3		85595c74c98c6c2575c51296b361049db265b97c
de.gematik.idp	idp-crypto	21.0.12		13ef0c3a516de239a2168fec1c1f0303e52ece91
de.gematik.idp	idp-crypto	21.0.16		df1f38dd7f8bc31b31c93742384c804088d70c8c
de.gematik.idp	idp-crypto	21.0.20		7b7dd36247b3377f08cc540cbbc9126c5939724e
de.gematik.idp	idp-crypto	21.0.22		4ce900079f3fb04a3a21dbd8417c5e847b47e943
de.gematik.idp	idp-crypto	21.0.23		3ac2bf217c930ae271b76bb1337cd849ba0e0840
de.gematik.idp	idp-crypto	21.0.25		9aba481398561b5d70aaad347dcaa47536719017
de.gematik.idp	idp-crypto	21.0.30		db1918d24f2d31d40d166bb643a085a67cb0df08
de.gematik.idp	idp-crypto	21.0.33		69b3f378cabd88b9c8419150f54c854e4f979288
de.gematik.idp	idp-crypto	21.0.8		96d92b96c0bfa44bc53e4c6942a16297fb527bda
de.gematik.idp	idp-crypto	22.0.1		27ff5e67a757b991285ea87843156cdf4c1bf922
de.gematik.idp	idp-crypto	22.0.3		35684648f5406c5a903d2e139cf3ce5cf1a19276
de.gematik.idp	idp-crypto	22.0.4		6f0b695b68b886875d28071841999c817ae908df
de.gematik.idp	idp-crypto	23.0.1		1e8bb98656a31c2fc736eda6e62832f20a4e2eff
de.gematik.idp	idp-crypto	23.0.2		c5211c0711d377f3c0259fe29e375c2f43085417
de.gematik.idp	idp-crypto	23.0.4		8ebd6878b99adb75a12f5851d70fa3d68c135d53
de.gematik.idp	idp-crypto	24.0.0		193fcc40d5a7438dce8f7239370d7c1b1c7fe09b
de.gematik.idp	idp-crypto	24.1.0		5c409de8d4143738db96d7a337d17fffc9694f37
de.gematik.idp	idp-crypto	25.0.0		3ed328c0487e40b2037cd753eb73bc297e6c7df4
de.gematik.idp	idp-crypto	25.0.1		574884f94d021b8fbd5eaacdb48058fe8b52ee54
de.gematik.idp	idp-crypto	25.0.4		040dd8e6087617ba85260431bd5b77a2b72bc4e7
de.gematik.idp	idp-crypto	25.0.5		c35d451d841a39967a4d05df769aec3e4d008692
de.gematik.idp	idp-crypto	25.1.0		8097b228b01120fd1f6d1f9901afba1112d06476
de.gematik.idp	idp-crypto	25.1.1		81944216cd1e9a18550ca4c959129da7eaea0145
de.gematik.idp	idp-crypto	26.0.0		ae6013730e4731e094f1b0d19a36074fca516c43
de.gematik.idp	idp-crypto	26.0.1		3d06b3519abaf82f63cea667ed724bbefd5bb6d9
de.gematik.idp	idp-crypto	27.0.1		e88ae7f89b691686b8046c07aa425ae91a853a29
de.gematik.idp	idp-crypto	27.0.2		ca683d14cf1dee8e1fa971a189baed6fa5521769
de.gematik.idp	idp-crypto	27.0.3		fc0e6489f32741c395c11bcc41dab5291fbdc9b5
de.gematik.idp	idp-crypto	28.0.1		0de0f7048edc9896e07b90e0a435517b49b686c0
de.gematik.idp	idp-crypto	28.0.2		ec3e9e81f78c5cfa552f982224d296c21bbc548b
de.gematik.idp	idp-crypto	29.0.1		6f95c04b2b1f64ff957d94cf6d88836c74ab59f2
de.gematik.idp	idp-crypto	29.0.2		fc4fddbea1c5735920287d717fde15eae04ddc1e
de.gematik.idp	idp-crypto	29.0.4		40a309a2bac81322608cdf19bf7964244464fb3e
de.gematik.idp	idp-crypto	29.1.0		b1580661548f944fb5865e2a7dec29c7103eadc3
de.gematik.idp	idp-crypto	29.1.5		723c95a79e331c3b0234b277ef5c1cd6cc138cf1
de.gematik.idp	idp-crypto	29.1.7		f7ea07fb05e78a7b116c02f3eb84758ba717d853
de.gematik.idp	idp-crypto	29.2.1		2088cc236cc4c0e5f631cc6d1b9a8bb4d9e0e64e
de.kaiserpfalz-edv.commons.services	kp-commons-dnb-lookup	3.3.1-2		834aa2d570c8028abe89642e25e4f5984ad750d5
de.kaiserpfalz-edv.commons.services	kp-commons-dnb-lookup	3.3.3-1		7a78ffb8b1cde39a8818d077efbf888165dd813c
de.kaiserpfalz-edv.commons.services	kp-commons-dnb-lookup	3.3.3-2		a3ade63c7c65a620243179e423fb4baffd21c685
de.kaiserpfalz-edv.commons.services	kp-commons-dnb-lookup	3.3.3-3		86675ddb13334c7170b572c52333f011c0142fb1
de.muenchen.oss.ezldap	ezLDAP-microservice	1.0.0		4fbd1b5147963aa9e641d2c7b7c320d545eac87b
de.muenchen.oss.ezldap	ezLDAP-microservice	1.0.1		2c7a356ffe4873ad3261414f3b8a42b3968427f6
de.muenchen.oss.ezldap	ezLDAP-microservice	1.0.3		b4080a3b441233fbaf2bfab1ceb509aa4345579e
de.muenchen.oss.ezldap	ezLDAP-microservice	1.1.0		32bee01fb418b883863888d394018570f10dcf0e
dev.macula.boot	macula-example-provider1	5.0.0-RC1		6a5c72ccb610be317605f289dd24200750bc1b7c
dev.macula.boot	macula-example-provider1	5.0.0-RC2		04bb8d30a2beb6082075d6eb188647cf9af4aa65
dev.macula.boot	macula-example-provider1	5.0.0-RC3		2b94911a5c2c8644227ec4918f0b5fc4f588a86d
dev.macula.boot	macula-example-provider1	5.0.0-RC4		91770dafcbe42a27fe4d533b8d4839048f5ad951
eu.0io	anorm-async_2.13	0.0.1		1fceafbdefbc57f421f878f85308fe5bcf1bcba4
eu.0io	anorm-async_2.13	0.0.2		45d44ad32d7362bc0fdc614d71e2d13a4e20f953
io.github.crystailx	scalaflagr-effect-cats_2.13	0.9.1		6b89e267e31bf0d3c0d467f7ea58f8d0fd90c3ff
io.github.crystailx	scalaflagr-effect-cats_2.13	1.0.0		cd0e2315e7ff36dfb8faa37a0624226f25fe2f13
io.github.crystailx	scalaflagr-effect-cats_2.13	1.1.0		7312991820766ce314c69acff4342a41af66a503
io.github.crystailx	scalaflagr-effect-cats_2.13	1.2.0		c5468082c5d51e861088684556ca1c9a2bb17a55
io.github.crystailx	scalaflagr-effect-cats_2.13	1.2.1		f47dc9d49e79ebfff3ee09e74c89cc3ed32a14a2
io.github.crystailx	scalaflagr-effect-cats_2.13	1.2.2		9fd404e74d84d0fa02196e2a94921a1c3e01e264
io.github.crystailx	scalaflagr-effect-cats_2.13	1.2.3		852e8deaa2b894634c4d7789afe0ac27bb17e172
io.github.crystailx	scalaflagr-effect-cats_2.13	1.3.0		c4bb71701abbb0ef2894b5cc0eac964c69c408c1
io.github.crystailx	scalaflagr-effect-cats_2.13	1.4.0		793f7b348ebdc65cb54d9ecf39e2181493623b7c
io.github.gagessele	v1_6	0.0.1		e9cb5aa97b1f85d690b71f578b6bf448302f579b
io.github.gagessele	v1_6	0.0.12		231dd313ca6d9f60eaca7f63b9819bd37fa317c3
io.github.gagessele	v1_6	0.0.13		5c37b8d88cd3d13198494513eda066d4efc11506
io.github.gagessele	v1_6	0.0.14		23b7c5e2a83c19b6a46532d20b4993424c05b95a
io.github.gagessele	v1_6	0.0.15		6af52448272cda5af3cca178764e4680f63ecfdf
io.github.gagessele	v1_6	0.0.2		5ac82d5fffbab5d270ff0a6e7539f6d294099eeb
io.github.kalinjul.kotlin.multiplatform	oidc-tokenstore-wasm-js	0.12.3		N/A
io.github.pablichjenkov	component-toolkit-iosx64	0.5.10		N/A
io.github.pablichjenkov	component-toolkit-iosx64	0.5.10	metadata	60e4a77af5aca5aa17a0354c19e67f86ef26af95
io.github.pablichjenkov	component-toolkit-iosx64	0.5.10-rc01		N/A
io.github.pablichjenkov	component-toolkit-iosx64	0.5.10-rc01	metadata	8cc925ed394297ffd91fcb3b63fd586a5f90b570
io.github.pablichjenkov	component-toolkit-iosx64	0.5.10-rc02		N/A
io.github.pablichjenkov	component-toolkit-iosx64	0.5.10-rc02	metadata	297fbdaa58916a4c0fbd9c5f22cf3534a344a592
io.github.pablichjenkov	component-toolkit-iosx64	0.5.11		N/A
io.github.pablichjenkov	component-toolkit-iosx64	0.5.11	metadata	471512d6319cf5936856450859201e0fa9345776
io.github.pablichjenkov	component-toolkit-iosx64	0.5.12		N/A
io.github.pablichjenkov	component-toolkit-iosx64	0.5.12	metadata	7b351a6dcf492d746d777d540f80a0a4acdd097b
io.github.pablichjenkov	component-toolkit-iosx64	0.5.13		N/A
io.github.pablichjenkov	component-toolkit-iosx64	0.5.13	metadata	a8526b737e3a1c3181d2d9732050275d0089146f
io.github.pablichjenkov	component-toolkit-iosx64	0.5.14		N/A
io.github.pablichjenkov	component-toolkit-iosx64	0.5.14	metadata	fbfeae06093d63929524c12b4a2cb69b71ef1d24
io.github.pablichjenkov	component-toolkit-iosx64	0.5.15		N/A
io.github.pablichjenkov	component-toolkit-iosx64	0.5.15	metadata	0ee9b4b1624178c437affc7dc9678df81850858c
io.github.pablichjenkov	component-toolkit-iosx64	0.5.16		N/A
io.github.pablichjenkov	component-toolkit-iosx64	0.5.16	metadata	910362a8babf4b79ed58f96e9ce5f0b037195841
io.github.pablichjenkov	component-toolkit-iosx64	0.5.17		N/A
io.github.pablichjenkov	component-toolkit-iosx64	0.5.17	metadata	459ae05ce61d349c11010c128943f7ed8a08c9c5
io.github.pablichjenkov	component-toolkit-iosx64	0.5.2		N/A
io.github.pablichjenkov	component-toolkit-iosx64	0.5.2	metadata	bdefa26293467f32b2a85d262bba64785128f268
io.github.pablichjenkov	component-toolkit-iosx64	0.5.3		N/A
io.github.pablichjenkov	component-toolkit-iosx64	0.5.3	metadata	51056e5a55ec5b42aaca82cd945a6b9df4709081
io.github.pablichjenkov	component-toolkit-iosx64	0.5.4		N/A
io.github.pablichjenkov	component-toolkit-iosx64	0.5.4	metadata	73c63a599a2eabb369b696e7fa68844455113cb0
io.github.pablichjenkov	component-toolkit-iosx64	0.5.5		N/A
io.github.pablichjenkov	component-toolkit-iosx64	0.5.5	metadata	f9d45b03c654d1ea6258337e7fd59bdc242b42a6
io.github.pablichjenkov	component-toolkit-iosx64	0.5.6		N/A
io.github.pablichjenkov	component-toolkit-iosx64	0.5.6	metadata	ddae4950516a7ad49ae33859351f34f3c9d236cf
io.github.pablichjenkov	component-toolkit-iosx64	0.5.7		N/A
io.github.pablichjenkov	component-toolkit-iosx64	0.5.7	metadata	c643d89dd289ba0a27119b34b8c98828f86b81fc
io.github.pablichjenkov	component-toolkit-iosx64	0.5.8		N/A
io.github.pablichjenkov	component-toolkit-iosx64	0.5.8	metadata	a7c9b71006525cbdcc8baa3e101b200258094844
io.github.pablichjenkov	component-toolkit-iosx64	0.5.9		N/A
io.github.pablichjenkov	component-toolkit-iosx64	0.5.9	metadata	427c9b3a0c89a2333bf9cdad906476675c5b3098
io.github.pablichjenkov	component-toolkit-iosx64	0.6.0		N/A
io.github.pablichjenkov	component-toolkit-iosx64	0.6.0	metadata	4e8e988aea9adf7807c9025206ee958f7dcdcf04
io.github.pablichjenkov	component-toolkit-iosx64	0.6.1		N/A
io.github.pablichjenkov	component-toolkit-iosx64	0.6.1	metadata	dd9bf062cd82090d411ecae925a92bc06fa925cb
io.github.pablichjenkov	component-toolkit-iosx64	0.6.10		N/A
io.github.pablichjenkov	component-toolkit-iosx64	0.6.10	metadata	1fff754b224e92dbe425a17f733b4daceafd3f14
io.github.pablichjenkov	component-toolkit-iosx64	0.6.10-rc02		N/A
io.github.pablichjenkov	component-toolkit-iosx64	0.6.10-rc02	metadata	8a4aed9bce96e74e830674c2506f588a3f7a89e2
io.github.pablichjenkov	component-toolkit-iosx64	0.6.10-rc1		N/A
io.github.pablichjenkov	component-toolkit-iosx64	0.6.10-rc1	metadata	fc4772f6c3e956bb1c8ff720c45e5e6f0be39741
io.github.pablichjenkov	component-toolkit-iosx64	0.6.11		N/A
io.github.pablichjenkov	component-toolkit-iosx64	0.6.11	metadata	eed719b7f5dc881b37fcfd6ae96f16d039df3bea
io.github.pablichjenkov	component-toolkit-iosx64	0.6.2		N/A
io.github.pablichjenkov	component-toolkit-iosx64	0.6.2	metadata	c4f1b1a8de5947919f8334b6cfcfb18bea05c022
io.github.pablichjenkov	component-toolkit-iosx64	0.7.0		N/A
io.github.pablichjenkov	component-toolkit-iosx64	0.7.0	metadata	0c052b4d14c0531189c7b9c18354c74fbe146d6e
io.github.primelib	confluence4j-rest-v2	0.1.0		364303974241d7b2677a007fabc82a00e18f41fa
io.github.primelib	confluence4j-rest-v2	0.2.0		62440222bfe0340700e17574ba996add6acd30dd
io.github.zhangzih4n	compose-font-misans-tc-bundled-android-debug	1.002		N/A
io.kotest	kotest-framework-engine-androidnativearm64	5.9.0		N/A
io.kotest	kotest-framework-engine-androidnativearm64	5.9.1		N/A
io.kotest	kotest-framework-engine-androidnativearm64	6.0.0.M1		N/A
io.kotest	kotest-framework-engine-androidnativearm64	6.0.0.M2		N/A
io.kotest	kotest-framework-engine-androidnativearm64	6.0.0.M3		N/A
io.nemesis.platform.module.widget	nemesis-widget-link	2.3.19.RELEASE		51fe0ca3302a81a9b5dbcada02b65d2e53991ba3
io.nemesis.platform.module.widget	nemesis-widget-link	2.3.20.RELEASE		27546595c26754a1bb7d1c01a5e4412797fd2565
io.quarkiverse.artemis	quarkus-integration-test-artemis-core	1.0.0		90fdfb3187315738988d21b5277804836ce45f44
io.quarkiverse.artemis	quarkus-integration-test-artemis-core	1.0.1		4d6ea9991382c0353f013e825e0c89b1fa89394f
io.quarkiverse.artemis	quarkus-integration-test-artemis-core	1.0.2		cb4009c380585d3078be4ccbe930602d371e7e72
io.quarkiverse.artemis	quarkus-integration-test-artemis-core	1.0.3		932b320adcc0a3beb228035df5a487bc6ead599a
io.quarkiverse.artemis	quarkus-integration-test-artemis-core	1.0.4		10fe7967151f806d403d066db28963a63dbf6e26
io.quarkiverse.artemis	quarkus-integration-test-artemis-core	1.0.5		fafdecccf8c2f0263a71f700b2050f668521958e
io.quarkiverse.artemis	quarkus-integration-test-artemis-core	1.0.6		f98ca3ce8e5bd38787b8d20fc2df5da4cbc72b68
io.quarkiverse.artemis	quarkus-integration-test-artemis-core	1.1.0		5145048a669a6669f6531ef98ff73bf836f469e7
io.quarkiverse.artemis	quarkus-integration-test-artemis-core	1.1.1		2d9166241842c4501108f5be9a34bf3444c7077c
io.quarkiverse.artemis	quarkus-integration-test-artemis-core	1.2.0		5623ab405ef298d021a89db93db5e06acb15237d
io.quarkiverse.artemis	quarkus-integration-test-artemis-core	1.3.0		ec1bfc9d03a70e2339e660962455c9b232594736
io.yupiik.batch	yupiik-batch-metrics-relay	1.0.4		4e2bc1fe68fc23db0b165bd26e34289c35f5c68e
io.yupiik.batch	yupiik-batch-metrics-relay	1.0.5		87cceaae094a2e49eea0e6987f49ad2d79003f27
io.yupiik.batch	yupiik-batch-metrics-relay	1.0.6		d85a341b653baf268f78aa0e172d9f13b69d1a37
io.zipkin.brave	brave-context-slf4j	4.10.0		54ba1f06a7c5c32ee264b8569190e2a36fcd94f9
io.zipkin.brave	brave-context-slf4j	4.10.1		af166ec990330bd56ea9cf8ebc9689fc27085df8
io.zipkin.brave	brave-context-slf4j	4.11.0		248eee0042a4d265479fe8634d27b423e3c1e40b
io.zipkin.brave	brave-context-slf4j	4.12.0		5f8e1d3b8f5bf540ae81697d1a5d96a07483f5bb
io.zipkin.brave	brave-context-slf4j	4.13.0		f0dd06b9686854989763c06139c2637e7d6494ae
io.zipkin.brave	brave-context-slf4j	4.13.1		2cba7a29b39da7af260a4605edf0d36d65754450
io.zipkin.brave	brave-context-slf4j	4.13.2		95edf851d9a12c2c400bb2130bb49f52e345e781
io.zipkin.brave	brave-context-slf4j	4.13.3		4b8023deeab719c56c716d7829da38e4e681b7a3
io.zipkin.brave	brave-context-slf4j	4.13.4		f6c26d9ae25282a4291dadc5e514dc17a502b0f6
io.zipkin.brave	brave-context-slf4j	4.13.5		234822de3d59ed8571c492b5a9f86188ef295c9d
io.zipkin.brave	brave-context-slf4j	4.13.6		50c3b757ef0f77697390d4d1d409946a09e65ef6
io.zipkin.brave	brave-context-slf4j	4.14.0		eab00ada28477d90f80db9222a6cfaac3e4a61d9
io.zipkin.brave	brave-context-slf4j	4.14.1		c9fd33d0e559afde72ac76411546d46c38770085
io.zipkin.brave	brave-context-slf4j	4.14.2		02aea866c873599f5cb20d9aceab33f5381393e2
io.zipkin.brave	brave-context-slf4j	4.14.3		5d403f11a53f2403f09e59b1393779e55b2835d7
io.zipkin.brave	brave-context-slf4j	4.15.0		2eede982e688afe8220082d01db13881187d17af
io.zipkin.brave	brave-context-slf4j	4.15.1		8f33efbeccd072ed6232f64426dac7470edbf27a
io.zipkin.brave	brave-context-slf4j	4.16.0		e3b76cb821bafa7b42c48da8321eec6ecb5af952
io.zipkin.brave	brave-context-slf4j	4.16.1		808ccbefc082e481d41c7863102f66e33ed64f57
io.zipkin.brave	brave-context-slf4j	4.16.2		c3790fcada844c3814d0310caa59c58a2a132833
io.zipkin.brave	brave-context-slf4j	4.17.0		34e556ea3419f2f4e57604330e2ddeb1631a61a5
io.zipkin.brave	brave-context-slf4j	4.17.1		c959b405a8b8ff733358a403255e7ab21fe612d9
io.zipkin.brave	brave-context-slf4j	4.17.2		7673a97ebce9ce6fd9966b2ddba8f84adf01b5d4
io.zipkin.brave	brave-context-slf4j	4.18.0		79b5b5c71a2bd80ab6fd5309376d7ead513e089e
io.zipkin.brave	brave-context-slf4j	4.18.1		ef14b700a2b146f968cf8736266aa46eec9b2f14
io.zipkin.brave	brave-context-slf4j	4.18.2		f968189f926c231a73eb661ddbae7c102a05c7ec
io.zipkin.brave	brave-context-slf4j	4.19.0		b3a47230a723d318af6932053a34c7cb19371cc0
io.zipkin.brave	brave-context-slf4j	4.19.1		a07688284bf513983c5d62c9b91ad8ede98fefb4
io.zipkin.brave	brave-context-slf4j	4.19.2		7123fe647c309005438168177b6a2528165e8de8
io.zipkin.brave	brave-context-slf4j	4.19.3		c566535e10b6c46cc0402f94bac9e2ab3ea62c8d
io.zipkin.brave	brave-context-slf4j	4.3.0		e0a4a5d39f05c6de9e9592a77394cb5bf75dac3f
io.zipkin.brave	brave-context-slf4j	4.3.1		78e9f32dd3700f75a33fbca37c84ae50766a959d
io.zipkin.brave	brave-context-slf4j	4.3.2		d98332e62de209906d0cf14659218f4601a05be9
io.zipkin.brave	brave-context-slf4j	4.3.3		94c0ff058417809b4e54d5a01b1e8e1c16038218
io.zipkin.brave	brave-context-slf4j	4.3.4		fda3635b2275d0fa972972bfef83da94166ed361
io.zipkin.brave	brave-context-slf4j	4.4.0		e538d56ff349366f09653b731a9f7c4bdc222aa7
io.zipkin.brave	brave-context-slf4j	4.5.0		f7c084c1de69f106e4123e446b270f3fb8f2b96b
io.zipkin.brave	brave-context-slf4j	4.5.1		5bdcf65eaa549a8c9a526ec9f1bf284e1e99f6f0
io.zipkin.brave	brave-context-slf4j	4.5.2		184b6fa937024bc5118e2f1b44d24f3125d2f4c0
io.zipkin.brave	brave-context-slf4j	4.6.0		11135ddbe0980d85169bbb6e1743ceb29bb0b13c
io.zipkin.brave	brave-context-slf4j	4.7.0		98ab7bc6780cccf7c6bb70bfe3f2d61dd19bea1c
io.zipkin.brave	brave-context-slf4j	4.7.1		7f566b81932d5898a0b8a72f4b3dfa5484bd4edf
io.zipkin.brave	brave-context-slf4j	4.7.2		cb405197b8cc59a6710ba9d99cd2e9d592782201
io.zipkin.brave	brave-context-slf4j	4.8.0		7551aed2f7becb2e794c8f5712d1909333063ceb
io.zipkin.brave	brave-context-slf4j	4.8.1		8f1d4d6d5b824576e602428f57e3889c3d281d9a
io.zipkin.brave	brave-context-slf4j	4.9.0		fde30e6ae1ee3120f5b92156e0d5a1da59020c80
io.zipkin.brave	brave-context-slf4j	4.9.1		290afdc29341217b4567b86294cfda905285d57b
io.zipkin.brave	brave-context-slf4j	4.9.2		24f864664ec2ceadea90dddaf6abadbbda424aa3
io.zipkin.brave	brave-context-slf4j	5.0.0		37f53b3114b29dd726845271e4046f1c543b6618
io.zipkin.brave	brave-context-slf4j	5.1.0		e721bdc29703708103e19ce88609ad2e413f76f2
io.zipkin.brave	brave-context-slf4j	5.1.1		85dc07fbd462f58c58d1c7bc4bd907eaea85ee83
io.zipkin.brave	brave-context-slf4j	5.1.2		c17d7356bc1e21fcf122772c101ace55367dbd08
io.zipkin.brave	brave-context-slf4j	5.1.3		186d51f8ec816ee11f6884479b8d2cbb96be39a6
io.zipkin.brave	brave-context-slf4j	5.1.4		d1b125098d1c5c57f246c267e67d7c6092acd933
io.zipkin.brave	brave-context-slf4j	5.1.5		7ece598a4915f76f048271f5953db09eb8bbf281
io.zipkin.brave	brave-context-slf4j	5.10.0		c9879c326fc6639a73ce90c71d9fddac52c1477f
io.zipkin.brave	brave-context-slf4j	5.10.1		78b80cbfbaa88996afe9530def4731adbf151fec
io.zipkin.brave	brave-context-slf4j	5.10.2		e3cbe0f9c54107c302586601e8ee3e510de402f5
io.zipkin.brave	brave-context-slf4j	5.11.0		b1ac9e792536cc8d8afccead91697f5a31f3a073
io.zipkin.brave	brave-context-slf4j	5.11.1		993bf02fa96939eae31b941281a8d9a40b4e7822
io.zipkin.brave	brave-context-slf4j	5.11.2		75ff2a145a7d7961085c0a1a875803917381d855
io.zipkin.brave	brave-context-slf4j	5.12.0		dd13346964a42f6dd05ece9382080815bd0c4aab
io.zipkin.brave	brave-context-slf4j	5.12.1		7b586c9902f94eab19979d56d47f59583b4ea568
io.zipkin.brave	brave-context-slf4j	5.12.2		dbc02feb6c8e873d9878b694dd6e934a8327821a
io.zipkin.brave	brave-context-slf4j	5.12.3		304c2255d6fdff54aa140a33552e47236642df4f
io.zipkin.brave	brave-context-slf4j	5.12.4		7a4ffa3fd6047d046ecb6c514708f3ad7c39884b
io.zipkin.brave	brave-context-slf4j	5.12.5		2961daea42cdbb27544117cf80575f945e15ef49
io.zipkin.brave	brave-context-slf4j	5.12.6		bf45532831a2e2f26c26d517ed445164eb262f9d
io.zipkin.brave	brave-context-slf4j	5.12.7		770f50d79f351bc336a30b1abe30493e25c7769e
io.zipkin.brave	brave-context-slf4j	5.13.0		ac8440ef9214ccde8c98bf1c7bd7fa93eaf2962d
io.zipkin.brave	brave-context-slf4j	5.13.1		85d7113f540b7c04a39837ec9655b256397617f9
io.zipkin.brave	brave-context-slf4j	5.13.10		ee5346e9f6b6f9be7c0e8d2a0cb2685280ef2c9b
io.zipkin.brave	brave-context-slf4j	5.13.11		0704ff6ce06277e16e7551e4a77d6ed81d20e20f
io.zipkin.brave	brave-context-slf4j	5.13.2		e6e85756412dec49eb207e668bae796c8352d3a2
io.zipkin.brave	brave-context-slf4j	5.13.3		d0e33320d49566bbc34614db76fa634586970384
io.zipkin.brave	brave-context-slf4j	5.13.4		488ffd4ae786b207f3c94581dee99d16cd3d4221
io.zipkin.brave	brave-context-slf4j	5.13.5		3a6e52eac5ff325ccc68f4e0ca1a46bf92509a0f
io.zipkin.brave	brave-context-slf4j	5.13.6		b6d3b559ac7b2b6eedbcdaa0a35b1a6506ed022c
io.zipkin.brave	brave-context-slf4j	5.13.7		5171b3da16a48a05030ddf6c055d0f3b3e888c01
io.zipkin.brave	brave-context-slf4j	5.13.8		eab34618d3f921cf6792ad4096377296ef7aceae
io.zipkin.brave	brave-context-slf4j	5.13.9		47ee8abddf9a22b4467e4ebc99991a5bd59dc94a
io.zipkin.brave	brave-context-slf4j	5.14.0		a338dd0bb71b6a2167798c83eaaf7ce70a6192ee
io.zipkin.brave	brave-context-slf4j	5.14.1		091352ad48e41a76f421079d3534b18536c94731
io.zipkin.brave	brave-context-slf4j	5.15.0		296f4e06e77c840418a42e903944af7b5947e957
io.zipkin.brave	brave-context-slf4j	5.15.1		95ca6a1896318d3f2f2c136e02c5e08923241bab
io.zipkin.brave	brave-context-slf4j	5.16.0		33aeb0a09847cdc5dfee08a297db76dcd389ba20
io.zipkin.brave	brave-context-slf4j	5.17.0		f70d6da1ba108457465cad0adbe03662ca54dce1
io.zipkin.brave	brave-context-slf4j	5.17.1		b2da55e727fa575df5b8c510465eab1996dc8280
io.zipkin.brave	brave-context-slf4j	5.18.0		8bc898c74f3b7f6377d408e1edd83653cf9b9f1a
io.zipkin.brave	brave-context-slf4j	5.18.1		538fae7c5e30a3105e0aa86a7edc8ebc9ae98a5c
io.zipkin.brave	brave-context-slf4j	5.2.0		9a05ff71edf71c4d4917f05c2a7d5408f342113a
io.zipkin.brave	brave-context-slf4j	5.3.0		e72bf43d2000026bba106a0712d3651f1450e16d
io.zipkin.brave	brave-context-slf4j	5.3.1		73d6e5dc79805999ec25e038b8cf96cf3010ff95
io.zipkin.brave	brave-context-slf4j	5.3.2		3d13b057bba1f2b138001d2673c6d414663d6ec6
io.zipkin.brave	brave-context-slf4j	5.3.3		d0ca3d4997650fa4741798b75b983b2df5e24164
io.zipkin.brave	brave-context-slf4j	5.4.0		1038d4f3fc77936b83bc7430a8288d50c76988e1
io.zipkin.brave	brave-context-slf4j	5.4.1		4e466ef1665dd987174a60be2bb4c46539ee540a
io.zipkin.brave	brave-context-slf4j	5.4.2		4da8ed84b3cad8518548c8629067e5716bcb9343
io.zipkin.brave	brave-context-slf4j	5.4.3		ff2e2d520977fc76d06cb3c5ea8307e4adb6f42a
io.zipkin.brave	brave-context-slf4j	5.4.4		f1e030ff663ceae016985158fd131310ce8734cc
io.zipkin.brave	brave-context-slf4j	5.5.0		514e587ce7251bea2fdbc3f6f66146e5524f2580
io.zipkin.brave	brave-context-slf4j	5.5.1		7a3d9589f89f63954d7dd32acebf915718b24ffb
io.zipkin.brave	brave-context-slf4j	5.5.2		868e9115b0b12acee24ff42bff28cc8a6f0a3be2
io.zipkin.brave	brave-context-slf4j	5.6.0		e5324368548c74a7fda003bf6a9cf90ff6d728d3
io.zipkin.brave	brave-context-slf4j	5.6.1		dabace32da8b630be2289995fd0dfc2ca5b4f561
io.zipkin.brave	brave-context-slf4j	5.6.10		95489a1297ae47b7e4d1e28178ee0ed426e69f60
io.zipkin.brave	brave-context-slf4j	5.6.11		793623959b7f2aab4c56679837a95128e1bff4a3
io.zipkin.brave	brave-context-slf4j	5.6.2		ae1a05bea1373ab993442f802ac5ea40bcf8f384
io.zipkin.brave	brave-context-slf4j	5.6.3		167c786caf521711912d6ac3a1a572ec4a9cd3d1
io.zipkin.brave	brave-context-slf4j	5.6.4		ad619bd839ba1b7153753bdab611657a138943ee
io.zipkin.brave	brave-context-slf4j	5.6.5		e81dea25b9f7ff6d72f6e04bbda157251fbdfa9c
io.zipkin.brave	brave-context-slf4j	5.6.6		9b1ddd505b7967d3859af7f35f019bd81a963181
io.zipkin.brave	brave-context-slf4j	5.6.7		3a3d5b9e62f01cdf171dd69f6321a2f574aa6042
io.zipkin.brave	brave-context-slf4j	5.6.8		61e3205c3668ace71e21870a0df1f1bf6c598d8a
io.zipkin.brave	brave-context-slf4j	5.6.9		7e34fdb9d918d97028a1a278575ea1106eef21a4
io.zipkin.brave	brave-context-slf4j	5.7.0		e19a019a1df93c0a1e0050e5070cb75f5ffe554b
io.zipkin.brave	brave-context-slf4j	5.8.0		9584a1132af3b0d626bdcc277eedc4c4b88b2cc2
io.zipkin.brave	brave-context-slf4j	5.9.0		29e28c1b97bb255bb68e87227281eb42a6deb87a
io.zipkin.brave	brave-context-slf4j	5.9.1		905b6e9421e62e40a3bfbe5700cf7cf2703ff4ce
io.zipkin.brave	brave-context-slf4j	5.9.2		e5e090bf3735879b689085e5d1ae188d466086c0
io.zipkin.brave	brave-context-slf4j	5.9.3		e40154501661741868cfe6d9edcbbeb00c7499e6
io.zipkin.brave	brave-context-slf4j	5.9.4		98d8e3fcc377f50072ce482d26eb153095bc7c30
io.zipkin.brave	brave-context-slf4j	5.9.5		5fcdd0922813bd2c9a1046e89b7af260dc22a72e
io.zipkin.brave	brave-context-slf4j	6.0.0		4c3f54db7bbc98872f838b5d552065dd166fc988
io.zipkin.brave	brave-context-slf4j	6.0.1		0fd76b60cd59d4c2c1842e4fa7589f7e02a566c4
io.zipkin.brave	brave-context-slf4j	6.0.2		89b07c04bee18dadb4441dfb20c5667b0f5fd877
io.zipkin.brave	brave-context-slf4j	6.0.3		a863730f5af570514b4fa4b920c8455c9556d9cd
io.zipkin.brave	brave-context-slf4j	6.1.0		eefcfa360464a1776a69e3f21719f9e0c1cfdaba
io.zipkin.brave	brave-context-slf4j	6.2.0		fb2453fe2e761d4904167b9d84c371d965adf4ce
net.coderazzi	tablefilter-swing-java5	3.1.0		e34222d0af9f68292ea208c86d1d3b020033b4c2
net.coderazzi	tablefilter-swing-java5	3.1.1		27ec1e15dcb63b29ed5a352eb53611249a2edaf0
net.coderazzi	tablefilter-swing-java5	3.1.2		3d5753f24ea75859c1ddd0aef0e8bdb5477994f0
net.coderazzi	tablefilter-swing-java5	4.0.0		d96cc4b751d7ac3ee5ed4395284e9a6955cc99d2
net.coderazzi	tablefilter-swing-java5	4.1.0		54f837c9a4f0ab7f07d7602dceccb0ffb3157941
net.coderazzi	tablefilter-swing-java5	4.1.1		764c623a1bd6db7a130b8d05e768eab9bff89f5a
net.coderazzi	tablefilter-swing-java5	4.1.2		4b9fe02c79b4fbbbd8f833f0890f4200e59fc034
net.coderazzi	tablefilter-swing-java5	4.1.3		aa5893855f965b1e0dd4597a964467ebe44d0777
net.coderazzi	tablefilter-swing-java5	4.1.4		790ddb8f7df28d82971d50c7d465c479d8ce8fbb
net.coderazzi	tablefilter-swing-java5	4.2.0		c1139d1394bf028381a4fa465a5898088d1aff3c
net.coderazzi	tablefilter-swing-java5	4.3.0		80aa834c571182cf6fd759c284a9b87cf8547514
net.coderazzi	tablefilter-swing-java5	4.4.0		e539ef2c92c5778dab21e93b2b744506c85cf919
net.coderazzi	tablefilter-swing-java5	4.4.1		433adf2174dbd01a33bfeb0d96cfddbed48bbd5a
net.coderazzi	tablefilter-swing-java5	4.5.0		7d115d53f2e340a9b18d7d1dd4a2d693cf18c06b
net.kuujo	vertigo	0.5.0		842d1d84cbb9218834a1d7b352b6ec920b814fe9
net.kuujo	vertigo	0.5.1		13909c1f0d6f1cc37f4213801837a8da737f2d9a
net.kuujo	vertigo	0.5.2		f6943074d614cf79939ecacfcd5328e7bdeeabfe
net.kuujo	vertigo	0.5.3		7e374743922ed7160127aee37cbb45d3e4941ec5
net.kuujo	vertigo	0.5.4		17dfa998cb18489247a42b83b131b2efce1f04a7
net.kuujo	vertigo	0.6.0		376c12b505e664285dcf17540ece43b6e6386bec
net.kuujo	vertigo	0.6.1		e0339c1f0301f989502f6b5b0338ed3fdc6e122c
net.kuujo	vertigo	0.6.2		df94176cd7fa90585563b46038287b034e728cd9
net.kuujo	vertigo	0.6.3		f2ad1710bc54d438786f3095ed30b0af8958c984
net.kuujo	vertigo	0.6.4		32b55c366c343b915bd046fb0af7efccc2067651
net.kuujo	vertigo	0.7.0-RC1		d3b6f86351cc70bb63e1d3fec604f65a194c2bf0
net.kuujo	vertigo	0.7.0-RC2		d5f60750614b3e22005cecdc6e22512c586d4466
net.kuujo	vertigo	0.7.0-RC3		62145922827b9844ecca911f18a3a9ef6b1930ca
net.kuujo	vertigo	0.7.0-beta1		121a31aeb78774db054069a592de097d5545ba5d
net.kuujo	vertigo	0.7.0-beta2		8f59bc96e2599aeea119eb4a0621a16b32f38744
net.kuujo	vertigo	0.7.0-beta3		fba7d3e3663276bf2d80757070f597ff1e51d1ef
net.kuujo	vertigo	0.7.0-beta4		5705bc5e5af4d14eb5ea65b5a810dac160cfd389
net.osslabz	xchange-stream-poloniex2	5.1.2.2		45143e99ab3806fc44cb0bad35bef8561ba2a396
net.osslabz	xchange-stream-poloniex2	5.1.2.4		439a2ccc8f086344f347d73557acf7f668ebef70
one.irradia.http	one.irradia.http.vanilla	0.0.1		c545d8383c5768fae85e4889c0a58421bc879082
one.irradia.http	one.irradia.http.vanilla	0.0.2		5e644fd4bb8b6564a3a3b843b0368ccac9b4dfc9
one.irradia.http	one.irradia.http.vanilla	0.0.3		54c17eb19af3fe166aa6de5c01ce6e8bc3c50ca0
org.anarres.dhcp	dhcp-server-pcap	1.0.7		3daa2e806bb067b49ee4f0c1e308755d17a54c62
org.anarres.dhcp	dhcp-server-pcap	1.0.8		3d44adca5e9925663de75d4a04ba6fce21c016ac
org.anarres.dhcp	dhcp-server-pcap	1.0.9		0f5b928f088a76cbb2557610246b29934e9d40e7
org.apache.archiva	archiva-policies	1.1		54c9bd992fe64aa16e8595ec183341d334f6000b
org.apache.archiva	archiva-policies	1.1.1		3d6faa0c7b7eab4f658ed7a47cbf3a672e95decf
org.apache.archiva	archiva-policies	1.1.2		df5e82f9410de6a6e7c2c3534e0096ebe9ca8d39
org.apache.archiva	archiva-policies	1.1.3		3d1bbccf437f8e4167217dde048975000cf03a66
org.apache.archiva	archiva-policies	1.1.4		cc91d02353dcc04d4338f2dc602fa0e3d1ea87b2
org.apache.archiva	archiva-policies	1.2		3655a056a794f64bce2a345eb522ae083ceb6083
org.apache.archiva	archiva-policies	1.2-M1		1944a88e1dab1d03aaea0696b165be3ed9501deb
org.apache.archiva	archiva-policies	1.2.1		8b19bb9bfada87623b65a23346ce1bc386aaf1a4
org.apache.archiva	archiva-policies	1.2.2		d248931acc66cc88fdc916621cb27856efa72e52
org.apache.archiva	archiva-policies	1.3		3553f750a1731a4d82a9ff367436442d0c86dac0
org.apache.archiva	archiva-policies	1.3.1		bd8d5ff1ea09064c6bc06594a20244f6893fbdd9
org.apache.archiva	archiva-policies	1.3.2		cdf977d2c085befd3ac5503c832959179847233b
org.apache.archiva	archiva-policies	1.3.3		2c5ec45635432d49e72b2bdd62ce526f9683ab21
org.apache.archiva	archiva-policies	1.3.4		5a77e7331de6a6c47514b4cdee3a64f487e9c3f2
org.apache.archiva	archiva-policies	1.3.5		89e2668db200e4b6178c961d52ee1f066a30c7a3
org.apache.archiva	archiva-policies	1.3.6		337d78992944829412f23edb57f3772f7a45a42a
org.apache.archiva	archiva-policies	1.3.8		9c93e46eb69bf385aee1409205d7207f02bf2d7b
org.apache.archiva	archiva-policies	1.3.9		945e9d4be412df6f182b302daffc7509591ba1bd
org.apache.archiva	archiva-policies	1.4-M1		2ef62de024a01f9d7112f1287d77ba8c1510338a
org.apache.archiva	archiva-policies	1.4-M2		eed8b68d89e45c24d2faab742bf4c53499b15960
org.apache.archiva	archiva-policies	1.4-M3		03b3f0b4d3439cfe49c37bdf94f09b07b8658052
org.apache.archiva	archiva-policies	1.4-M4		4e0b42f127d0348e04bafea42284a10eb59b57ac
org.apache.archiva	archiva-policies	2.0.0		8861de7c2c1fec15a7783fc8580710c302e26c80
org.apache.archiva	archiva-policies	2.0.1		d0732857536cd2a1ea9c27906a07c2de5362ca2f
org.apache.archiva	archiva-policies	2.1.0		de43127583938e0a577b46795d60e53513893d7e
org.apache.archiva	archiva-policies	2.1.1		6fa6e4ca93aaa7c4020905c1d33f8f5d837b4f5f
org.apache.archiva	archiva-policies	2.2.0		54eb54f03ac7796c1f3798a2dc1fcd7d73ada458
org.apache.archiva	archiva-policies	2.2.1		786885c7aee968ececf568445b2748765dd8c4bf
org.apache.archiva	archiva-policies	2.2.10		N/A
org.apache.archiva	archiva-policies	2.2.3		784875c0e880632a3962dd5d4e1a214ff76c0886
org.apache.archiva	archiva-policies	2.2.4		626bcd9368e0290a0681fde8ac0f3c042a74b205
org.apache.archiva	archiva-policies	2.2.5		N/A
org.apache.archiva	archiva-policies	2.2.6		N/A
org.apache.archiva	archiva-policies	2.2.7		N/A
org.apache.archiva	archiva-policies	2.2.8		N/A
org.apache.archiva	archiva-policies	2.2.9		N/A
org.apache.myfaces.tobago	tobago-jsf-compat	1.5.0		a24f17f356adea0d79c790e591e7acb477c042df
org.apache.myfaces.tobago	tobago-jsf-compat	1.5.0-alpha-2		cf5da4a74fd29b55023c07c7662ceff0c8ad78f9
org.apache.myfaces.tobago	tobago-jsf-compat	1.5.0-beta-1		4c48dcd5c0502b92dfc90d9ddcf88d1a381e61c2
org.apache.myfaces.tobago	tobago-jsf-compat	1.5.0-beta-2		75bb4101fd8d4a5255fdc612f77c3bcfca5637f8
org.apache.myfaces.tobago	tobago-jsf-compat	1.5.1		99ce976166cd0fb6ee479bd7718ede0ed802528b
org.apache.myfaces.tobago	tobago-jsf-compat	1.5.10		b3794019b450bcd7cc11e3a0a606528d77516c34
org.apache.myfaces.tobago	tobago-jsf-compat	1.5.11		e936918d5a8818181133d3375e7829a8195e017c
org.apache.myfaces.tobago	tobago-jsf-compat	1.5.12		5d8d4629b2eaad343a035ce1a64ae6bb52c6facc
org.apache.myfaces.tobago	tobago-jsf-compat	1.5.13		5ff1b391d8f297b0c19a39e8aec2054f0a35c08f
org.apache.myfaces.tobago	tobago-jsf-compat	1.5.2		d36f9148d918153dd549e8c2b24048fa59012a03
org.apache.myfaces.tobago	tobago-jsf-compat	1.5.3		4e83578ab079aee7824e624240c3062aef0690df
org.apache.myfaces.tobago	tobago-jsf-compat	1.5.4		9bba3a3ffbbe52642bc9a4fe0f3596693d8a60c5
org.apache.myfaces.tobago	tobago-jsf-compat	1.5.5		6d502275f2b391920c8b47e62b3ffff13e99a50a
org.apache.myfaces.tobago	tobago-jsf-compat	1.5.6		62591354e39e01a48d317224df259e36d0b7ee70
org.apache.myfaces.tobago	tobago-jsf-compat	1.5.7		fbbb66ba951a6d123b697a46d233a8d15ec2ee8c
org.apache.myfaces.tobago	tobago-jsf-compat	1.5.8		e15ff9d3801247426093130df51f41531067d079
org.apache.myfaces.tobago	tobago-jsf-compat	1.5.9		f92acc5bee0a7cf4ffcb5b027df7c73629396a3d
org.apache.myfaces.tobago	tobago-jsf-compat	1.6.0-beta-1		08f8dff3f62832faf54cfa5f0b59244d2d396a5e
org.apache.myfaces.tobago	tobago-jsf-compat	1.6.0-beta-2		d56da94363309a073100f8072c49c0c5a22361ad
org.apache.tomcat	jasper-el	6.0.13		911b72b212fc75c0f6b6b9385650f23ef22cc9d3
org.apache.tomcat	jasper-el	6.0.14		5ee07ceffb9116fedcdee2231dfc84958b19bc53
org.apache.tomcat	jasper-el	6.0.16		c1bed969cffb822a1c0f13005af0bfcf7545ba14
org.apache.tomcat	jasper-el	6.0.18		1136de6c43c718bac987719057ed740f9badc122
org.apache.tomcat	jasper-el	6.0.20		d4c15c8f50d2573c681b86ddeb7902d888ff4938
org.apache.tomcat	jasper-el	6.0.24		fe4c47e3d83c98b79b4f7cb835dae01fb8545271
org.apache.tomcat	jasper-el	6.0.26		232c981e8b8056ccead6d8608c1bd51c437d765d
org.apache.tomcat	jasper-el	6.0.28		18a826669c779651300909b56d4e19bb888ae973
org.apache.tomcat	jasper-el	6.0.29		47fd9b7b6673b83920b5ac3279a6016ada5a6789
org.apache.tomcat	jasper-el	6.0.30		8ac4735f68b34020108b3ccb2c8ef54b6884a276
org.apache.tomcat	jasper-el	6.0.32		b9cee6cd13caa752a0ed44b7218f39987601961c
org.apache.tomcat	jasper-el	6.0.33		fde7c9b5e5e207a3c2dd6e6d1282f89c2174c1e1
org.apache.tomcat	jasper-el	6.0.35		a02f721a98cc88d2057d6042c9c73e5a1984f02e
org.apache.tomcat	jasper-el	6.0.36		3bfab90a81d2237e2a7174f602c7696d502e6a66
org.apache.tomcat	jasper-el	6.0.37		7b9fa3ccc89f67c413248bdb3e08e2a77c531d84
org.apache.tomcat	jasper-el	6.0.39		83e8a8f8a685b3ec8423cfe2eeabd611dc4c6b7f
org.apache.tomcat	jasper-el	6.0.41		ea8e38e8f754e69f0ca05cbdcc675d822ef68d8e
org.apache.tomcat	jasper-el	6.0.43		08a1d43f7ee52199e65e0a5bb3a10c2c82aeb22b
org.apache.tomcat	jasper-el	6.0.44		c48a72857adf459bd6edf77c3e20f85ba825a9df
org.apache.tomcat	jasper-el	6.0.45		5d7a5fff8c5300ebe509c88404e2d7618af387a9
org.apache.tomcat	jasper-el	6.0.47		e907aea9071baf4ed8910bb3c1df93f69ce086ea
org.apache.tomcat	jasper-el	6.0.48		b9f10521f695a6219488a1349162df618ba0cbea
org.apache.tomcat	jasper-el	6.0.51		f0f94a3adf481cd3d3c280a2df38c87c2dabafb7
org.apache.tomcat	jasper-el	6.0.53		a70ab9b6ea9b2402a2ce943ae77eab430535e662
org.apache.wayang	wayang-flink_2.12	0.6.0		56a27282d63a1656ad40a0337a8ec87fc1417940
org.apache.wayang	wayang-flink_2.12	0.7.0		4d754a53868f0532913d69bbf4f08f9f21b72032
org.apache.wayang	wayang-flink_2.12	0.7.1		7cdcded7369a4a67bdb2ec031e24fb29c688e235
org.clulab	factuality_2.12	1.0.0		217337dcc99151d9efe7ca6a9e6ffcdf803e6d73
org.drools	drools-camel-server	5.2.0.CR1		N/A
org.drools	drools-camel-server	5.2.0.Final		N/A
org.drools	drools-camel-server	5.2.0.M2		N/A
org.drools	drools-camel-server	5.2.1.Final		N/A
org.drools	drools-camel-server	5.3.0.Beta1		N/A
org.drools	drools-camel-server	5.3.0.CR1		N/A
org.drools	drools-camel-server	5.3.0.Final		N/A
org.drools	drools-camel-server	5.3.1.Final		N/A
org.drools	drools-camel-server	5.3.2.Final		N/A
org.drools	drools-camel-server	5.3.3.Final		N/A
org.drools	drools-camel-server	5.3.4.Final		N/A
org.drools	drools-camel-server	5.3.5.Final		N/A
org.drools	drools-camel-server	5.4.0.Beta1		N/A
org.drools	drools-camel-server	5.4.0.Beta2		N/A
org.drools	drools-camel-server	5.4.0.CR1		N/A
org.drools	drools-camel-server	5.4.0.Final		N/A
org.fujion.webjars	webjar-bootswatch-litera	4.1.3		a53222b1ddef3d8290cdc69f495395e96c43f80b
org.fujion.webjars	webjar-bootswatch-litera	4.3.1		daeae8292b51df7f7f91c0fd0b5c1a4160e71c36
org.graalvm.sdk	maven-downloader	24.0.0		bb44de5987e0259fef622054e70d2db8b74381aa
org.graalvm.sdk	maven-downloader	24.0.1		b416b2a8f21e46a9f2b57e677abbc312f2726cf6
org.graalvm.sdk	maven-downloader	24.0.2		8ac88ac0e8d5cf2790d672d2d54450eefb5c0ac4
org.graalvm.sdk	maven-downloader	24.1.0		22b87a8ea711b72db3de005eaa1986571f7335c8
org.graalvm.sdk	maven-downloader	24.1.1		256ac666a57260af5c0f28657b5b0db06c67f0b1
org.graalvm.sdk	maven-downloader	24.1.2		31db9023605d79a0823b56948d535603b9477f36
org.graalvm.sdk	maven-downloader	24.2.0		360c3f10d31f3f938505d4411327ee2669016218
org.graalvm.sdk	maven-downloader	24.2.1		6d3319d97f612115965f610c88ce07775c4547a3
org.hibernate.validator	hibernate-validator-osgi-integrationtest	6.2.1.Final		6d8f7b8ba92bc42f4a78b711e5c2a1258d2721f8
org.hibernate.validator	hibernate-validator-osgi-integrationtest	7.0.2.Final		db31c0b78e0c4e98258bae2028719ead0114b950
org.julienrf	endpoints-play-client_2.13	0.11.0		4142698783a82b9b1865521cfadfc5a8c871a910
org.julienrf	endpoints-play-client_2.13	0.12.0		e6de137349f52bfdc27e11c998e7738ba19e48e8
org.julienrf	endpoints-play-client_2.13	0.13.0		fb7969047fa42bed652e62f1637cc0bce0e6c45f
org.julienrf	endpoints-play-client_2.13	0.14.0		8eac51242a4128ecfca7f55069fa30d8f15707cc
org.julienrf	endpoints-play-client_2.13	0.15.0		e58afa553d7a323df655408dcaa1dda477eaaa97
org.julienrf	endpoints-play-client_2.13	0.15.0+46-37dde73f		ac5d74561a54e289bdbaf0c3c9d3202672f737a1
org.julienrf	endpoints-play-client_2.13	0.15.0+90-108c999c		90489b4265d538469d137ed9bca95acffda879e1
org.jvnet.hudson.plugins	dry	1.0		df68e6efc45627d8022a73d5b8f5f3a03022fb2c
org.jvnet.hudson.plugins	dry	1.10		ebd9c12f79e13b3fb2ac59b423615c18c6f8048a
org.jvnet.hudson.plugins	dry	1.11		049d80b58897b763b6914e074ca6d6a003ead866
org.jvnet.hudson.plugins	dry	1.12		9fd57ac31ff1defdae8b54fc71ff2a98a64e2c5d
org.jvnet.hudson.plugins	dry	1.13		080c690ac36d52d31d4b18f1969be5300b24f8b5
org.jvnet.hudson.plugins	dry	1.2		bfb034e8e3e4d0173241ef0ee303e8a504d475f8
org.jvnet.hudson.plugins	dry	1.3		40b3f9f03fda684008a369f3c50f7b33b453a300
org.jvnet.hudson.plugins	dry	1.4		386290e766cf10597a70d4947a2fd83b3f744ef2
org.jvnet.hudson.plugins	dry	1.5		4283db1e14787b2ee58cd1c5587cfece62858f10
org.jvnet.hudson.plugins	dry	1.6		aac7c3609b94ebb5c6cc14103a16165ba5c7dfeb
org.jvnet.hudson.plugins	dry	1.7		3226145f32665f334a436cafca2ed0cd6f081f4a
org.jvnet.hudson.plugins	dry	1.8		cd13649b5975ebf7611e1d763353d5226f0e0c34
org.jvnet.hudson.plugins	dry	1.9		0a226f52a269e02c231b600542c9cf396d8457b3
org.jvnet.hudson.plugins	dry	2.0		ac19e324323bb6ca53e67c52973d61dfeff789f5
org.jvnet.hudson.plugins	dry	2.1		60235f479930465a6a15fe39dac97692a2763601
org.jvnet.hudson.plugins	dry	2.10		88d793a4341580c3fe1f554560738050c69890f1
org.jvnet.hudson.plugins	dry	2.11		a352c085c011ff89fef7fa41887634166a8f132c
org.jvnet.hudson.plugins	dry	2.12		39efdddba3fe0621dbe6efca40522e925db90561
org.jvnet.hudson.plugins	dry	2.2		927948554422dc5fcc2c9d6caa6ace83a00fbf97
org.jvnet.hudson.plugins	dry	2.3		525fdacbaf4e2b6746b3ac440adf786af03fce14
org.jvnet.hudson.plugins	dry	2.4		5d25151d7b137ec85b662a20c0e707cdf40533b8
org.jvnet.hudson.plugins	dry	2.5		c9240023175979affa526fbfe2b4608d8387816b
org.jvnet.hudson.plugins	dry	2.6		3d7abcf5a4f0e1ea782f346773d95f0518df19e7
org.jvnet.hudson.plugins	dry	2.7		28fe6e38ab5da0c6a60c2ae77f6b9359bf6020a4
org.jvnet.hudson.plugins	dry	2.8		991c5b700c927c306bc80aa89e99da74b960e454
org.jvnet.hudson.plugins	dry	2.9		c098dfb15e8828a0c27a26dc44b5e3097f00415d
org.jvnet.hudson.plugins	gradle	1.0		61b666ee3ee306b29e1f50a126e561c6222a58d4
org.jvnet.hudson.plugins	gradle	1.1		f427940b71f2a8f8d4d885e683e0369a05e580b0
org.jvnet.hudson.plugins	gradle	1.2		95510a86091f7e796b857e508dff32f5f38c2d97
org.jvnet.hudson.plugins	gradle	1.3		bac7533c2a4d56ccfbe644d502c83daaaf317065
org.jvnet.hudson.plugins	gradle	1.4		73911ccd883724645c2e1dc18be8b453a595a52b
org.kite9	kite9-java-examples	1.7		16a0b28887725c9c19a9eb0716efa910ae691817
org.kite9	kite9-java-examples	1.8		86fea89260cb8e139671e53fae5e76ffdf9c967c
org.kite9	kite9-java-examples	1.9		945c99733dfeee64c8afe00a91ba738fa984728f
org.opencastproject	opencast-ingest-service-api	10.0		f21a09288fbc1a76cba8f5402d30a8c67e95b221
org.opencastproject	opencast-ingest-service-api	10.1		b3d04e68a0440c0ba75570a24616c38f53856c43
org.opencastproject	opencast-ingest-service-api	10.10		2f455db9c552e522adce01a4eab9e8cbc790db88
org.opencastproject	opencast-ingest-service-api	10.11		b90b4f618aeda6bca41506a0cc7f1ee09bf9422c
org.opencastproject	opencast-ingest-service-api	10.12		20f00d7d9c9c9672d0a799a5f6db9397f1961d02
org.opencastproject	opencast-ingest-service-api	10.2		97a27aab77b09e4416e92282e5168c6877d5ba6f
org.opencastproject	opencast-ingest-service-api	10.3		62b835210ee2a3f8416833d2376c9f720f5ad325
org.opencastproject	opencast-ingest-service-api	10.4		fded33d7c7866892fea2a779eaaf2cabf5150be1
org.opencastproject	opencast-ingest-service-api	10.5		5584b6cf23711c21564072d12f51812d5153950d
org.opencastproject	opencast-ingest-service-api	10.6		7375343e17789124f2dcf94ec4515d48a10b8d83
org.opencastproject	opencast-ingest-service-api	10.7		105a884ca50dbadc29e5100315992e6de20c74b5
org.opencastproject	opencast-ingest-service-api	10.8		0e22f124747304e61a0dc124f8100034607351af
org.opencastproject	opencast-ingest-service-api	10.9		0c81055150ef21f1123fc6cfddff59d17322aeb1
org.opencastproject	opencast-ingest-service-api	11.0		75c691f05f6823b41fc035897ffb05e4326c8447
org.opencastproject	opencast-ingest-service-api	11.1		f3e7d4c263a78cf51d480f64ab468a4c947936e0
org.opencastproject	opencast-ingest-service-api	11.10		40421b1bdb45f7dd53c7ed2d4e21d5addeecde36
org.opencastproject	opencast-ingest-service-api	11.11		93ca0351eec49ae65088b274d8371bff7a8cc57f
org.opencastproject	opencast-ingest-service-api	11.2		403531ae8cdf1f16be26c028fbc66a96a740dce5
org.opencastproject	opencast-ingest-service-api	11.3		78e3aecf271f97356755ef65f1b6d64e38529f95
org.opencastproject	opencast-ingest-service-api	11.4		84131f10e11094a54255f49b8075a9add766b24a
org.opencastproject	opencast-ingest-service-api	11.5		80066420c0d07e1729646463a53b75d0ed25bedf
org.opencastproject	opencast-ingest-service-api	11.6		e620ae972d63f16f8dfc3f140494ca317491e40a
org.opencastproject	opencast-ingest-service-api	11.7		ffe9ab46adc6eae8ade98a13f979817a583a2c96
org.opencastproject	opencast-ingest-service-api	11.8		f6b083cac6b22930d0cec13f3a53843bd358035f
org.opencastproject	opencast-ingest-service-api	11.9		7285a8ef6a7f03ffcfcee159fe2234d34275399d
org.opencastproject	opencast-ingest-service-api	12.0		69158910f2a6a7302a88a5f29f55a14822f80604
org.opencastproject	opencast-ingest-service-api	12.1		5826044b5d86ae2605da1aacf2aa23c01ca64e19
org.opencastproject	opencast-ingest-service-api	12.11		b3d6ef1aa536b2c0d3096464ed58176b0aef44f7
org.opencastproject	opencast-ingest-service-api	12.12		44246f784d2e0ef476d28bbc9f691a4cb29c4cf1
org.opencastproject	opencast-ingest-service-api	12.13		75c7e5a8b9ebc3f64a3d25625325e85001627b55
org.opencastproject	opencast-ingest-service-api	12.2		dfe5cdaf76d862dcc69cd5145c3c473559332465
org.opencastproject	opencast-ingest-service-api	12.3		392800dbf1a43f8a759e9f81424f8cebf84302aa
org.opencastproject	opencast-ingest-service-api	12.5		d7e47560503aa028a26eef872ad114ac38aa010f
org.opencastproject	opencast-ingest-service-api	12.6		83864d2961b114437fc6c6579774563f5b099bb9
org.opencastproject	opencast-ingest-service-api	12.7		c9948c78d0803fd915b67dd10710c7461a8784f4
org.opencastproject	opencast-ingest-service-api	12.8		0c7f3a4652b375cc689f052898ee093bda158779
org.opencastproject	opencast-ingest-service-api	12.9		53bdab485d189303945683f34e2eb611e861c3bb
org.opencastproject	opencast-ingest-service-api	13.0		ecfd75ea0f071bcfe3c4d9ecaa5dd90fd8605a77
org.opencastproject	opencast-ingest-service-api	13.1		5474422a6ad713d7584e9cd383547630e7314b43
org.opencastproject	opencast-ingest-service-api	13.10		5d45c2fa6b28fd43dc01a5505685996ab1613f6d
org.opencastproject	opencast-ingest-service-api	13.11		5715eecd690cb310ffde613f0183678e43c4d42b
org.opencastproject	opencast-ingest-service-api	13.12		a437b8baea9b95e3de6067fc8d3d24d686c8cf05
org.opencastproject	opencast-ingest-service-api	13.2		86dd99f409982ddf61da920ae45b4db70fce2b98
org.opencastproject	opencast-ingest-service-api	13.4		82a1e6593d26b8170ddbeef2714f8247c2fe9597
org.opencastproject	opencast-ingest-service-api	13.6		5a61a3e38b9cda36a381ec21e89b8bf6497ac1e1
org.opencastproject	opencast-ingest-service-api	13.7		dca127a89f701a3c7ceeb63a0813e8b9a5cc3fa6
org.opencastproject	opencast-ingest-service-api	13.8		ef129a6967edff4eac437c6d806b960be83064f1
org.opencastproject	opencast-ingest-service-api	14.0		68c8e2c1c37f886599bfbb8fbf6bc1540c1160b5
org.opencastproject	opencast-ingest-service-api	14.1		831a0fc7d105a7d5c3553fdd8e90e9a9a2303c68
org.opencastproject	opencast-ingest-service-api	14.10		ba4377b48d709ee9628ede8250d5749bb953b9b5
org.opencastproject	opencast-ingest-service-api	14.11		d5a51910a7d4f3bceffc5b7d2bd2312d88195e97
org.opencastproject	opencast-ingest-service-api	14.12		58b9004cb0dcb17ea4d6c57ce2162cb3fe718341
org.opencastproject	opencast-ingest-service-api	14.13		9f99b3cf1e425e8779bd6c6a3c98a7cb37cb7ecc
org.opencastproject	opencast-ingest-service-api	14.2		d3565a4ab97efe8d0980c541cec52f50de0ae836
org.opencastproject	opencast-ingest-service-api	14.3		bc14bfdf633117a1c94ac335f094c6d32cb145ae
org.opencastproject	opencast-ingest-service-api	14.5		d65b25c3c0ff77143827e761c6f9b67276f4502c
org.opencastproject	opencast-ingest-service-api	14.6		440a7b58839ba64bcf953a6c497081c65049abbb
org.opencastproject	opencast-ingest-service-api	14.7		541f0a56191011569eb955e24b3c1ca06079f6ed
org.opencastproject	opencast-ingest-service-api	14.8		099a03268bf1413c945ac3d9ff653baae996886a
org.opencastproject	opencast-ingest-service-api	14.9		28c2a5789ae5fe2a78aba991f5c3bd4e5b0669cc
org.opencastproject	opencast-ingest-service-api	15.0		5b7dfadeeee87bf971128cfd38b0a0ddb7bf35c2
org.opencastproject	opencast-ingest-service-api	15.1		978597724f9945be92249e59a74c2b5f42bd4f0c
org.opencastproject	opencast-ingest-service-api	15.10		33ee1fbb75867c89b5c417590f4a7e9ab8d17e25
org.opencastproject	opencast-ingest-service-api	15.11		422e42e40981f23556f33e50f03b5d8ddccd2471
org.opencastproject	opencast-ingest-service-api	15.12		adbc4993bcfa61c7382bcdb871824e5a0cf03be7
org.opencastproject	opencast-ingest-service-api	15.13		c2f70880b46f860ce445ab4210f93c00bdedc8d1
org.opencastproject	opencast-ingest-service-api	15.2		6763b0c6bf3aee1939f68e907862c1cfd8410492
org.opencastproject	opencast-ingest-service-api	15.3		992c27fbc2859eb8fb8d2b7859aa5d5cd8776695
org.opencastproject	opencast-ingest-service-api	15.4		2a537192328426f23c5dfb46eb4d0dca7bd1e9be
org.opencastproject	opencast-ingest-service-api	15.5		f93f7f363346d470b8df5fa0dd21c560f7ba3da9
org.opencastproject	opencast-ingest-service-api	15.6		205de78e3d60be71e3e043c85bf4c1f731e3b3e8
org.opencastproject	opencast-ingest-service-api	15.7		98343295f67df4c266d683ae580fa7c28017752c
org.opencastproject	opencast-ingest-service-api	15.8		400ec0c5141827d3512c9007115457a7bd5db002
org.opencastproject	opencast-ingest-service-api	15.9		c1823d973416eb65204c8cc4cb2da53250dbca26
org.opencastproject	opencast-ingest-service-api	16.0		e5e70c081bf077c02eacc790fb077f3c8ae1a525
org.opencastproject	opencast-ingest-service-api	16.1		14adcf524a97f255a4fc2c606e4f4c62475c10cd
org.opencastproject	opencast-ingest-service-api	16.10		f21d8a71bf4fa4beba19e32af02430ecf58aa369
org.opencastproject	opencast-ingest-service-api	16.2		232034711dc36364ea3917d1b3544e216da58935
org.opencastproject	opencast-ingest-service-api	16.3		a95002f4d2a9b8016bcc6378cab84ae028817528
org.opencastproject	opencast-ingest-service-api	16.4		f3ba1554a14cff23147447e76ba984b400d5339a
org.opencastproject	opencast-ingest-service-api	16.5		ae19ee2dcde32c4faf777a4c82bb1639100ac1c1
org.opencastproject	opencast-ingest-service-api	16.6		10f2766937eca9bebdfcbabd3188b409ed0ee491
org.opencastproject	opencast-ingest-service-api	16.7		74649092c13eb063273db5e3d88a4128655aa7e1
org.opencastproject	opencast-ingest-service-api	16.8		670c56508734275e6a3e427ca02834b9cda9f8c2
org.opencastproject	opencast-ingest-service-api	16.9		90e3cf294a3eb5acb41cfa46c678a4b49b8baaf8
org.opencastproject	opencast-ingest-service-api	6.6		d0c7b7a85a26b89f6fd5989718bbc5f964b4dc31
org.opencastproject	opencast-ingest-service-api	7.2		d30174a7958ffacfb8cdcc98326302bc29c42094
org.opencastproject	opencast-ingest-service-api	7.3		816244632c539a78c530a6864a36bed31b094a7c
org.opencastproject	opencast-ingest-service-api	7.4		b4a3922b068f8101c6856e4ec3cab55fe680a2bb
org.opencastproject	opencast-ingest-service-api	7.5		764f7220974eb5a0b1d0b74b7620ba5d02585db3
org.opencastproject	opencast-ingest-service-api	7.6		7215abd717d75f9076eae307b2fe03bead23cd84
org.opencastproject	opencast-ingest-service-api	7.7		51a847bcff265946cf3acc2d34d3b811b65fe968
org.opencastproject	opencast-ingest-service-api	7.8		db8394a6974541970c98651585ae04339c08855c
org.opencastproject	opencast-ingest-service-api	7.9		6fa73216e041338296ded7745683cda092a2fd95
org.opencastproject	opencast-ingest-service-api	8.0		adb90920952088e820816b6a2094205e2c7af3a5
org.opencastproject	opencast-ingest-service-api	8.1		6752f70bc3fb32b292afc44b9a871943bfcb11f0
org.opencastproject	opencast-ingest-service-api	8.10		b11d9486fceef3589ab930ec7107214894d710c3
org.opencastproject	opencast-ingest-service-api	8.11		9fc5e6a65444d6932c14d3448071319eba32bbc0
org.opencastproject	opencast-ingest-service-api	8.3		1697d9a6262105ee38adc9eba7fef4519d3b6a92
org.opencastproject	opencast-ingest-service-api	8.4		e98c005ceeb96ab1def60409175fd774feae860b
org.opencastproject	opencast-ingest-service-api	8.5		c8d49fdeaaaed977986416ebe98f6010ec31d867
org.opencastproject	opencast-ingest-service-api	8.6		b453f890c785db6afb80a22a43a30d2535ea880e
org.opencastproject	opencast-ingest-service-api	8.7		e2194938f1aef60baac8aafa1271bcd36592161d
org.opencastproject	opencast-ingest-service-api	8.8		eb65b55e5b992200af5a627ee25333f357f6bf94
org.opencastproject	opencast-ingest-service-api	8.9		68a006737c8a6130eb8922d77aa5d4cc951b6397
org.opencastproject	opencast-ingest-service-api	9.0		6f4148d676486d89144184df1ab6c8c165d69c19
org.opencastproject	opencast-ingest-service-api	9.1		4c34c3473f34ccf62e306f0fc7e8f70f18825e9e
org.opencastproject	opencast-ingest-service-api	9.10		bf5a44d219f2b0e59f04b2325d5a7a02eb68e2c7
org.opencastproject	opencast-ingest-service-api	9.11		3a9cc13dcec64604f15391327a4f82f4155a6d29
org.opencastproject	opencast-ingest-service-api	9.12		bfb3646b2dbb745648c37f28275033e2f99185d1
org.opencastproject	opencast-ingest-service-api	9.2		522d658b5dc5491a28a1633b3901cd3399c376eb
org.opencastproject	opencast-ingest-service-api	9.3		11fdcacfbd00e9ac10ef0dfcc21238191121e2cd
org.opencastproject	opencast-ingest-service-api	9.4		205db474a1b76a39af08b2cb04ce411e5bba4154
org.opencastproject	opencast-ingest-service-api	9.5		2549a33c828cead834114c2de5d05aabd7b6da41
org.opencastproject	opencast-ingest-service-api	9.6		e3930f15130c560ac11f8d0db7f83cb64334628d
org.opencastproject	opencast-ingest-service-api	9.7		1f3f4eac1c6acdbee4bebdc11c79c7746d4732f3
org.opencastproject	opencast-ingest-service-api	9.9		8dbd180d49077b8244bf419577bf3e465801ca40
org.restlet	org.restlet.ext.osgi	2.5.0		62c674379b15cb236902354b0058f1e78019e723
org.restlet	org.restlet.ext.osgi	2.5.0-rc1		24b1b0d7b2120e080f883f485de422e1122fdbd9
org.restlet	org.restlet.ext.osgi	2.5.1		4b91f54239e0eafb2394d228eedd150c0b1a1c19
org.springframework.cloud.fn	mqtt-consumer	1.0.0		3589c0b2c646f5c9c6fd8ffde2ecd79b457f9441
org.springframework.cloud.fn	mqtt-consumer	1.0.1		107e50a5e4fd4b3bb23e938d7e858af60ed018dd
org.springframework.cloud.fn	mqtt-consumer	1.0.2		1290eecd9093b82272c732afd1d49028e6cf4505
org.springframework.cloud.fn	mqtt-consumer	1.0.3		85add22eadab918e7dc050a064a4f6b96f01fe46
org.springframework.cloud.fn	mqtt-consumer	1.1.0		81660f73dabc20b2ad4d9552b20df33c4a7f0bb4
org.springframework.cloud.fn	mqtt-consumer	1.1.1		597ca1e5f0c15d117122044c70dcdf7233e849e4
org.springframework.cloud.fn	mqtt-consumer	1.2.0		1e3bc2741e08067b330b3ec2c31932930d706b9c
org.springframework.cloud.fn	mqtt-consumer	1.2.1		e906162105cef578e030fd3390ea7b2b7757ba71
org.springframework.cloud.fn	mqtt-consumer	4.0.0		e75d4b7d7f21df6bf4d4c6f377c390e1bea843cc
org.springframework.cloud.fn	mqtt-consumer	4.0.1		33c2a52ca84015551b1435d7fa0637045a0d4304
org.tomitribe	chatterbox-slack-impl	0.2		cc92ceeeece19b6a2243cf174b65977559d26472
org.typelevel	spire-macros_native0.4_3	0.18.0		6b028c4d7d4bec045a50665fc92fddf8b0de81c6
tech.inner	hawkish-bewit-js	1.2		05415cd281bc04befefdcc2a3514b22502ff36c2
tech.inner	hawkish-bewit-js	1.3		c1b09b6eed3dcb5d689cdd64e84c7151487a7f54
tk.zhzephi	zrecyclerlib	1.0.1		N/A
tz.co.asoft	kotlinx-collections-atomic-linuxx64	1.4.0		N/A
tz.co.asoft	kotlinx-collections-atomic-linuxx64	1.4.10		N/A
tz.co.asoft	kotlinx-collections-atomic-linuxx64	1.4.11		N/A
tz.co.asoft	kotlinx-collections-atomic-linuxx64	1.4.12		N/A
tz.co.asoft	kotlinx-collections-atomic-linuxx64	1.4.20		N/A
tz.co.asoft	kotlinx-collections-atomic-linuxx64	1.4.30		N/A
tz.co.asoft	kotlinx-collections-atomic-linuxx64	1.4.40		N/A
tz.co.asoft	kotlinx-collections-atomic-linuxx64	1.4.50		N/A
tz.co.asoft	kotlinx-collections-atomic-linuxx64	1.4.60		N/A
tz.co.asoft	kotlinx-collections-atomic-linuxx64	1.4.61		N/A
tz.co.asoft	kotlinx-collections-atomic-linuxx64	1.4.62		N/A
tz.co.asoft	kotlinx-collections-atomic-linuxx64	1.5.0		N/A
tz.co.asoft	kotlinx-collections-atomic-linuxx64	1.5.1		N/A
tz.co.asoft	kotlinx-collections-atomic-linuxx64	1.5.2		N/A
tz.co.asoft	kotlinx-collections-atomic-linuxx64	1.5.3		N/A
