br.gov.frameworkdemoiselle.component.archetypes	jbehave-fest-archetype	1.5.2		ca6d02c59241636869288f79025307a437c76f81
br.gov.frameworkdemoiselle.component.archetypes	jbehave-fest-archetype	1.5.2-BETA1		3532d134f99dd855d67c17f70c3c0366aaf34900
br.gov.frameworkdemoiselle.component.archetypes	jbehave-fest-archetype	1.5.2-BETA2		b21251506e8028fce755027358df9f09003ea61e
br.gov.frameworkdemoiselle.component.archetypes	jbehave-fest-archetype	1.5.2-BETA3		2abc6975cfa5e4eee4fcf35ae928c44bca01e529
br.gov.frameworkdemoiselle.component.archetypes	jbehave-fest-archetype	1.5.3		5c5ca81b64572fa9dc082f6c6fc46652565ca45b
br.gov.frameworkdemoiselle.component.archetypes	jbehave-fest-archetype	1.6.0-BETA2		871989cde7afb6ffbe3cfbd0e1ef2b280054b8e7
cn.spider-node	linker-client	1.0.2		a3ebf78fe042164bd29beafb9514f892758d71d5
cn.spider-node	linker-client	1.0.2.1		85afc673ad46ca796a1439789ff5d21abb03158b
cn.spider-node	linker-client	1.0.2.2		9cbe7699a695cb20b55c9290fc9cfd3e83639534
cn.spider-node	linker-client	1.0.3		74ac4173227da81d58e2600f57a287500976b283
com.avast.clients.rabbitmq	rabbitmq-client-pureconfig_2.13	8.5.0		de305ee44bfee4fc0224d0cf52b5b370a8d122c8
com.avast.clients.rabbitmq	rabbitmq-client-pureconfig_2.13	8.6.0		8f220264009533bd7e12980a16965fa4f5b3e2a5
com.avast.clients.rabbitmq	rabbitmq-client-pureconfig_2.13	8.6.1		e1e84e6ed3129ef1dc42fee514ee3b62b1949271
com.avast.clients.rabbitmq	rabbitmq-client-pureconfig_2.13	8.6.2		1bc9298dc9150beccdce6eb26bd0439c99fd358b
com.avast.clients.rabbitmq	rabbitmq-client-pureconfig_2.13	8.6.3		ee3e521d93eb18e73a9453adce1314e4fa69ac16
com.avast.clients.rabbitmq	rabbitmq-client-pureconfig_2.13	8.6.4		eb2879073b6346a724028e851bde7792a08d9b93
com.avast.clients.rabbitmq	rabbitmq-client-pureconfig_2.13	8.6.6		b7a6661c8b722b19704c9d5c4e46a2d91c50cc17
com.avast.clients.rabbitmq	rabbitmq-client-pureconfig_2.13	8.6.7		90d8246d4742562ef5c5af144d79a33b0b8e4228
com.avast.clients.rabbitmq	rabbitmq-client-pureconfig_2.13	8.6.8		d3b5532da93dad6f52438cd28dcbded80fecbade
com.avast.clients.rabbitmq	rabbitmq-client-pureconfig_2.13	9.0.0		6ca841182d2093317f650f31e1a9a7c2216d1b89
com.avast.clients.rabbitmq	rabbitmq-client-pureconfig_2.13	9.0.0-beta2		5a8787754f4b0d728abf58b52cd58712e9f3c3a9
com.avast.clients.rabbitmq	rabbitmq-client-pureconfig_2.13	9.0.0-beta3		7c2dd5b4b263f64250c66dc417e6059087fde6ea
com.avast.clients.rabbitmq	rabbitmq-client-pureconfig_2.13	9.0.1		355f2a6536654123dc865d4463077f0c09487a87
com.avast.clients.rabbitmq	rabbitmq-client-pureconfig_2.13	9.1.0		7d29d3fe11efab1d5259bedc126795f29de77eb1
com.avast.clients.rabbitmq	rabbitmq-client-pureconfig_2.13	9.1.1		545a1fd2911bb7649688c4ecdbfbd62dbf02488e
com.avast.clients.rabbitmq	rabbitmq-client-pureconfig_2.13	9.1.2		99eafc0fe7123cd751b8dbdeba475688ea448b34
com.avast.clients.rabbitmq	rabbitmq-client-pureconfig_2.13	9.2.0		c2621125c5479f2021c72793975199179b23cbe4
com.avast.clients.rabbitmq	rabbitmq-client-pureconfig_2.13	9.2.0-testing		b9e107a5d81adc4b706ce64849034a808d517ef5
com.avast.clients.rabbitmq	rabbitmq-client-pureconfig_2.13	9.2.0-testing2		d8fd97031b8a7d783a5656a7458ca10edd424133
com.avast.clients.rabbitmq	rabbitmq-client-pureconfig_2.13	9.2.0-testing3		c2c3f1eba64f5a81ab522584a424af0e5de18fa5
com.avast.clients.rabbitmq	rabbitmq-client-pureconfig_2.13	9.3.0		71f1f23983728a3b403d689972c5936b899eeddf
com.avast.clients.rabbitmq	rabbitmq-client-pureconfig_2.13	9.4.0		fa3f9f092417ccbb436adbf22c45fe52c579edec
com.avast.clients.rabbitmq	rabbitmq-client-pureconfig_2.13	9.4.1		044790154053436fd9a970e8b44030900ec87637
com.avast.clients.rabbitmq	rabbitmq-client-pureconfig_2.13	9.4.2		daaec3be936eae48795b9c6d90043049ccd0afdb
com.avast.clients.rabbitmq	rabbitmq-client-pureconfig_2.13	9.4.3		7fa1021ac515c179ccaf80e5af0ad3a03939c0e1
com.avast.clients.rabbitmq	rabbitmq-client-pureconfig_2.13	9.4.4		32cf363594a5a5f934571c270a9a8f1193c658ae
com.avast.clients.rabbitmq	rabbitmq-client-pureconfig_2.13	9.5.0		3de6b05378aa4117ae5e7861849deabf0d607de0
com.avast.clients.rabbitmq	rabbitmq-client-pureconfig_2.13	9.6.0		a9c038a61bd9d462960fc8f1ace267e69a765265
com.avast.clients.rabbitmq	rabbitmq-client-pureconfig_2.13	untagged-07877868007dd359bc82		d45597540ae11d951cf7a4c62ce3d85eb3e541ea
com.avast.clients.rabbitmq	rabbitmq-client-pureconfig_2.13	v9.0.0-beta		f3683357f5ea9767d0dcc56bb727a77b51e9e70d
com.avast.clients.rabbitmq	rabbitmq-client-pureconfig_2.13	v9.0.1		16c36ee84cada1b97678230c635145340e30a334
com.avast.clients.rabbitmq	rabbitmq-client-pureconfig_2.13	v9.4.1-beta		b121b82d50fc9db76853419b8b5b23f3599d286a
com.bedrockstreaming	sparktest_2.12	0.1.0		589ac8dccc8f399e0704c9d50a4e1db770fbc092
com.bedrockstreaming	sparktest_2.12	0.2.0		fbf7a824021627878e647105885b14b748f558f7
com.bedrockstreaming	sparktest_2.12	0.3.0		0ca335e587a7678077dcd2548304e8b20119b491
com.collectiveidea.twirp	twirp-kmp-runtime-iosarm64	1.0.0		N/A
com.collectiveidea.twirp	twirp-kmp-runtime-iosarm64	1.0.0	metadata	e28c9770fb8727456ede02cbcdb37b9526d65c91
com.dimafeng	testcontainers-scala-redpanda_2.11	0.40.12		ce3fc821c860f0863f00ac12a4487f212961384d
com.dimafeng	testcontainers-scala-redpanda_2.11	0.40.13		a6c56986b4281f7489ddd8d7848df6bcc37cff1d
com.dimafeng	testcontainers-scala-redpanda_2.11	0.40.14		93cfef63447c4b67c1afd3639e132d45cea1e101
com.dimafeng	testcontainers-scala-redpanda_2.11	0.40.15		d5e2dfa56faa0d428a08e1d0c3fd6f5b7993140b
com.dimafeng	testcontainers-scala-redpanda_2.11	0.40.16		52170f6a67e847315f5a2ed692147c6d3eee5ff6
com.dimafeng	testcontainers-scala-redpanda_2.11	0.40.17		0a71580e9585a66e4b6ed4afc74769921525fda2
com.dimafeng	testcontainers-scala-redpanda_2.11	0.41.0		42afa1501eb6b4e2e7b6fb2ed16cf7dc3074d9e0
com.dimafeng	testcontainers-scala-redpanda_2.11	0.41.1		fe8d830783b886a76f3f978c8457ae29b9aa040b
com.dimafeng	testcontainers-scala-redpanda_2.11	0.41.2		3bac9d9bdf9edec9dc969389bd43975c841c0d4b
com.dimafeng	testcontainers-scala-redpanda_2.11	0.41.3		62b7b70b266872501a62994a7c8cd6c7f6140305
com.eurodyn.qlack2.webdesktop	qlack2-wd-api	2.2.1		de8a5e5067f3de4a1b6d86bc51392eefd3c617ea
com.eurodyn.qlack2.webdesktop	qlack2-wd-api	2.2.2		3989749564c3897db544e765cc6786e92154e74d
com.eurodyn.qlack2.webdesktop	qlack2-wd-api	2.2.3		e2ad21bd45da941dd8b8afafc05c7ea9bd37eed3
com.eurodyn.qlack2.webdesktop	qlack2-wd-api	2.2.4		4f270b94361f2a2ec98c43b47caa24e5b5ec8e4d
com.eurodyn.qlack2.webdesktop	qlack2-wd-api	2.3.1		ad91204569ba7e06aed64c450ec3462bf066748b
com.eurodyn.qlack2.webdesktop	qlack2-wd-api	2.3.10		fe248569115981b181bb5eeba69c43943719feae
com.eurodyn.qlack2.webdesktop	qlack2-wd-api	2.3.11		38a84c7fef1480b630af44f3680438125139d9af
com.eurodyn.qlack2.webdesktop	qlack2-wd-api	2.3.12		8c1cea433229036f0afc0fa8d23e29355d7fff95
com.eurodyn.qlack2.webdesktop	qlack2-wd-api	2.3.13		c28e3e15ecc65f73e0053a4f3c4b07548ba3ae5a
com.eurodyn.qlack2.webdesktop	qlack2-wd-api	2.3.14		c61bf0fb053dd19d0f4533fc12ec19e20b32075b
com.eurodyn.qlack2.webdesktop	qlack2-wd-api	2.3.15		72eab3228a865aae77a651d0c59d7ac0bf1f8c39
com.eurodyn.qlack2.webdesktop	qlack2-wd-api	2.3.16		7814dd953cd1cc7cdd0546c0c555738c6e9b7515
com.eurodyn.qlack2.webdesktop	qlack2-wd-api	2.3.17		1d12daac8d6f32ad17c505b465b6995ab57ea5a9
com.eurodyn.qlack2.webdesktop	qlack2-wd-api	2.3.18		19c8c1defdbc85bbfc1866df4c26d16ae7196668
com.eurodyn.qlack2.webdesktop	qlack2-wd-api	2.3.19		45662b29f4e657bd432ac66027eb1c33edde7789
com.eurodyn.qlack2.webdesktop	qlack2-wd-api	2.3.2		23ea36f93c589672287aed5f3e81aef368faa945
com.eurodyn.qlack2.webdesktop	qlack2-wd-api	2.3.3		ff469423881d9d1a79f7d555860774c3f1e2cb82
com.eurodyn.qlack2.webdesktop	qlack2-wd-api	2.3.4		57d67ae52d2af371f02de8f046b32fb0e1325515
com.eurodyn.qlack2.webdesktop	qlack2-wd-api	2.3.5		0e46dc77402a58e0af7f3d1a794a02616336f08c
com.eurodyn.qlack2.webdesktop	qlack2-wd-api	2.3.6		bfeffe71819b68285aad17a6452a335e2db5367b
com.eurodyn.qlack2.webdesktop	qlack2-wd-api	2.3.7		047a68f0c01582605faf3255e717cca7a1dc5a49
com.eurodyn.qlack2.webdesktop	qlack2-wd-api	2.3.8		edf44642f5233fa6c227925c388388304462d76a
com.eurodyn.qlack2.webdesktop	qlack2-wd-api	2.3.9		72ac2616e751bef690f6d09a375bba7a67faf22c
com.github.jelmerk	hnswlib-spark_2.4_2.12	0.0.49		4a49cad20e116ecd3b8ee66db410db8bb06356d5
com.github.jelmerk	hnswlib-spark_2.4_2.12	1.0.0		bba788f62f485cb58d8a769c1b1d8511daa449bc
com.github.jelmerk	hnswlib-spark_2.4_2.12	1.0.1		0d8516f4ecc3c705a644f1a85a3b832f8c8e33f4
com.github.jelmerk	hnswlib-spark_2.4_2.12	1.1.0		62e003a7d6f05c5a07084b60b9905405b4217c74
com.github.rahack95	NepaliNumber	1.0.0		2d79605a933c92480d494bd65b82ab7084f72e1e
com.github.rahack95	NepaliNumber	1.0.1		423bbbc3835c9d2858b1ae120889cc4849434b7d
com.github.rahack95	NepaliNumber	1.0.2		2c424f41a76513955734de08d6e90320bfe0ab8b
com.hubspot.mesos.rx.java	mesos-rxjava-util	0.1.0		85d309101c1417651e05a9747e4e793bf05aeaa0
com.hubspot.mesos.rx.java	mesos-rxjava-util	0.1.1		940b13e88aba3029ae265befb82ef26fc1aca25c
com.jobhive	saki-monkey	1.0.0-BETA		dab07b467b78ef8262c4cd372cc0c28424794696
com.lgou2w	ldk-bukkit-depend-placeholderapi	0.1.8		be601e1288c082d570b4bac01e44b83b1e654595
com.lgou2w	ldk-bukkit-depend-placeholderapi	0.1.8-beta10		b732db5f889b96a5821cb9acea8597c4e9e5f851
com.lgou2w	ldk-bukkit-depend-placeholderapi	0.1.8-beta11		4e1a573411e2e553e72bf5cff8e84923ed5ffd2a
com.lgou2w	ldk-bukkit-depend-placeholderapi	0.1.8-beta12		56a8d290e35c2fdf7a12fd0445b0d26ca0497119
com.lgou2w	ldk-bukkit-depend-placeholderapi	0.1.8-beta12-hotfix1		d354cb85c0e27ee25d7886afc1ebd17fba448b47
com.lgou2w	ldk-bukkit-depend-placeholderapi	0.1.8-beta12-hotfix2		2ddb508e5fdf11920a24d96264eb12153047fb69
com.lgou2w	ldk-bukkit-depend-placeholderapi	0.1.8-beta12-hotfix3		68b3ffcd771485ee9d74b87c29af3f319090c33e
com.lgou2w	ldk-bukkit-depend-placeholderapi	0.1.8-beta8		40fb6898e2f284f6b399961731ff7519e26046bb
com.lgou2w	ldk-bukkit-depend-placeholderapi	0.1.8-beta9		6c6353dd41e1a8fcc1f4c6fcc6eee5bfc2d1ee86
com.lgou2w	ldk-bukkit-depend-placeholderapi	0.1.8-rc		7032f35e028defe48c5763bdd42536d6183352ab
com.lgou2w	ldk-bukkit-depend-placeholderapi	0.1.8-rc-hotfix1		e3ea0925c0a11eccdc6bfe3132708abedceab61b
com.lgou2w	ldk-bukkit-depend-placeholderapi	0.1.8-rc2		c483d0eb6f660d87c7af6b7a6e0b658cb6bb29ae
com.lgou2w	ldk-bukkit-depend-placeholderapi	0.1.9		d06f86e4f3184328822f0a01cac4b85c7d4d8d3d
com.lgou2w	ldk-bukkit-depend-placeholderapi	0.2.0		d23650a7b2eba6b05510cfd381a7604c096d20f5
com.lgou2w	ldk-bukkit-depend-placeholderapi	0.2.1		33752b86e26773af01675816d51e7ecba76cef15
com.lgou2w	ldk-bukkit-depend-placeholderapi	0.2.2		708f1f56165b0332f3778cca1922b6ab075c20c8
com.liferay	com.liferay.petra.encryptor	1.0.0		1e405e30b5372d923229318b54853640816155e3
com.liferay	com.liferay.petra.encryptor	1.0.1		3754c753c0d7238ed0b675eaebaff080a9cbac1f
com.liferay	com.liferay.petra.encryptor	1.0.10		e384a6f0f723b04c64ea859492a7797e85a3bedc
com.liferay	com.liferay.petra.encryptor	1.0.11		c3092ee6a0fb67e5f9c2ba2fb93eb3c792dfa026
com.liferay	com.liferay.petra.encryptor	1.0.12		0bd38f4037428becef34c0ad51e6dbca1bf5809c
com.liferay	com.liferay.petra.encryptor	1.0.13		6601e8227295d539a8b15d35fbe7e0aa788ae94e
com.liferay	com.liferay.petra.encryptor	1.0.14		f96d4e5ee73328b195d85af7c08851edc4920225
com.liferay	com.liferay.petra.encryptor	1.0.15		4061190367c7924f10171c6966932b8826baefbf
com.liferay	com.liferay.petra.encryptor	1.0.16		7e5339c9cee7e3a5d2dfd2c668b79b2014ecd6f7
com.liferay	com.liferay.petra.encryptor	1.0.17		63a87094facae3c114593fc8150d3900130ff404
com.liferay	com.liferay.petra.encryptor	1.0.18		d0e3b084e06fa4df4dc6e4b5de29eed7c535786f
com.liferay	com.liferay.petra.encryptor	1.0.19		1fe306035453552405399195854cc829807394f1
com.liferay	com.liferay.petra.encryptor	1.0.2		f88fc77385c171e87394daae73bb08d90f2570ff
com.liferay	com.liferay.petra.encryptor	1.0.20		140e54b23b3bdd846996ff048bdba030ca1ac5ab
com.liferay	com.liferay.petra.encryptor	1.0.3		e03dfdaf67c70fbcb0948f30b3f5c1624d4280f6
com.liferay	com.liferay.petra.encryptor	1.0.4		b5673c959bfe25c0e2cab573eeeb2eb0d088a5ba
com.liferay	com.liferay.petra.encryptor	1.0.5		4c0dd9ba623aae0f0052f5cee372028182c99bb2
com.liferay	com.liferay.petra.encryptor	1.0.6		dec7a797ad84cce09721cd390ec111f0718ba5d7
com.liferay	com.liferay.petra.encryptor	1.0.7		a75fd910489bb4c1c2de6a3a70bb21fce6f614a4
com.liferay	com.liferay.petra.encryptor	1.0.8		8272bfb2a38fc951a4b8cc18626ee8326d2d61ff
com.liferay	com.liferay.petra.encryptor	1.0.9		b3ef49043f4dadab840284c78f1c1b34532a823c
com.liferay	com.liferay.petra.encryptor	2.0.0		cd659981f23454fbbbcb703f925efd7d60e06555
com.liferay	com.liferay.petra.encryptor	2.0.1		97745173852a0c1ca5630052e2b1c4a79da7de85
com.liferay	com.liferay.petra.encryptor	2.0.10		27a539a66ed123d7a56f32f2ab24f40107cb05bf
com.liferay	com.liferay.petra.encryptor	2.0.11		2059aab8cfebaf8ca40f2f9c4ce006bdef155ed1
com.liferay	com.liferay.petra.encryptor	2.0.2		32d78fc82ff1d842fdbd5a8e0aa331f79e9f0e56
com.liferay	com.liferay.petra.encryptor	2.0.3		207bdcfbb594d44766ce4d7ba88d64900456f45e
com.liferay	com.liferay.petra.encryptor	2.0.4		f2b02cfc4760af1cbf085caf071088ced87219cf
com.liferay	com.liferay.petra.encryptor	2.0.5		ec5bf70f5996ca6f3bcae0fade236254f1181e0a
com.liferay	com.liferay.petra.encryptor	2.0.6		cef8bc02ed84f11546410a9cca6ff77df98b022c
com.liferay	com.liferay.petra.encryptor	2.0.7		b79ffc4dcf5a7782469853254eafe7611edeb561
com.liferay	com.liferay.petra.encryptor	2.0.8		d748911ccb854b04b8a6e9d5f58a43c31d1b9563
com.liferay	com.liferay.petra.encryptor	2.0.9		9c590d0b18e0cbdbc939d6f3daf1a9dd78c0efd4
com.liferay	com.liferay.petra.encryptor	3.0.0		f7f9ad8fd2e27f33166dd12d6a9d1b0ace6e6fa8
com.liferay	com.liferay.petra.encryptor	3.0.1		0c9058a109688148ddb872c47f51e39b55572b40
com.liferay	com.liferay.petra.encryptor	3.0.10		0f5fbe2b77c9a88b3b2dc359ab010149dc36704c
com.liferay	com.liferay.petra.encryptor	3.0.2		d0a33676b4ad1d0a040b77af488d38d40677d059
com.liferay	com.liferay.petra.encryptor	3.0.3		8946f51d6aa74c7cf29b089372e47d910b4fde9a
com.liferay	com.liferay.petra.encryptor	3.0.4		35eabe184362c9a18687a982b05dd87b7f833950
com.liferay	com.liferay.petra.encryptor	3.0.5		85c42fbf3d277c5720b554d9440227327e207c3c
com.liferay	com.liferay.petra.encryptor	3.0.6		34856c7e3139c9e8cba4d86fb771a32c90904b94
com.liferay	com.liferay.petra.encryptor	3.0.7		9032d4d14353e1800f937ceb2c5de792f60d2dea
com.liferay	com.liferay.petra.encryptor	3.0.8		b96ca860f0d219f53f8c9f416f34e012a317f429
com.liferay	com.liferay.petra.encryptor	3.0.9		6f62c5f1ba7c0590b60aa6fe4f564502ea042a82
com.liferay	com.liferay.petra.encryptor	4.0.0		f34df3f6004b18194f757317580a6aea265ea758
com.liferay	com.liferay.petra.encryptor	4.0.1		7ebb66d17a44455ffb6d351dc397be36231ea2e3
com.liferay	com.liferay.petra.encryptor	4.0.10		099e8cb729a150c58733eedbcfd101a9bbdf52ea
com.liferay	com.liferay.petra.encryptor	4.0.11		30e04fe9ca2f96c0cd4ee2533de6c0ab689b8fbb
com.liferay	com.liferay.petra.encryptor	4.0.12		8e33f194f15a0bd2e1c460aa1fd37afd4a487d63
com.liferay	com.liferay.petra.encryptor	4.0.13		6cb5bb67d9d07e10017d816ef5182751f3762406
com.liferay	com.liferay.petra.encryptor	4.0.2		8634899df7dfd030a1c696fc77d29b296526a847
com.liferay	com.liferay.petra.encryptor	4.0.3		26212ee297336f754ace50572a1d0cfe2e657c06
com.liferay	com.liferay.petra.encryptor	4.0.4		0e0b48d9e19ffab287396c1bf9e0b0d5acf7ac59
com.liferay	com.liferay.petra.encryptor	4.0.5		c363ad5895a751fbcbc9bd8396b206ac5c89e37c
com.liferay	com.liferay.petra.encryptor	4.0.6		a18b8a6faa31d49aae60df3c2f275553401d49de
com.liferay	com.liferay.petra.encryptor	4.0.7		cecc68fc39ce50a2bde2f8485b807cb4f419869a
com.liferay	com.liferay.petra.encryptor	4.0.8		e0872884c198e63c6906703391d5b135ced96f07
com.liferay	com.liferay.petra.encryptor	4.0.9		40035f97413f3ab31096c5fa9d3edcdcba367195
com.liferay	com.liferay.petra.encryptor	5.0.0		daa1b4ef03399fb05c3251723c99c3a458a2588b
com.liferay	com.liferay.petra.encryptor	5.0.1		a791372527074135b890de153eb32e3ce2cd47a9
com.liferay	com.liferay.petra.encryptor	5.0.2		8e1979e87293e402e42242b5eb012ce02d3616fb
com.liferay	com.liferay.petra.encryptor	5.0.3		cbe2d6c97864d40d472f7f8e75f4c06ce50fc836
com.liferay	com.liferay.petra.encryptor	5.0.4		ea0b23e1c1f66312ed23e8424207ff9f196e2983
com.lmaye	app-common	1.0.1-RELEASE		9df5da046ac00c829f6ceb48bdf9a6b82e8680eb
com.lmaye	app-common	1.0.11-RELEASE		58c374af943ca87198be7efe8cad21904f99ec1b
com.lmaye	app-common	1.0.12-RELEASE		c7c2cd05c10f69d1fd43b49f4c2bcb3617020450
com.oracle.ojdbc	ojdbc10dms	19.3.0.0		7e17005f139d5f3dd44b2929ee6f052156e12a01
com.redpill-linpro.alfresco	alfresco-systemmessages-share	2.0.1		d9038e40a236397623713dca33d1180fe21021c7
com.redpill-linpro.alfresco	alfresco-systemmessages-share	2.1.0		0a9855cae10faf69c6493fbfd3615839ff8e5ef9
com.seanproctor	accompanist-pager-indicators-android-debug	0.28.0		N/A
com.seanproctor	accompanist-pager-indicators-android-debug	0.28.0-0.1		N/A
com.sonalake	swagger-changelog-gradle-plugin	1.0.0		d11ec37ea2f47abf39b9c84029810008f35bf44a
com.sonalake	swagger-changelog-gradle-plugin	1.0.3		70f4915a7901fb0b3666486b2e90627594172cd0
com.thesamet.scalapb	lenses_native0.4_2.12	0.11.0		3eaaec55eb9b76b3a9bffc3291519310390fbca8
com.thesamet.scalapb	lenses_native0.4_2.12	0.11.0-M5		c47c5109e52a2b28ec16ee9a91101162d3aeb289
com.thesamet.scalapb	lenses_native0.4_2.12	0.11.0-M6		4c825b1332f9a9e9f0a8fb2396e136a4d3c59374
com.thesamet.scalapb	lenses_native0.4_2.12	0.11.0-M7		bd25a3740e1b6cd1050c11ea32ff838f1e5e0a4b
com.thesamet.scalapb	lenses_native0.4_2.12	0.11.1		7872cf69b6334f9e9c9552c493061005852bf9ac
com.thesamet.scalapb	lenses_native0.4_2.12	0.11.10		9aa630ebd36a7d8fac6bbdd0595759084939a0a3
com.thesamet.scalapb	lenses_native0.4_2.12	0.11.11		16c54510bb421597b9fd2706a49177cf95e9bdbb
com.thesamet.scalapb	lenses_native0.4_2.12	0.11.12		a9f3cb47f4794f5ce867c624bd82b21fb19b31e9
com.thesamet.scalapb	lenses_native0.4_2.12	0.11.12-tmp		24a5c37ef4fecc05510b56a18ef4381424d0bdaf
com.thesamet.scalapb	lenses_native0.4_2.12	0.11.13		a1f4e0994f8421c3770244f827a580d70d6698ff
com.thesamet.scalapb	lenses_native0.4_2.12	0.11.14		e099c757c3027d5bdd480fd57d919a4c60454520
com.thesamet.scalapb	lenses_native0.4_2.12	0.11.15		e60b22154ab29726b0b1fb70e110ed42021de930
com.thesamet.scalapb	lenses_native0.4_2.12	0.11.2		f6cb1a50bbb0b79a414394c5aa7e50920fe3e4dc
com.thesamet.scalapb	lenses_native0.4_2.12	0.11.3		c60631b627b09d7ae7190f71eab193668f4f0f6f
com.thesamet.scalapb	lenses_native0.4_2.12	0.11.4		125695872e9e736ba34f90114314dd87b0d254ab
com.thesamet.scalapb	lenses_native0.4_2.12	0.11.5		a996fbb1b2f46e0c0abeeb19ce6b4c177fa479f0
com.thesamet.scalapb	lenses_native0.4_2.12	0.11.6		dcfb0a5b635bdd3f670ffa49b17714c502a3cf13
com.thesamet.scalapb	lenses_native0.4_2.12	0.11.7		021c89c809ca81a7b9e5eb6499865b0db59204f8
com.thesamet.scalapb	lenses_native0.4_2.12	0.11.8		ed615cf311708fa866f4bf4e9f8e055436c8e992
com.thesamet.scalapb	lenses_native0.4_2.12	0.11.9		3418de5d15587afb819c821f1d89604911d79a9b
com.typesafe.akka	akka-http-testkit-scala-experimental_2.10	1.0-RC1		373d67ccbe1440ec12497e9fe5a2f3e7f259e607
com.typesafe.akka	akka-http-testkit-scala-experimental_2.10	1.0-RC2		ab40214a466dbdf89343f3f001b7e58b803da0ac
com.webank.wedatasphere.linkis	linkis-jobhistory	0.9.0		4d51e985168e0b241b461b66fefa955be87771a5
com.webank.wedatasphere.linkis	linkis-jobhistory	0.9.1		0421a043dbf9fbbc01aa0e436566fa37686c0f05
com.webank.wedatasphere.linkis	linkis-jobhistory	0.9.2		25a96706d1f451e381bbbf5c6dda8424e4594ba5
com.webank.wedatasphere.linkis	linkis-jobhistory	0.9.3		fc3a428840af1a9c0b110321aeeba25aa504747f
com.webank.wedatasphere.linkis	linkis-jobhistory	0.9.4		be900b88bf3d9da8743e711597e1bbf6aef6608f
com.webank.wedatasphere.linkis	linkis-jobhistory	1.0.2		06a0c79f925c3a9d2773dedbccd8bb086c8cb111
de.tu-dresden.inf.lat.tabula	tabula-ext	0.1.0		4a2e5bb9a7ca6e22f8b7e9910e11c819e6dcca89
de.tu-dresden.inf.lat.tabula	tabula-ext	0.2.0		b079434ccec21c43c178312792fa01f38b982b12
dev.blanke.webpush.jwt	webpush-jwt-nimbus	6.1.1		acd3dc9e850d556a631e52cba7bcdf809c0fa38a
dev.blanke.webpush.jwt	webpush-jwt-nimbus	6.1.2		7a778428e1f696fbe5ff9c3dbc7afee7bd3f7ccb
dev.blanke.webpush.jwt	webpush-jwt-nimbus	6.1.3		98a720e911d365b90a7e0443b609d919c1d7ffa5
dev.programadorthi.routing	auth-watchossimulatorarm64	0.0.10		N/A
dev.programadorthi.routing	auth-watchossimulatorarm64	0.0.10	metadata	dba8f5b7b1c3cfe8d73f9ec4f0282536b9cd8d90
dev.programadorthi.routing	auth-watchossimulatorarm64	0.0.11		N/A
dev.programadorthi.routing	auth-watchossimulatorarm64	0.0.11	metadata	01cd1df34aa3d2474a73d0ae089768fd286e4829
dev.programadorthi.routing	auth-watchossimulatorarm64	0.0.12		N/A
dev.programadorthi.routing	auth-watchossimulatorarm64	0.0.12	metadata	475d208995e10c11d350a3b882643a8a9c23b237
dev.programadorthi.routing	auth-watchossimulatorarm64	0.0.13		N/A
dev.programadorthi.routing	auth-watchossimulatorarm64	0.0.13	metadata	08543971c177e90ff657a00561746637e0435f27
dev.programadorthi.routing	auth-watchossimulatorarm64	0.0.14		N/A
dev.programadorthi.routing	auth-watchossimulatorarm64	0.0.14	metadata	bef3d9c5bebb81d1179c8be4cc1a304c165803e6
dev.programadorthi.routing	auth-watchossimulatorarm64	0.0.15		N/A
dev.programadorthi.routing	auth-watchossimulatorarm64	0.0.15	metadata	8a448181702cf935c0258fc37ce084efa278d729
dev.programadorthi.routing	auth-watchossimulatorarm64	0.0.16		N/A
dev.programadorthi.routing	auth-watchossimulatorarm64	0.0.16	metadata	f476cbf90d1dded05a26b42bece538fbf38c66df
dev.programadorthi.routing	auth-watchossimulatorarm64	0.0.17		N/A
dev.programadorthi.routing	auth-watchossimulatorarm64	0.0.17	metadata	5264d4fd5aca4f27cd6bf5f42e72e5512952a6b1
dev.programadorthi.routing	auth-watchossimulatorarm64	0.0.18		N/A
dev.programadorthi.routing	auth-watchossimulatorarm64	0.0.18	metadata	3004f407b3ddee1b218cac41c230e5e80c92ed6b
dev.programadorthi.routing	auth-watchossimulatorarm64	0.0.19		N/A
dev.programadorthi.routing	auth-watchossimulatorarm64	0.0.19	metadata	6288890296d26b159c93cc38a4a8d647ab172b6d
dev.programadorthi.routing	auth-watchossimulatorarm64	0.0.20		N/A
dev.programadorthi.routing	auth-watchossimulatorarm64	0.0.20	metadata	65523f4535c3e466688b564b41a528b95774471e
dev.programadorthi.routing	auth-watchossimulatorarm64	0.0.21		N/A
dev.programadorthi.routing	auth-watchossimulatorarm64	0.0.21	metadata	14250140ec4df5687e776c6d15c523238d76ba2c
dev.programadorthi.routing	auth-watchossimulatorarm64	0.0.8		N/A
dev.programadorthi.routing	auth-watchossimulatorarm64	0.0.8	metadata	a5e12f63b1c816a5fdaa11650522481fa986e691
dev.programadorthi.routing	auth-watchossimulatorarm64	2.0.0-alpha01		N/A
dev.programadorthi.routing	auth-watchossimulatorarm64	2.0.0-alpha01	metadata	50eb79a9b598596f81c98ca1f89a7cd40dab2d99
dev.programadorthi.routing	auth-watchossimulatorarm64	2.0.0-alpha02		N/A
dev.programadorthi.routing	auth-watchossimulatorarm64	2.0.0-alpha02	metadata	761da0e03cda110bdad68c5057bf345fa84063cf
dev.programadorthi.routing	auth-watchossimulatorarm64	2.0.0-alpha03		N/A
dev.programadorthi.routing	auth-watchossimulatorarm64	2.0.0-alpha03	metadata	84915c190d5106c317b4e99bd971367326ff9a3b
edu.jhuapl.ses.gdal	gdal-java-windows-x86-64	3.7.0.0		8c0b2fe77cabbaf255d70105c6d48affe33276aa
edu.jhuapl.ses.gdal	gdal-java-windows-x86-64	3.7.0.1		8d9221b7f40c04a7c811a2a6f1c460dca8e3f20a
edu.jhuapl.ses.gdal	gdal-java-windows-x86-64	3.7.0.2		6c69db492b1ef1dce8543b2791483ee421873cb3
edu.jhuapl.ses.gdal	gdal-java-windows-x86-64	3.7.0.3		d5e2e88198207ad6bd93c43a456feb88c876eb8f
es.gob.afirma	afirma-server-simpleafirma-webstart	1.6		N/A
es.gob.afirma	afirma-server-simpleafirma-webstart	1.6.2		N/A
es.gob.afirma	afirma-server-simpleafirma-webstart	1.6.5		N/A
es.gob.afirma	afirma-server-simpleafirma-webstart	1.7.2		N/A
io.aleph0	yap-messaging-jetty	0.0.0-b4		1d7723993da3ce8362dab3c5e1f8ce5c0b4b5368
io.aleph0	yap-messaging-jetty	0.0.0-b5		05f17a9782d0c2776f39336f00ee2b81866badd8
io.aleph0	yap-messaging-jetty	0.0.0-b6		34df665cb1a9c58ac61b108dbe5a7e6fcfb435ba
io.aleph0	yap-messaging-jetty	0.0.0-b7		4cb9c16f3171391826bff7925df54f2c13f93353
io.arivera.oss	embedded-rabbitmq	1.0.0		21f924e348356ab20f4502ee95a6a25a4a9dcff2
io.arivera.oss	embedded-rabbitmq	1.1.0		dc8db1a12abfbc0576d50e8a67f547973632e399
io.arivera.oss	embedded-rabbitmq	1.1.1		28f192e47b3b6343fb88ca3e88cacb1511cc7c24
io.arivera.oss	embedded-rabbitmq	1.1.2		fb0404fe51b3886e5b0d9c1c5fc7b64575290264
io.arivera.oss	embedded-rabbitmq	1.2.1		a443d6b8e4b8784228d27e3dcf23003810d34633
io.arivera.oss	embedded-rabbitmq	1.2.2		b1494310680748966314657e1beef845da0b95a2
io.arivera.oss	embedded-rabbitmq	1.2.3		74a2564f2a86284eef4d4163e277da693f2d1c0c
io.arivera.oss	embedded-rabbitmq	1.3.0		f49d7eed2308bc3dbc070c6567d1894467885224
io.arivera.oss	embedded-rabbitmq	1.3.1		50abcd44140a8933a4f3c820e2315a4abb14c0a0
io.arivera.oss	embedded-rabbitmq	1.3.2		730dc1689c4a56181eb9326c5590df80714e29dd
io.arivera.oss	embedded-rabbitmq	1.3.3		346e69c607c9c6d03196d087f45ab62998099fb1
io.arivera.oss	embedded-rabbitmq	1.4.0		c0a040e98dba159a2276d88fcc514c1414ed9a00
io.arivera.oss	embedded-rabbitmq	1.5.0		ee77594d5c68f48afeb55ae7aeef2d16e53cd6b5
io.bootique.jetty	bootique-jetty-instrumented	0.17		1200d11c18b0081c8199493b913a70bb4b33dcb7
io.bootique.jetty	bootique-jetty-instrumented	0.18		90fe9139c85e1753e5ae87785b699a7a60e19e1a
io.bootique.jetty	bootique-jetty-instrumented	0.19		f7c9fe9db9fffadcc4404053294c5a1e41e294cf
io.bootique.jetty	bootique-jetty-instrumented	0.20		04b6f5ca8f05ed03426eb190b18df571e3a10fd5
io.bootique.jetty	bootique-jetty-instrumented	0.21		6ca49f0aa9090ac229c55f7c3369e28f5fcf80ca
io.bootique.jetty	bootique-jetty-instrumented	0.24		5afed25bdb6df64eff1156dd7d7d8de107def0af
io.bootique.jetty	bootique-jetty-instrumented	0.25		a570abb690a06b1df1d6157bed8cea38f4680e30
io.bootique.jetty	bootique-jetty-instrumented	1.0		867baf31e377bb021401157e2fd44580b87d01cc
io.bootique.jetty	bootique-jetty-instrumented	1.0.RC1		c4b4d80a46d096447dec6c00331dd65c312ee9bb
io.bootique.jetty	bootique-jetty-instrumented	1.1		4948119c29f4599dbc262777b7de7d925c9ac798
io.bootique.jetty	bootique-jetty-instrumented	1.2		b892ea929df947f0ca43a501fd0f889a21984905
io.bootique.jetty	bootique-jetty-instrumented	1.3		22717181781cc6cba7656a25516589f6136143c3
io.bootique.jetty	bootique-jetty-instrumented	2.0		4e47e0a1afef4c6a5df24484213ea3be42434078
io.bootique.jetty	bootique-jetty-instrumented	2.0.1		3b475659d5f3a4b1dab7f47007c7fe49beb7c839
io.bootique.jetty	bootique-jetty-instrumented	2.0.B1		0deace94ffc7831b1a254b071ba3de71b0f95130
io.bootique.jetty	bootique-jetty-instrumented	2.0.M1		3d63f3e61ea91ecfc33220f32aa1878e4328f6cc
io.bootique.jetty	bootique-jetty-instrumented	2.0.RC1		1a9574eb25dfa8f7270251bb2577f4800b2cb2e2
io.bootique.jetty	bootique-jetty-instrumented	3.0-M3		c6d9c39b55c54b41772b4393a40ecb1979948ac1
io.bootique.jetty	bootique-jetty-instrumented	3.0-M4		e4b0cfc84716dd0dac68e6c98d02e45cc8673269
io.bootique.jetty	bootique-jetty-instrumented	3.0-M5		5eb3a1a4bf2ada3cffad9a3df8dc0a2d8c6f7a0a
io.bootique.jetty	bootique-jetty-instrumented	3.0-M6		41af7f453bfba26733174f7deb0b426af2abdafb
io.bootique.jetty	bootique-jetty-instrumented	3.0-RC1		ccaaad1458bc1b6f7f9553d906e842fe3c402144
io.bootique.jetty	bootique-jetty-instrumented	3.0.M1		6ce3b6588ef4221fe5b00bbe5eb4e9eecb28fb9b
io.bootique.jetty	bootique-jetty-instrumented	3.0.M2		af658c197f0a4599633dfdcef032563f82db6431
io.github.alexzhirkevich	qrose-core-iosarm64	1.0.0		N/A
io.github.alexzhirkevich	qrose-core-iosarm64	1.0.0	metadata	5b1f086a18678f57532cec06d6beb846d0369f91
io.github.alexzhirkevich	qrose-core-iosarm64	1.0.1		N/A
io.github.alexzhirkevich	qrose-core-iosarm64	1.0.1	metadata	3dc373bca22b14dd3ea9fdc43f154317ddd75352
io.github.chungggg	mapbox-android-navigation-ui	0.0.1-alpha.01		N/A
io.github.chungggg	mapbox-android-navigation-ui	0.0.1-alpha.02		N/A
io.github.copper-leaf	ballast-utils	3.0.0		af2ea1ce7fb056b748a7e6cfcf2ee1545e59739d
io.github.copper-leaf	ballast-utils	3.0.1		af2ea1ce7fb056b748a7e6cfcf2ee1545e59739d
io.github.copper-leaf	ballast-utils	3.0.2		af2ea1ce7fb056b748a7e6cfcf2ee1545e59739d
io.github.copper-leaf	ballast-utils	4.0.0		24bf4b4f4f1b3433aeba765374a9e39847fd60a1
io.github.copper-leaf	ballast-utils	4.1.0		6d5628d9f4ac01b85b5f38e2e37f35211a7589d1
io.github.copper-leaf	ballast-utils	4.2.0		aced86f498cf44708633525082b1930c0004285b
io.github.copper-leaf	ballast-utils	4.2.1		aced86f498cf44708633525082b1930c0004285b
io.github.dddframework	ddd-boot-starter-quartz	1.0.0		006f9c001ce904f83de190afcb39e595c16d3816
io.github.dddframework	ddd-boot-starter-quartz	1.1.0		a7caa5251193926f49fdb0035cc1ed44d89b7dce
io.github.vigoo	zio-aws-timestreamwrite_2.12	3.15.16.3		534d1a1deffc76d5ea466c0e12b5302023cc796d
io.github.vigoo	zio-aws-timestreamwrite_2.12	3.15.16.5		49a18f9bc1fc77e0c6fc059e9bb0101bdad151d5
io.github.vigoo	zio-aws-timestreamwrite_2.12	3.15.16.7		96cffb26ad3a06734242b88a136b394d1c8ab661
io.github.vigoo	zio-aws-timestreamwrite_2.12	3.15.16.8		ea9d9a59bd25f703c7feaacf76b9717f02bb20bc
io.github.vigoo	zio-aws-timestreamwrite_2.12	3.15.19.1		040c132929a69d31eadc21094f1c1e2140f8b243
io.github.vigoo	zio-aws-timestreamwrite_2.12	3.15.19.10		6356d7a8d5b63604ac0770d6a0965deb449e37dc
io.github.vigoo	zio-aws-timestreamwrite_2.12	3.15.19.11		f086698f0395a624dcfbd0fcf161f01cc55b28b7
io.github.vigoo	zio-aws-timestreamwrite_2.12	3.15.19.2		9b861638f062376b29181145e45b047091ab7e48
io.github.vigoo	zio-aws-timestreamwrite_2.12	3.15.19.3		c68b1e85b0a3b1ec8712abaa258cd521ed84de62
io.github.vigoo	zio-aws-timestreamwrite_2.12	3.15.19.6		44ff33ebacdfed5dcefa78a92b02d04222ac66c8
io.github.vigoo	zio-aws-timestreamwrite_2.12	3.15.19.7		e15184a8753d3d8f8e88135f22d815670cbda39e
io.github.vigoo	zio-aws-timestreamwrite_2.12	3.15.19.8		6f57e462769f21671a85fa666cee2cdbeada9621
io.github.vigoo	zio-aws-timestreamwrite_2.12	3.15.19.9		bf6a797a21130c95ad6f23487a112408185a2191
io.github.vigoo	zio-aws-timestreamwrite_2.12	3.15.31.3		9345b4d5253d758b721a68c2d4fd7564d7840265
io.github.vigoo	zio-aws-timestreamwrite_2.12	3.15.32.1		ebc6e274ec3102ea71946016af0596cf2b7544a7
io.github.vigoo	zio-aws-timestreamwrite_2.12	3.15.32.2		6f7cf523965577264710632f41e061ba398f4bdc
io.github.vigoo	zio-aws-timestreamwrite_2.12	3.15.33.2		5a0cafec74c71a9b2a891e65edfef6d8b1daf236
io.github.vigoo	zio-aws-timestreamwrite_2.12	3.15.33.3		a6a5b4c20c443d20502a698dc48230c59b172761
io.github.vigoo	zio-aws-timestreamwrite_2.12	3.15.33.4		d8f2e2800d576517ad08c1f0cdef4bb779e168a7
io.github.vigoo	zio-aws-timestreamwrite_2.12	3.15.34.1		49586136d89bb8606c14c0a5e28d82933f325c1a
io.github.vigoo	zio-aws-timestreamwrite_2.12	3.15.34.2		0c620b98f08c2e40ac197ac60e8e8bcb4cb4d953
io.github.vigoo	zio-aws-timestreamwrite_2.12	3.15.34.3		b3ad3e8ea78aca4f81e0d927e888f4d34ece55e6
io.github.vigoo	zio-aws-timestreamwrite_2.12	3.15.35.1		460fe5eb5c2d041c495402ea58cf182f49de72e4
io.github.vigoo	zio-aws-timestreamwrite_2.12	3.15.35.2		096e1edc30d4a00b3eaa30b65c7a1d49e30f1db2
io.github.vigoo	zio-aws-timestreamwrite_2.12	3.15.35.3		6abaa3a993b71923be311399ff175476cd1c7c3a
io.github.vigoo	zio-aws-timestreamwrite_2.12	3.15.35.4		b2805fa79177f1708b3d90e0fcfe1513362b9d18
io.github.vigoo	zio-aws-timestreamwrite_2.12	3.15.35.5		82fec2b465b19eadc1cb85b04c9184c7b7af2658
io.github.vigoo	zio-aws-timestreamwrite_2.12	3.15.38.1		a75d668f2991533afdad2f8031b0314ab19ed5b7
io.github.vigoo	zio-aws-timestreamwrite_2.12	3.15.40.1		cc032caf944439aeb1bfb8f976bc1e583543b92d
io.github.vigoo	zio-aws-timestreamwrite_2.12	3.15.40.2		ecece48ef9c42d69226b64a4168f5a379d3c694c
io.github.vigoo	zio-aws-timestreamwrite_2.12	3.15.40.3		a5ea6465434615c6d1bb7ac44d30027fe0e3618f
io.github.vigoo	zio-aws-timestreamwrite_2.12	3.15.42.1		4438a50759cf87e9efadd7242f56221287072d4b
io.github.vigoo	zio-aws-timestreamwrite_2.12	3.15.42.12		7245b3fa56aa378aaf5a62d1b3666fd94a64d058
io.github.vigoo	zio-aws-timestreamwrite_2.12	3.15.42.2		b5f9ab179ce72879d8e5671e8468b647e6fcb6f8
io.github.vigoo	zio-aws-timestreamwrite_2.12	3.15.42.3		3dbe632cdc06d1fb671c3982918cd8584bc1c717
io.github.vigoo	zio-aws-timestreamwrite_2.12	3.15.45.1		e4161ed0fdef53091dfbf2b394d1951df7f0a674
io.github.vigoo	zio-aws-timestreamwrite_2.12	3.15.45.2		fa0cc173c80809a5dd524b4ba14e94bf46bfba23
io.github.vigoo	zio-aws-timestreamwrite_2.12	3.15.45.3		0adef658d22a06f8d5c15aea10924454d1dfdaf2
io.github.vigoo	zio-aws-timestreamwrite_2.12	3.15.48.1		d2ec2b74488b290b85a9166b222c2af59f978904
io.github.vigoo	zio-aws-timestreamwrite_2.12	3.15.48.2		4d9f8b2a0984a02dd1515a9ae6dc1032681ad6bf
io.github.vigoo	zio-aws-timestreamwrite_2.12	3.15.49.1		a8f36b21552aed2fda7aecfc22bb03835b9dcf4b
io.github.vigoo	zio-aws-timestreamwrite_2.12	3.15.49.2		1c8d76a4981bd7cd64a06ae4045d78cd03aa4284
io.github.vigoo	zio-aws-timestreamwrite_2.12	3.15.50.2		3ae3076345469a8de68f6ea8f91e53ff181cc1c1
io.github.vigoo	zio-aws-timestreamwrite_2.12	3.15.51.1		14eaf3072dd06994c542549fd23551c794118d4d
io.github.vigoo	zio-aws-timestreamwrite_2.12	3.15.51.2		ac84a221603dd4033927ed7877add394a4e1ccf8
io.github.vigoo	zio-aws-timestreamwrite_2.12	3.15.53.1		5e750635a3f55567044d84eabe2ccf491713deb1
io.github.vigoo	zio-aws-timestreamwrite_2.12	3.15.53.2		ea8f3e78aa9ec577c790c4401b78383efb22fd99
io.github.vigoo	zio-aws-timestreamwrite_2.12	3.15.53.3		7704233a4bac95a0e96e5e7a393fd02a93740fdc
io.github.vigoo	zio-aws-timestreamwrite_2.12	3.15.57.1		1fcbac42cf3bcc463ae2efec29ff4bbc81559ff4
io.github.vigoo	zio-aws-timestreamwrite_2.12	3.15.58.1		2fd7b747a5a8de889826dde9a210da6a3811653c
io.github.vigoo	zio-aws-timestreamwrite_2.12	3.15.60.1		c1a115f788e5db9296c5abca5379c52141f20c65
io.github.vigoo	zio-aws-timestreamwrite_2.12	3.15.61.1		25fc89f7773bb59dc99ff37796df401d01eb8743
io.github.vigoo	zio-aws-timestreamwrite_2.12	3.15.63.1		82a79ba4a107578522ed422a07b1119969092ec3
io.github.vigoo	zio-aws-timestreamwrite_2.12	3.15.65.2		39135e2a13264e26a50dc7cd98d60f731c8fc13b
io.github.vigoo	zio-aws-timestreamwrite_2.12	3.15.65.3		ab1ce119d2b9c357cdae301800e9a4353b45fbec
io.github.vigoo	zio-aws-timestreamwrite_2.12	3.15.66.2		7aa15fc91586de48c68b0a3867223131d6a3f80f
io.github.vigoo	zio-aws-timestreamwrite_2.12	3.15.66.3		b652d37e6b978cdb792fd121fdf94a7550793baf
io.github.vigoo	zio-aws-timestreamwrite_2.12	3.15.67.1		4e2c683ba760f82e0fe7da759bcac55256bd1c00
io.github.vigoo	zio-aws-timestreamwrite_2.12	3.15.68.2		65c6e72d51f71786ebcda0e771637952189d8bc8
io.github.vigoo	zio-aws-timestreamwrite_2.12	3.15.68.3		f999ac81f7c68d243dcd6ab27195e3ee3e008b3e
io.github.vigoo	zio-aws-timestreamwrite_2.12	3.15.69.1		754a00e8b58fbd341a862f5d8b2142333018a60d
io.github.vigoo	zio-aws-timestreamwrite_2.12	3.15.69.2		df95a0c5791fd8e87650831bcd16d8ae4784fea7
io.github.vigoo	zio-aws-timestreamwrite_2.12	3.15.69.3		92d51b56b8d5ca64a31ad550d52a587263fa36b2
io.github.vigoo	zio-aws-timestreamwrite_2.12	3.15.70.1		1b08c27a225d0744e0fccd4dc6354295ef580679
io.github.vigoo	zio-aws-timestreamwrite_2.12	3.15.71.1		5656df0b0f7375844909fc03676d8da99e60030a
io.github.vigoo	zio-aws-timestreamwrite_2.12	3.15.71.2		9229656d3d7670f714a5ad8fcbdee929ced4cd33
io.github.vigoo	zio-aws-timestreamwrite_2.12	3.15.71.3		bc8bb8f3aba6aeb4443811dbd519db85fca5022d
io.github.vigoo	zio-aws-timestreamwrite_2.12	3.15.73.1		7a53fa8bf28c73ae614c60cba7d926194efb30c6
io.github.vigoo	zio-aws-timestreamwrite_2.12	3.15.73.2		6eb5f17e4f3b3c59c803e4bccab73e99faa716de
io.github.vigoo	zio-aws-timestreamwrite_2.12	3.15.73.3		41bba126094c616bcd49b7db92b0d9db3ea4abf6
io.github.vigoo	zio-aws-timestreamwrite_2.12	3.15.73.4		19ef459df4fae2ea9aa97f122d4a77bdea537acc
io.github.vigoo	zio-aws-timestreamwrite_2.12	3.15.74.1		62df44237c5558956475c0c520b0ec8aed90cc9e
io.github.vigoo	zio-aws-timestreamwrite_2.12	3.15.74.2		cf839bbd197974ecf696642020108765165c305d
io.github.vigoo	zio-aws-timestreamwrite_2.12	3.15.77.1		c0cc499cf028d8fffa7c8cd0372d0a390b019bbf
io.github.vigoo	zio-aws-timestreamwrite_2.12	3.15.77.2		7a470533fa8d2a956db131c1065bc90231872be2
io.github.vigoo	zio-aws-timestreamwrite_2.12	3.15.79.1		e9e701cf0f8357a3e4140371e734cd1642bbbb6a
io.github.vigoo	zio-aws-timestreamwrite_2.12	3.15.80.1		eb585dc583cb6cdf11de780866af3064e7ec1075
io.github.vigoo	zio-aws-timestreamwrite_2.12	3.15.80.2		4280d14fc2f14645addfda3877e8cfd8a6c2f115
io.github.vigoo	zio-aws-timestreamwrite_2.12	3.15.81.1		cc63bdda00796578b19e1f7b850cbe5f42d97674
io.github.vigoo	zio-aws-timestreamwrite_2.12	3.15.81.2		f103f2589b6e8954c534dc3d4a69bd0b209b9cab
io.github.vigoo	zio-aws-timestreamwrite_2.12	3.15.82.1		da74579f15d693194d6d7a88e2acf89e86bace06
io.github.vigoo	zio-aws-timestreamwrite_2.12	3.15.82.2		4c1d5c4891068ac5688c87f2eecabdf1208d392c
io.github.vigoo	zio-aws-timestreamwrite_2.12	3.15.82.3		95e72e5d0cff66f524644ba3bc6ce7aa1cb2f473
io.github.vigoo	zio-aws-timestreamwrite_2.12	3.16.0.1		f92f810a3a61ebd9be6cce522f1d023fd79e57d1
io.github.vigoo	zio-aws-timestreamwrite_2.12	3.16.0.2		f2e6fc0ee8a72e4cdfbc458b7e2351f6f961d727
io.github.vigoo	zio-aws-timestreamwrite_2.12	3.16.1.1		c991acf93824a34dbb22e2fd9890829d12bdbb79
io.github.vigoo	zio-aws-timestreamwrite_2.12	3.16.1.2		f559bdff54e682347e3b1891ba823abc71cd4e6f
io.github.vigoo	zio-aws-timestreamwrite_2.12	3.16.100.1		a60b043e5829fe43d97316403f982868847ed4f8
io.github.vigoo	zio-aws-timestreamwrite_2.12	3.16.101.1		fd0348d9d7cabca28cc11067af99354d3c3ca39a
io.github.vigoo	zio-aws-timestreamwrite_2.12	3.16.102.1		d6bae896e2a86dc1788d6a0694c1a0f2920589fc
io.github.vigoo	zio-aws-timestreamwrite_2.12	3.16.102.2		6c713eecc23cda200c98b8307ba0bc059babd74a
io.github.vigoo	zio-aws-timestreamwrite_2.12	3.16.104.1		e1ccec4762cda5a5a2434690926983e71977644a
io.github.vigoo	zio-aws-timestreamwrite_2.12	3.16.13.1		def06f17c0c71f9136d3bf89c2a02e0c791ae4b9
io.github.vigoo	zio-aws-timestreamwrite_2.12	3.16.13.2		c8eeba22a4fd3b377daf0e88a859261a340dd0bd
io.github.vigoo	zio-aws-timestreamwrite_2.12	3.16.14.1		b06c0fa9c813184c4e6ba460c19e3bc7f77df41b
io.github.vigoo	zio-aws-timestreamwrite_2.12	3.16.14.2		2d75c9769ddebda93a422daa19ded14f1b5fc9f8
io.github.vigoo	zio-aws-timestreamwrite_2.12	3.16.16.1		d57891c000a2e98041f39b21caa74a675389b9c3
io.github.vigoo	zio-aws-timestreamwrite_2.12	3.16.17.1		8fcae5d5b49cdbb5dbee37d8d16432760b159a6a
io.github.vigoo	zio-aws-timestreamwrite_2.12	3.16.17.2		600832aa41185592eb476b18cf646b29621a5b2d
io.github.vigoo	zio-aws-timestreamwrite_2.12	3.16.18.1		388912088ccdd7c8437d103ddc0a37e14079ecb0
io.github.vigoo	zio-aws-timestreamwrite_2.12	3.16.18.2		16d5bb07b63cf2060f8a4e5786d1137f956853b5
io.github.vigoo	zio-aws-timestreamwrite_2.12	3.16.18.3		f15e0b39f5952fc2a3510b3ea4d5deb3aeaed9ce
io.github.vigoo	zio-aws-timestreamwrite_2.12	3.16.20.2		c972790086102509bfa238fcd711b6631f5f7344
io.github.vigoo	zio-aws-timestreamwrite_2.12	3.16.20.3		c5691d90e39ef5a256312d75d2f095746db64384
io.github.vigoo	zio-aws-timestreamwrite_2.12	3.16.20.4		5149039f870534d31f9e9912ff21bd3201a9e76f
io.github.vigoo	zio-aws-timestreamwrite_2.12	3.16.20.5		6330c3369ec74f65d0a37f3664f42467d1527930
io.github.vigoo	zio-aws-timestreamwrite_2.12	3.16.20.6		c21a10fc2d86c5a13f87549e40491cb8e2b2cef0
io.github.vigoo	zio-aws-timestreamwrite_2.12	3.16.20.7		86bc9f38d1d8a9785ab12cd7019f84221496e4ba
io.github.vigoo	zio-aws-timestreamwrite_2.12	3.16.3.1		f1694f66e9c057d2f74d0b47137f4ab7e028a6b5
io.github.vigoo	zio-aws-timestreamwrite_2.12	3.16.3.2		e2a972bc0247f290a318705b666dade58653df1e
io.github.vigoo	zio-aws-timestreamwrite_2.12	3.16.34.1		25c8bf6b9133a758870520b04a304aff4fd0eeb3
io.github.vigoo	zio-aws-timestreamwrite_2.12	3.16.34.2		d25c7fabc9be903ff1a52a7639995313db0985b4
io.github.vigoo	zio-aws-timestreamwrite_2.12	3.16.35.1		80b9c2a891dda3fec99e705cd08b3699f9e1176d
io.github.vigoo	zio-aws-timestreamwrite_2.12	3.16.36.1		51edea913606483b0f9551a904ad2abe35f76fd2
io.github.vigoo	zio-aws-timestreamwrite_2.12	3.16.36.2		9e5d63b600de7b258ffad30cc04720f28ac2e350
io.github.vigoo	zio-aws-timestreamwrite_2.12	3.16.37.1		fd671557eb3b94bbaabd54aa05e6cc4eee31210a
io.github.vigoo	zio-aws-timestreamwrite_2.12	3.16.37.2		bc9a3b1982b1996fca6e139d245842226061dea9
io.github.vigoo	zio-aws-timestreamwrite_2.12	3.16.38.1		8267c594580d262b6c4522cbdfcfdbcbb43b9a36
io.github.vigoo	zio-aws-timestreamwrite_2.12	3.16.39.1		3b3422185ecdc97e540e2bfbe40398f8126a80ff
io.github.vigoo	zio-aws-timestreamwrite_2.12	3.16.39.2		1843b36e1c82b0b305cd67c1678fcb0b10aa119c
io.github.vigoo	zio-aws-timestreamwrite_2.12	3.16.4.1		dda67786b084c1ae11999695fec956fa72d3f190
io.github.vigoo	zio-aws-timestreamwrite_2.12	3.16.4.2		b959016ba7e292feee9672ce8a02df49af5dbd6f
io.github.vigoo	zio-aws-timestreamwrite_2.12	3.16.40.1		3b9cfabed3a759cec2ceebe576ef1e4f5eb9d3ac
io.github.vigoo	zio-aws-timestreamwrite_2.12	3.16.42.1		4ea3fca9f30f0db5d337c8c7a9cee9cdf237ad2d
io.github.vigoo	zio-aws-timestreamwrite_2.12	3.16.43.1		735193f4ae24ea70ab2c6f24c20a4d9b225bae0f
io.github.vigoo	zio-aws-timestreamwrite_2.12	3.16.43.2		5a517ca70ecf3998e04a9140af11bdbeecdcf57c
io.github.vigoo	zio-aws-timestreamwrite_2.12	3.16.44.1		20ecad2cff3b8a5ed33bff165ac0ed7b53810f26
io.github.vigoo	zio-aws-timestreamwrite_2.12	3.16.44.3		0ae4e845cec3a1046ad703976ff9268194f4a3cb
io.github.vigoo	zio-aws-timestreamwrite_2.12	3.16.45.1		c9a86a0f7acea7a5b2df0d9e74b5074f176b27a9
io.github.vigoo	zio-aws-timestreamwrite_2.12	3.16.46.1		9e3bbbb3fb07d8cc79536b5b28d44de98788e3bb
io.github.vigoo	zio-aws-timestreamwrite_2.12	3.16.46.2		07d3a6392758c97875bbe1b436adf2e4f943ae32
io.github.vigoo	zio-aws-timestreamwrite_2.12	3.16.47.1		82e79c0901b9e162ec6178f3aad6f2d87b85525c
io.github.vigoo	zio-aws-timestreamwrite_2.12	3.16.47.2		dfa27f9b53675115b5b3b0ef58694152804d8bb3
io.github.vigoo	zio-aws-timestreamwrite_2.12	3.16.48.1		e8661c32b014cf78ee9d80142b0f0947141fd519
io.github.vigoo	zio-aws-timestreamwrite_2.12	3.16.5.1		d9308ce36c441d2d4c18f17c5d78a7857f5e8cd4
io.github.vigoo	zio-aws-timestreamwrite_2.12	3.16.5.2		493df5a3d56bcc408ec0aa08df82fbc5b08a47eb
io.github.vigoo	zio-aws-timestreamwrite_2.12	3.16.50.1		ccfb1bd7d1b17c4005e4f39cba2ca96843333ca2
io.github.vigoo	zio-aws-timestreamwrite_2.12	3.16.51.1		cd982769f812fe249cca03624225b723983c6b35
io.github.vigoo	zio-aws-timestreamwrite_2.12	3.16.52.1		9aa139fb35efe2158f0481a4460e78855a09f99a
io.github.vigoo	zio-aws-timestreamwrite_2.12	3.16.54.1		caf51457ae257b7a8abf10e2897bfeffd572cac4
io.github.vigoo	zio-aws-timestreamwrite_2.12	3.16.57.1		2d0eca0633e08a0d3b8f4f00ae8f81858a3c6f26
io.github.vigoo	zio-aws-timestreamwrite_2.12	3.16.57.2		c759b9bb965dc2791db32621eeb1f6ce61eae56d
io.github.vigoo	zio-aws-timestreamwrite_2.12	3.16.59.1		5d84483b0213e8b884161b29aa810c35afc258b1
io.github.vigoo	zio-aws-timestreamwrite_2.12	3.16.6.1		6a32b084fbc264ea44cf7f5c87f480516c89dcd8
io.github.vigoo	zio-aws-timestreamwrite_2.12	3.16.60.1		d536e6c5c9e2d1fcfbbb1a573fd50eba70588e90
io.github.vigoo	zio-aws-timestreamwrite_2.12	3.16.60.2		4aa7a7b591c68dfb92780948edbba6e50bdd27ae
io.github.vigoo	zio-aws-timestreamwrite_2.12	3.16.61.1		8ff944aa53324ca1c1911a68fba389207f6056d2
io.github.vigoo	zio-aws-timestreamwrite_2.12	3.16.61.2		2c50268f6ccaab7238abd90c06995ad176151bdf
io.github.vigoo	zio-aws-timestreamwrite_2.12	3.16.62.1		4b34fb5d9cc3ee3f3745d609cccff85827f8a0c0
io.github.vigoo	zio-aws-timestreamwrite_2.12	3.16.62.2		df9bd4396350464e402c8f50ccb77d7fed8d6ac4
io.github.vigoo	zio-aws-timestreamwrite_2.12	3.16.62.3		11d5cd46833e558e575325f11deae53617aedc70
io.github.vigoo	zio-aws-timestreamwrite_2.12	3.16.66.1		a004216a55bc0688b2c70955104932803c25e741
io.github.vigoo	zio-aws-timestreamwrite_2.12	3.16.68.1		9a9163f74fa0ef540c593cbcc79db4698a52a027
io.github.vigoo	zio-aws-timestreamwrite_2.12	3.16.69.1		d75180d60292cb4f24667cbd6ddb20182c662a96
io.github.vigoo	zio-aws-timestreamwrite_2.12	3.16.69.3		229953339ab7b59cbec8a56c4f668eed5859361b
io.github.vigoo	zio-aws-timestreamwrite_2.12	3.16.7.1		ec872687ddbd997a659562f698095919ddf46185
io.github.vigoo	zio-aws-timestreamwrite_2.12	3.16.70.1		cf5ffebf18e7d0dcf3f29b3ed995e863c7b5cfcf
io.github.vigoo	zio-aws-timestreamwrite_2.12	3.16.70.2		31533790ad282d5e3bd3bdb8ac739aed395b3750
io.github.vigoo	zio-aws-timestreamwrite_2.12	3.16.70.3		b3a4962be60a4033a4a9cb4638612d3daf36904f
io.github.vigoo	zio-aws-timestreamwrite_2.12	3.16.72.1		b0283c0d6e7c64d9631aa93c4a2ff3681cec4126
io.github.vigoo	zio-aws-timestreamwrite_2.12	3.16.73.1		926320ab5bc3472b714ffa2862ef164717670a84
io.github.vigoo	zio-aws-timestreamwrite_2.12	3.16.74.1		463a3580b3bdc0ddeb0fe6ef74549fb876749c9b
io.github.vigoo	zio-aws-timestreamwrite_2.12	3.16.74.2		5863cf9df3c19a9b520f3b4828b323bf0402b57e
io.github.vigoo	zio-aws-timestreamwrite_2.12	3.16.74.3		99dd2e535d1e8d91c098de21c10ccb1106f0e8d5
io.github.vigoo	zio-aws-timestreamwrite_2.12	3.16.74.4		167efe6db140e4f1e53e729229764501a6b97e8a
io.github.vigoo	zio-aws-timestreamwrite_2.12	3.16.74.5		baa9b7de069313b499e676b2a901272fb370a098
io.github.vigoo	zio-aws-timestreamwrite_2.12	3.16.74.6		37dd7b39d01f91ba0bacee2b026680e94bd715b4
io.github.vigoo	zio-aws-timestreamwrite_2.12	3.16.76.1		62c2789ce85ca7f0899b10fbd2f94827a48c8d5d
io.github.vigoo	zio-aws-timestreamwrite_2.12	3.16.77.1		cd4e08521e9e58aa3af97e862f7818e54598f91e
io.github.vigoo	zio-aws-timestreamwrite_2.12	3.16.78.1		0fbbadb91182d77718941ed784487acb73014d2a
io.github.vigoo	zio-aws-timestreamwrite_2.12	3.16.78.3		2ae9d5cba74ad92a5d58f4825319f827140e1985
io.github.vigoo	zio-aws-timestreamwrite_2.12	3.16.78.4		a08f7fa438c4224e5ea360a7d24f74426fa56926
io.github.vigoo	zio-aws-timestreamwrite_2.12	3.16.78.5		da7cbb8159b61d0d4f40779df2aa77fbb889f024
io.github.vigoo	zio-aws-timestreamwrite_2.12	3.16.78.6		02ae8b072735837e41e343c7e46865579788f1ec
io.github.vigoo	zio-aws-timestreamwrite_2.12	3.16.79.1		5e3b3cb4954e86ad61c7d36e49729a09a5316719
io.github.vigoo	zio-aws-timestreamwrite_2.12	3.16.79.2		9ac9d5f28cb06a79a0386b7c428a6bc328af133a
io.github.vigoo	zio-aws-timestreamwrite_2.12	3.16.79.3		45e0a6524ed747ebb4d854f3c065b5702d5534b3
io.github.vigoo	zio-aws-timestreamwrite_2.12	3.16.8.1		05aeb7056025c702d0096722bf8aea8f69d57f32
io.github.vigoo	zio-aws-timestreamwrite_2.12	3.16.8.2		731250d967b0043aef8717056b620594b6eb0eaf
io.github.vigoo	zio-aws-timestreamwrite_2.12	3.16.87.1		11839f8275fb38ab6e201d0072b147419cf4c41a
io.github.vigoo	zio-aws-timestreamwrite_2.12	3.16.88.1		3804a32d9bf597ecdbcf9bbcbc7d39e90df0584d
io.github.vigoo	zio-aws-timestreamwrite_2.12	3.16.89.1		826687aa5cacc37c0adc7192aa0574b1e5ab48f1
io.github.vigoo	zio-aws-timestreamwrite_2.12	3.16.90.1		f56874e6de6efce0cb9e71a7178c56194d71706a
io.github.vigoo	zio-aws-timestreamwrite_2.12	3.16.91.1		5c345562a85812ab9c60dcaf225d000a045e76bb
io.github.vigoo	zio-aws-timestreamwrite_2.12	3.16.92.1		7951f9949ee579f714687d862ec2aba28a374ee6
io.github.vigoo	zio-aws-timestreamwrite_2.12	3.16.92.2		f1d2257e7f1f08ca839aaf2596bb321a6b90e27d
io.github.vigoo	zio-aws-timestreamwrite_2.12	3.16.94.1		c56a0893a1ad6e0e0e1cd903de8cf7d187035efa
io.github.vigoo	zio-aws-timestreamwrite_2.12	3.16.95.1		a07e7059aada32e43a6c1109cddbd37c67c1a205
io.github.vigoo	zio-aws-timestreamwrite_2.12	3.16.95.2		067bc8311e86ba0d93da7c0e5c90434b7e77c4c7
io.github.vigoo	zio-aws-timestreamwrite_2.12	3.16.96.1		1f557617b13a141bcf85258724e12ec19ea15030
io.github.vigoo	zio-aws-timestreamwrite_2.12	3.16.97.1		52cf06456be2a66e8d26457ee55b4931b867e90e
io.github.vigoo	zio-aws-timestreamwrite_2.12	3.16.97.2		9b85c525038f77f3726844661b7782b81fa8051a
io.github.vigoo	zio-aws-timestreamwrite_2.12	3.16.97.3		f7a88ef2e13c4ce6e8d2603d69574301334b676c
io.github.vigoo	zio-aws-timestreamwrite_2.12	3.16.99.1		27d88e54c5db7c44a86439b7eba81dbc7b3f27cc
io.github.vigoo	zio-aws-timestreamwrite_2.12	3.17.1.1		512a3a921b1534c6486324242ad8d0bddd7f967b
io.github.vigoo	zio-aws-timestreamwrite_2.12	3.17.100.1		3fe3534011d8c12d333eaae7df8c9518d6c3f849
io.github.vigoo	zio-aws-timestreamwrite_2.12	3.17.100.3		8e535b348b59bd675077de3ab20dfbf7472c3177
io.github.vigoo	zio-aws-timestreamwrite_2.12	3.17.101.1		e8fcf154289d6cbf3f90535615c4fee3f21d93db
io.github.vigoo	zio-aws-timestreamwrite_2.12	3.17.102.4		3cf46ebd2921de9c166ac6387294129a0929817e
io.github.vigoo	zio-aws-timestreamwrite_2.12	3.17.102.5		998c1375856de9f87be4db5ffe2ba07b95fd7112
io.github.vigoo	zio-aws-timestreamwrite_2.12	3.17.102.6		29f6a5209d8969a4f53a87f8bb0cc2020f4d2801
io.github.vigoo	zio-aws-timestreamwrite_2.12	3.17.103.1		3dd116be099dcc130d51fc873b68255cb99c3081
io.github.vigoo	zio-aws-timestreamwrite_2.12	3.17.104.1		9d7c3cd9b0f85151bfb2d5fab4cc9c8d56a1eba2
io.github.vigoo	zio-aws-timestreamwrite_2.12	3.17.104.2		c542c7110ecabe8530df71503e05632e1470aeb8
io.github.vigoo	zio-aws-timestreamwrite_2.12	3.17.104.3		f92a319b0b1c0fdac5b0fd1c641f4f1aaa95256e
io.github.vigoo	zio-aws-timestreamwrite_2.12	3.17.104.4		f6797b0d0260520ca1cc62faf92a5fd2f345d356
io.github.vigoo	zio-aws-timestreamwrite_2.12	3.17.104.5		212d3a882c66ab7e002064218eb3ee8f19104aee
io.github.vigoo	zio-aws-timestreamwrite_2.12	3.17.104.7		1ea8c21141cdeca48ed68227c6453bc3b985cd96
io.github.vigoo	zio-aws-timestreamwrite_2.12	3.17.11.1		d6cb259fbe1b3a0635c72e2056822db5f478329d
io.github.vigoo	zio-aws-timestreamwrite_2.12	3.17.12.1		754683759d2d35dc3ec4c5913918b00f68a52d8c
io.github.vigoo	zio-aws-timestreamwrite_2.12	3.17.12.2		769e134c195971d6ca6c7cba94be60b033796f96
io.github.vigoo	zio-aws-timestreamwrite_2.12	3.17.12.3		894738892a2d189031f61d77617d237f4cb3d61f
io.github.vigoo	zio-aws-timestreamwrite_2.12	3.17.19.1		a416f05f4620d1936c93cfe7e4f389595af28c21
io.github.vigoo	zio-aws-timestreamwrite_2.12	3.17.2.1		f717aa28c36fc5a197ead0f84b90890e99ecf182
io.github.vigoo	zio-aws-timestreamwrite_2.12	3.17.20.1		f807f070475092751e852d370c8c19d9d585d708
io.github.vigoo	zio-aws-timestreamwrite_2.12	3.17.21.1		430659dc0a9eade093af079de21b86b49c14c0ed
io.github.vigoo	zio-aws-timestreamwrite_2.12	3.17.21.2		5ff830832bb4fc0223bd564a3214c253bf6b4671
io.github.vigoo	zio-aws-timestreamwrite_2.12	3.17.22.1		c42b69844280d1c4ab2b9da625e33f8addec55c4
io.github.vigoo	zio-aws-timestreamwrite_2.12	3.17.23.1		8d4e9b34d68331a651232f595cc3b3a3553c2958
io.github.vigoo	zio-aws-timestreamwrite_2.12	3.17.24.1		e1fa5cff1eb76b6f43881bdc43e1cba87a07e993
io.github.vigoo	zio-aws-timestreamwrite_2.12	3.17.24.2		f78bf594c28b59afd6dd8bc788ef768f88898d2a
io.github.vigoo	zio-aws-timestreamwrite_2.12	3.17.25.1		fa60bc874423140814b974407f6bbf8285b027ff
io.github.vigoo	zio-aws-timestreamwrite_2.12	3.17.26.1		85b70ccb9aaa1ab7b5f71fde998321bf72ee692f
io.github.vigoo	zio-aws-timestreamwrite_2.12	3.17.26.2		555a490106de0ac86f14cc3e6f0cee62535094c9
io.github.vigoo	zio-aws-timestreamwrite_2.12	3.17.27.1		6670e899e2154266bc521c5f8da7ea9a43c9791d
io.github.vigoo	zio-aws-timestreamwrite_2.12	3.17.27.2		2c495dba5b98fa661f231b35ad0b1aafde55b51e
io.github.vigoo	zio-aws-timestreamwrite_2.12	3.17.29.1		740d2eb5bf3ff813c7cb96022ed6d2e4eafcf9ad
io.github.vigoo	zio-aws-timestreamwrite_2.12	3.17.30.1		f322043e77824d3a12084022704e9252437bb2f2
io.github.vigoo	zio-aws-timestreamwrite_2.12	3.17.31.1		e01dd39def1723a5543998c7c4a841fc0c2882d8
io.github.vigoo	zio-aws-timestreamwrite_2.12	3.17.31.2		047c898d033580325884f2e6cbbd0305b8150a42
io.github.vigoo	zio-aws-timestreamwrite_2.12	3.17.33.1		715116063d7fec1e835db002347768b0a0ef4823
io.github.vigoo	zio-aws-timestreamwrite_2.12	3.17.34.1		57ab283e9511fd1610ced1191d332418b1be1384
io.github.vigoo	zio-aws-timestreamwrite_2.12	3.17.35.1		12e07dee4684aec330348e934e1e6c5e9aac4d26
io.github.vigoo	zio-aws-timestreamwrite_2.12	3.17.36.1		666dd1323c4551333cc88170e6eb473d1e437e86
io.github.vigoo	zio-aws-timestreamwrite_2.12	3.17.37.1		c6394367d7674e3e0f4ff37d8da61057eb37659c
io.github.vigoo	zio-aws-timestreamwrite_2.12	3.17.38.1		58432e47cf838e80f106df8b4efb5fdf3cafe789
io.github.vigoo	zio-aws-timestreamwrite_2.12	3.17.39.1		9a2b645573f3506ec5c731c1c2d4cdcef55d59e2
io.github.vigoo	zio-aws-timestreamwrite_2.12	3.17.40.1		8d530b9a5bcec30fd9180ecccd74daccd1174b4d
io.github.vigoo	zio-aws-timestreamwrite_2.12	3.17.41.1		ecf807ab2c1f8f8d328bcf031221eddf71fcd44b
io.github.vigoo	zio-aws-timestreamwrite_2.12	3.17.41.2		d620ebaa351fe9924ee2e9ee200fe37de9489736
io.github.vigoo	zio-aws-timestreamwrite_2.12	3.17.42.1		21e86e5d8d0200d614fae559a52e2498041e5341
io.github.vigoo	zio-aws-timestreamwrite_2.12	3.17.42.2		f145352eee9b9dde221c619bdd98c909f0373464
io.github.vigoo	zio-aws-timestreamwrite_2.12	3.17.42.3		abafdf0661790b5734257e917749871887b507df
io.github.vigoo	zio-aws-timestreamwrite_2.12	3.17.42.4		f6caf352e6e01369e42f35525fb137a799213e3e
io.github.vigoo	zio-aws-timestreamwrite_2.12	3.17.42.5		42f3b72d218c8bc9add7c39ea137e7bbb05c1eb0
io.github.vigoo	zio-aws-timestreamwrite_2.12	3.17.42.6		0091c3e3da34a997d4dd60848ffc3d5ce1477625
io.github.vigoo	zio-aws-timestreamwrite_2.12	3.17.42.7		b39efbd6c1ceddf450bcdb70b86376e1b99cb3b3
io.github.vigoo	zio-aws-timestreamwrite_2.12	3.17.42.8		5e08ea0a2c173b1e21c11d95aa7e4bb396c55173
io.github.vigoo	zio-aws-timestreamwrite_2.12	3.17.42.9		9d912c5df78feb1f66eb08292d1f394f99d0fc44
io.github.vigoo	zio-aws-timestreamwrite_2.12	3.17.5.1		a4671b4c66ff730072dade75087d12ce2335a525
io.github.vigoo	zio-aws-timestreamwrite_2.12	3.17.56.1		5a0a71537946003f69a65c0a5d3cd560b9e491df
io.github.vigoo	zio-aws-timestreamwrite_2.12	3.17.57.1		9607c303045e225476b04ba50e06da2441bd4879
io.github.vigoo	zio-aws-timestreamwrite_2.12	3.17.57.2		de9c59aecc00c2ba8674efb2b3fd628b3a94f4ac
io.github.vigoo	zio-aws-timestreamwrite_2.12	3.17.58.1		75d017ebe8b1b5ec3ce2391e37745ef5d25ab318
io.github.vigoo	zio-aws-timestreamwrite_2.12	3.17.59.1		ba55692bd2add843496559d510f79200f91cedf4
io.github.vigoo	zio-aws-timestreamwrite_2.12	3.17.61.1		28e0ccd09e016a10e09f3c4ed21cdb70ede64cf4
io.github.vigoo	zio-aws-timestreamwrite_2.12	3.17.61.2		1f867d8576290862a292bc8d72ede2ef99dafe97
io.github.vigoo	zio-aws-timestreamwrite_2.12	3.17.62.1		a2dc3895f52f3893d63ef0953a218731f1bad72a
io.github.vigoo	zio-aws-timestreamwrite_2.12	3.17.63.1		cc29a89d52cbaa3c01cdbe8c2d5eb5ff91d72684
io.github.vigoo	zio-aws-timestreamwrite_2.12	3.17.63.2		a74f7eb7c323ebeb94acf29ae6360663d45aa6f1
io.github.vigoo	zio-aws-timestreamwrite_2.12	3.17.64.1		d66d91ae66ac25b86fcf0726bd167bf41592215a
io.github.vigoo	zio-aws-timestreamwrite_2.12	3.17.65.1		9d8a95f77f101f28694a44870683215e4ae96be4
io.github.vigoo	zio-aws-timestreamwrite_2.12	3.17.68.1		1ddf8c51c7d51e6caebe7b4cfec827553b5e060e
io.github.vigoo	zio-aws-timestreamwrite_2.12	3.17.70.1		c0a6849fe7c147615227d0339f5418579fbd30bc
io.github.vigoo	zio-aws-timestreamwrite_2.12	3.17.71.1		3062487a63fea51788553b50ce4f53519c3038d5
io.github.vigoo	zio-aws-timestreamwrite_2.12	3.17.71.2		e8244ae582f697ed7c51d0f970e41ab3f285b47c
io.github.vigoo	zio-aws-timestreamwrite_2.12	3.17.71.3		e9e5b084648058aa40d378d1ef88c54510584a2b
io.github.vigoo	zio-aws-timestreamwrite_2.12	3.17.74.1		b238fd1cc20059b0e1b858c8606cdcb0b38f9d31
io.github.vigoo	zio-aws-timestreamwrite_2.12	3.17.75.1		0de3c721cc36a75af29731899106fd56fc7ed2ff
io.github.vigoo	zio-aws-timestreamwrite_2.12	3.17.76.1		ae9bc8ed17570b418fe1b2b9b7c8ee9415c3d640
io.github.vigoo	zio-aws-timestreamwrite_2.12	3.17.77.1		b5dab98d01e4db3aae21c451901e45b045430b20
io.github.vigoo	zio-aws-timestreamwrite_2.12	3.17.78.1		30dbfc3dfa5c347e465d3841e9e8676195dd22bd
io.github.vigoo	zio-aws-timestreamwrite_2.12	3.17.79.1		d360a04fe12e924a60fc2c9cb47c6851d1db49c1
io.github.vigoo	zio-aws-timestreamwrite_2.12	3.17.8.1		ce82b9fe3536b3bd268f0376235b90ee1d499eea
io.github.vigoo	zio-aws-timestreamwrite_2.12	3.17.8.2		6a025d6bf41e3957c344e0035e51badc256e6fd3
io.github.vigoo	zio-aws-timestreamwrite_2.12	3.17.8.3		0619e236997f3015b024676fbbc5be0d8295d3a3
io.github.vigoo	zio-aws-timestreamwrite_2.12	3.17.8.4		f0b5216ddeff41a968d7b98ef33c11e49942966a
io.github.vigoo	zio-aws-timestreamwrite_2.12	3.17.8.5		9ee921b24d529ac17fedc643d5c64cca05e8857f
io.github.vigoo	zio-aws-timestreamwrite_2.12	3.17.80.1		e872b2e4e8376349bceb4205f6927959261687c7
io.github.vigoo	zio-aws-timestreamwrite_2.12	3.17.81.1		6b9d85833d17baca4b3615383840fbb15d7a8967
io.github.vigoo	zio-aws-timestreamwrite_2.12	3.17.87.2		0998a50c1ac9321c3d6f1f4389f90b8f265c3fd4
io.github.vigoo	zio-aws-timestreamwrite_2.12	3.17.88.1		32d90d9c4a6c69c9332880120dc9c5d11e32f55a
io.github.vigoo	zio-aws-timestreamwrite_2.12	3.17.9.1		33cd71261393d3f66b298e08d2ec1973be71be0f
io.github.vigoo	zio-aws-timestreamwrite_2.12	3.17.90.1		e05271c81640118f0084432b3e132903e97c45c5
io.github.vigoo	zio-aws-timestreamwrite_2.12	3.17.94.1		24a0dd42a9586e4a662aff834b71cb9b314b6f5f
io.github.vigoo	zio-aws-timestreamwrite_2.12	3.17.94.2		f84b138443cebba1da86aed7bef725c244840a5c
io.github.vigoo	zio-aws-timestreamwrite_2.12	3.17.97.1		8409a8c1be922e7f77b4f0a4c3590c9ebae238eb
io.github.vigoo	zio-aws-timestreamwrite_2.12	3.17.98.1		086b1b85821b294ebcbaddccbaa165f0b74bfd87
io.github.vigoo	zio-aws-timestreamwrite_2.12	3.17.99.1		edaecdc89573c23349bc055c5d63fa08b0f0bce2
io.github.vigoo	zio-aws-timestreamwrite_2.12	4.0.2		872c5e124a7403ed6a5789fba2844701cce1f9f4
io.github.vigoo	zio-aws-timestreamwrite_2.12	4.0.4		592ece77755e14ed11fd37094885443d6d62f1fd
io.github.vigoo	zio-aws-timestreamwrite_2.12	4.0.5		90cbc38aaccac37062af0797108d1939a8e7e5ef
io.github.vigoo	zio-aws-timestreamwrite_2.12	4.17.104.1		f12d84448bc2e80cbf23afe3bad9197cf6d0ee4b
io.github.vigoo	zio-aws-timestreamwrite_2.12	4.17.104.2		4d793f6f9b6c369cd8fc107ac5ba5cc9042c8add
io.github.vigoo	zio-aws-timestreamwrite_2.12	4.17.280.4		beb8bcce73cdc1c140539157f7c9a26d9afdfc9f
io.github.yazu-codes	riot-api	1.0.0		6d8d0f0ad04a2e1d99da0462687133840605d5aa
io.github.zhaozhou1489	tools-db-query	0.0.1		423e22ca9e8667e5161189f8ef9f0fdd9aef5c8e
io.github.zhaozhou1489	tools-db-query	0.0.2		cde31a5705643740317fdbe7bc42827c491d9d6b
io.github.zhaozhou1489	tools-db-query	0.0.3		34dbf9bcc1db3b45ce982f1fa22e1f3a80fab189
io.github.zhaozhou1489	tools-db-query	0.0.4		abfef04605272c240da30a37b1631ffda6e3554f
io.ktor	ktor-io-linuxarm64	2.3.10		52887332ddc6f355e5563b83ce7c6bd17b4578ec
io.ktor	ktor-io-linuxarm64	2.3.11		161f809ea7f868e4cf20c7a7b0ecd84e3667e193
io.ktor	ktor-io-linuxarm64	2.3.12		9d209880d14c93a9e5e3b53b6f0344ccc6293e8b
io.ktor	ktor-io-linuxarm64	2.3.13		e4a1d83b914e607c1f1f35225a64f49a5f9d6941
io.ktor	ktor-io-linuxarm64	2.3.3		61aee2485638a4f8aebc52daeda40c285bec9d80
io.ktor	ktor-io-linuxarm64	2.3.4		d20987c519fc5b565694e4fde9e786d31844823c
io.ktor	ktor-io-linuxarm64	2.3.5		892f2a7085034a635970612aca862749d4203eb7
io.ktor	ktor-io-linuxarm64	2.3.6		8c50db7e8077f25fe6259f4bd8a235f3e233d8af
io.ktor	ktor-io-linuxarm64	2.3.7		c36db6213f6c64fd99282f5112f0332e66683058
io.ktor	ktor-io-linuxarm64	2.3.8		ac8a7618e534f619e94f2fed8d6870589c641988
io.ktor	ktor-io-linuxarm64	2.3.9		d4b1c5d32076fc7fea85157f2d0c0b2193c68a69
io.ktor	ktor-io-linuxarm64	3.0.0		890c81ef3466723b18b68608c4dd56fc8b792f66
io.ktor	ktor-io-linuxarm64	3.0.0-beta-1		c6e86aca9e4cb19e7d1a8a8266cc0f906ac7b775
io.ktor	ktor-io-linuxarm64	3.0.0-beta-2		2d2c250464bfd0c30b7cf3247658cf619d647b26
io.ktor	ktor-io-linuxarm64	3.0.0-rc-1		117abd51327b16843819fe81e4f70a4455edbe5b
io.ktor	ktor-io-linuxarm64	3.0.0-rc-2		4495c45e58f24736b66c742d19ab5712af30713d
io.ktor	ktor-io-linuxarm64	3.0.1		7043032a576ea22e4e734a96949dc2aad60fe67c
io.ktor	ktor-io-linuxarm64	3.0.2		5ea7352abbaca748ddaa9c076353b93d162adc00
io.ktor	ktor-io-linuxarm64	3.0.3		ab2e0b6d341ff1f98b460cdf813dbed8149081d6
io.ktor	ktor-io-linuxarm64	3.1.0		3da07d7ded243d4958bf361a2ef3901adc7ae53a
io.ktor	ktor-io-linuxarm64	3.1.1		5e202a0f3202e3d132e8591b9978913f1c221551
io.ktor	ktor-io-linuxarm64	3.1.2		464dadc19b4eb72d0c0a5572c8974ce0564d70c6
io.kvision	kvision-tabulator-remote-js	7.0.0		N/A
io.kvision	kvision-tabulator-remote-js	7.0.1		N/A
io.kvision	kvision-tabulator-remote-js	7.1.0		N/A
io.kvision	kvision-tabulator-remote-js	7.2.0		N/A
io.kvision	kvision-tabulator-remote-js	7.3.0		N/A
io.kvision	kvision-tabulator-remote-js	7.3.1		N/A
io.kvision	kvision-tabulator-remote-js	7.4.0		N/A
io.kvision	kvision-tabulator-remote-js	7.4.1		N/A
io.kvision	kvision-tabulator-remote-js	7.4.2		N/A
io.kvision	kvision-tabulator-remote-js	7.4.3		N/A
io.kvision	kvision-tabulator-remote-js	7.4.4		N/A
io.kvision	kvision-tabulator-remote-js	7.4.5		N/A
io.kvision	kvision-tabulator-remote-js	7.5.0		N/A
io.kvision	kvision-tabulator-remote-js	7.5.1		N/A
io.kvision	kvision-tabulator-remote-js	8.0.0		N/A
io.kvision	kvision-tabulator-remote-js	8.0.0-RC		N/A
io.kvision	kvision-tabulator-remote-js	8.0.1		N/A
io.kvision	kvision-tabulator-remote-js	8.1.0		N/A
io.kvision	kvision-tabulator-remote-js	8.1.1		N/A
io.kvision	kvision-tabulator-remote-js	8.2.0		N/A
io.kvision	kvision-tabulator-remote-js	9.0.0		N/A
io.kvision	kvision-tabulator-remote-js	9.0.1		N/A
io.target-kt	target-core	0.1.0		9c1ce97867af80cdb7c9ea1a549715ce54910a04
io.target-kt	target-core	0.2.0		2439051cdbc12187acdd844286062fbf9e970b37
io.target-kt	target-core	0.3.0		133925d7ba61df81d00ad1b6592e2b7c37be057b
io.target-kt	target-core	0.4.0		46e564773c6419644b3b7f69de3b9fe9e9949e17
io.target-kt	target-core	0.5.0		622d457bee73110175454138b4d1aa058c6fede3
io.target-kt	target-core	0.6.0		ff76801d361fcd21bcf9197fea362f1c5660c828
io.target-kt	target-core	0.7.0		20ec33541ab0f242eca0f30d8b667b647ca246c4
io.theblackbox	commons-web-sitemap	0.1.1		72f837f60c8da61e0b4d8fb44c35ace1b861d014
io.theblackbox	commons-web-sitemap	0.1.2		843a16ac8eb2899e0e97a4a94a08fe96c6e55206
love.forte.suspend-interface-reversal	annotations-wasm-js	0.1.0		N/A
love.forte.suspend-interface-reversal	annotations-wasm-js	0.2.0		N/A
love.forte.suspend-interface-reversal	annotations-wasm-js	0.2.1		N/A
net.sf.alchim.jedit	MvnPlugin	1.0		b359edcb53864212e8847d9a256b4092a3983176
nl.weeaboo.vn	nvlist-buildgui	4.8.0		90faa59f3d32e3bfe04abcc60c69ba57ec2fa355
nl.weeaboo.vn	nvlist-buildgui	4.8.1		3bdbcf4ad0913e9869291a6e1c9980638baf9f1c
nl.weeaboo.vn	nvlist-buildgui	4.9.0		d1781fe95ffab523c7164e4ff8ba28f0e6da1b92
nl.weeaboo.vn	nvlist-buildgui	4.9.1		fc338203583036759a28d5033a33d782fd6e4724
nl.weeaboo.vn	nvlist-buildgui	4.9.2		b8e627fbcc2c6a82d1f6d01c7d1bab24ce82c1cb
nl.weeaboo.vn	nvlist-buildgui	4.9.3		f0b1490e8660b867d64e0dba9bb5d3866580190f
nl.weeaboo.vn	nvlist-buildgui	4.9.4		2e025c1af0ad867017651025c3ba275c20a79a35
nl.weeaboo.vn	nvlist-buildgui	4.9.5		6a94fb350549f29f31567ee546bb5575e0679589
nl.weeaboo.vn	nvlist-buildgui	4.9.6		e10eab8b0ad7b6fc87b52b84c98763e8cb38e6fb
no.arktekk	scala3-scalafix_2.13	0.1.0		e51bb0822bb968052022b8b43bfe9708633ab081
no.arktekk	scala3-scalafix_2.13	0.1.1		25df8fe12af9abe2f27a3b16660f9c84411937dc
org.apache.atlas	atlas-client	0.5-incubating		d6d8b8da11def58e6f6b7ec0ec3060b04220db30
org.apache.atlas	atlas-client	0.6-incubating		0b4b318461ebc6cacee0b7ce85b9c18f462237dc
org.apache.atlas	atlas-client	0.7-incubating		d7ee088ff6623a379be23eae1d9b2c57a52b2247
org.apache.atlas	atlas-client	0.7.1-incubating		234572495ec334cd893ff75a31bc17ac8b3cdf60
org.apache.atlas	atlas-client	0.8-incubating		75ffc85ba5eda9b44f8d0a3151e3ea2c6cfe5a0f
org.apache.atlas	atlas-client	0.8.1		cde6d972f94cd65704a50d79894bd27c82b755fe
org.apache.camel.k	camel-k-loader-js-impl	1.6.0		d52dfa8f9d5572d77eaec36456f728bbe0010c76
org.apache.pluto	pluto-deploy	1.0.1		6aed7ac6b1c3a1f2fa0ff7b297c0fc4beca83168
org.apache.pluto	pluto-deploy	1.0.1-rc4		e37d678bbdcfd24ec6b219784249d7e947ceff27
org.apache.servicecomb.toolkit	oas-validator-core-spring	0.2.0		edc5ffb108f99aff50f0ef1f1ba5c16afe07ea22
org.bluestemsoftware.open.eoa.ext	ws-mtom-soap	0.8.0.1		N/A
org.bluestemsoftware.open.eoa.ext	ws-mtom-soap	0.8.1.0		N/A
org.bluestemsoftware.open.eoa.ext	ws-mtom-soap	0.8.1.1		N/A
org.bluestemsoftware.open.eoa.ext	ws-mtom-soap	0.8.2.0		N/A
org.bluestemsoftware.open.eoa.ext	ws-mtom-soap	0.8.2.1		N/A
org.bluestemsoftware.open.eoa.ext	ws-mtom-soap	0.8.5.0		N/A
org.codehaus.castor	jdo-extensions-it	1.3		eeeb1ccbb8ec55e33ddf728e2100fc97b01dffd6
org.danbrough.sqldelight	native-driver-tvossimulatorarm64	2.0.0-alpha03		N/A
org.danbrough.sqldelight	native-driver-tvossimulatorarm64	2.0.0-alpha03	metadata	6271b2ce00b204f29e884ddce95698144da25c7c
org.danbrough.sqldelight	native-driver-tvossimulatorarm64	2.0.0-alpha04		N/A
org.danbrough.sqldelight	native-driver-tvossimulatorarm64	2.0.0-alpha04	metadata	570c4376f83bae0b2a7445b1157d296888861f90
org.eclipse.jetty.ee10	jetty-ee10-servlet	12.0.0		093d896fe274432f465757415a655687cf89c816
org.eclipse.jetty.ee10	jetty-ee10-servlet	12.0.0.alpha0		6a454cbe830e46fa7a24747f27923aa97cac5016
org.eclipse.jetty.ee10	jetty-ee10-servlet	12.0.0.alpha1		0fecbfe327061c2dc8d998067c14cdda216a3f1b
org.eclipse.jetty.ee10	jetty-ee10-servlet	12.0.0.alpha2		84440a3e25d0aeb08b6d3965cfd81793a37c2c72
org.eclipse.jetty.ee10	jetty-ee10-servlet	12.0.0.alpha3		04f87ebb9893909c167b1c186437fddbdd2ccad4
org.eclipse.jetty.ee10	jetty-ee10-servlet	12.0.0.beta0		8a44d9e980206b98dd86b115562175db4b71153e
org.eclipse.jetty.ee10	jetty-ee10-servlet	12.0.0.beta1		c63ee830e3973ef26ff77db75b5ba77d037a1848
org.eclipse.jetty.ee10	jetty-ee10-servlet	12.0.0.beta2		a2a69b2ac063443db9cd0159fa13faef1bafc6d4
org.eclipse.jetty.ee10	jetty-ee10-servlet	12.0.0.beta3		c3b7eeaa8e3760111479bfc3f8bc9c134679a074
org.eclipse.jetty.ee10	jetty-ee10-servlet	12.0.0.beta4		63833241f31f8a58b97063f73d351845fb100462
org.eclipse.jetty.ee10	jetty-ee10-servlet	12.0.1		e7a4cfa41de6bf04920f6ec534b6b2a367d0fee4
org.eclipse.jetty.ee10	jetty-ee10-servlet	12.0.10		a8d087bde78f231084901553bb6829663b4a22f1
org.eclipse.jetty.ee10	jetty-ee10-servlet	12.0.11		be0e9ac6f980c521bc1668403e33383aee2726e1
org.eclipse.jetty.ee10	jetty-ee10-servlet	12.0.12		12f25f260a8f9fb519b6d3058260564277e618cd
org.eclipse.jetty.ee10	jetty-ee10-servlet	12.0.13		e1cb00629ed0d4091caad7e4ee542878d60978d2
org.eclipse.jetty.ee10	jetty-ee10-servlet	12.0.14		900856dd4429c9d65404d487b04bd6d4fb11c402
org.eclipse.jetty.ee10	jetty-ee10-servlet	12.0.15		a9362717fa1756f9f1f18e0ef2ce671e742b7afb
org.eclipse.jetty.ee10	jetty-ee10-servlet	12.0.16		022a746c00b1ac5c790fee65a398c707160a46d8
org.eclipse.jetty.ee10	jetty-ee10-servlet	12.0.17		fc936f788d9abf29b5fd1a502d2be1dc38973f47
org.eclipse.jetty.ee10	jetty-ee10-servlet	12.0.18		b6ea33020fea4984e12486a76d1f3ed21867a051
org.eclipse.jetty.ee10	jetty-ee10-servlet	12.0.19		e0b5fa5b9f30a707282fde836ee50e51b662085a
org.eclipse.jetty.ee10	jetty-ee10-servlet	12.0.2		f93658635b6f4f9f1ba881aba4e2ebd46275461e
org.eclipse.jetty.ee10	jetty-ee10-servlet	12.0.3		fab34a7486eb7df0ad53f3a8eb6886c409f3f323
org.eclipse.jetty.ee10	jetty-ee10-servlet	12.0.4		4bc6e26e92a3178473ed3b10e102ed4238abc7bd
org.eclipse.jetty.ee10	jetty-ee10-servlet	12.0.5		52f0b3608abef1fff5d79c17683f303156f35367
org.eclipse.jetty.ee10	jetty-ee10-servlet	12.0.6		16bf86cc7abbed1d30be13c567ed1f82d9f48242
org.eclipse.jetty.ee10	jetty-ee10-servlet	12.0.7		cd6c310145e57a517bbf5087f792390e03d74cda
org.eclipse.jetty.ee10	jetty-ee10-servlet	12.0.8		6bb6e96a5ae956382b1972d9fd23b29f893b92ea
org.eclipse.jetty.ee10	jetty-ee10-servlet	12.0.9		19e056d75741e7348411d677a9b26a54ea4b7d16
org.eclipse.jetty.ee10	jetty-ee10-servlet	12.1.0.alpha0		b4f04ef28ab84262a055cdea2c5d0a5d9ae3f545
org.eclipse.jetty.ee10	jetty-ee10-servlet	12.1.0.alpha1		8d1b77658453e30a42e66be684e5862208cb8920
org.eclipse.jetty.ee10	jetty-ee10-servlet	12.1.0.alpha2		32b32260a842085d8c8419e6b46de8dcfb53f782
org.esbtools.auth	cert-ldap-login-module-common	1.3.0		10f0b139b73f13501ed853481cccfb4fbb07384d
org.gnieh	fs2-data-json-diffson_sjs1_2.12	0.10.0		7d0dbceb93cb30314ccb6f796760a17ab8ce835e
org.gnieh	fs2-data-json-diffson_sjs1_2.12	0.11.0		d10bdc7fa540528a825079bb82abb2457707e4d6
org.gnieh	fs2-data-json-diffson_sjs1_2.12	0.8.0		6c8a081df605a0b32105e122380c7b7a836928a9
org.gnieh	fs2-data-json-diffson_sjs1_2.12	0.9.0		123ce46e8f328930db518688be4c5c3446daa7ed
org.gnieh	fs2-data-json-diffson_sjs1_2.12	1.0.0		10eb5b3d2a52b5e9d724e788c09df808668f13d1
org.gnieh	fs2-data-json-diffson_sjs1_2.12	1.0.0-RC1		3e538d7d659239e9c0c876e48d46350cfab8b5b3
org.gnieh	fs2-data-json-diffson_sjs1_2.12	1.0.0-RC2		759c67139915b9271336468361d61500290fb979
org.gnieh	fs2-data-json-diffson_sjs1_2.12	1.0.0-RC3		e6b917c227815f06549d77156181f19c79b72e1b
org.gnieh	fs2-data-json-diffson_sjs1_2.12	1.0.1		d867e89427cb41deebfb4bdbbcc7f152ade47484
org.gnieh	fs2-data-json-diffson_sjs1_2.12	1.1.0		e5f1502a4b59b6ea9565f8c9b68478fe052296d5
org.gnieh	fs2-data-json-diffson_sjs1_2.12	1.10.0		cf658edfb4640144cad0b9e77323ed33424722da
org.gnieh	fs2-data-json-diffson_sjs1_2.12	1.11.0		9b8b5c2d00aae8d3122b810bff60c7bf4e022cd2
org.gnieh	fs2-data-json-diffson_sjs1_2.12	1.11.1		5bb3e6fad1956ac39545960c91a681c80daf73e6
org.gnieh	fs2-data-json-diffson_sjs1_2.12	1.11.2		85ce135f8cf29f682e0eaacfa69692d6f72e5263
org.gnieh	fs2-data-json-diffson_sjs1_2.12	1.11.3		6a8f5b707b6f302f4e1062129d7ae75cf622fdc7
org.gnieh	fs2-data-json-diffson_sjs1_2.12	1.2.0		bf69228f686c513ebba13586a70df441c94f70e0
org.gnieh	fs2-data-json-diffson_sjs1_2.12	1.3.0		97d1ed85845dd88709d20742b05f73043cc64808
org.gnieh	fs2-data-json-diffson_sjs1_2.12	1.3.1		950acb4a9ba2b60aaa0ef2ba282cad032aff8b34
org.gnieh	fs2-data-json-diffson_sjs1_2.12	1.4.0		7b1a509df90e35fe568d7baed4146605f6550940
org.gnieh	fs2-data-json-diffson_sjs1_2.12	1.4.1		74291bf1688ec97a0909a138afecc2c5fc8cf32e
org.gnieh	fs2-data-json-diffson_sjs1_2.12	1.5.0		7bd49242225b76228f54a5fa3560f5bbc22ce5ca
org.gnieh	fs2-data-json-diffson_sjs1_2.12	1.5.1		7d5f9ccf39fb867fde2c2ebb5d15558cc10d5078
org.gnieh	fs2-data-json-diffson_sjs1_2.12	1.6.0		db8f53fe5cf1a3019fb5a7a4c3259305e0e9ce1f
org.gnieh	fs2-data-json-diffson_sjs1_2.12	1.6.1		f4edf28b547b37514c4a7ba1e1f9016de91db0b1
org.gnieh	fs2-data-json-diffson_sjs1_2.12	1.7.0		c2b2c064449b687aa0b8984692317a0c078e70c0
org.gnieh	fs2-data-json-diffson_sjs1_2.12	1.7.1		34960f3d1bbcf45440c9ca956272506399a30aa0
org.gnieh	fs2-data-json-diffson_sjs1_2.12	1.8.0		fb6a6adf7872b5880a449f01cb1afb1c2ab4a9a8
org.gnieh	fs2-data-json-diffson_sjs1_2.12	1.8.1		587993b3a3d759422ebc84875ad956e2a0061d4f
org.gnieh	fs2-data-json-diffson_sjs1_2.12	1.9.0		e764019641743ad2349384b5fb412831f40cd4f8
org.gnieh	fs2-data-json-diffson_sjs1_2.12	1.9.1		766ff9aff00a67e1b6433b16b76323c4498e1a84
org.hibernate.search	hibernate-search-mapper-orm-outbox-polling	7.0.0.CR1		f4c3b0d03e181e01ff5336068ea0c033ffba08c6
org.hibernate.search	hibernate-search-mapper-orm-outbox-polling	7.0.0.CR2		6649bd831cd1e1eced2654a67ad429a016bd76b3
org.hibernate.search	hibernate-search-mapper-orm-outbox-polling	7.0.0.Final		3023fe95d734ea361f57ad1de3d4621bfafdca81
org.hibernate.search	hibernate-search-mapper-orm-outbox-polling	7.0.1.Final		bb5a009a3ef9ae691b5e136a9a25afebdedf9e3a
org.hibernate.search	hibernate-search-mapper-orm-outbox-polling	7.1.0.Alpha1		60ce9a54b74714c7ee45549ae69f65c0a08ced38
org.hibernate.search	hibernate-search-mapper-orm-outbox-polling	7.1.0.Alpha2		65f026af885ede52736430cc4b0dd7715e559bc8
org.hibernate.search	hibernate-search-mapper-orm-outbox-polling	7.1.0.CR1		7aae8e8577422ad92e5278de1a2649cf045f6e9f
org.hibernate.search	hibernate-search-mapper-orm-outbox-polling	7.1.0.Final		4daac4f4534eae0210f7c81463dd2f0c626bb714
org.hibernate.search	hibernate-search-mapper-orm-outbox-polling	7.1.1.Final		46d2c1ce41cc487fe06e7b505214f0330ea5f221
org.hibernate.search	hibernate-search-mapper-orm-outbox-polling	7.1.2.Final		d420b4239a74ccac53024861a19c502b4d2830e8
org.hibernate.search	hibernate-search-mapper-orm-outbox-polling	7.2.0.Alpha1		f2c8208f5b7ad22371d951320d85aa92b82272ff
org.hibernate.search	hibernate-search-mapper-orm-outbox-polling	7.2.0.Alpha2		f3c43b9f49a8e7c55a92169b74ca3e6d3fd58c07
org.hibernate.search	hibernate-search-mapper-orm-outbox-polling	7.2.0.CR1		fa5628e2c3041fceaf824f9926453fe414a8612c
org.hibernate.search	hibernate-search-mapper-orm-outbox-polling	7.2.0.Final		3fefc835ec23a5d7decb8d71ffce9705cba76526
org.hibernate.search	hibernate-search-mapper-orm-outbox-polling	7.2.1.Final		43d69178a1b0f39d1b77959b0f2f9f88e0d43cd2
org.hibernate.search	hibernate-search-mapper-orm-outbox-polling	7.2.2.Final		e4a51bb38911f5610de1f607565e03b4112c0ef2
org.hibernate.search	hibernate-search-mapper-orm-outbox-polling	7.2.3.Final		32404ebcbc194e9b05f41a931fcb1d9a4c09ec9b
org.hibernate.search	hibernate-search-mapper-orm-outbox-polling	8.0.0.Alpha1		e59b01ada713552e03d5328ba6c01f08fd0ff344
org.hibernate.search	hibernate-search-mapper-orm-outbox-polling	8.0.0.Alpha2		b0331ff9c72253b8a9d346f5b2181483bbb19def
org.hibernate.search	hibernate-search-mapper-orm-outbox-polling	8.0.0.Alpha3		82818e14b1c36c3daf0b8084bfc855b87406a1fe
org.jvnet.hudson.plugins	swarm	1.0		a6b0ac2006479b7848f52c6983e588e1fe48cca7
org.jvnet.hudson.plugins	swarm	1.1		c47c4ff1dc5340d57c2acb0f9d15b65a4a6751ff
org.jvnet.hudson.plugins	swarm	1.2		2bd287999478b6ada90148168a67fca10c1c4358
org.jvnet.hudson.plugins	swarm	1.3		033573e35870ef8779b7afbb230898d6baeeb3aa
org.jvnet.hudson.plugins	swarm	1.4		87ac00156ce0d9ef3f0a2ceb9bd9643c85875516
org.lightadmin	light-logging-configurer	1.0.0.RC1		3ee6b6eaae168ca5d8d5e14581ee36a122f3c338
org.mvnpm	strtok3	10.2.2		cb8765736e31c6500402b6e9fbf78627550f8ac3
org.polyvariant	better-tostring_2.13.16	0.3.17		4ebeae6f91b7a7e9c7345c9a6cafd24e884ad601
org.scalamock	scalamock-cats-effect_2.12	7.3.0		18f102cb65bc39bcbdd50738f131668b5711f381
org.scalamock	scalamock-cats-effect_2.12	7.3.0-RC1		f714778894d47512e1f361f8e2cbc9bca909f8fc
org.scalamock	scalamock-cats-effect_2.12	7.3.0-RC2		4293b228edc7ff724bff975cca2343cb1cd98627
org.scalamock	scalamock-cats-effect_2.12	7.3.0-RC3		8060a0d519026e3aacc7c7dec89addd60aec03f4
org.scalamock	scalamock-cats-effect_2.12	7.3.0-RC4		8c939b1f67d6a3c3cab77bf48866f38820ede382
org.scalamock	scalamock-cats-effect_2.12	7.3.1		261e40e0c26d25e1950ffe46ae3cc9014443ecec
org.scalamock	scalamock-cats-effect_2.12	7.3.2		906cbabb4874565f63ed2a8a3fa5fe1842d56070
org.sonatype.maven.archetype	archetype-plugin	0.7		392fcbbbf38b148a6b63f9a8d9563b5715c5a049
org.sonatype.maven.archetype	archetype-plugin	0.8.1		6f6869e7e5517e5c52c89cedc857d6e325b901f2
org.sonatype.maven.archetype	archetype-plugin	0.8.2		914fcb9460f1a9912451e02672e84c501bbee8b0
org.sonatype.maven.archetype	archetype-plugin	0.8.3		ee4c13cb087e2b7f59c2d9eb4f4777489690220c
org.sonatype.maven.archetype	archetype-plugin	0.8.4		63fed95725ed59af7841e88b215670cbc2f9205e
org.sonatype.maven.archetype	archetype-plugin	0.8.5		d80ddfaba416c91b8404b3fed7b1ae2b76dd394c
org.tpolecat	skunk-postgis_native0.4_2.12	0.6.3		0692bef16bcbb37b43bf114dd5f6097dd4135e84
org.tpolecat	skunk-postgis_native0.4_2.12	0.6.4		a3cde5506f9ebe9a21116b934fe4ce172db3a804
org.typelevel	forkjoin	2.11.7		d55d90b129f2fc1cf635f0227d5bd3c91618c13d
org.typelevel	forkjoin	2.11.8		ce3c9cfb3fd6ecd0357b8bb48b5e1b4b3785e357
org.webjars.bower	github-com-kaltura-playkit-js-hls	1.10.2		fc6ac0c48413fc0f851d5ce603934dc9cd1472a4
org.webjars.npm	antfu__utils	0.7.10		583847b013650e0ce77e19e7dcfdb2045cb85596
org.webjars.npm	antfu__utils	0.7.2		941ed82ac0479f12148d63df76526e69e6c439b5
org.webjars.npm	find-package-json	1.0.0		1baf4f8052bbd54e6a4614fb0b6d3ee2406f8a74
org.webjars.npm	git-semver-tags	2.0.3		1343e71b8dc8310c0cad4ac8a2cecada340dc2e7
org.webpieces.server.plugin	plugin-properties	2.1.10		2d9d6bb06457af16632f736b7d84754614242e03
org.webpieces.server.plugin	plugin-properties	2.1.100		b753fb3cc3576526272a35129b78add16a0c214f
org.webpieces.server.plugin	plugin-properties	2.1.101		33d45d149a05020420db925d93307f02bf45bedf
org.webpieces.server.plugin	plugin-properties	2.1.102		a106dde1fdbdf3f0ac67436f01776c390008b885
org.webpieces.server.plugin	plugin-properties	2.1.103		351e5569c1eaccd623a1a0d11511df77bf76e07c
org.webpieces.server.plugin	plugin-properties	2.1.104		bda020e5fe63160b9b673e6131991c2fb2fd76b5
org.webpieces.server.plugin	plugin-properties	2.1.105		85fa0c7e7ae47878503ba94907374c7259f8a010
org.webpieces.server.plugin	plugin-properties	2.1.106		98a90b9e5f83aaf6e0b6a3dd168ff59f22dd8b62
org.webpieces.server.plugin	plugin-properties	2.1.107		4a20e46aff7cad8b77103e4b3f7548e9d4c811e2
org.webpieces.server.plugin	plugin-properties	2.1.108		a8db06d267221a3fc0f42c0c391b1520faf0a744
org.webpieces.server.plugin	plugin-properties	2.1.109		da1b1627575f90fd57cdd4a33c4694608927fc32
org.webpieces.server.plugin	plugin-properties	2.1.11		671935e8daa10f6eb7eb8446c373460775a83ba0
org.webpieces.server.plugin	plugin-properties	2.1.13		b90f0dd027f0798a6ad2398427611b5fe69e4785
org.webpieces.server.plugin	plugin-properties	2.1.14		d22c69424ae87ca9467ce8798de1dfc40c5d5474
org.webpieces.server.plugin	plugin-properties	2.1.15		7d2d038367451b7d675775e4a9670697c54a707a
org.webpieces.server.plugin	plugin-properties	2.1.17		c0b9965ddacf8aa73f5cf90b290f241c632f1bdd
org.webpieces.server.plugin	plugin-properties	2.1.2		c048f16e3de86b4f196fbefecdd7a57aead2dc22
org.webpieces.server.plugin	plugin-properties	2.1.20		1597f060bde541a9cf8b9ea932a3be5b96df5ba8
org.webpieces.server.plugin	plugin-properties	2.1.21		29bbf707a3ef07cdc130dd47c2cbdd2eb86aa4d1
org.webpieces.server.plugin	plugin-properties	2.1.21.1		37fccfa1e4bd418bfbd959897f03de10e22726b6
org.webpieces.server.plugin	plugin-properties	2.1.21.2		921a8c6d75a871d3ddfa77fb3d6f91f1656748d3
org.webpieces.server.plugin	plugin-properties	2.1.22		4511b84ed9872311f1a32350223bee80e2c4869d
org.webpieces.server.plugin	plugin-properties	2.1.23		b319ade4a9a09061eb6d8ef722abda72c8f3f2de
org.webpieces.server.plugin	plugin-properties	2.1.24		203aed7b805559f931f34ff1aac5f1ec12216800
org.webpieces.server.plugin	plugin-properties	2.1.26		29599436b4eb98b7a6ee4707e9fe3992ad5681da
org.webpieces.server.plugin	plugin-properties	2.1.28		0b6b102881dec3f0a2e8f264b26732ab7e770547
org.webpieces.server.plugin	plugin-properties	2.1.29		83870afe072dda804c367200d1f5114a98a9d56f
org.webpieces.server.plugin	plugin-properties	2.1.30		178f01565f63261954c7aa39d1cab2a74064a5b0
org.webpieces.server.plugin	plugin-properties	2.1.31		f090b1772de2f4568e10907c06f4f92c893d5fcc
org.webpieces.server.plugin	plugin-properties	2.1.32		4b6d1166cdd16569c4ed76d3011a70622469f7a7
org.webpieces.server.plugin	plugin-properties	2.1.33		38900d1226fe265a97a0c7c64c1a6162016224fc
org.webpieces.server.plugin	plugin-properties	2.1.34		0f397651d8a48417fa9880c8cfc4280a3aff2269
org.webpieces.server.plugin	plugin-properties	2.1.35		543a90e5d137066fad920fa9321f9753e3673877
org.webpieces.server.plugin	plugin-properties	2.1.36		eb197e765165b6b92a98831ff09b22ec044fa5c9
org.webpieces.server.plugin	plugin-properties	2.1.37		cab05caaef0e98959804c3ac2bc421161ebe7973
org.webpieces.server.plugin	plugin-properties	2.1.38		3abed45e0e7e6cdfea64ce76f49e82a1a89310ba
org.webpieces.server.plugin	plugin-properties	2.1.39		7d2b0d075ad425628aa8b09e614a288c1118aeba
org.webpieces.server.plugin	plugin-properties	2.1.40		fcfe44a2a709fb5a69a34f25b4efb940521bbb33
org.webpieces.server.plugin	plugin-properties	2.1.42		dad9db83896062af55bc90f0a2e3e021f1da608a
org.webpieces.server.plugin	plugin-properties	2.1.43		f01dd8921d69c892cb4bfe7cf67a4cb9039e0564
org.webpieces.server.plugin	plugin-properties	2.1.46		5e582a31cb8becb7be55029dd43633304a5ecc2a
org.webpieces.server.plugin	plugin-properties	2.1.47		e074f83c0f322943cd4fefe34d3616963747a685
org.webpieces.server.plugin	plugin-properties	2.1.48		0b0e61123c88f23d9531c0dffc886f4f7f2a1cb2
org.webpieces.server.plugin	plugin-properties	2.1.49		c7174742df8eb410265df4a9d1314b8f9733401a
org.webpieces.server.plugin	plugin-properties	2.1.50		49be8e34830055613ba8439d09e99ae0552dd5ed
org.webpieces.server.plugin	plugin-properties	2.1.51		b4699b9a8b2050cc7edc9c23f9bcf3a8509f481b
org.webpieces.server.plugin	plugin-properties	2.1.52		dd53e248e938c187266761a56577c98d5a6bf559
org.webpieces.server.plugin	plugin-properties	2.1.53		f272e73b1951024d3994e7c279b49cc58845d6be
org.webpieces.server.plugin	plugin-properties	2.1.54		e701b9cf983c3414826cc7e689bb887a3d3d5467
org.webpieces.server.plugin	plugin-properties	2.1.55		427e6ff16d08a5e500147ded1a8782aee93df603
org.webpieces.server.plugin	plugin-properties	2.1.56		34507291e7d1197d9e2648e3d12cf47d7f49b561
org.webpieces.server.plugin	plugin-properties	2.1.57		8e06fb768bccd062489acb6c901f78ad5302dd5b
org.webpieces.server.plugin	plugin-properties	2.1.58		5282121b6bf687f5ab52274c29a72374d2b56758
org.webpieces.server.plugin	plugin-properties	2.1.59		3bafbf5e453960a76b67a49071ec59a0b9685615
org.webpieces.server.plugin	plugin-properties	2.1.61		def8d95b728eb25687475f68dfe3012c7ad9df23
org.webpieces.server.plugin	plugin-properties	2.1.62		fae703913f205b8ce6c4c515807ab176f6aed3d2
org.webpieces.server.plugin	plugin-properties	2.1.63		dfcbac558728bb908c2855bf7928b5f7c3553119
org.webpieces.server.plugin	plugin-properties	2.1.64		6b5aa4c53d44503c96d13881e0482c1b6e7b84dc
org.webpieces.server.plugin	plugin-properties	2.1.65		974ac9bb476990f937c6d0af2c6e519a8942b40e
org.webpieces.server.plugin	plugin-properties	2.1.66		50cea107cc9ef6b488eeba77736123a9fc7a2904
org.webpieces.server.plugin	plugin-properties	2.1.67		4f81969ab1e34845c47e62c689095610dec13f74
org.webpieces.server.plugin	plugin-properties	2.1.68		d395e33f16c1e096e68bb24059d541b4982ab9fc
org.webpieces.server.plugin	plugin-properties	2.1.69		b3df244a2781065122ef51a330fbd104b5f7d767
org.webpieces.server.plugin	plugin-properties	2.1.70		3d0b4c2cc3c7fdbe9a8ee833e95e8d5ce323588c
org.webpieces.server.plugin	plugin-properties	2.1.71		ecf6119e2ad902b79a13846bdf647e5b21c139c1
org.webpieces.server.plugin	plugin-properties	2.1.72		cc0691d567509d0d7c4e7feb04e7f000980ad351
org.webpieces.server.plugin	plugin-properties	2.1.73		275c20a118b1eb1486223f6b3390a42ab6bcac90
org.webpieces.server.plugin	plugin-properties	2.1.74		3e947c7036cb5b40c4eecddb1b608768ee649a66
org.webpieces.server.plugin	plugin-properties	2.1.75		c3aabfd1c87a46ff9200eb71589e2a53c15ec74d
org.webpieces.server.plugin	plugin-properties	2.1.76		7052f171dd147b486296c7e00e095ea3fc56ded4
org.webpieces.server.plugin	plugin-properties	2.1.77		39bf6c5abb72ab5b1c2788c4c5adbf19e0a19bdf
org.webpieces.server.plugin	plugin-properties	2.1.78		a469f56f820f35700ce78f6b8f850c63ab926bc6
org.webpieces.server.plugin	plugin-properties	2.1.79		84f9bb70e73a94c94b56685c0fee21135a7702e2
org.webpieces.server.plugin	plugin-properties	2.1.8		7f7517f22f3d47c80e6bb9602c420d4356ab7ffa
org.webpieces.server.plugin	plugin-properties	2.1.80		cae29d8922aa3dca6ef7aed1224f9ad2148ea365
org.webpieces.server.plugin	plugin-properties	2.1.83		d142991bf8afd6523fbf8b9fd73aec1da2f6551a
org.webpieces.server.plugin	plugin-properties	2.1.84		8cd60d1157e73cce4fe2487287022f338ae9c2d9
org.webpieces.server.plugin	plugin-properties	2.1.85		64eeb305cfe94399abc702cb4ed6c66a548e0281
org.webpieces.server.plugin	plugin-properties	2.1.86		19149b699c9bf572aa888cec9b7a548f823c3346
org.webpieces.server.plugin	plugin-properties	2.1.88		3f2103615ab31151a5f3b47fc048d9026261f3e9
org.webpieces.server.plugin	plugin-properties	2.1.89		a44335ed30c025aab94b4083c38dee8cca46602f
org.webpieces.server.plugin	plugin-properties	2.1.90		301c19f478c4c58587826885000de2426e2b61be
org.webpieces.server.plugin	plugin-properties	2.1.91		1d9d4b4cf40ef376b9f573f31dc6b1c314855ee6
org.webpieces.server.plugin	plugin-properties	2.1.93		778f3a75f230804a1a5954397aba9ffe8216a4ad
org.webpieces.server.plugin	plugin-properties	2.1.94		5e1dcca1b59f36e0895b135cd55515b9c31f63c2
org.webpieces.server.plugin	plugin-properties	2.1.95		60dd52ce3e7b0a429fcf1ad16d2a251c7f082394
org.webpieces.server.plugin	plugin-properties	2.1.96		2cc8ae1e3c6d321e66da6b0f1863b41e039a0952
org.webpieces.server.plugin	plugin-properties	2.1.97		9a2c1f1af6d978e3fded49078227be14e2531b80
pro.respawn.kmmutils	common-iosarm64	0.1.0		N/A
pro.respawn.kmmutils	common-iosarm64	0.1.0	metadata	08c90478fbf1e0e9bc32b13f6a3413a16a318c73
pro.respawn.kmmutils	common-iosarm64	1.0.1		N/A
pro.respawn.kmmutils	common-iosarm64	1.0.1	metadata	b40870543f15d7d76d8c6c523a8e8864a3bb0241
pro.respawn.kmmutils	common-iosarm64	1.0.2		N/A
pro.respawn.kmmutils	common-iosarm64	1.0.2	metadata	7bb587920cce6a12dd26c52730bbc5bb24ce1471
pro.respawn.kmmutils	common-iosarm64	1.1.0-alpha01		N/A
pro.respawn.kmmutils	common-iosarm64	1.1.0-alpha01	metadata	3666503d2bbe7a70a4a1f79ac863f655ef3bedf6
pro.respawn.kmmutils	common-iosarm64	1.1.0-alpha02		N/A
pro.respawn.kmmutils	common-iosarm64	1.1.0-alpha02	metadata	3f404cb205519d47b2f56ecfa376dcb4c0a1c985
pro.respawn.kmmutils	common-iosarm64	1.1.2		N/A
pro.respawn.kmmutils	common-iosarm64	1.1.2	metadata	940409f9a82b00d17ddc9469cade438d49711f56
pro.respawn.kmmutils	common-iosarm64	1.2.0		N/A
pro.respawn.kmmutils	common-iosarm64	1.2.0	metadata	bf32210b2be99f72cee528be2d055d54c1b62354
pro.respawn.kmmutils	common-iosarm64	1.3.0		N/A
pro.respawn.kmmutils	common-iosarm64	1.3.0	metadata	90fe204e88a8d23d697706ec4563d439ed0f79f3
pro.respawn.kmmutils	common-iosarm64	1.3.1		N/A
pro.respawn.kmmutils	common-iosarm64	1.3.1	metadata	8a1e6925928ae8319fe7e076d612a5365babc1c5
pro.respawn.kmmutils	common-iosarm64	1.3.2		N/A
pro.respawn.kmmutils	common-iosarm64	1.3.2	metadata	cb505bf5b2af6ea37be404c1d26aaed16e338715
pro.respawn.kmmutils	common-iosarm64	1.4.0		N/A
pro.respawn.kmmutils	common-iosarm64	1.4.0	metadata	0d33556fe9c352a1a1fb218ad4af4627604a8ace
pro.respawn.kmmutils	common-iosarm64	1.4.1		N/A
pro.respawn.kmmutils	common-iosarm64	1.4.1	metadata	0168f1297dc395dbfce8d73b80b0e90dd1f34521
pro.respawn.kmmutils	common-iosarm64	1.4.2		N/A
pro.respawn.kmmutils	common-iosarm64	1.4.2	metadata	850f9fa1b23dbe654fe99093121c43c37a64b2f4
pro.respawn.kmmutils	common-iosarm64	1.4.3		N/A
pro.respawn.kmmutils	common-iosarm64	1.4.3	metadata	19e57bd56f8e0552b12088694b2d2c17c88825f9
pro.respawn.kmmutils	common-iosarm64	1.4.4		N/A
pro.respawn.kmmutils	common-iosarm64	1.4.4	metadata	a945cef6f3f53af642ffc84751e4e8c510cb2fe9
pro.respawn.kmmutils	common-iosarm64	1.5.0		N/A
pro.respawn.kmmutils	common-iosarm64	1.5.0	metadata	9585c2397ee14fb5f5b92d6ba9538a3f75b11151
science.aist.neo4j	neo4j-service-preprocessor-test	1.0.0		393f19a771086497b20a9f0cf81fe8fa06717764
se.fnord	log4j2-logstash-layout	0.1		38d62e911b0aeaa246425d8baeb65a2ebc9f9161
se.fnord	log4j2-logstash-layout	0.10		51399d44b2e6d6c9c91b62709c7fb1836bc19359
se.fnord	log4j2-logstash-layout	0.11		fbcf04c31dc061937937caf1ee6aa434a6eea65f
se.fnord	log4j2-logstash-layout	0.12		de8ae17e0a682fd1a097806f1c28f705109dce83
se.fnord	log4j2-logstash-layout	0.2		ab3cbf647a7bd2da969bb6bccbba68b278788a82
se.fnord	log4j2-logstash-layout	0.3		6c5a757820295337b51a129dddb84626926ec2b9
se.fnord	log4j2-logstash-layout	0.4		e9823b0e7be4dec95ef6d3703c7812305c46b8e4
se.fnord	log4j2-logstash-layout	0.5		1e24a38713904bdb740009c4415412efbd6ee57c
se.fnord	log4j2-logstash-layout	0.6		dfe964af57f7e8afec0138c9d523ac72f8ed8e34
se.fnord	log4j2-logstash-layout	0.7		e650f40c857a800d02494ad9d1be03aee914fd54
se.fnord	log4j2-logstash-layout	0.8		5a12d42020fdbc6142a8662d4169afc3e842845d
se.fnord	log4j2-logstash-layout	0.9		dfd7e1ed5c0451dfd92a6e66412daaff10f67c08
top.clearplume	http-util	0.0.1		7f905d62ae5db0bf0198c9f99871ea616a0de698
