be.vlaanderen.informatievlaanderen.ldes.ldio	ldio-rdf-adapter	2.12.0		830e7baae12e49ea4d02816931aa7465abad680d
be.vlaanderen.informatievlaanderen.ldes.ldio	ldio-rdf-adapter	2.12.0	jar-with-dependencies	19445676b14035ca2d2fadf59f0622146d330999
biz.ostw	fsi	0.0.0		3888a3df7eb82b730454481417e0ad962ab833d4
biz.ostw	fsi	1.0.0		ac0623b4bc899e95025bd53a63839c255de2035e
biz.ostw	fsi	1.0.1		87f290ed8c90015e314e464dfcb0c380b8213f89
biz.ostw	fsi	1.0.3		ecc4c520365c269d42467491f8fc58bbad74ba49
biz.ostw	fsi	1.0.4		2cb8e9e32c1d236a534d64429922397f2a0140e4
cn.zzq0324.radish	radish-web	1.0.0		5d47a4a7bfcae0337888e179b7e99c6537410063
cn.zzq0324.radish	radish-web	1.0.3		4cf1ca3281cce95900fed797a5a9d44122a4e9e3
com.a9ski.utils	id	1.0		c0c813f116e836849967940301aeeedf4aa34dab
com.a9ski.utils	id	1.1		bb25a2e322590ee064ac4fbcf78df8795de3906f
com.aliyun	aliyun-java-sdk-fc-open	1.0.1		3146d2d01109906016335fa5319120c7d37a17c4
com.collectiveidea.oauth	oauth-core-iosarm64	0.1.0		N/A
com.collectiveidea.oauth	oauth-core-iosarm64	0.1.0	metadata	64d9f88b09f0fe2b08496f49a0f137a081c86d9d
com.collectiveidea.oauth	oauth-core-iosarm64	0.1.1		N/A
com.collectiveidea.oauth	oauth-core-iosarm64	0.1.1	metadata	63e612a97b75c55f489070e8ff0c7c3c105df68c
com.divpundir.mavlink	serialization-macosarm64	1.2.0		N/A
com.divpundir.mavlink	serialization-macosarm64	1.2.0	metadata	ebd5ccc121b31e7993541c3ef2f0ffbf7598cd98
com.divpundir.mavlink	serialization-macosarm64	1.2.0-alpha.3		N/A
com.divpundir.mavlink	serialization-macosarm64	1.2.0-alpha.3	metadata	04cc520bd5641a13bca3c16686c65a5387ed38ce
com.divpundir.mavlink	serialization-macosarm64	1.2.0-alpha.4		N/A
com.divpundir.mavlink	serialization-macosarm64	1.2.0-alpha.4	metadata	7f435b459e5921a557c5c96c6d3c074d05fb15f9
com.divpundir.mavlink	serialization-macosarm64	1.2.0-alpha.5		N/A
com.divpundir.mavlink	serialization-macosarm64	1.2.0-alpha.5	metadata	5629670f0deacae7784861e6960e3005770d3f6a
com.divpundir.mavlink	serialization-macosarm64	1.2.1		N/A
com.divpundir.mavlink	serialization-macosarm64	1.2.1	metadata	f9332efb76ab8ec67d051b047b573368dedec0ba
com.divpundir.mavlink	serialization-macosarm64	1.2.1-alpha		N/A
com.divpundir.mavlink	serialization-macosarm64	1.2.1-alpha	metadata	1c3890c909c7f541a54b9ba5f78543b73fac6672
com.divpundir.mavlink	serialization-macosarm64	1.2.2		N/A
com.divpundir.mavlink	serialization-macosarm64	1.2.2	metadata	6f9d614dbb123399fe618f20aebc8b696c0565c6
com.divpundir.mavlink	serialization-macosarm64	1.2.2-alpha		N/A
com.divpundir.mavlink	serialization-macosarm64	1.2.2-alpha	metadata	fd93c3eec42299c69721b615d3b72b5ea53ce5dc
com.divpundir.mavlink	serialization-macosarm64	1.2.3		N/A
com.divpundir.mavlink	serialization-macosarm64	1.2.3	metadata	63b03071c7667ec3a673f0e81f29d4dd4a315124
com.divpundir.mavlink	serialization-macosarm64	1.2.5		N/A
com.divpundir.mavlink	serialization-macosarm64	1.2.5	metadata	563a64177a77c0924aba94d2116c2fa36ae2e6b2
com.divpundir.mavlink	serialization-macosarm64	1.2.6		N/A
com.divpundir.mavlink	serialization-macosarm64	1.2.6	metadata	0e9d701b91aa4658a74390970f1e171ae859224a
com.divpundir.mavlink	serialization-macosarm64	1.2.6-alpha		N/A
com.divpundir.mavlink	serialization-macosarm64	1.2.6-alpha	metadata	63c992b224c99b842bf0d1e1c79ecbb25d3dc312
com.divpundir.mavlink	serialization-macosarm64	1.2.7		N/A
com.divpundir.mavlink	serialization-macosarm64	1.2.7	metadata	4624f01bab3901ecd6bc9c7946be4807b0741185
com.divpundir.mavlink	serialization-macosarm64	1.2.7-alpha		N/A
com.divpundir.mavlink	serialization-macosarm64	1.2.7-alpha	metadata	110ccc8ff55deb977fae66c47a3f973b785ad9c0
com.divpundir.mavlink	serialization-macosarm64	1.2.8		N/A
com.divpundir.mavlink	serialization-macosarm64	1.2.8	metadata	0c582c0062c96986dcc5ef91a8667227860f4077
com.gitee.zodiacstack	zodiac-myocyte-nucleus	1.6.8		d6b97f741dd27743d078ff18734cdc8135767d97
com.gitee.zodiacstack	zodiac-myocyte-nucleus	1.7.0		e5ef02eda5a20e27d38082b64a73b2c4c537592c
com.gitee.zodiacstack	zodiac-myocyte-nucleus	1.7.1		26274c84abb81cb29038d27e0bd18a68793ea01f
com.github.ulwx	aka-service-gateway-starter	2.0		e6e85d1db283cd8e2ccd554a901154051d5cb682
com.glue42.gateway.client	gateway-windows-authentication	1.3.1		c392d32c2495f36e7f08366aadc0c773a45972cc
com.glue42.gateway.client	gateway-windows-authentication	1.3.10		ccce5608aabd30c809c314cfb583d8cc6e94edfc
com.glue42.gateway.client	gateway-windows-authentication	1.3.11		051e985dce971fb40fd2771a1c4339b73f390a60
com.glue42.gateway.client	gateway-windows-authentication	1.3.12		f55a23f0b0785c16341c9f65ceb062604961b7cc
com.glue42.gateway.client	gateway-windows-authentication	1.3.13		a21dc3e51041102b2ee9cef30949d552e23c04e0
com.glue42.gateway.client	gateway-windows-authentication	1.3.14		5341464bdfbf04e42075d0d2c00a42afbfb2e76e
com.glue42.gateway.client	gateway-windows-authentication	1.3.15		90e8e31ace1cf99590d643f06d828b382e24a6e4
com.glue42.gateway.client	gateway-windows-authentication	1.3.16		f442261f498e78e85dd706572ede0b0f6f6d8f4e
com.glue42.gateway.client	gateway-windows-authentication	1.3.17		a787164dc973f72069d0b31a7bbb9fe4436b1442
com.glue42.gateway.client	gateway-windows-authentication	1.3.2		fe3107e1b54749c5c3aac07fa60baa9f74304e29
com.glue42.gateway.client	gateway-windows-authentication	1.3.3		fd7b40e8af02a6ebb8547a326094d1984c305e70
com.glue42.gateway.client	gateway-windows-authentication	1.3.4		2f24bff399ae6514ff6451963cbe652a86dcb8bf
com.glue42.gateway.client	gateway-windows-authentication	1.3.5		bc39b7065de394c49e30069b42a653b024de90e1
com.glue42.gateway.client	gateway-windows-authentication	1.3.6		755e8bf8d4b8062e74c73cc9ca67907065148505
com.glue42.gateway.client	gateway-windows-authentication	1.3.7		b36f3499f0926593a0c34e7afdf0778a3edc0e62
com.glue42.gateway.client	gateway-windows-authentication	1.3.8		fe7a291b27bf64bfbf85acaa933753bf226d8db5
com.glue42.gateway.client	gateway-windows-authentication	1.3.9		44ac2a6d759122ac488d3202a7cfa7b7b534849a
com.glue42.gateway.client	gateway-windows-authentication	1.4.0		7767e07cc6da13bae12fe0e3307e660752f41df0
com.glue42.gateway.client	gateway-windows-authentication	1.4.1		308f705ef55c75111874dcca99727724c45658af
com.glue42.gateway.client	gateway-windows-authentication	1.4.2		d43912c9ef62bbe0095668649b170d013c2eb100
com.glue42.gateway.client	gateway-windows-authentication	1.4.3		06a0673680e75c0aff0175c4fd05c070c3ae3242
com.huanshankeji	kotlin-common-web-js	0.1.0-kotlin-1.6.10		N/A
com.huanshankeji	kotlin-common-web-js	0.1.1-kotlin-1.6.10		N/A
com.huanshankeji	kotlin-common-web-js	0.1.2-kotlin-1.6.10		N/A
com.huanshankeji	kotlin-common-web-js	0.2.2		N/A
com.huanshankeji	kotlin-common-web-js	0.2.4		N/A
com.huanshankeji	kotlin-common-web-js	0.3.0		N/A
com.huanshankeji	kotlin-common-web-js	0.4.0		N/A
com.huanshankeji	kotlin-common-web-js	0.5.0		N/A
com.huanshankeji	kotlin-common-web-js	0.5.1		N/A
com.huanshankeji	kotlin-common-web-js	0.6.0		N/A
com.huanshankeji	kotlin-common-web-js	0.6.1		N/A
com.inkapplications.regolith	init-iosarm64	0.2.3		N/A
com.inkapplications.regolith	init-iosarm64	0.2.3	metadata	e0cd6955e481eb5736b16041689e1a4f5977d2e2
com.inkapplications.regolith	init-iosarm64	0.3.0		N/A
com.inkapplications.regolith	init-iosarm64	0.3.0	metadata	4ec4fc1ce6795075a41123a54dd9a4bf5745b2b2
com.inkapplications.regolith	init-iosarm64	0.4.0		N/A
com.inkapplications.regolith	init-iosarm64	0.4.0	metadata	4781e7cd946063d253eb5878b487aea28f4e269d
com.inkapplications.regolith	init-iosarm64	0.5.0		N/A
com.inkapplications.regolith	init-iosarm64	0.5.0	metadata	a029e3a73a589c4310526afdd7aa132b5007c474
com.inkapplications.regolith	init-iosarm64	1.0.0		N/A
com.inkapplications.regolith	init-iosarm64	1.0.0	metadata	631011c6427e1a722e1c8c348d55b899d4a8a9c5
com.inkapplications.regolith	init-iosarm64	1.0.1		N/A
com.inkapplications.regolith	init-iosarm64	1.0.1	metadata	acd6c9fc83291fe5b4cd711c01f2abb66243b3af
com.inkapplications.regolith	init-iosarm64	1.1.0		N/A
com.inkapplications.regolith	init-iosarm64	1.1.0	metadata	03fd4f92cd657cd5c38f2714583ae870cf5d444d
com.inkapplications.regolith	init-iosarm64	1.1.1		N/A
com.inkapplications.regolith	init-iosarm64	1.1.1	metadata	81b6bab1e96a8907b15db97c474b9733b4f2e16e
com.inkapplications.regolith	init-iosarm64	1.2.0		N/A
com.inkapplications.regolith	init-iosarm64	1.2.0	metadata	0158011f97c0f67321689b8952e6f5ea69a13570
com.inkapplications.regolith	init-iosarm64	1.2.1		N/A
com.inkapplications.regolith	init-iosarm64	1.2.1	metadata	00d1cbb8da2a09699c1a273bf4ab3fc29aa21740
com.inkapplications.regolith	init-iosarm64	1.3.0		N/A
com.inkapplications.regolith	init-iosarm64	1.3.0	metadata	3a508ad6b53d15b445d859d6dc5227868df495bc
com.inkapplications.regolith	init-iosarm64	1.4.0		N/A
com.inkapplications.regolith	init-iosarm64	1.4.0	metadata	a831d662571ca45dc58812e49476cc0d8535bc50
com.inkapplications.regolith	init-iosarm64	1.5.0		N/A
com.inkapplications.regolith	init-iosarm64	1.5.0	metadata	88e6df0172d09e9c2f25b112dc67833da0ce76ab
com.inkapplications.regolith	init-iosarm64	1.6.0		N/A
com.inkapplications.regolith	init-iosarm64	1.6.0	metadata	64b6e3c873bd30ff2a74aa622d919e279439529e
com.ivianuu.injekt	injekt-compiler-plugin	0.0.1-dev506		c9f61b517a67ab1faaf395543e326a21006c0685
com.ivianuu.injekt	injekt-compiler-plugin	0.0.1-dev507		fc9b1bbdc37f88e8c1879a14014342cd4ba32259
com.ivianuu.injekt	injekt-compiler-plugin	0.0.1-dev507	all	68f948cfbd6ae89d56af2fb551bed31aeadd2eed
com.ivianuu.injekt	injekt-compiler-plugin	0.0.1-dev569		4f091cca5d5fbedc135b02003f0a4cb0b48d50ab
com.ivianuu.injekt	injekt-compiler-plugin	0.0.1-dev569	all	f720122d41868629c71894741347569e29231037
com.ivianuu.injekt	injekt-compiler-plugin	0.0.1-dev570		e0baca013c447280a782816ed36d4c0e1e6e2411
com.ivianuu.injekt	injekt-compiler-plugin	0.0.1-dev570	all	f720122d41868629c71894741347569e29231037
com.ivianuu.injekt	injekt-compiler-plugin	0.0.1-dev571		ada090645894ef29608eefd37847ee6082f340f3
com.ivianuu.injekt	injekt-compiler-plugin	0.0.1-dev571	all	7043f397833ff21a8e3f001e82f27b3eb2ae09c8
com.ivianuu.injekt	injekt-compiler-plugin	0.0.1-dev573		08c8b8d0dd221f5b6834b4ae3214224e86065997
com.ivianuu.injekt	injekt-compiler-plugin	0.0.1-dev573	all	ca306a5c7a2a97696e1720dbb322b951e8ae7ccd
com.ivianuu.injekt	injekt-compiler-plugin	0.0.1-dev575		16de6ccf0459dad97d97de93e9904f8dc3e1903c
com.ivianuu.injekt	injekt-compiler-plugin	0.0.1-dev575	all	34ca3ba23b520326ad5ea41bc88d4c222fcfc722
com.ivianuu.injekt	injekt-compiler-plugin	0.0.1-dev577		cf4a65554529e0666bf0f71e69716c37075a5a06
com.ivianuu.injekt	injekt-compiler-plugin	0.0.1-dev577	all	47a272a6cef3a1a57a305af1bb916bcd93a0067f
com.ivianuu.injekt	injekt-compiler-plugin	0.0.1-dev578		af0bfd5d18baabf9865dc61f5d90779f79539f35
com.ivianuu.injekt	injekt-compiler-plugin	0.0.1-dev578	all	8b9a034a97bba38daa07f85cccf00111ebca60d0
com.ivianuu.injekt	injekt-compiler-plugin	0.0.1-dev588		8b5dc7e44223695e52a9136cb4b072cef8c4d2fc
com.ivianuu.injekt	injekt-compiler-plugin	0.0.1-dev588	all	6668c1c4d3d7d085af1be5a5e37aba13ed6fdb5e
com.ivianuu.injekt	injekt-compiler-plugin	0.0.1-dev589		227f4ac0cce68c931dae83e1592da130db1b5cc3
com.ivianuu.injekt	injekt-compiler-plugin	0.0.1-dev589	all	f5ae6859452b289a10e1aed1eab46a33367feb9c
com.ivianuu.injekt	injekt-compiler-plugin	0.0.1-dev590		dd09b94fbfe66184f18e5e2d809c2c49c6f727ec
com.ivianuu.injekt	injekt-compiler-plugin	0.0.1-dev590	all	1f0e449d72c694e4415332d2f8f24bc91400fbc8
com.ivianuu.injekt	injekt-compiler-plugin	0.0.1-dev591		6fb49dc305930e3147ced35deef7e13578850cc4
com.ivianuu.injekt	injekt-compiler-plugin	0.0.1-dev591	all	02ccd7649d3a2f9aba66b4b0dd3059c887d5a144
com.ivianuu.injekt	injekt-compiler-plugin	0.0.1-dev592		14e1c46b8a6bf4c3e7bb47cf3372be19ba5275cc
com.ivianuu.injekt	injekt-compiler-plugin	0.0.1-dev592	all	2b5e24abdd5bd7191e01200ce5b1404b5e167e6f
com.ivianuu.injekt	injekt-compiler-plugin	0.0.1-dev593		b5e1421f4849287c51b3aad4b831aa44476c7795
com.ivianuu.injekt	injekt-compiler-plugin	0.0.1-dev593	all	f6f09e88254959ec2ee08c11693a20a3e3c898a3
com.ivianuu.injekt	injekt-compiler-plugin	0.0.1-dev595		d7bdde4b79ff57544be9eca00fcbd80969835145
com.ivianuu.injekt	injekt-compiler-plugin	0.0.1-dev595	all	921fe819ed04a33b3fc3423573c4289302d3af96
com.ivianuu.injekt	injekt-compiler-plugin	0.0.1-dev596		2a41090b8a605c8c33d68ec32dbd3f464cce60c6
com.ivianuu.injekt	injekt-compiler-plugin	0.0.1-dev596	all	e4bb8509259e92fc3e594686c472d49ea936fe93
com.ivianuu.injekt	injekt-compiler-plugin	0.0.1-dev597		17fca10b8ce40a9af8a56930093f9adc62430ed7
com.ivianuu.injekt	injekt-compiler-plugin	0.0.1-dev597	all	c7193a5383d06ff78bb4550c08a8a40deb11624b
com.ivianuu.injekt	injekt-compiler-plugin	0.0.1-dev598		a90ec5a8449f152c20884f4bf3e32f2118238ef0
com.ivianuu.injekt	injekt-compiler-plugin	0.0.1-dev598	all	fc64de3a1193f3f618454602ce2ee1d067e51484
com.ivianuu.injekt	injekt-compiler-plugin	0.0.1-dev611		3b7a16da536cde1e763750280babd0f9a6875c41
com.ivianuu.injekt	injekt-compiler-plugin	0.0.1-dev611	all	c2d324a95bebf8d32c65adafb3a15b1fc2466363
com.ivianuu.injekt	injekt-compiler-plugin	0.0.1-dev612		7b74428001d14009e7af5e4d20e62df7d78363fd
com.ivianuu.injekt	injekt-compiler-plugin	0.0.1-dev612	all	3079f36eec26af7c16ad98384acf7f2af1a8134b
com.ivianuu.injekt	injekt-compiler-plugin	0.0.1-dev613		59cbace9ca63cff35c101ee3d099d92d31ec2c1b
com.ivianuu.injekt	injekt-compiler-plugin	0.0.1-dev613	all	3079f36eec26af7c16ad98384acf7f2af1a8134b
com.ivianuu.injekt	injekt-compiler-plugin	0.0.1-dev615		916a3d44425af931751559981b6dbd2bff0655a6
com.ivianuu.injekt	injekt-compiler-plugin	0.0.1-dev615	all	6e0d0b44406096f34ec5feb2bf8839301f8e08ea
com.ivianuu.injekt	injekt-compiler-plugin	0.0.1-dev618		fe81bdd64f7c1eab10eb5d1051e59a1b31fee2dd
com.ivianuu.injekt	injekt-compiler-plugin	0.0.1-dev618	all	4f83af49b883652e384369bccd3adabfb6453cde
com.ivianuu.injekt	injekt-compiler-plugin	0.0.1-dev619		6278317c9cafc71c6e75cc51f4fafa53ce5b5129
com.ivianuu.injekt	injekt-compiler-plugin	0.0.1-dev619	all	36b176c796d4234c3811ccca2710e8bc0ea2ff34
com.ivianuu.injekt	injekt-compiler-plugin	0.0.1-dev621		68cf1b4f797f917c5e20e068ae38254dd99dd734
com.ivianuu.injekt	injekt-compiler-plugin	0.0.1-dev621	all	1dd1190519bb5926775041f21896dcc58bd76de0
com.ivianuu.injekt	injekt-compiler-plugin	0.0.1-dev622		1ba7a72a585513b3bd8f18838ce2eaedbb9a70b2
com.ivianuu.injekt	injekt-compiler-plugin	0.0.1-dev622	all	279881e835a44a214710ae43357e2516cee8a0ae
com.ivianuu.injekt	injekt-compiler-plugin	0.0.1-dev624		c2e68c597cc81775e94fe4fdfcd6bb5750e63113
com.ivianuu.injekt	injekt-compiler-plugin	0.0.1-dev624	all	ff902609e2f4640763317c35a8caa31ff694a3f1
com.ivianuu.injekt	injekt-compiler-plugin	0.0.1-dev625		5510e45e840ac83253308b4b5189470ef1fc44be
com.ivianuu.injekt	injekt-compiler-plugin	0.0.1-dev625	all	ada0d91f9613a4a0dd142b7a352fcc96527747aa
com.ivianuu.injekt	injekt-compiler-plugin	0.0.1-dev626		0726c83fc27add11e9881ff60e1844ff8a29f6d4
com.ivianuu.injekt	injekt-compiler-plugin	0.0.1-dev626	all	295921bd5616dea4b5bd51ba07dbe47f1de75ad8
com.ivianuu.injekt	injekt-compiler-plugin	0.0.1-dev627		53dcd1f581a7f2595e92b5b2a1ee6225ecfeacd7
com.ivianuu.injekt	injekt-compiler-plugin	0.0.1-dev627	all	295921bd5616dea4b5bd51ba07dbe47f1de75ad8
com.ivianuu.injekt	injekt-compiler-plugin	0.0.1-dev629		7d9b34c2adace925d29ca6b1f212de049add651d
com.ivianuu.injekt	injekt-compiler-plugin	0.0.1-dev629	all	8a62d5d6a8356fef08e619e170d63e7d076a6961
com.ivianuu.injekt	injekt-compiler-plugin	0.0.1-dev632		c4addefd79a2ef76653955ad36ae15f393a7ff6d
com.ivianuu.injekt	injekt-compiler-plugin	0.0.1-dev632	all	8e60241a948a448682c2b01d3b50ea929c50bc11
com.ivianuu.injekt	injekt-compiler-plugin	0.0.1-dev634		85dcd36aeb2678bd66410ffa5351ebfee50cbad2
com.ivianuu.injekt	injekt-compiler-plugin	0.0.1-dev634	all	c3f006e19b26d584fb0f51c6fcc958b8c046e676
com.ivianuu.injekt	injekt-compiler-plugin	0.0.1-dev635		36483157e74e1f17f7b1b6f0d62d3c9c5ef35102
com.ivianuu.injekt	injekt-compiler-plugin	0.0.1-dev635	all	d05bfa50f6ce84bdb113104bb81c48e494d49ea3
com.ivianuu.injekt	injekt-compiler-plugin	0.0.1-dev640		ced76acef5db927785e524e4de46f8e6f05b7b2a
com.ivianuu.injekt	injekt-compiler-plugin	0.0.1-dev640	all	82707b2751d7a554842bdbc88e52c19edade6844
com.ivianuu.injekt	injekt-compiler-plugin	0.0.1-dev649		87c2b4c283939cd8584fd50dbc5d086ab84658ea
com.ivianuu.injekt	injekt-compiler-plugin	0.0.1-dev649	all	c73d18e10cce6cb31e87e80aaff7d8050a2a2cb8
com.ivianuu.injekt	injekt-compiler-plugin	0.0.1-dev654		00d3cb5a2a850d6645d5d957c7b6b0a48ca360cc
com.ivianuu.injekt	injekt-compiler-plugin	0.0.1-dev654	all	a6edee203cbb9f9db0919fe2a6b31ba0d4bf2590
com.ivianuu.injekt	injekt-compiler-plugin	0.0.1-dev655		7b218ce7a01a0f869a27de03566816240d6ef1eb
com.ivianuu.injekt	injekt-compiler-plugin	0.0.1-dev655	all	233d465bd9a6e5297bf4bbf1f083a4dad599bffc
com.ivianuu.injekt	injekt-compiler-plugin	0.0.1-dev656		c501d607c5c4b9ce289c150789725f3bc09ed45b
com.ivianuu.injekt	injekt-compiler-plugin	0.0.1-dev656	all	5c5bda88c8bfad969ac726ceb521bda0cb942051
com.ivianuu.injekt	injekt-compiler-plugin	0.0.1-dev657		3baa2b80f2e0a6548a686e8886a6fedf926b49ee
com.ivianuu.injekt	injekt-compiler-plugin	0.0.1-dev657	all	0dfa2ddbc8c1d7b6243f731037a38e7d9b03cad5
com.ivianuu.injekt	injekt-compiler-plugin	0.0.1-dev658		1aa7cca0771926d6ddd39bebaab2a8da30cf6ec7
com.ivianuu.injekt	injekt-compiler-plugin	0.0.1-dev658	all	06270284f71694e31bd9327d7be81292a6b58e6a
com.ivianuu.injekt	injekt-compiler-plugin	0.0.1-dev659		cbda608b2c1931b27a093afb9550aae39d2fae9f
com.ivianuu.injekt	injekt-compiler-plugin	0.0.1-dev659	all	d61b2d5ca3af3bab4947ab84108482220258ee11
com.ivianuu.injekt	injekt-compiler-plugin	0.0.1-dev660		856c2abb9ef00bb5b80cc372b9d76e8de16a6f05
com.ivianuu.injekt	injekt-compiler-plugin	0.0.1-dev660	all	a7bf35a4517b9cfd333107b643e2532375edbdf5
com.ivianuu.injekt	injekt-compiler-plugin	0.0.1-dev661		37a87239f19e972b289c63e733f866858d062a4d
com.ivianuu.injekt	injekt-compiler-plugin	0.0.1-dev661	all	d8ccea5196dccc0a7eececef92d58eb2933c0788
com.ivianuu.injekt	injekt-compiler-plugin	0.0.1-dev662		22125b00b8775dc215f62e052381b669428dc046
com.ivianuu.injekt	injekt-compiler-plugin	0.0.1-dev662	all	7a3bffc5bf3ad1a244177891197648a6da7fecc1
com.ivianuu.injekt	injekt-compiler-plugin	0.0.1-dev663		1ad923e7dfc78e3e0d72f270989243a9a8229e11
com.ivianuu.injekt	injekt-compiler-plugin	0.0.1-dev663	all	7a3bffc5bf3ad1a244177891197648a6da7fecc1
com.ivianuu.injekt	injekt-compiler-plugin	0.0.1-dev664		2659aa97dd27396fe425bacba207efc3e05ad8be
com.ivianuu.injekt	injekt-compiler-plugin	0.0.1-dev664	all	089b51cb332989c34396dd7439e70718fbfd66b8
com.ivianuu.injekt	injekt-compiler-plugin	0.0.1-dev665		0dc733b37bf75dc058a99c78b15e11fd48598a6f
com.ivianuu.injekt	injekt-compiler-plugin	0.0.1-dev665	all	ff1c14fc483ec0a7c860b9ebe806c9e3e9c04ae3
com.ivianuu.injekt	injekt-compiler-plugin	0.0.1-dev666		5de7ca96d253634a7ac2a6176b1f8a740d8ab96b
com.ivianuu.injekt	injekt-compiler-plugin	0.0.1-dev666	all	f16c233fdd0e322f0b984d6fd990d0c5194ea6f4
com.ivianuu.injekt	injekt-compiler-plugin	0.0.1-dev667		3567e470e38161d462b99a662991b1f920a1c27d
com.ivianuu.injekt	injekt-compiler-plugin	0.0.1-dev667	all	e041ca51ee5f2345879963a21dc30abaf76ca29a
com.ivianuu.injekt	injekt-compiler-plugin	0.0.1-dev668		863864e359155065ab309807739216634b6a6e5f
com.ivianuu.injekt	injekt-compiler-plugin	0.0.1-dev668	all	134499e31b0ce4747ccd56b99e4591784ac72e6e
com.ivianuu.injekt	injekt-compiler-plugin	0.0.1-dev669		523ebbe60f50c768306e570d4f0a3d3b98d11e2c
com.ivianuu.injekt	injekt-compiler-plugin	0.0.1-dev669	all	134499e31b0ce4747ccd56b99e4591784ac72e6e
com.ivianuu.injekt	injekt-compiler-plugin	0.0.1-dev670		1fbb81e2bf365c93863f45bfcff45df7ca40c403
com.ivianuu.injekt	injekt-compiler-plugin	0.0.1-dev670	all	080071d5bb7e0670fed386a53fcf9142e0315337
com.ivianuu.injekt	injekt-compiler-plugin	0.0.1-dev672		a2a17c61412e3998e8ad231253318e899ae773a8
com.ivianuu.injekt	injekt-compiler-plugin	0.0.1-dev672	all	00e1adbc45da6c9c0d7d32f8ec7064698ab8a4bf
com.ivianuu.injekt	injekt-compiler-plugin	0.0.1-dev673		7cdb7565e10bcd81f4b087337b1c4042d1078ede
com.ivianuu.injekt	injekt-compiler-plugin	0.0.1-dev673	all	c055f667e3eff9ce936f2ff2fa5fa18efc4274aa
com.ivianuu.injekt	injekt-compiler-plugin	0.0.1-dev674		94363f16fd51a3bf462fecce3b6b4173b8aab723
com.ivianuu.injekt	injekt-compiler-plugin	0.0.1-dev674	all	2ece8ee7bca87b41093df8f4dcb43a8dbcec58b6
com.ivianuu.injekt	injekt-compiler-plugin	0.0.1-dev675		0f5b438b0237187579720678bb9a928107938881
com.ivianuu.injekt	injekt-compiler-plugin	0.0.1-dev675	all	0e294e77e4a0bbd7594796a05e3178568437802b
com.ivianuu.injekt	injekt-compiler-plugin	0.0.1-dev682		1b0f02f779b07bb8bffbfbad374200062c119288
com.ivianuu.injekt	injekt-compiler-plugin	0.0.1-dev682	all	2fc3cbd35921b42fde06243474d30d823c6d3b6e
com.ivianuu.injekt	injekt-compiler-plugin	0.0.1-dev683		51b6d565a15654a3bc31281c3405c5bccd9a5433
com.ivianuu.injekt	injekt-compiler-plugin	0.0.1-dev683	all	37624c3254a2b2bb66e77600e6bd41f94d3df309
com.ivianuu.injekt	injekt-compiler-plugin	0.0.1-dev687		d53ac78ac8dd02de478d4b095cf154fc9caa7a1d
com.ivianuu.injekt	injekt-compiler-plugin	0.0.1-dev687	all	0c000921e02c30a6267289d03f240322ef70e362
com.ivianuu.injekt	injekt-compiler-plugin	0.0.1-dev688		3dd6c8461bfc61f98e78437f904319ee145d6eca
com.ivianuu.injekt	injekt-compiler-plugin	0.0.1-dev688	all	b8ba49f4c28e5d9c39e05059fce995a8f3ce333a
com.ivianuu.injekt	injekt-compiler-plugin	0.0.1-dev689		2c830b87d4b60a7b7f16ec3d2a3bf6bb0039b7cd
com.ivianuu.injekt	injekt-compiler-plugin	0.0.1-dev689	all	b466f3d85106ac65fd84503dbe944ab784694955
com.ivianuu.injekt	injekt-compiler-plugin	0.0.1-dev696		da170acff528ddd90f6cb96cf47f111d3dc2ab7e
com.ivianuu.injekt	injekt-compiler-plugin	0.0.1-dev696	all	346ab4721f748878c3b0d31c97fa7dfc6d8c8fde
com.ivianuu.injekt	injekt-compiler-plugin	0.0.1-dev702		af4a5d0a0ca9f8e411c63f946396d26ce95aa5cf
com.ivianuu.injekt	injekt-compiler-plugin	0.0.1-dev702	all	96e981f1e74c8fa613bf8c78d046b086dc1e1bef
com.ivianuu.injekt	injekt-compiler-plugin	0.0.1-dev703		af4a5d0a0ca9f8e411c63f946396d26ce95aa5cf
com.ivianuu.injekt	injekt-compiler-plugin	0.0.1-dev703	all	96e981f1e74c8fa613bf8c78d046b086dc1e1bef
com.ivianuu.injekt	injekt-compiler-plugin	0.0.1-dev704		13dad084e299b0eb8403930dffa0b6daa9209d21
com.ivianuu.injekt	injekt-compiler-plugin	0.0.1-dev704	all	50657885cc81725f427fa928a0147ee551ed0687
com.lihaoyi	upack_native0.4_2.12	1.2.3		97b424cbfb001cdabf75240f339f08192dbfa69f
com.lihaoyi	upack_native0.4_2.12	1.3.0		c063d78f011cc5f98f5763c4ba2d563bb5e02313
com.lihaoyi	upack_native0.4_2.12	1.3.1		450dbbaf9b7b699518deadefd50861f20ea607eb
com.lihaoyi	upack_native0.4_2.12	1.3.11		c9421f836cff787ad081e5b52963e8d0a8d0c147
com.lihaoyi	upack_native0.4_2.12	1.3.12		71d6495728ea560d6874fbcbb8c5884094336ef6
com.lihaoyi	upack_native0.4_2.12	1.3.13		27a5f62ebfc734b70a9697676b9a60b9158ec47f
com.lihaoyi	upack_native0.4_2.12	1.3.14		78ef3ec3b1285deb22ffebf4283ae808bfc3f773
com.lihaoyi	upack_native0.4_2.12	1.3.15		323194b4613243e85ac8330458c5320e9e123fdf
com.lihaoyi	upack_native0.4_2.12	1.3.2		b60e52c6356955cc044a92c920b1020f72d00e67
com.lihaoyi	upack_native0.4_2.12	1.3.3		2ef7e072238c8b78b29bc54ffff2fcf0313efbd4
com.lihaoyi	upack_native0.4_2.12	1.3.4		7360370027dd9685fad0268eb954e263b2c8e235
com.lihaoyi	upack_native0.4_2.12	1.3.5		cba643bb87a02949f35296c32800502e6e6a1f07
com.lihaoyi	upack_native0.4_2.12	1.3.6		a7eb03ce222aabdfce431c4a41991f41e19fe31e
com.lihaoyi	upack_native0.4_2.12	1.3.7		137937214e4f16ef554dd8c977facdde11eb54f9
com.lihaoyi	upack_native0.4_2.12	1.3.8		116f89cadff43f9fb3f7b1eb159f6114485ecf41
com.lihaoyi	upack_native0.4_2.12	1.3.9		68339ea6382fbe6e77cebaec7a249594c471a020
com.lihaoyi	upack_native0.4_2.12	1.4.0		c94404f1bd05e7b7eff867c1da98844a5c1cd910
com.lihaoyi	upack_native0.4_2.12	1.4.1		495882631b7c271be0ead194ae55f0c28d0ba1b0
com.lihaoyi	upack_native0.4_2.12	1.4.2		ce59259f6906b4aa90c8057b5de1804abfbd5f10
com.lihaoyi	upack_native0.4_2.12	1.4.3		36bce155c3804fbd1604a41b053b19b47bb1cebe
com.lihaoyi	upack_native0.4_2.12	1.4.4		c1ea92256622ebe2fe85f7652e054bfd0ca83746
com.lihaoyi	upack_native0.4_2.12	1.5.0		f93661020e4ea42a2f3051bc93ee3c28b9a74aa6
com.lihaoyi	upack_native0.4_2.12	1.6.0		4a9be734528661c7f0e145dffc96f5a0f645b6cf
com.lihaoyi	upack_native0.4_2.12	2.0.0		2b8643f6092e0a536df81cda58b04ae6ee4fbca7
com.lihaoyi	upack_native0.4_2.12	3.0.0		9eee5faf7364ad36d98c45ee6d8f624d8450b4a8
com.lihaoyi	upack_native0.4_2.12	3.0.0-M1		64771e767aba28e57a9d87d27205f8b427a1d42f
com.lihaoyi	upack_native0.4_2.12	3.0.0-M2		64ad9010f559372a0752a027ef8134700d29235d
com.lihaoyi	upack_native0.4_2.12	3.1.0		823b312bc34f07166ea5f3b5b7e3857b50f3fe78
com.lihaoyi	upack_native0.4_2.12	3.1.1		a7542f58cadb9e4f0e5ed95b0a0432671d39f2cc
com.lihaoyi	upack_native0.4_2.12	3.1.2		72b5bbea0601dc46e9d6f07ee03bd22da6db89f1
com.lihaoyi	upack_native0.4_2.12	3.1.3		bbda5b85919bcc4a8504a07d85279ad9776b4ba8
com.lihaoyi	upack_native0.4_2.12	3.1.4		5b68df648872cdf3f44d1c471d7c8c711da2da26
com.lihaoyi	upack_native0.4_2.12	3.1.5		3d5da9e9c45ee96425d62e5cf689d5336bab2dd1
com.lihaoyi	upack_native0.4_2.12	3.2.0		cfe48b9adf9b80c5dcc41c5e0046b13284a2f597
com.nortal.test	test-automation-reportportal	0.1.18		e56fd0357c402a215858550b7c1dab967223102b
com.nortal.test	test-automation-reportportal	0.1.19		5eb481260d857e13fb196a2676c204012c2dda35
com.nortal.test	test-automation-reportportal	0.1.20		061f50585e20144bc0cda0ed5fb3edbe8e6b2ad3
com.nortal.test	test-automation-reportportal	0.1.21		7b77cf3d22bae2663b72916c9c55d23b37d25b32
com.nortal.test	test-automation-reportportal	0.1.22		c3edaf78e7a89f843ec1a0cdcbd6a1302eda210c
com.nortal.test	test-automation-reportportal	0.1.23		2098edaa70e0180493e18cff816e65b744a51799
com.nortal.test	test-automation-reportportal	0.1.24		c5f797373133f94ee8749937b26d4f8ae7824fa7
com.nortal.test	test-automation-reportportal	0.1.25		403abc05763134559b84a8141824d97634a37a7c
com.nortal.test	test-automation-reportportal	0.1.26		a478b917292888fa4c3adbb06ea2c4c29756fa60
com.nortal.test	test-automation-reportportal	0.1.27		1e65fd8274a4de4305877801bc599059008a7e70
com.nortal.test	test-automation-reportportal	0.1.29		7d433bb58b8f049e00a87db9dd5e2b5539578726
com.nortal.test	test-automation-reportportal	0.1.31		88fa351ddc00f0cafec656b94641660814eae9da
com.nortal.test	test-automation-reportportal	0.1.32		a85f0cbd22d2a97ab1d1070b33e89ae3262e46c1
com.nortal.test	test-automation-reportportal	0.1.33		7a280c2cb18c1b32546026c5a9e4064038c602aa
com.nortal.test	test-automation-reportportal	0.1.34		8383667dbf97575e49025180770f4b25e494f1d9
com.nortal.test	test-automation-reportportal	0.1.35		d51001d3778dd384daa955e57bb0684ade631ea2
com.nortal.test	test-automation-reportportal	0.1.36		8da5e0ae98799437e62d6624a387c7a4f893c5e7
com.nortal.test	test-automation-reportportal	0.2.0		65f119c3853835a6842d702f60695acbc2921780
com.nortal.test	test-automation-reportportal	0.2.1		c6b105eef345260656be1f4f73bfacd5336f4d00
com.nortal.test	test-automation-reportportal	0.2.10		28659eaa97c50466993d1749ca95c33cffc91e81
com.nortal.test	test-automation-reportportal	0.2.11		3192e851943889707ead8eeb72b38bff0d90c05d
com.nortal.test	test-automation-reportportal	0.2.12		0edbb41a5d3fb1138d26e4866861bc3c105dbfc5
com.nortal.test	test-automation-reportportal	0.2.14		e83967306c03abc6299ec31a41e888aa8f493cc9
com.nortal.test	test-automation-reportportal	0.2.15		2f7f2c90b88827f67701f03ab432eefa216c0d4f
com.nortal.test	test-automation-reportportal	0.2.16		a74909811abf891d51ed5b63fb2d3c00f755fb38
com.nortal.test	test-automation-reportportal	0.2.17		10b4f2b3828133efa45b9128e0deb8df01f54b0e
com.nortal.test	test-automation-reportportal	0.2.18		5dd35dcca46be06c5644561729408a70df37333b
com.nortal.test	test-automation-reportportal	0.2.19		6b0493e234daf8777336cf29bc5c4de296632f36
com.nortal.test	test-automation-reportportal	0.2.2		66f28fec9e1b33fcb8ec189a58587dc1ee04f07e
com.nortal.test	test-automation-reportportal	0.2.3		e879ef3a58f47637417a6fcb2c5ee3d673686a4d
com.nortal.test	test-automation-reportportal	0.2.4		56f97e9d2466fe2e5d9cc973a6f8ce7f58af8676
com.nortal.test	test-automation-reportportal	0.2.5		00762e070c5f63add31056aa12a10c9df624f259
com.nortal.test	test-automation-reportportal	0.2.6		9a53fad24f202f49898cf677d1de5d4e7e20ea37
com.nortal.test	test-automation-reportportal	0.2.7		78445af61e8bf743a38f5ff09fef5d359853ea59
com.nortal.test	test-automation-reportportal	0.2.8		cfb201623fd075a81f5ebedfb4db6375e8ee6a77
com.nortal.test	test-automation-reportportal	0.2.9		d476a4f7a18f4e8783a3f0afc723bc2c31c38456
com.oliveryasuna.beanbag	beanbag-collection	0.0.1		c348b264c0e7a53db4e6c74b939acb7fec57e293
com.pauldijou	jwt-json4s-common-legacy_2.11	0.10.0		a2c4b36203d9feb502f9ab01c02d751595433fd8
com.pauldijou	jwt-json4s-common-legacy_2.11	0.11.0		c3f2c9b03f83c20371356e296fde220c5298bb78
com.pauldijou	jwt-json4s-common-legacy_2.11	0.12.0		4474487c73f8033dee2ff9ea2e6d463ab82faeb3
com.pauldijou	jwt-json4s-common-legacy_2.11	0.12.1		f4b8aa1f673b7d32570fe402ea173f1eb4daa56e
com.pauldijou	jwt-json4s-common-legacy_2.11	0.13.0		e4f3c6c93352df3d75e21996c733501c976de101
com.pauldijou	jwt-json4s-common-legacy_2.11	0.14.0		5f522baabe9656170dab322d16ce6e8b199d5dc2
com.pauldijou	jwt-json4s-common-legacy_2.11	0.14.1		8e2b18a894a13ca0ff029410e460d3ea3e0a3b0f
com.pauldijou	jwt-json4s-common-legacy_2.11	0.16.0		95a317db8f29ffee4ebcdb06f546762631ed7986
com.pauldijou	jwt-json4s-common-legacy_2.11	0.17.0		671f59b6419b47a7e1ce8f1c5013be467d183c0c
com.pauldijou	jwt-json4s-common-legacy_2.11	0.18.0		748dbeba9c1435789b4d4a406ea0ba9c8552edcb
com.pauldijou	jwt-json4s-common-legacy_2.11	0.19.0		38d1af71844c39c8891079f37f7be3f030749c14
com.pauldijou	jwt-json4s-common-legacy_2.11	0.4.0		7345c4d36189dc6fd904f1063934ad4f9bebef18
com.pauldijou	jwt-json4s-common-legacy_2.11	0.4.1		076439b363817fc408973423cbf87fd25b367836
com.pauldijou	jwt-json4s-common-legacy_2.11	0.5.0		b143bd3997085f261c6ed227514cb6639126a16e
com.pauldijou	jwt-json4s-common-legacy_2.11	0.5.1		a915b0919d699fa1cd0799bff3c74325f02b01c6
com.pauldijou	jwt-json4s-common-legacy_2.11	0.6.0		585f3807e2ccd4a644a7e90871def8c8e5ea5a63
com.pauldijou	jwt-json4s-common-legacy_2.11	0.7.0		d9bc3a446783a9fb7db4711536f237356f3e43ad
com.pauldijou	jwt-json4s-common-legacy_2.11	0.7.1		f21468aed8a2bb2daf654e329ba68856cb864bcc
com.pauldijou	jwt-json4s-common-legacy_2.11	0.8.0		264d83740d1a34e26f8aa8a39a9a0417ee722a73
com.pauldijou	jwt-json4s-common-legacy_2.11	0.8.1		2c53d2e0b1790808328685c70d17534245aa318f
com.pauldijou	jwt-json4s-common-legacy_2.11	0.9.0		f1eee3178c47b16d34adc90158635569de441e3b
com.pauldijou	jwt-json4s-common-legacy_2.11	0.9.1		c0b344012b1cdd986dd9d31f40a78e43b4c6ee81
com.pauldijou	jwt-json4s-common-legacy_2.11	0.9.2		199a29211cde891858f318e4cc83e8c3443a95c6
com.pauldijou	jwt-json4s-common-legacy_2.11	1.0.0		2270437baab52a882a2097ea882c70994ce694a6
com.pauldijou	jwt-json4s-common-legacy_2.11	1.1.0		18596e7673320e82cb045ccfd43be7e952f28b61
com.pondersource.shared	shared	0.2.0		N/A
com.regblanc	native-sdl2-ttf_native0.4_2.13	0.2		6fb6b20433aefec0e26ab0b5208cea8750e206e0
com.spertus	jacquard	1.0.0		a5a5cde62487285790225a982f3a1ea4a6d6f8b1
com.spertus	jacquard	1.0.1		73ab48220ccd99d89c938757a7ad322458d5445b
com.tencent.linkboost	trtc-acc-plugin	1.0.0		N/A
com.tencent.linkboost	trtc-acc-plugin	1.0.1		N/A
com.tencent.linkboost	trtc-acc-plugin	1.0.2		N/A
com.xsolla.android	login	1.1.5		N/A
com.xsolla.android	login	1.1.6		N/A
com.xsolla.android	login	1.2.0		N/A
com.xsolla.android	login	1.2.1		N/A
com.xsolla.android	login	2.0.0		N/A
com.xsolla.android	login	2.1.0		N/A
com.xsolla.android	login	3.0.0		N/A
com.xsolla.android	login	3.1.0		N/A
com.xsolla.android	login	3.1.1		N/A
com.xsolla.android	login	4.0.0		N/A
com.xsolla.android	login	5.0.0		N/A
com.xsolla.android	login	5.0.1		N/A
com.xsolla.android	login	5.1.0		N/A
com.xsolla.android	login	6.0.0		N/A
com.xsolla.android	login	6.0.1		N/A
com.xsolla.android	login	6.0.10		N/A
com.xsolla.android	login	6.0.11		N/A
com.xsolla.android	login	6.0.12		N/A
com.xsolla.android	login	6.0.13		N/A
com.xsolla.android	login	6.0.14		N/A
com.xsolla.android	login	6.0.2		N/A
com.xsolla.android	login	6.0.3		N/A
com.xsolla.android	login	6.0.4		N/A
com.xsolla.android	login	6.0.5		N/A
com.xsolla.android	login	6.0.6		N/A
com.xsolla.android	login	6.0.7		N/A
com.xsolla.android	login	6.0.8		N/A
com.xsolla.android	login	6.0.9		N/A
de.dentrassi.eclipse.neoscada.core	org.eclipse.scada.da.datasource.average	0.1.0		e93401df818f5e8c905097690c68536ee17f03a3
de.jensklingenberg.ktorfit	ktorfit-lib-light-iosarm64	1.0.1		N/A
de.jensklingenberg.ktorfit	ktorfit-lib-light-iosarm64	1.0.1	metadata	10c8b23823d27cb2a0e11d1f31f1fd33d6d872c7
de.jensklingenberg.ktorfit	ktorfit-lib-light-iosarm64	1.1.0		N/A
de.jensklingenberg.ktorfit	ktorfit-lib-light-iosarm64	1.1.0	metadata	bf198eaa2d649bde34ec79bb8f099520724134c6
de.jensklingenberg.ktorfit	ktorfit-lib-light-iosarm64	1.10.0		N/A
de.jensklingenberg.ktorfit	ktorfit-lib-light-iosarm64	1.10.0	metadata	3d22dd394dde5700e5ee71752c24f84fdaca1ba3
de.jensklingenberg.ktorfit	ktorfit-lib-light-iosarm64	1.10.1		N/A
de.jensklingenberg.ktorfit	ktorfit-lib-light-iosarm64	1.10.1	metadata	9c3137ef6f1c7db2695136513561fb544a733f72
de.jensklingenberg.ktorfit	ktorfit-lib-light-iosarm64	1.10.2		N/A
de.jensklingenberg.ktorfit	ktorfit-lib-light-iosarm64	1.10.2	metadata	e377b4367711079774d393543125006f12f68e64
de.jensklingenberg.ktorfit	ktorfit-lib-light-iosarm64	1.11.0		N/A
de.jensklingenberg.ktorfit	ktorfit-lib-light-iosarm64	1.11.0	metadata	b93c2beab2c8f782679e2d4d2ceff1cea7cef92a
de.jensklingenberg.ktorfit	ktorfit-lib-light-iosarm64	1.11.1		N/A
de.jensklingenberg.ktorfit	ktorfit-lib-light-iosarm64	1.11.1	metadata	387e6a271269d76e114eea8bb1d91ff9fb00242d
de.jensklingenberg.ktorfit	ktorfit-lib-light-iosarm64	1.12.0		N/A
de.jensklingenberg.ktorfit	ktorfit-lib-light-iosarm64	1.12.0	metadata	a42c7189b8698e2f14c0cb88f30af654e9198627
de.jensklingenberg.ktorfit	ktorfit-lib-light-iosarm64	1.13.0		N/A
de.jensklingenberg.ktorfit	ktorfit-lib-light-iosarm64	1.13.0	metadata	32cc82cd0e5ccc9c43c2f157dcd0d681856eaec9
de.jensklingenberg.ktorfit	ktorfit-lib-light-iosarm64	1.14.0		N/A
de.jensklingenberg.ktorfit	ktorfit-lib-light-iosarm64	1.14.0	metadata	fdac4f71aad420375d7c9222cc4d0944a7f826a1
de.jensklingenberg.ktorfit	ktorfit-lib-light-iosarm64	1.2.0		N/A
de.jensklingenberg.ktorfit	ktorfit-lib-light-iosarm64	1.2.0	metadata	462799e0c93b6422b94b36dd75dbd2a3293c9949
de.jensklingenberg.ktorfit	ktorfit-lib-light-iosarm64	1.3.0		N/A
de.jensklingenberg.ktorfit	ktorfit-lib-light-iosarm64	1.3.0	metadata	9a4064ccc4533732f831cee60ba9f06163ac8549
de.jensklingenberg.ktorfit	ktorfit-lib-light-iosarm64	1.4.0		N/A
de.jensklingenberg.ktorfit	ktorfit-lib-light-iosarm64	1.4.0	metadata	45e3c048091597350fc786a2c9d903edb59ce526
de.jensklingenberg.ktorfit	ktorfit-lib-light-iosarm64	1.4.1		N/A
de.jensklingenberg.ktorfit	ktorfit-lib-light-iosarm64	1.4.1	metadata	c7e1cf06bc47dec95e1e30f6ae516a0c7c3f1a5b
de.jensklingenberg.ktorfit	ktorfit-lib-light-iosarm64	1.4.2		N/A
de.jensklingenberg.ktorfit	ktorfit-lib-light-iosarm64	1.4.2	metadata	5647b19193da693a5a0ecdf8c6820b42f775c635
de.jensklingenberg.ktorfit	ktorfit-lib-light-iosarm64	1.4.3		N/A
de.jensklingenberg.ktorfit	ktorfit-lib-light-iosarm64	1.4.3	metadata	9ba1295ca961f39e80e8afe745fd4a33dc15009a
de.jensklingenberg.ktorfit	ktorfit-lib-light-iosarm64	1.4.4		N/A
de.jensklingenberg.ktorfit	ktorfit-lib-light-iosarm64	1.4.4	metadata	79a795ec864dc34af876454d8065e6fe604d17e9
de.jensklingenberg.ktorfit	ktorfit-lib-light-iosarm64	1.5.0		N/A
de.jensklingenberg.ktorfit	ktorfit-lib-light-iosarm64	1.5.0	metadata	3ac947d01ffe3f9d99dc9aed59db2c0f63c83788
de.jensklingenberg.ktorfit	ktorfit-lib-light-iosarm64	1.6.0		N/A
de.jensklingenberg.ktorfit	ktorfit-lib-light-iosarm64	1.6.0	metadata	f85f57301616ca576e0def3f47ea73abc8d0dd4d
de.jensklingenberg.ktorfit	ktorfit-lib-light-iosarm64	1.7.0		N/A
de.jensklingenberg.ktorfit	ktorfit-lib-light-iosarm64	1.7.0	metadata	e2e11e24a3a8af67ef274b877d41fc60868da627
de.jensklingenberg.ktorfit	ktorfit-lib-light-iosarm64	1.7.0-1.9.20-Beta2		N/A
de.jensklingenberg.ktorfit	ktorfit-lib-light-iosarm64	1.7.0-1.9.20-Beta2	metadata	c9519c90cc8b136b435e074b8b843d9b7cd80766
de.jensklingenberg.ktorfit	ktorfit-lib-light-iosarm64	1.8.0		N/A
de.jensklingenberg.ktorfit	ktorfit-lib-light-iosarm64	1.8.0	metadata	902b01c322b3f9d8395128013a006d8c7fd83d3f
de.jensklingenberg.ktorfit	ktorfit-lib-light-iosarm64	1.8.1		N/A
de.jensklingenberg.ktorfit	ktorfit-lib-light-iosarm64	1.8.1	metadata	8c67b03cce09ad1291f9b1eccc9ef8ac4a958af0
de.jensklingenberg.ktorfit	ktorfit-lib-light-iosarm64	1.9.0		N/A
de.jensklingenberg.ktorfit	ktorfit-lib-light-iosarm64	1.9.0	metadata	72e66d9f106af7bed33e880be393a1a79ffaff1c
de.jensklingenberg.ktorfit	ktorfit-lib-light-iosarm64	1.9.1		N/A
de.jensklingenberg.ktorfit	ktorfit-lib-light-iosarm64	1.9.1	metadata	771bff2ad5ef8e124a0c8e487bddb178236c1405
de.jensklingenberg.ktorfit	ktorfit-lib-light-iosarm64	2.0.0		N/A
de.jensklingenberg.ktorfit	ktorfit-lib-light-iosarm64	2.0.0	metadata	3beacc660e0a5e9203c6e6065e23bfd9fb9e0de4
de.jensklingenberg.ktorfit	ktorfit-lib-light-iosarm64	2.0.0-beta1		N/A
de.jensklingenberg.ktorfit	ktorfit-lib-light-iosarm64	2.0.0-beta1	metadata	4a827f539ba2b1465136be74e949bfc654765c49
de.jensklingenberg.ktorfit	ktorfit-lib-light-iosarm64	2.0.0-rc01		N/A
de.jensklingenberg.ktorfit	ktorfit-lib-light-iosarm64	2.0.0-rc01	metadata	efcb89f490d3e5ac723d387de5a6704b3ed8b21e
de.jensklingenberg.ktorfit	ktorfit-lib-light-iosarm64	2.0.1		N/A
de.jensklingenberg.ktorfit	ktorfit-lib-light-iosarm64	2.0.1	metadata	5bcd43c1b77cd4bf95d394215ff4e8cec989cabf
de.jensklingenberg.ktorfit	ktorfit-lib-light-iosarm64	2.1.0		N/A
de.jensklingenberg.ktorfit	ktorfit-lib-light-iosarm64	2.1.0	metadata	7f829d8dcddfea1d030a2bc9861d554964f89494
de.jensklingenberg.ktorfit	ktorfit-lib-light-iosarm64	2.2.0		N/A
de.jensklingenberg.ktorfit	ktorfit-lib-light-iosarm64	2.2.0	metadata	3f19ad210ff19fb4fd840693bf13449486761880
de.jensklingenberg.ktorfit	ktorfit-lib-light-iosarm64	2.3.0		N/A
de.jensklingenberg.ktorfit	ktorfit-lib-light-iosarm64	2.3.0	metadata	0fac4d0e4a0157991a11a045eaa18916e233fd31
de.jensklingenberg.ktorfit	ktorfit-lib-light-iosarm64	2.4.0		N/A
de.jensklingenberg.ktorfit	ktorfit-lib-light-iosarm64	2.4.0	metadata	d3577de773e474b2e43592eed862c09de502b2cc
de.jensklingenberg.ktorfit	ktorfit-lib-light-iosarm64	2.4.1		N/A
de.jensklingenberg.ktorfit	ktorfit-lib-light-iosarm64	2.4.1	metadata	490fdc5b7852318e624cbfe3d04adf83865fe801
de.jensklingenberg.ktorfit	ktorfit-lib-light-iosarm64	2.5.0		N/A
de.jensklingenberg.ktorfit	ktorfit-lib-light-iosarm64	2.5.0	metadata	ecb98b5a6a9edf6ab6ef094888642bcf7ce91fe0
de.jensklingenberg.ktorfit	ktorfit-lib-light-iosarm64	2.5.1		N/A
de.jensklingenberg.ktorfit	ktorfit-lib-light-iosarm64	2.5.1	metadata	39e2d37d8eea27302f4e12e59cbe929ae50264d6
dev.burnoo.kspoon	kspoon-js	0.0.1		N/A
dev.burnoo.kspoon	kspoon-js	0.1.0		N/A
dev.burnoo.kspoon	kspoon-js	0.1.1		N/A
dev.burnoo.kspoon	kspoon-js	0.1.2		N/A
dev.burnoo.kspoon	kspoon-js	0.2.0		N/A
dev.burnoo.kspoon	kspoon-js	0.2.1		N/A
dev.nesk.akkurate	akkurate-kotlinx-datetime-macosx64	0.10.0		N/A
dev.nesk.akkurate	akkurate-kotlinx-datetime-macosx64	0.10.0	metadata	80d9281f3d1ad1ea2953124c47b4b2977ea213b7
dev.nesk.akkurate	akkurate-kotlinx-datetime-macosx64	0.11.0		N/A
dev.nesk.akkurate	akkurate-kotlinx-datetime-macosx64	0.11.0	metadata	a2d445857489030a65fe04af599e0cbf4af44f98
io.druid	druid-server	0.10.0		edd0b183cae1e31df6069f1c58ab58f91f3a5a69
io.druid	druid-server	0.10.1		8761c1a782d40d83489c5ebd096ca6b77e27c71f
io.druid	druid-server	0.11.0		9d9d454de0aa08370cfb365c51981b89ccd58665
io.druid	druid-server	0.12.0		f13256d97e25eb73080f0dcb839c814fa51e9b9f
io.druid	druid-server	0.12.1		855f7d692bc2bd46c5fb408d7e99df95a40dca59
io.druid	druid-server	0.12.2		f80e5e089b3cfdfcc57b2ca7b1df4e1258e845a1
io.druid	druid-server	0.12.3		4fb38d5805c9fa78e34abf8a9d98c9d61127e6fb
io.druid	druid-server	0.7.0		061ee4461874c60f7d4760c79476a7bbab80ec8a
io.druid	druid-server	0.7.1		d6fe686e8264bd804a91886be5e1009d9fdcdafd
io.druid	druid-server	0.7.1.1		aa8aedb06e8bc937e214244df782b3527908e1c4
io.druid	druid-server	0.7.2		5ad6150d4186854d914f76051bfe5d186e122d02
io.druid	druid-server	0.7.3		8d739e2c8e5e21698e1dfbff3257fb94fc5b34b4
io.druid	druid-server	0.8.0		a3a285d89fc0a3420890369e526f31c03d789394
io.druid	druid-server	0.8.1		68fff0f3f397a40d2215b0924607f9854365d82b
io.druid	druid-server	0.8.1-rc2		ee9a73696d123a9e1beb3f070e42438d05792678
io.druid	druid-server	0.8.2		7ee04b8bb396ea18b95351367d0d8b7aa81b889e
io.druid	druid-server	0.8.3		f659e89b942a817078646317c1e1e87ba11b13ea
io.druid	druid-server	0.9.0		19315d64b64051e3c1a80bf6aea64114bdbb4ed7
io.druid	druid-server	0.9.1		7e2dbdd55bf6b15d4ef612d36046c6b4acdfd1e4
io.druid	druid-server	0.9.1.1		c81570f48b03eb363c24280aee000064fcc362b9
io.druid	druid-server	0.9.2		0ff8fb38a9a60dd82a0e16f0d637e35091c737be
io.eventuate.tram.sagas	eventuate-tram-sagas-spring-participant	0.16.0.RELEASE		9da0545de6b296ef1b4a4c64fcd16646829307f1
io.eventuate.tram.sagas	eventuate-tram-sagas-spring-participant	0.17.0.RELEASE		ae3574c9e8e35bf0b3d1df4af5815fc7f7367fb6
io.eventuate.tram.sagas	eventuate-tram-sagas-spring-participant	0.18.0.RELEASE		89281dceeb990b2c5233015ee794569724e5d8f6
io.eventuate.tram.sagas	eventuate-tram-sagas-spring-participant	0.19.0.RELEASE		eb5e7603543812ab5a87eea13ff83f0b0ff22333
io.eventuate.tram.sagas	eventuate-tram-sagas-spring-participant	0.20.0.RELEASE		4a46ec7fd57c7d390cd1c9dc983e0a10f9af4560
io.eventuate.tram.sagas	eventuate-tram-sagas-spring-participant	0.21.0.RELEASE		5193debe2b98df7843a1262d21a7a270e45af009
io.eventuate.tram.sagas	eventuate-tram-sagas-spring-participant	0.22.0.RELEASE		4c7b5156ae7233081d72d9ab093f404434d44b28
io.eventuate.tram.sagas	eventuate-tram-sagas-spring-participant	0.23.0.RELEASE		e124eab48a5167ea1b43ecdc94cbc10e9a2ec910
io.eventuate.tram.sagas	eventuate-tram-sagas-spring-participant	0.24.0.RELEASE		de06324d86306b673ff2bd68a8263ae91f6a48f5
io.eventuate.tram.sagas	eventuate-tram-sagas-spring-participant	0.25.0.RELEASE		c769b1c299d16c5ab31b9dc6b1f7204cdb3ca54c
io.github.dengchen2020	dc-spring-boot-starter-jdbc-over-annotation	0.0.1		5fb9c1cafe21d79a976bb0951f88eb87e636e286
io.github.dengchen2020	dc-spring-boot-starter-jdbc-over-annotation	0.0.10		48f2e9fcd9993aa3f1cd49c7a561c6837eb2d414
io.github.dengchen2020	dc-spring-boot-starter-jdbc-over-annotation	0.0.11		088f14506639aa8fd88acf8cd4d164f2926650e6
io.github.dengchen2020	dc-spring-boot-starter-jdbc-over-annotation	0.0.12		ff783ec66d05840cdb9e5ac7fd93f87d2bc6eeb8
io.github.dengchen2020	dc-spring-boot-starter-jdbc-over-annotation	0.0.13		5198dfbcb110e2d36bf1b59492f16bacdd643b54
io.github.dengchen2020	dc-spring-boot-starter-jdbc-over-annotation	0.0.14		b446299e89dd7217d7d9b4dd41153a44db489d46
io.github.dengchen2020	dc-spring-boot-starter-jdbc-over-annotation	0.0.15		97472103989b3d906619d839647c7fdfc65bb3cd
io.github.dengchen2020	dc-spring-boot-starter-jdbc-over-annotation	0.0.16		cf0e24feba696601a9e3367993dd5c9da040f98a
io.github.dengchen2020	dc-spring-boot-starter-jdbc-over-annotation	0.0.17		23dc365211cc6af51cc71757f57e9e94659515d7
io.github.dengchen2020	dc-spring-boot-starter-jdbc-over-annotation	0.0.18		30d66890353d67e3b22f74d9cb014fded5e8c818
io.github.dengchen2020	dc-spring-boot-starter-jdbc-over-annotation	0.0.19		4cca82236d01164ea5bd04ba4269a4071c394c5d
io.github.dengchen2020	dc-spring-boot-starter-jdbc-over-annotation	0.0.20		7dddf019a620f34c5df4a568c2c022a3fc6fa1e6
io.github.dengchen2020	dc-spring-boot-starter-jdbc-over-annotation	0.0.21		42cb75471c43dd7807eceb459147a01683634d40
io.github.dengchen2020	dc-spring-boot-starter-jdbc-over-annotation	0.0.22		d04bd8dcc32b60a69861a1170249715e201f30f7
io.github.dengchen2020	dc-spring-boot-starter-jdbc-over-annotation	0.0.23		97dd4c19ea6b9bdf3d8e52b1bcfa89892da6ec39
io.github.dengchen2020	dc-spring-boot-starter-jdbc-over-annotation	0.0.24		f6ee6939daaffeaf7374bd316517324539381f1c
io.github.dengchen2020	dc-spring-boot-starter-jdbc-over-annotation	0.0.25		1a3619a0b0cae567c96419059fbe0c25b189d274
io.github.dengchen2020	dc-spring-boot-starter-jdbc-over-annotation	0.0.26		812a304a8841d905a68bd6d39e5d3d86516367f9
io.github.dengchen2020	dc-spring-boot-starter-jdbc-over-annotation	0.0.27		698558aaa94f63af907902cf9f8dd8e3eef76a04
io.github.dengchen2020	dc-spring-boot-starter-jdbc-over-annotation	0.0.28		eae22a8ce1c73f810d5437135eddb05464342984
io.github.dengchen2020	dc-spring-boot-starter-jdbc-over-annotation	0.0.29		af58cfc04d30165ba939bfbb5f0eb9d5531bf48b
io.github.dengchen2020	dc-spring-boot-starter-jdbc-over-annotation	0.0.30		04e376d567f730e0e645771fcf84c094f79cbecd
io.github.dengchen2020	dc-spring-boot-starter-jdbc-over-annotation	0.0.31		0e190e98fefcacc31776073cc0d602e6ccbee43d
io.github.dengchen2020	dc-spring-boot-starter-jdbc-over-annotation	0.0.32		7b4122277077e6c3aab9cc120db29352e83cf047
io.github.dengchen2020	dc-spring-boot-starter-jdbc-over-annotation	0.0.33		23ed54589381a0bb52896537e3ade3d7284428dc
io.github.dengchen2020	dc-spring-boot-starter-jdbc-over-annotation	0.0.34		6d47e5240d154d05783a2ffdbd841f57dedfc73f
io.github.dengchen2020	dc-spring-boot-starter-jdbc-over-annotation	0.0.35		8076d37f48f452882f2044c70ccc78a311ac9064
io.github.dengchen2020	dc-spring-boot-starter-jdbc-over-annotation	0.0.36		0184d9458c42adcd2cfef7d0f5088677fa3dc352
io.github.dengchen2020	dc-spring-boot-starter-jdbc-over-annotation	0.0.37		26f033b7e86f943dc703a8d278aaa1e98baebfba
io.github.dengchen2020	dc-spring-boot-starter-jdbc-over-annotation	0.0.38		a28edf132b15279bdcc5e6e37d33f17282b1b6af
io.github.dengchen2020	dc-spring-boot-starter-jdbc-over-annotation	0.0.39		2413f25936ccad01ad70ba9098c508d33578bc34
io.github.dengchen2020	dc-spring-boot-starter-jdbc-over-annotation	0.0.40		156b4716e5aefe4d7047cb5b84c28489eeab251d
io.github.dengchen2020	dc-spring-boot-starter-jdbc-over-annotation	0.0.41		b309c1261faa6ec0ab2e0750d65c079f70365fc7
io.github.dengchen2020	dc-spring-boot-starter-jdbc-over-annotation	0.0.42		a0e3f2bfb59f15957d6e1a1be009a29823795574
io.github.dengchen2020	dc-spring-boot-starter-jdbc-over-annotation	0.0.43		0fde20b5d86a5b159938149da622dc2c8c9c2b8d
io.github.dengchen2020	dc-spring-boot-starter-jdbc-over-annotation	0.0.44		a0896d683c326db537c12e843a2dea19b715de60
io.github.dengchen2020	dc-spring-boot-starter-jdbc-over-annotation	0.0.45		45b71575aefcea2e39c81053d08e1e2619dc881a
io.github.dengchen2020	dc-spring-boot-starter-jdbc-over-annotation	0.0.46		f4d9adafe677459d2bb68d726564bf05ad6903a3
io.github.evanmi	distribute-lock-zk	0.0.1		c5aa1b7778af780e9d68bcb56017d646d2035d3d
io.github.evanmi	distribute-lock-zk	0.0.2		6da5ee0105901a3f35912cf3654a5a60bdd5ea5d
io.github.evanmi	distribute-lock-zk	0.0.2-jdk8		d5d99cfdf6c440cd36a9d911edf1827591656ff9
io.github.mejiomah17.yasb	database-sqlite-test-fixtures-jvm	0.1.0-kotlin-1.9.20		3e9a98ebc0cc23a3b33999b9d759baae536ea22c
io.github.mejiomah17.yasb	database-sqlite-test-fixtures-jvm	0.1.1-kotlin-1.9.20		3e9a98ebc0cc23a3b33999b9d759baae536ea22c
io.github.mejiomah17.yasb	database-sqlite-test-fixtures-jvm	1.0.0-kotlin-1.9.22		f0caea13a8960426c08d169f4776504462e56e8d
io.github.mejiomah17.yasb	database-sqlite-test-fixtures-jvm	1.0.0-kotlin-2.0.0		17d13a0f86a5943a4550dffe8b83f83f2eab34ec
io.github.pony1991	emock	1.0.0		7c14cffc391cab33379f3417ae8ca75a639e849c
io.github.rvenky125	kmp-device-info-iossimulatorarm64	0.0.12-alpha		N/A
io.github.rvenky125	kmp-device-info-iossimulatorarm64	0.0.12-alpha	metadata	21f26945746dd852be04cb85f0f62bdaae682e7c
io.github.rvenky125	kmp-device-info-iossimulatorarm64	0.0.13-alpha		N/A
io.github.rvenky125	kmp-device-info-iossimulatorarm64	0.0.13-alpha	metadata	bf35b3cd0fd6869decf8d37d1761f9bc522b7833
io.github.rvenky125	kmp-device-info-iossimulatorarm64	0.0.14-alpha		N/A
io.github.rvenky125	kmp-device-info-iossimulatorarm64	0.0.14-alpha	metadata	cd5d06ae9e7d1c6f9122e521dcab95ce84821a37
io.github.rvenky125	kmp-device-info-iossimulatorarm64	0.0.15-alpha		N/A
io.github.rvenky125	kmp-device-info-iossimulatorarm64	0.0.15-alpha	metadata	1715b68b40e3c02507bdff1907e67a0f6e6d4538
io.github.rvenky125	kmp-device-info-iossimulatorarm64	0.0.16-alpha		N/A
io.github.rvenky125	kmp-device-info-iossimulatorarm64	0.0.16-alpha	metadata	ec87568ef570c000b5a0ca7ab807c082b56b955b
io.github.rvenky125	kmp-device-info-iossimulatorarm64	0.0.17-alpha		N/A
io.github.rvenky125	kmp-device-info-iossimulatorarm64	0.0.17-alpha	metadata	a16413fd49e49a7ded7956daebe0872483a3e403
io.github.rvenky125	kmp-device-info-iossimulatorarm64	0.0.18-alpha		N/A
io.github.rvenky125	kmp-device-info-iossimulatorarm64	0.0.18-alpha	metadata	079489a6fac5442481b54fcfc85518772888235f
io.github.rvenky125	kmp-device-info-iossimulatorarm64	0.0.20-alpha		N/A
io.github.rvenky125	kmp-device-info-iossimulatorarm64	0.0.20-alpha	metadata	dd0b2fc4978c473df45a19b46a6d4c542358bec6
io.railflow.demo.cli	railflow-demo-cli	0.0.1		e58fe0adf803e7d081fa5ed7281269eea956d185
io.railflow.demo.cli	railflow-demo-cli	0.0.2		cb60c5b1c156bcb25719748212c68923de0fa1b2
io.railflow.demo.cli	railflow-demo-cli	0.0.3		e6d0f7ab1afd5f21ac3967801e15b91739236052
io.railflow.demo.cli	railflow-demo-cli	0.0.4		497ccf8145ea9f0a36dd1daabdb039c1c9fe2990
io.railflow.demo.cli	railflow-demo-cli	0.0.5		ea592e393d21ec6b66fc60fbd95a2297ce318a9f
io.reactors	reactors-container_sjs0.6_2.11	0.7		5f6d10919b47bd2b14da3e6f099ee1b8f158e308
io.reactors	reactors-container_sjs0.6_2.11	0.8		2fd6040009229ae4c6f3cddc81b39a70a618f852
it.sephiroth.hunter	hunter-transform	1.0.4		20b27ea06ee206c87e8ea135c1197f1291f16f9a
it.sephiroth.hunter	hunter-transform	1.0.4-20191215		439a6b5933f2f6fa162a8d1d65266699114b70b4
it.sephiroth.hunter	hunter-transform	1.1.1		2c09e3de994e4b1992ed0df5044de64b7b7282a6
it.sephiroth.hunter	hunter-transform	1.1.2		d2e026c73ee4e2d9dcd1d0e78d9581344e5d261d
it.sephiroth.hunter	hunter-transform	1.1.5		bd7140f1b4de46550df0ba93a01d60e3a21579b9
it.sephiroth.hunter	hunter-transform	1.1.6		a6e62b8495f615b46e08db95328f39eccddeee8f
it.sephiroth.hunter	hunter-transform	1.1.7		e32399413e6dac968091e9d254a766ee36bf46f1
it.sephiroth.hunter	hunter-transform	1.1.8		52edc871c4ad6f2da98b0d4a75ce8e7d398812e1
it.sephiroth.hunter	hunter-transform	1.2.1		198be0af2d1d6b3f38742f3e3b8355098a3df555
it.sephiroth.hunter	hunter-transform	1.2.5		46f3a23d8e66a4bb2c4beb91578975da9bbe2e28
jdbm	jdbm	0.12		8e05d84b538f180566e896d7e5266b5fab37d370
jdbm	jdbm	0.20-dev		bc6b0e1d70aaf19649e3e218747177b19d3dd601
jdbm	jdbm	0.30		b45112999d934915d5b0557c762275b4847a6edd
jdbm	jdbm	1.0		8cf5b9f298220baca566832904c52647f257e040
love.forte.suspend-interface-reversal	annotations-linuxx64	0.1.0		N/A
love.forte.suspend-interface-reversal	annotations-linuxx64	0.2.0		N/A
love.forte.suspend-interface-reversal	annotations-linuxx64	0.2.1		N/A
net.exoego	aws-sdk-scalajs-facade-codestarconnections_sjs0.6_2.13	0.28.0-v2.596.0		2379a0d38f96203e44b5b378059413b1b0c33e81
net.exoego	aws-sdk-scalajs-facade-codestarconnections_sjs0.6_2.13	0.29.0-v2.624.0		fb4aaa8e948d15f8484d55c9cce7778cae72658b
net.exoego	aws-sdk-scalajs-facade-codestarconnections_sjs0.6_2.13	0.30.0-v2.715.0		7e7222d55fca689d03a614e05055891aec047751
org.activecomponents.jadex	jadex-xml	3.0-DEVELOPMENT		fb98c56f3c841e663346bdc5402e6a8f51dacead
org.activecomponents.jadex	jadex-xml	3.0.0		3703445936d83e05aeca63681966c4cf6ed76bf6
org.activecomponents.jadex	jadex-xml	3.0.0-RC16		9557ac721ebe8198ab02c74f71a7be3ef5bab93e
org.activecomponents.jadex	jadex-xml	3.0.0-RC32		b5cd0a9f5ab2f5c30f20dead7719ad715f3a404d
org.activecomponents.jadex	jadex-xml	3.0.0-RC51		feed173cd0f2d768328fe47cad86f41ada872d57
org.activecomponents.jadex	jadex-xml	3.0.0-RC63		4aeed58b2465c33b8c4b4834b6d504da7606a063
org.activecomponents.jadex	jadex-xml	3.0.0-RC68		9cb71fbf0fc8bcc9462f1c4adf039caa6d50967c
org.activecomponents.jadex	jadex-xml	3.0.0-RC80		a8c4b3048d88d035912f26ee5eb67b770d6b4cd7
org.activecomponents.jadex	jadex-xml	3.0.1		fb6698097067e1351f3a1edd2834bac1fdc3eb3b
org.activecomponents.jadex	jadex-xml	3.0.102		129dee2fb05cc9cbc36a15a2e4f01bd4db40eace
org.activecomponents.jadex	jadex-xml	3.0.106		161899284bf4b8d6201c08374a03ee1e8d0d57d1
org.activecomponents.jadex	jadex-xml	3.0.112		affaa4ef5c6b4918388f76b5a2dd5d327cce8846
org.activecomponents.jadex	jadex-xml	3.0.113		751ac431cfe2eb39cdc6cc35c0a4677d8b0de38e
org.activecomponents.jadex	jadex-xml	3.0.115		e852b919a57828312f92ae637b9389399c9c507b
org.activecomponents.jadex	jadex-xml	3.0.117		7076b798ecdd6f0a129d92ae4c78d20ddb5fc3da
org.activecomponents.jadex	jadex-xml	3.0.43		a5a0782fe09acd7a737712bf7a2727a9cca84ba9
org.activecomponents.jadex	jadex-xml	3.0.69		1ccfa79b105d320032a953a4761435f2e84cd26b
org.activecomponents.jadex	jadex-xml	3.0.7		40e2f6315623de11d2638ad75d6861ad7355fcff
org.activecomponents.jadex	jadex-xml	3.0.70		d48f8e356aa6326a05efbcab381407d053f84396
org.activecomponents.jadex	jadex-xml	3.0.71		0714c506ed6e3eb0c496ec15b57842321c82a634
org.activecomponents.jadex	jadex-xml	3.0.72		d5d9e3a18bf5ce036a93bc34343f4b89eb795d57
org.activecomponents.jadex	jadex-xml	3.0.76		b577371f403bf0af22b52e45d0915832d1165de0
org.activecomponents.jadex	jadex-xml	3.0.77		2ddf0e61a3b0c073e3f86acafc8fa7474d5bf479
org.activecomponents.jadex	jadex-xml	3.0.78		ad70472c9c69fe1cc190dd69ad762fc75e5e3f2e
org.activecomponents.jadex	jadex-xml	3.0.79		93fd08ec94d12ce0ec56c6396f4ab548801af88b
org.activecomponents.jadex	jadex-xml	3.0.81		873fbc598c8181ca908c692f1085487b18cd8178
org.activecomponents.jadex	jadex-xml	3.0.85		2cdb296625345bbd514f0561131e277078fd9b7a
org.activecomponents.jadex	jadex-xml	3.0.86		78b10233a42dbf970dde1acfc9893d91ce904a38
org.activecomponents.jadex	jadex-xml	3.0.91		6737dc37da772efd3319965a9640d0cbcd490205
org.activecomponents.jadex	jadex-xml	3.0.95		0ef8b63910f4acc6e6fdd6f1d2d5d5ebbe2e6e6f
org.apache.dubbo	dubbo-registry-sofa	2.7.10		13942f977596537ea2feafe638ac4cc8f23be9aa
org.apache.dubbo	dubbo-registry-sofa	2.7.11		e4d46f3772928c522990412fb104a7ba588dcffe
org.apache.dubbo	dubbo-registry-sofa	2.7.12		220d258220c4b77275d6df3895ee81fcb2a88d89
org.apache.dubbo	dubbo-registry-sofa	2.7.13		70e4294bcf905460d7a46fb59649bd2ec30f57bc
org.apache.dubbo	dubbo-registry-sofa	2.7.14		662e8ee0e181d280c05cbc766062eec7739a50b2
org.apache.dubbo	dubbo-registry-sofa	2.7.15		980a741431229afb8de4619737c4ffd2143b3fe1
org.apache.dubbo	dubbo-registry-sofa	2.7.16		d23ca5e418ac92221e63f3f76a2aacc8a4fed074
org.apache.dubbo	dubbo-registry-sofa	2.7.17		a6cd915a17b93fb40f77697ecd3ae40f04050884
org.apache.dubbo	dubbo-registry-sofa	2.7.18		1dcb84ce5c35332ff907174207eb8a11b30021e1
org.apache.dubbo	dubbo-registry-sofa	2.7.19		c0c69f67d8a3ff4972a3d78c6676f1ba854d5776
org.apache.dubbo	dubbo-registry-sofa	2.7.2		3202b1f453c045f692f40329abc6684e96ddc8d6
org.apache.dubbo	dubbo-registry-sofa	2.7.20		df2ccc262aaee751b6b8b72c7c9015fdbaa922eb
org.apache.dubbo	dubbo-registry-sofa	2.7.21		0a83fb489f9938a1b1fc906fe92db6d0dc4b086c
org.apache.dubbo	dubbo-registry-sofa	2.7.22		39d5a6384fd453ae97e37904750f299c3a0944a0
org.apache.dubbo	dubbo-registry-sofa	2.7.23		24947a470fec8359054af666c6fb4a616e6e711b
org.apache.dubbo	dubbo-registry-sofa	2.7.3		79cdce83fccc3ba1be2b42ae52471c24912bb260
org.apache.dubbo	dubbo-registry-sofa	2.7.4		72f4a39ed491cff9b3d8f26222efc4c93bc53768
org.apache.dubbo	dubbo-registry-sofa	2.7.4.1		b72d58853d913910a917734913fb95686e85f74e
org.apache.dubbo	dubbo-registry-sofa	2.7.5		9ffa6e76037ce2606a9d82409c166d391b3b1b88
org.apache.dubbo	dubbo-registry-sofa	2.7.6		ad13bd563c4b22adf14c076c52d5bba0a4cc4f2a
org.apache.dubbo	dubbo-registry-sofa	2.7.7		79a1afa787df90c552bd3f713266e4191baaf559
org.apache.dubbo	dubbo-registry-sofa	2.7.8		0d71dd189955f7516db943a54001c9651419ae54
org.apache.dubbo	dubbo-registry-sofa	2.7.9		1ccf3024a6c4e9eb8bcadefbb56e0e4f16d3aeb1
org.apache.servicemix.bundles	org.apache.servicemix.bundles.neethi-2.0.2	4.0-m1		aa5f150c6e812bb6f354551671d05d28e3171df7
org.apache.tomee.patch	cxf-rt-transports-http	2.6.17-TomEE		85791bca23c4d60e2bedad016602345e7c985420
org.bitcoin-s	bitcoin-s-cli_2.13	0.0.9		6c89388b4181978cf18c01a45826cdde999ad96f
org.bitcoin-s	bitcoin-s-cli_2.13	0.5.0		ecadf816e392bde028ae25ba070ff1e3823c8ba0
org.bitcoin-s	bitcoin-s-cli_2.13	0.5.0-RC1		4d126ba4b1b320cdd8bc1013db5a4869c8bed8c4
org.bitcoin-s	bitcoin-s-cli_2.13	0.6.0		249ea3a89c8a9a979c748d08501a36f20babb50c
org.bitcoin-s	bitcoin-s-cli_2.13	1.7.0		c1e10c05a7adc88ce4af3863080af757c8d3da0e
org.bitcoin-s	bitcoin-s-cli_2.13	1.8.0		606f72a4aa8fc03e5801f14b578a2e05efda9526
org.bitcoin-s	bitcoin-s-cli_2.13	1.9.0		a22117e568acabc74ad82912d2f704f6d9b7f725
org.bitcoin-s	bitcoin-s-cli_2.13	1.9.1		d268134fd197430307c04ea472cb534ac079a3f4
org.bitcoin-s	bitcoin-s-cli_2.13	1.9.10		9e152aca7fec2deac56bb40a51a0c924e201cc1c
org.bitcoin-s	bitcoin-s-cli_2.13	1.9.2		0b3832939851a25316e3b31ac0b3dce51ff8df20
org.bitcoin-s	bitcoin-s-cli_2.13	1.9.3		017fedc4623175ebb366fbad6369d79d2ae1c91e
org.bitcoin-s	bitcoin-s-cli_2.13	1.9.4		cda3c756ff56f8226c8264cd1ba82a431efebe06
org.bitcoin-s	bitcoin-s-cli_2.13	1.9.5		aeeb8b1c73e891466411deb4b2d4cf983f0c1bf4
org.bitcoin-s	bitcoin-s-cli_2.13	1.9.6		11996394a76de7b02288e373e32a36cf36302981
org.bitcoin-s	bitcoin-s-cli_2.13	1.9.7		31faa8e1efef3c985d84cce506932631d3d732f9
org.bitcoin-s	bitcoin-s-cli_2.13	1.9.8		4fe7225ce7a307bb460b89b0b5dff0f1aba1aada
org.bitcoin-s	bitcoin-s-cli_2.13	1.9.9		bcf3f550edd2b9ae8f12af2b8953b40804c856d9
org.broadleafcommerce	broadleaf-framework	1.5.0-GA		d3994b2eb2c088974636f42ab8216fa59dd847a1
org.broadleafcommerce	broadleaf-framework	1.5.1-GA		073b26f2b55aac12c8ba67ea6e2978d80d626d64
org.broadleafcommerce	broadleaf-framework	1.5.2-GA		aa1c651c76ff99b391d09658735badd10be83eb1
org.broadleafcommerce	broadleaf-framework	1.5.3-GA		2223c797a56eab253b3d690896646629871a46bb
org.broadleafcommerce	broadleaf-framework	1.5.4-GA		1fb4184e3569d0a80b5fe3e050ba0a4bd0ad0832
org.broadleafcommerce	broadleaf-framework	1.5.5-GA		ae12d85cbf63dc48c7b871d88ba29a9ceb39b056
org.broadleafcommerce	broadleaf-framework	1.6.0-GA		f5fb56a8a306458cbf754908c814185d817c3465
org.broadleafcommerce	broadleaf-framework	1.6.1-GA		cb4754ce592ebf0e3324489e019b0a79557d8a00
org.broadleafcommerce	broadleaf-framework	1.6.2-GA		d88b97d6754cc47afb7399cf589f30f0a0206feb
org.broadleafcommerce	broadleaf-framework	2.0.0-GA		0499f950efd61ac2522058a20bdc95a9ebda5c2e
org.broadleafcommerce	broadleaf-framework	2.0.1-GA		4e144a5ea4fe314338b6656baaeb6e53c1e3dfc1
org.broadleafcommerce	broadleaf-framework	2.0.2-GA		6c10f9a127e561c670b831c66df0f1a89cafc96b
org.broadleafcommerce	broadleaf-framework	2.0.3-GA		2aeb727a4e0f7e95fbbf03312e80a3bcf8f04369
org.broadleafcommerce	broadleaf-framework	2.0.4-GA		92b8bc2457e72636176d159ea80623c89508d916
org.broadleafcommerce	broadleaf-framework	2.0.5-GA		d1da9956706c5d545d3c4b42a2963c71710f004b
org.broadleafcommerce	broadleaf-framework	2.0.6-GA		d9145c4678f1e19f282acf36d2cc11e93ffd7614
org.broadleafcommerce	broadleaf-framework	2.0.7-GA		5ca9d87a917c3694af922854a03acd4627424f8e
org.broadleafcommerce	broadleaf-framework	2.1.0-GA		ce143ef5e5db22bcc367c21388b9f3f7cbfc9021
org.broadleafcommerce	broadleaf-framework	2.1.1-GA		4771f8a76487abad9fa43fa3581b095ebe426079
org.broadleafcommerce	broadleaf-framework	2.1.2-GA		d67d036ec6bd5ed48a707988570f225711084469
org.broadleafcommerce	broadleaf-framework	2.2.0-GA		503c7effa4682da913a0f8f772123b26187cd1bd
org.broadleafcommerce	broadleaf-framework	2.3.0-GA		3b8c58eee532db29adaeb0a435e460e4392d672e
org.broadleafcommerce	broadleaf-framework	2.4.0-GA		7518547c418b2a1b97e4020402a3977dddd716b7
org.broadleafcommerce	broadleaf-framework	2.4.1-GA		5f630f265023c600eb428adb9b15c56d65029da0
org.broadleafcommerce	broadleaf-framework	2.4.2-GA		0914620bef228ba2ba721502491d3bbd6f6de7d4
org.broadleafcommerce	broadleaf-framework	3.0.0-GA		7e120df3b2d4583db48f3b39ab3c0363e287aee1
org.broadleafcommerce	broadleaf-framework	3.0.1-GA		3c5eea7219eb035307ae18ec773001bb97600a52
org.broadleafcommerce	broadleaf-framework	3.0.10-GA		08f604b2d919f3636d947c9353d17a8b5f6452db
org.broadleafcommerce	broadleaf-framework	3.0.11-GA		c8075a5a84a0f701ded86984c8d20ba932f71339
org.broadleafcommerce	broadleaf-framework	3.0.12-GA		45e292bb2759f0ca717fd0e44d98670bd475666b
org.broadleafcommerce	broadleaf-framework	3.0.13-GA		e6b6017f61c7c8ce31126a37e87dfc22159ae439
org.broadleafcommerce	broadleaf-framework	3.0.14-GA		818f6ec5f6bc2dfc1866bf4f88200245e40fa633
org.broadleafcommerce	broadleaf-framework	3.0.15-GA		5c39300bdfbb7af1fd9147c1229406a9068c3ae3
org.broadleafcommerce	broadleaf-framework	3.0.16-GA		91fa87d3f864bf85e75c89adfb7a421af65b05a8
org.broadleafcommerce	broadleaf-framework	3.0.2-GA		9b6153a165c28388367ff9e94fbc793c259964d3
org.broadleafcommerce	broadleaf-framework	3.0.3-GA		d49dddeb8c59bc7552542d90fd3fc04f9f003b36
org.broadleafcommerce	broadleaf-framework	3.0.4-GA		56f83a51fafe78738e333d950eb5ee007db29b0a
org.broadleafcommerce	broadleaf-framework	3.0.5-GA		3d1246b70ed55d9fb03b5d3414da8e7021a15970
org.broadleafcommerce	broadleaf-framework	3.0.6-GA		aec9d59d130f370ab689de72e6d5680cc2e32ce8
org.broadleafcommerce	broadleaf-framework	3.0.7-GA		9dfceca9fcf76e952a316df7e82913733f524c13
org.broadleafcommerce	broadleaf-framework	3.0.8-GA		652e7d553f4204a6752c8110f8f550b72ded2d7c
org.broadleafcommerce	broadleaf-framework	3.0.9-GA		54b13523a5184e7b3f77276c4002fc23b5237292
org.broadleafcommerce	broadleaf-framework	3.1.0-GA		475f0e348c407396f4d7f5cc4de991589336b3fb
org.broadleafcommerce	broadleaf-framework	3.1.1-GA		0f6db0af3f832f50c1693534cf38b6e6d10406e3
org.broadleafcommerce	broadleaf-framework	3.1.10-GA		605d0400b54ff810c5f396e00c4556fb9671a66a
org.broadleafcommerce	broadleaf-framework	3.1.11-GA		ce6a40487601a2cad747246d13fdbda07e268cbc
org.broadleafcommerce	broadleaf-framework	3.1.12-GA		acd3c684ee42352ca8cc4b0ed36e41d1713c5fb6
org.broadleafcommerce	broadleaf-framework	3.1.13-GA		0007f1463b92af6516c4b9a13bc5a96220ad46c1
org.broadleafcommerce	broadleaf-framework	3.1.14-GA		947cf27399428c534c7b05eee28e15e06eee9c0a
org.broadleafcommerce	broadleaf-framework	3.1.15-GA		f2a5b77d97fc9c3679e469ade9b33cce3f5e2265
org.broadleafcommerce	broadleaf-framework	3.1.2-GA		d3fbd0b4cf38c759217db0f581e1f350ad40097f
org.broadleafcommerce	broadleaf-framework	3.1.3-GA		0a924dabbde6515437c608f7a5bc81c6582525e1
org.broadleafcommerce	broadleaf-framework	3.1.4-GA		69edc3b30884fc996f6fcdc74081aa988c01ff8f
org.broadleafcommerce	broadleaf-framework	3.1.5-GA		f2311fd12915c30a02a1eb5d123d7e0332071ab3
org.broadleafcommerce	broadleaf-framework	3.1.6-GA		7033ea17d78f10929add3b6bba993a6992ca80ab
org.broadleafcommerce	broadleaf-framework	3.1.7-GA		f45721679e6aaca6b8a3ebe20955c0c40d648aeb
org.broadleafcommerce	broadleaf-framework	3.1.8-GA		018488f9e35147a1e1a0abb82877eecf6733738c
org.broadleafcommerce	broadleaf-framework	3.1.9-GA		b49cbc6cef5d94f5bca955cbf154c29077773bed
org.consensusresearch	scrypto_2.12	1.2.0-RC3		20177c8d44689b7d3d398ab1f142daf42b8a978c
org.drewcarlson	qbittorrent-models-linuxarm64	1.1.0-alpha01		N/A
org.drewcarlson	qbittorrent-models-linuxarm64	1.1.0-alpha02		N/A
org.eclipse.dirigible	dirigible-ide-ui-csvim	5.12.10		80c7f9510fad16d68db56a6694d69fe95961f9c7
org.eclipse.dirigible	dirigible-ide-ui-csvim	5.12.11		233d9eff87e1a112e72c89643bcc06a71ac21e71
org.eclipse.dirigible	dirigible-ide-ui-csvim	5.12.12		8bf7009db23cb2bed45cb5b111b80de5b44b01fd
org.eclipse.dirigible	dirigible-ide-ui-csvim	5.12.13		1e40d504bee77850ac3ef2742102fda11ed7d670
org.eclipse.dirigible	dirigible-ide-ui-csvim	5.12.14		c5b32041f3d456573a909a9e081b42373c10f242
org.eclipse.dirigible	dirigible-ide-ui-csvim	5.12.15		a87ffe6928136d9e25ca855e608a5a8d03f993fd
org.eclipse.dirigible	dirigible-ide-ui-csvim	5.12.16		b9db931096709e5f43f67fb2c94c7a8ac0944f20
org.eclipse.dirigible	dirigible-ide-ui-csvim	5.12.17		f15187b103bfe7a3dfcc32e1008d6633dc93fc21
org.eclipse.dirigible	dirigible-ide-ui-csvim	5.12.18		72f94e14aacd2136359eb591c329cbf065d23e99
org.eclipse.dirigible	dirigible-ide-ui-csvim	5.12.20		cef9e5cbaa34b1145c0f1c6e40a14fe24b0e9541
org.eclipse.dirigible	dirigible-ide-ui-csvim	5.12.21		bb1133f21d1366d29aa8faed39acdebad0941686
org.eclipse.dirigible	dirigible-ide-ui-csvim	6.0.0		342a69def733dbf1517495acd91139aa76a5f3ce
org.eclipse.dirigible	dirigible-ide-ui-csvim	6.1.0		dd2e0f558be7acd65d156c1c34e0fc403067244a
org.eclipse.dirigible	dirigible-ide-ui-csvim	6.1.1		39aae28f7105986eaafeccc1e70bbeda1015e718
org.eclipse.dirigible	dirigible-ide-ui-csvim	6.1.10		021e3033f06765bd674daa3dc1088d7fb5d2721e
org.eclipse.dirigible	dirigible-ide-ui-csvim	6.1.11		a8a247c3a34bbdd9356b089ed7fff1982da2c1eb
org.eclipse.dirigible	dirigible-ide-ui-csvim	6.1.12		5e429b171b3788b787fa0242486d2386b78912df
org.eclipse.dirigible	dirigible-ide-ui-csvim	6.1.13		585d587df0e6872217f30bd21cdadaac7e3d68d4
org.eclipse.dirigible	dirigible-ide-ui-csvim	6.1.14		ce4c5d5c40a2602fcd1c4d084edf6069ed42fc27
org.eclipse.dirigible	dirigible-ide-ui-csvim	6.1.15		f2206bc4a530497209d558f076ea329e994a88f1
org.eclipse.dirigible	dirigible-ide-ui-csvim	6.1.16		62d4465c8ee940acadfe25f36f1d30d2d7c5b5bc
org.eclipse.dirigible	dirigible-ide-ui-csvim	6.1.17		d7820470d0b7169f67893c78a836665ef927ac36
org.eclipse.dirigible	dirigible-ide-ui-csvim	6.1.18		df3dc67ca76d6d95131116c92dea675febce7361
org.eclipse.dirigible	dirigible-ide-ui-csvim	6.1.19		0fc08f47f34c7bfab35bb1f5efd188d28766f2e4
org.eclipse.dirigible	dirigible-ide-ui-csvim	6.1.2		5eabfce255b916f9fb0316d5a0845df80d1953a3
org.eclipse.dirigible	dirigible-ide-ui-csvim	6.1.20		0394a48cf200773f15174c67ad1cdb12a560ef54
org.eclipse.dirigible	dirigible-ide-ui-csvim	6.1.21		eb063a99af7eb24a20cbddf574d8d761432d2f2f
org.eclipse.dirigible	dirigible-ide-ui-csvim	6.1.22		7971899dccc4587d09dd7aedecab68de60b47dd2
org.eclipse.dirigible	dirigible-ide-ui-csvim	6.1.23		dcb4c4bf6b21bd05d081e29e7489fe5f98a96aca
org.eclipse.dirigible	dirigible-ide-ui-csvim	6.1.3		584630583cef34d5a795438f2c9d1d83f9a6e53d
org.eclipse.dirigible	dirigible-ide-ui-csvim	6.1.4		c54417ebd71dc58cd6d0c68943a8b34e36bdee1a
org.eclipse.dirigible	dirigible-ide-ui-csvim	6.1.5		208d8eae1c42046950a5b962df93a0417744ef50
org.eclipse.dirigible	dirigible-ide-ui-csvim	6.1.6		bf9a329a3f2527a9e45b449e3a4f8f44cd4ba447
org.eclipse.dirigible	dirigible-ide-ui-csvim	6.1.7		0dc539c46e156265c87018e4ece8f5157d0876f2
org.eclipse.dirigible	dirigible-ide-ui-csvim	6.1.8		e73c45ac531f6bd2bd5e8a125f23ea5d804fa62a
org.eclipse.dirigible	dirigible-ide-ui-csvim	6.1.9		48843eebce2332a2b83fb14f2394580636765a87
org.eclipse.dirigible	dirigible-ide-ui-csvim	6.2.0		14c4e18bf69b4958e77525241b63026b8a2f0f74
org.eclipse.dirigible	dirigible-ide-ui-csvim	6.2.1		820bc24070900638a4683ef5b27e56ec962eb43a
org.eclipse.dirigible	dirigible-ide-ui-csvim	6.2.10		506f65e7766b7715b6763b2d4d218813944546eb
org.eclipse.dirigible	dirigible-ide-ui-csvim	6.2.11		4d72f45720e48d8b21463668576ddd6da3fed4ab
org.eclipse.dirigible	dirigible-ide-ui-csvim	6.2.12		c74f1286505d3cff86bdfffe834a21df2a2842f9
org.eclipse.dirigible	dirigible-ide-ui-csvim	6.2.13		7cef00e2e67fa854c44f9c51bc6885c51a7b341a
org.eclipse.dirigible	dirigible-ide-ui-csvim	6.2.14		b48c24d7602592a9cc5132f0be9c780d92d8a2cb
org.eclipse.dirigible	dirigible-ide-ui-csvim	6.2.16		2749dd545d22124ca7a12793ba5f3c0bd035dc43
org.eclipse.dirigible	dirigible-ide-ui-csvim	6.2.17		85546719a6116f73a35fa939cbb4978e60ea5f3b
org.eclipse.dirigible	dirigible-ide-ui-csvim	6.2.18		20e61097743e2afa24d887bd3e840ad801d71fcb
org.eclipse.dirigible	dirigible-ide-ui-csvim	6.2.19		637685c8120e5796ba3bb91bc86c1c9055e79f88
org.eclipse.dirigible	dirigible-ide-ui-csvim	6.2.2		6e5a512d67fa354cf01b69c00b38c08144428c41
org.eclipse.dirigible	dirigible-ide-ui-csvim	6.2.21		addfa6f2422e777fc8bd9e8c29b5210b53904da2
org.eclipse.dirigible	dirigible-ide-ui-csvim	6.2.22		2979843816b5fda74ed35db3b148761e2787c6a4
org.eclipse.dirigible	dirigible-ide-ui-csvim	6.2.23		69549dfc1c4c4795d995fa8a375e4f760c8b872a
org.eclipse.dirigible	dirigible-ide-ui-csvim	6.2.24		857b3bf600c9a9380bbc6bfe4b71e5d8c184ca2b
org.eclipse.dirigible	dirigible-ide-ui-csvim	6.2.25		bdc616803d295a3b009305c2122a66be3bbaf197
org.eclipse.dirigible	dirigible-ide-ui-csvim	6.2.26		acdb6b1eb589c028edcb8e26c3860c4b69a25917
org.eclipse.dirigible	dirigible-ide-ui-csvim	6.2.27		69a692e8d3e8907cf735d4af47782e1946b0d7e5
org.eclipse.dirigible	dirigible-ide-ui-csvim	6.2.28		655e525a31578d6e54e8c0d44551b1e5365a35d0
org.eclipse.dirigible	dirigible-ide-ui-csvim	6.2.29		8db6e31d10696cf0930d6665e353fda1e7fbacca
org.eclipse.dirigible	dirigible-ide-ui-csvim	6.2.3		6983be710da50104f5e5af16e956b9069297fbc5
org.eclipse.dirigible	dirigible-ide-ui-csvim	6.2.30		430f890bd98b78f042d76977a571b6b89ef4e055
org.eclipse.dirigible	dirigible-ide-ui-csvim	6.2.31		235832de20e66a2493369a432dbd1eea6eadc722
org.eclipse.dirigible	dirigible-ide-ui-csvim	6.2.32		3b08ee9ea51062874c9e147262d39e4300bae8a5
org.eclipse.dirigible	dirigible-ide-ui-csvim	6.2.33		dc7eff35d8ed6ff86ef7072711c3c3eaf92d057c
org.eclipse.dirigible	dirigible-ide-ui-csvim	6.2.34		6ed918000cbb6e86395dcb64e29a7c41626f561e
org.eclipse.dirigible	dirigible-ide-ui-csvim	6.2.35		22622ef4621d70e999caa0bf1394ce1586654646
org.eclipse.dirigible	dirigible-ide-ui-csvim	6.2.36		9819bea3fc2562b3cb1bcc395ec78be1304330e8
org.eclipse.dirigible	dirigible-ide-ui-csvim	6.2.4		385e2cc892c8dd8ab27fac9738d9a81f7ad69500
org.eclipse.dirigible	dirigible-ide-ui-csvim	6.2.5		c814e68f074f907db9d9ca3ccdba389f620cc44c
org.eclipse.dirigible	dirigible-ide-ui-csvim	6.2.6		6f74006261a2525b28b6203102542bcb0294e8d1
org.eclipse.dirigible	dirigible-ide-ui-csvim	6.2.7		43f652200cbc2697ac16729c5ae385aa247f7b2b
org.eclipse.dirigible	dirigible-ide-ui-csvim	6.2.8		c44a4a184b6909dc7f0b0a1b5e75153f7a695205
org.eclipse.dirigible	dirigible-ide-ui-csvim	6.2.9		8644a4a4f146103a253c3eb5cdc559a17d6072a2
org.eclipse.dirigible	dirigible-ide-ui-csvim	6.3.0		a6984847faa2a246a20891f6c43f3944828a06c3
org.eclipse.dirigible	dirigible-ide-ui-csvim	6.3.1		5e65a3c5fbdecb8a455f9194e501ed0b37b831a0
org.eclipse.dirigible	dirigible-ide-ui-csvim	6.3.10		cd01b23422f2385b86da14a6f806aa4cdd60814f
org.eclipse.dirigible	dirigible-ide-ui-csvim	6.3.11		08929fa9a3558f23ccdbc7ad77a1ac15ade4fb20
org.eclipse.dirigible	dirigible-ide-ui-csvim	6.3.12		b7b81d720763ce73c910d19193d8c6af49a8abe3
org.eclipse.dirigible	dirigible-ide-ui-csvim	6.3.14		f45ff14ab1c69daf35d1477add192a5655cfc8f4
org.eclipse.dirigible	dirigible-ide-ui-csvim	6.3.15		3104e813a2cafbd50c5538eb215203470c1a6432
org.eclipse.dirigible	dirigible-ide-ui-csvim	6.3.16		fe0dbeea5b87fd3249f2f479313481b3355adc25
org.eclipse.dirigible	dirigible-ide-ui-csvim	6.3.16.1		86cae0f985ddc347fa855454918145a7cda4160a
org.eclipse.dirigible	dirigible-ide-ui-csvim	6.3.16.2		f26403fb2da26d7b075011a96ccf000aad22a054
org.eclipse.dirigible	dirigible-ide-ui-csvim	6.3.16.3		69b63ce956cb7a0def5c5873468d8faeb66fb955
org.eclipse.dirigible	dirigible-ide-ui-csvim	6.3.16.4		fbba265c8c0455990335ad83a1e5e467da1b8bd6
org.eclipse.dirigible	dirigible-ide-ui-csvim	6.3.16.5		425b9126dc5bd3ba184492237a0594b4c3253f88
org.eclipse.dirigible	dirigible-ide-ui-csvim	6.3.18		5ccc706a756072f620fabcf565325416917af1d5
org.eclipse.dirigible	dirigible-ide-ui-csvim	6.3.19		6efea4dc99523a2fb9fd713984bae0501b06d2fb
org.eclipse.dirigible	dirigible-ide-ui-csvim	6.3.2		bb86dfb6b3e6b53962f59cb5573b79330e813c25
org.eclipse.dirigible	dirigible-ide-ui-csvim	6.3.20		af75aacee73834adaba51a7c1896883f43618d4f
org.eclipse.dirigible	dirigible-ide-ui-csvim	6.3.21		790577c3d3f590ae3cf17f08c00bf7e1c136c4b4
org.eclipse.dirigible	dirigible-ide-ui-csvim	6.3.22		da5254b4cbf1a66b73b7b94488724b3ada6b3f77
org.eclipse.dirigible	dirigible-ide-ui-csvim	6.3.23		54eb04b35e03f9ebb09d3680e5bd94f2adbc690f
org.eclipse.dirigible	dirigible-ide-ui-csvim	6.3.24		00a503f45b27efb0a18871cedaeb4adff2c666ba
org.eclipse.dirigible	dirigible-ide-ui-csvim	6.3.25		3b6ee4162deee035636cde69f47f7892820a1328
org.eclipse.dirigible	dirigible-ide-ui-csvim	6.3.26		6bac5a0a5c5891b7e7bbc6576e19af3e1b1d8939
org.eclipse.dirigible	dirigible-ide-ui-csvim	6.3.27		6c99a9c8f5c83c0d3ac97aab8535f1d832d466e7
org.eclipse.dirigible	dirigible-ide-ui-csvim	6.3.28		1f526c198810254dd6db676f6f15445a71c3ef2f
org.eclipse.dirigible	dirigible-ide-ui-csvim	6.3.29		5afeb1a75d3712f5f47c2f52bb6f26a68af55b19
org.eclipse.dirigible	dirigible-ide-ui-csvim	6.3.3		a83c7755c2de3e959e111e9aed5d29ef45974520
org.eclipse.dirigible	dirigible-ide-ui-csvim	6.3.30		077098b4749e15b4e2a8c5afa44c5cf87aa5de33
org.eclipse.dirigible	dirigible-ide-ui-csvim	6.3.31		095358feffbb509d1515209508e39cea152566ed
org.eclipse.dirigible	dirigible-ide-ui-csvim	6.3.4		5b60aa10bf8d3c296a880494be224e3c656a32e8
org.eclipse.dirigible	dirigible-ide-ui-csvim	6.3.5		f0752b2244d9176c63617d7573c941832ba43f8b
org.eclipse.dirigible	dirigible-ide-ui-csvim	6.3.6		fb7f5d1d525b07e62e13a8486320a95b2df7db82
org.eclipse.dirigible	dirigible-ide-ui-csvim	6.3.7		8fcd70aa422fb15e80c2198b6c505380648f3d65
org.eclipse.dirigible	dirigible-ide-ui-csvim	6.3.8		9f99c00b2c6f6700cf219db9e089b42e51e7c07a
org.eclipse.dirigible	dirigible-ide-ui-csvim	6.3.9		90b57b5a0b307c8a1b5cd79a376e870bf50c8f14
org.eclipse.dirigible	dirigible-ide-ui-csvim	7.0.0		ad5f2ce66af9dd6f8f6a87611603dfc5d47e5ac4
org.eclipse.dirigible	dirigible-ide-ui-csvim	7.1.0		d0eb5e93d691070f806cd7945acb4f7b84e3b4ed
org.eclipse.dirigible	dirigible-ide-ui-csvim	7.1.1		983025f577c26ab0f96de99cf4a15b598f621f2a
org.eclipse.dirigible	dirigible-ide-ui-csvim	7.1.2		98ea343a4ec228190c07daedb12d59bbc5a4fa2a
org.eclipse.dirigible	dirigible-ide-ui-csvim	7.1.3		a57236c38db17720c8cdb6094e7cea93a8375775
org.eclipse.dirigible	dirigible-ide-ui-csvim	7.1.4		779b3aef2191f2416a6be998a605e34c39e21d09
org.eclipse.dirigible	dirigible-ide-ui-csvim	7.1.5		b9f30130cc51a12b7a11e83dcc80d93b6af9872c
org.eclipse.dirigible	dirigible-ide-ui-csvim	7.1.6		b867966460d2ce753900b60f2ddf06bbb0f4633e
org.eclipse.dirigible	dirigible-ide-ui-csvim	7.2.0		753193795396be042ea56e027612c2edf6655a18
org.eclipse.emf.codegen.ecore	ui	2.3.0-v200706262000		28758855c2fa42de6f257d20fb1658f25c6d6bc0
org.http4s	http4s-finagle_0.26	0.21.11-20.10.0		f53ece7711c9e9cff80a6e957a83705b59440122
org.http4s	http4s-finagle_0.26	0.21.12-20.10.0		4e7fdf695bb4cc6decab0893ed93b2bb65378272
org.http4s	http4s-finagle_0.26	0.21.13-20.10.0		a5d695a1f96e3c3e3d7be29c6543e7022af5e782
org.http4s	http4s-finagle_0.26	0.21.14-20.10.0		4c7211247290027800bedca492a4281b7a007553
org.http4s	http4s-finagle_0.26	0.21.15-20.10.0		f3d3bf8950494af9dc8aaabac5078e156b12cc93
org.http4s	http4s-finagle_0.26	0.21.15-20.12.0		974e669804e9a71cfa5874a73fe63b28877ac49b
org.http4s	http4s-finagle_0.26	0.21.15-21.1.0		9e1a21edd264dc54c1f0135ac2d35bb93e062027
org.http4s	http4s-finagle_0.26	0.21.8-20.10.0		4fb499de8baf64955beda7370df075342d7ea520
org.http4s	http4s-finagle_0.26	0.21.8-20.9.0		b933d967d52635f83a9f76b19039d15a6c900736
org.http4s	http4s-finagle_0.26	0.21.9-20.10.0		175de86d81d90ca5ee134844e700e17b1b1d4bff
org.http4s	http4s-finagle_0.26	1.0.0-M5		706f1df1363ab4c5dcc37268c0ce6f2691c91c14
org.mortbay.jetty.toolchain.unix	unix-sysv-pkg	1.0-alpha-6		a5d67f4f9ab567b2ee15b5a1614a7379ff30466d
org.mortbay.jetty.toolchain.unix	unix-sysv-pkg	1.0-alpha-6.1		8c1fc7ab3d1e7150fe00cbba5cf61160130f9384
org.netbeans.modules	org-netbeans-modules-performance-ergonomics	RELEASE100		ac5edc10138b575c3da20a1150ee3179a40b49fb
org.netbeans.modules	org-netbeans-modules-performance-ergonomics	RELEASE110		00d5e66244a978f7702535d12c36144fc7e1471c
org.netbeans.modules	org-netbeans-modules-performance-ergonomics	RELEASE111		25a89d6e6c7573401b52592934342904c94b95f9
org.netbeans.modules	org-netbeans-modules-performance-ergonomics	RELEASE112		5fd4080244a456e6daa86ab2814be57ece76535c
org.netbeans.modules	org-netbeans-modules-performance-ergonomics	RELEASE113		32257aaa5e0c73995014370d38c97230952a1111
org.netbeans.modules	org-netbeans-modules-performance-ergonomics	RELEASE120		5dded5ab4b62c578496c725db0d13ce5b7acb938
org.netbeans.modules	org-netbeans-modules-performance-ergonomics	RELEASE120-1		c2265b2cc9412633e30d06a0a73a94eea683aa85
org.netbeans.modules	org-netbeans-modules-performance-ergonomics	RELEASE120-u1		54678d8195baa008b5e0b8fcd604cb6e33098466
org.netbeans.modules	org-netbeans-modules-performance-ergonomics	RELEASE121		dba4c3214ec5b205a00813cebef56e5a521545d9
org.robobinding	extras	0.8.11		3c01af8214c3f3ac942d34dc3856ce209a14e685
org.robobinding	extras	0.8.12		284861cabe07ad66cf451fb466c7fa861ed98805
org.robobinding	extras	0.8.13		cfd3e79773ab684f97e91992cc854e1f8f1e899f
org.robobinding	extras	0.8.14		4313c5f845532eec8b738edd6513ee018bf5a87b
org.scala-tools	test	0.5.1		db947dfc64666f9cd6e34a9e40f963c93df1077f
org.scala-tools	test	0.5.2		5f906e873be96a3ed3c669b34cadc13f3cf4dadc
org.scala-tools	test	0.5.3		9ea9afbc093dbdc88c872c9e91791342d8fde936
org.scala-tools	test	0.5.6		45b7c1c514c4b74b1f1785bcd25fe545cee8442a
org.scalatest	scalatest-shouldmatchers_3.0.0-RC3	3.2.8		b54980594186ea94a19a131ef30360b4daba8361
org.sonarsource.update-center	sonar-update-center-common	1.15		7643f04af962c09b0f125273ca0f31394bce0ddc
org.sonarsource.update-center	sonar-update-center-common	1.15.1		e4d94b09576abde4d745c34509d28cb8f6a88544
org.sonarsource.update-center	sonar-update-center-common	1.17		72ce5d94fc3a417122b7ffe899c198ef01701e47
org.sonarsource.update-center	sonar-update-center-common	1.18.0.487		6df2192560b26be2a6cdee928fb4024a9d98a2f4
org.sonarsource.update-center	sonar-update-center-common	1.20.0.550		54950f17976608f39d55d984edb4a0ddcff269fd
org.sonarsource.update-center	sonar-update-center-common	1.21.0.561		cbbbf7a9c9570de8f9a9b64d3ac5e5e01df6ad13
org.sonarsource.update-center	sonar-update-center-common	1.22.0.644		b155fd596fc9100565fc959c703344aa27339895
org.sonarsource.update-center	sonar-update-center-common	1.23.0.723		4de70160e3933defda2e10a9430e9ed33f59181e
org.sonarsource.update-center	sonar-update-center-common	1.24.0.735		90f61043f9a5a2b3ce2268f42f7a78638c239247
org.sonarsource.update-center	sonar-update-center-common	1.25.0.830		95a09673b80f480a77b8b2f8c06899ed14e98565
org.sonarsource.update-center	sonar-update-center-common	1.26.0.846		f5cbf8e525fdcc0ed9ccb1d9efa0e5157b3b781b
org.sonarsource.update-center	sonar-update-center-common	1.27.1.963		75a43a1b91e8b9fea57e49ed77e3fda1d467093a
org.sonarsource.update-center	sonar-update-center-common	1.28.0.976		ecff0d2874b3945c585790a0a845eb9b76ff46ce
org.sonarsource.update-center	sonar-update-center-common	1.29.0.1000		60a95c20b4477552d28a40372cdf9211be25ae48
org.sonarsource.update-center	sonar-update-center-common	1.30.0.1030		28aa03e48e8fae85768bc12b20f08648daa75a0e
org.sonarsource.update-center	sonar-update-center-common	1.31.0.1207		cd2747a46824c1be639a8fab4e3824c5e6cb87f8
org.sonarsource.update-center	sonar-update-center-common	1.32.0.2441		7491041af42f37de05560218e28acb9a50775677
org.sonarsource.update-center	sonar-update-center-common	1.33.0.2759		83abec493ce6068e4440886905677e0f86e58ce2
org.sonarsource.update-center	sonar-update-center-common	1.34.0.2766		723caf5d7eb51e1520aec7c3a1168df0eca3d54b
org.sonarsource.update-center	sonar-update-center-common	1.35.0.2835		68cd0869db3196447e52d8fc1b9762e88820c459
org.springframework.cloud.stream.app	kafka-source-kafka	4.0.0		edbd299a1bba8e593e5ac178e60a41506a1dc3bf
org.springframework.cloud.stream.app	kafka-source-kafka	4.0.0	metadata	afc160576790400e7d98bbaf41d75b5e51a341c7
org.springframework.cloud.stream.app	kafka-source-kafka	4.0.1		2458c2c5e8e6bb44da1f413af2b9b987540290fc
org.springframework.cloud.stream.app	kafka-source-kafka	4.0.1	metadata	a95491bc74c9e1a620f1449f42c821c50a45a529
org.springframework.cloud.stream.app	kafka-source-kafka	5.0.0		ca39f870b0f57d081f6a6da176cc279d62e7edea
org.springframework.cloud.stream.app	kafka-source-kafka	5.0.0	metadata	ea3ac7111c3e2899d464af9674e8e01105197f33
org.springframework.cloud.stream.app	kafka-source-kafka	5.0.1		1f9a8bec8f493d9a8adb80595a70a883f9695823
org.springframework.cloud.stream.app	kafka-source-kafka	5.0.1	metadata	c951b00f060ef9a01fc54e530b47b906835b5b5f
org.springframework.cloud.stream.app	kafka-source-kafka	5.1.0		762711b03693fa78c77a8ca2843897b98514ea2a
org.springframework.cloud.stream.app	kafka-source-kafka	5.1.0	metadata	c144a5f45e33e9b7f1bbdee48df9c30b9891bb13
org.typelevel	discipline-scalatest_sjs1.0-RC2_2.11	1.0.0		27ef69136c42eb6384c4522d61a86494117a72a8
org.typelevel	discipline-scalatest_sjs1.0-RC2_2.11	1.0.0-RC2		65bbbcabf0095742daccd87452728699d7d49fec
org.typelevel	discipline-scalatest_sjs1.0-RC2_2.11	1.0.0-RC3		557cc6b766a95de2d02bf3eb5cbb24241caf370f
org.typelevel	discipline-scalatest_sjs1.0-RC2_2.11	1.0.0-RC4		f8b22586aba0a139a00596d655d0dfa7058abddc
org.webjars.bower	github-com-jssor-slider	20.0.0		612dc01c044fb8d8aa5eaecc3de7de4094646ed6
org.webjars.bowergithub.polymerelements	marked-element	1.4.2		c599d430a8b6eb79fd3ef8eac964935837145d2b
org.webjars.bowergithub.polymerelements	marked-element	2.4.0		27827a70c15d0a83a8416a17165e533f85718136
org.webjars.bowergithub.polymerelements	marked-element	3.0.1		7b6bb2709b1924504affc7c2d73e3d2d14c155cb
org.webjars.npm	diff-js-xml	1.0.8		71274fc5f1b8353c49d754df79ed7795350087c4
org.webjars.npm	is-color-stop	1.1.0		714fb7a7fc8abf7dee1480a576e50a42de179991
org.webjars.npm	postcss-color-hsl	2.0.0		fb6026aeb57f7d5a53ace13610709662b16e0ff7
org.webjars.npm	pug-code-gen	2.0.1		8e50a6a4ec0566f6655a24b79a9debd05dc90a42
org.wicketstuff	wicket-security-swarm	1.5-RC4.2		4e132a1abf7ff14e39b2b5398b13d933497bf31d
org.wicketstuff	wicket-security-swarm	1.5-RC5.1		6b21c5573158f449df40786890fb37c5c79e372e
org.wvlet.airframe	airframe-sql_2.13	20.11.0		135c3a96420290747cd52a2648fee9530a6b1d65
org.wvlet.airframe	airframe-sql_2.13	20.12.0		3dbb1451da62c8f5640af54eb7d1185e3b65aef5
org.wvlet.airframe	airframe-sql_2.13	20.12.1		19a778f2d7bc3cfaf3e3ebcd332d9efeebfc03ae
org.wvlet.airframe	airframe-sql_2.13	20.12.2		6e3ccd57806c8889129728f75ef83eb19153b6a0
org.wvlet.airframe	airframe-sql_2.13	2025.1.0		96965394c9f2f774441d9799187afa912fcea306
org.wvlet.airframe	airframe-sql_2.13	2025.1.1		f31e666f0072446425cc1f1fd90055f0af5a5232
org.wvlet.airframe	airframe-sql_2.13	2025.1.10		814bf14c54d473607d70f7876155220e501e6c67
org.wvlet.airframe	airframe-sql_2.13	2025.1.2		ecec52059700f6b37dd53542c42f74c1dff70b5d
org.wvlet.airframe	airframe-sql_2.13	2025.1.3		d7f56e6775ba57dd089c7fd62972711f63c30b83
org.wvlet.airframe	airframe-sql_2.13	2025.1.4		2f1ad844745467fe5af13e4ae0e0d1bd5ac1148b
org.wvlet.airframe	airframe-sql_2.13	2025.1.5		e9bdb99f30f12cfb8f0c3616b1e2f61e0950bbdf
org.wvlet.airframe	airframe-sql_2.13	2025.1.6		9a1c04b6d673af6f39d06c4982099d77b6cc0613
org.wvlet.airframe	airframe-sql_2.13	2025.1.7		f1c0985ec8cf904f828d35964ab4d2e886374c03
org.wvlet.airframe	airframe-sql_2.13	2025.1.8		6da1bca07f7a3ec6dfa12d659c35f6057b7a8515
org.wvlet.airframe	airframe-sql_2.13	2025.1.9		9ad1eafdaf8f12c5697afe7dc81e362975ce79e9
org.wvlet.airframe	airframe-sql_2.13	21.1.0		5b479cedcbf453bf92b7b9a3878b41338e19719a
org.wvlet.airframe	airframe-sql_2.13	21.1.1		355971c92ac55e9ddf25b792aa40a612d31851d7
org.wvlet.airframe	airframe-sql_2.13	21.10.0		3ed0687d4b7e9e6accb2e59f3850248e45056ee7
org.wvlet.airframe	airframe-sql_2.13	21.11.0		672dbf88838b972c5f46e80e9cd0e203f1722ddf
org.wvlet.airframe	airframe-sql_2.13	21.12.0		59586fd6d9d226bae7821d17201fbd9d8a8ae716
org.wvlet.airframe	airframe-sql_2.13	21.12.1		7ea155a3895be1fc9f7df35f0a8030e90cd3354c
org.wvlet.airframe	airframe-sql_2.13	21.2.0		3cd6fb73c983009ac9b63a639a6c9771cc9d4342
org.wvlet.airframe	airframe-sql_2.13	21.3.0		2090f9da906c992f9bfefd9f4383b5dac287810f
org.wvlet.airframe	airframe-sql_2.13	21.3.1		ed307e9e442550c150fc83f2cff2e1fc8e5c9e16
org.wvlet.airframe	airframe-sql_2.13	21.4.0		ddd592e749b45e967e5a811773d88d0906abd9f5
org.wvlet.airframe	airframe-sql_2.13	21.4.1		b1b044910d82abb98110fdb06188dc58c2a02a2c
org.wvlet.airframe	airframe-sql_2.13	21.5.0		6054532abd3b1aa893a366a86cf2ee1e48770ecf
org.wvlet.airframe	airframe-sql_2.13	21.5.1		7b24d969a897bacaa228611e00d93139c3d14b44
org.wvlet.airframe	airframe-sql_2.13	21.5.2		5fe6a61c576e31372429b5fbb33906c20d0b0f7c
org.wvlet.airframe	airframe-sql_2.13	21.5.3		7db29f809ece43417fe5d6e250c19fd84756b602
org.wvlet.airframe	airframe-sql_2.13	21.5.4		07be8b544101dc9097e8a32741085b79d4c3fd45
org.wvlet.airframe	airframe-sql_2.13	21.6.0		3f76cf0362bbe3e3c30c66a96ad53dca57c4758b
org.wvlet.airframe	airframe-sql_2.13	21.7.0		ee7d3d436bb6a3253efe9511b0b6e7ef72c1fa21
org.wvlet.airframe	airframe-sql_2.13	21.8.0		3558fb08fc3af0336dfe17e2a270049764357e81
org.wvlet.airframe	airframe-sql_2.13	21.8.1		34a86f3a1f5c7372d8a9cba18704515e70ea5efe
org.wvlet.airframe	airframe-sql_2.13	21.9.0		5edb862ef8cfe837dddf190f204c3e29c3dac610
org.wvlet.airframe	airframe-sql_2.13	22.1.0		95d1b0151a5f6be7568c0906f3dcb8c823455160
org.wvlet.airframe	airframe-sql_2.13	22.10.0		f35d530dab4cfda88dd95d52500ca17c785c2132
org.wvlet.airframe	airframe-sql_2.13	22.10.1		aa852245a1673207ee3b9086b7b2a5196170a159
org.wvlet.airframe	airframe-sql_2.13	22.10.2		a270e1c41387f4050d6cf7f7af64820678d1ba9b
org.wvlet.airframe	airframe-sql_2.13	22.10.3		5e56f8f7c7acfdc5d29d08421fd60574e51a3866
org.wvlet.airframe	airframe-sql_2.13	22.10.4		abd0939f247b4648843de99ec3527450433b3340
org.wvlet.airframe	airframe-sql_2.13	22.11.0		8d26e2b790a44a9feaaaf51bfd35b4937a5dac11
org.wvlet.airframe	airframe-sql_2.13	22.11.1		cf292b99afe44f855f675ec7506cae2824bcecc5
org.wvlet.airframe	airframe-sql_2.13	22.11.2		8b2c423b41568f2001ba7659f84441088cfd82a3
org.wvlet.airframe	airframe-sql_2.13	22.11.3		1d336166ddecb26f6b91d79e9c3be0a5203409bd
org.wvlet.airframe	airframe-sql_2.13	22.11.4		fece3282256de36b388eee876220c91280ed2542
org.wvlet.airframe	airframe-sql_2.13	22.12.0		4197644cc090d7de4dce8abc32f823f5f7bc84b7
org.wvlet.airframe	airframe-sql_2.13	22.12.1		a0041e26a2f1c3ae01fcf96c8ca55138964bb830
org.wvlet.airframe	airframe-sql_2.13	22.12.2		5e27b8d4cfccf426d5066f6054f3e153f3abaf62
org.wvlet.airframe	airframe-sql_2.13	22.12.3		7cd373be03b405b0a2638fffa62fd5511a3d944f
org.wvlet.airframe	airframe-sql_2.13	22.12.4		9dd73467148e85bff3705046b9c8100f9b6523b0
org.wvlet.airframe	airframe-sql_2.13	22.12.5		c6d8149985328c73af6d408885eba005e3d6fc2a
org.wvlet.airframe	airframe-sql_2.13	22.12.6		3cd4d4e1a120d620ffd16296a5005c09a146e2fa
org.wvlet.airframe	airframe-sql_2.13	22.2.0		47361a92bd807cc51440809c1fe531c3e8225970
org.wvlet.airframe	airframe-sql_2.13	22.3.0		963cca8b73d2bc684fa17a4efa0b3eb3663808bf
org.wvlet.airframe	airframe-sql_2.13	22.4.0		afb1ab075c755d904021f68f7372b6befdbf9a8a
org.wvlet.airframe	airframe-sql_2.13	22.4.1		06a91d574ce028ff731f19bc6e6389dbb86c0280
org.wvlet.airframe	airframe-sql_2.13	22.4.2		ff55c2f18211828a2235f82db0272c6aaae3dd6b
org.wvlet.airframe	airframe-sql_2.13	22.5.0		6563ca307056f779b41bfeba9a303671943472c3
org.wvlet.airframe	airframe-sql_2.13	22.6.0		d09375af9878276b8800e68f06ad4bcc89cebc2b
org.wvlet.airframe	airframe-sql_2.13	22.6.1		80784f5d1494031516a0dbe32ea3667f94176bf6
org.wvlet.airframe	airframe-sql_2.13	22.6.2		9addaa866ae8f0a5032dcc7070934002c148ab13
org.wvlet.airframe	airframe-sql_2.13	22.6.3		f9083e12348e8437a7c36d4bc8f423f5a802d118
org.wvlet.airframe	airframe-sql_2.13	22.6.4		b0b44a8742a1a417b17f2e58d28a4e5b3e70a4d0
org.wvlet.airframe	airframe-sql_2.13	22.7.0		b2703641cb51971d1b5aec42e21982708ac666e9
org.wvlet.airframe	airframe-sql_2.13	22.7.1		5342c7dc918882c3ed6bc13376c6d154577a60c3
org.wvlet.airframe	airframe-sql_2.13	22.7.2		0f84c603d53e10a8d9fa260d6d70c8dae354d868
org.wvlet.airframe	airframe-sql_2.13	22.7.3		0803a8eb5693d14d089fb9d20e09314f14beb0e9
org.wvlet.airframe	airframe-sql_2.13	22.8.0		e6d24d7916290f2eaddfabd647e9de87106551b5
org.wvlet.airframe	airframe-sql_2.13	22.9.0		1f03c9065da50f06e94e9c34917ec63bfd4184df
org.wvlet.airframe	airframe-sql_2.13	22.9.1		8ec46a0cb014b20d7d44a812db1c644fa2d5dcee
org.wvlet.airframe	airframe-sql_2.13	22.9.2		a17fd65ac66f39363f37bf67e5b53316f2d246a9
org.wvlet.airframe	airframe-sql_2.13	22.9.3		0335cf6354d183da7774d91256135b1d8c5ac2b1
org.wvlet.airframe	airframe-sql_2.13	23.1.0		707d5c9a277987321abb35b98e8b190ded056299
org.wvlet.airframe	airframe-sql_2.13	23.1.1		d77c8134506eea4ca19e6cd525fc249c7424be6a
org.wvlet.airframe	airframe-sql_2.13	23.1.2		2e8c4151841e8b62128f65661d57f2e17dbdd208
org.wvlet.airframe	airframe-sql_2.13	23.1.3		a59f61c80b01dab10dd39cf4103604b4106f9e97
org.wvlet.airframe	airframe-sql_2.13	23.1.4		4e1de2e575b1716f83b5e4a0cb1f251ff8deb75f
org.wvlet.airframe	airframe-sql_2.13	23.10.0		f9f535a4ac9be9b3fe91abb18f85dd7b66c343e6
org.wvlet.airframe	airframe-sql_2.13	23.11.0		1227d058547437283207805d0b027163240bd6d1
org.wvlet.airframe	airframe-sql_2.13	23.11.1		8ccc4fdcba9ab8a7debd5fd09d9eaa6ffd14b286
org.wvlet.airframe	airframe-sql_2.13	23.11.2		40e944b264f854a8fc1a34676d7619535c72d6bc
org.wvlet.airframe	airframe-sql_2.13	23.11.3		f277c3bf53c41d63d62f055e4ff4904f079b8e31
org.wvlet.airframe	airframe-sql_2.13	23.12.0		577eb299336203f4bc670987572abcb8d3d3f7f3
org.wvlet.airframe	airframe-sql_2.13	23.12.1		9a71707352c439fe51b3ce5666eb8125ce9108ec
org.wvlet.airframe	airframe-sql_2.13	23.2.0		9f6ac98434973362a722adf9b2ac4a9930984620
org.wvlet.airframe	airframe-sql_2.13	23.2.1		08d29a35e7120f1223c81af7605fe1ca0bd58abc
org.wvlet.airframe	airframe-sql_2.13	23.2.2		fa8eda0edf4f5732d7d39fd1d4dcdf2cc19bb558
org.wvlet.airframe	airframe-sql_2.13	23.2.3		0320acd5d6723e2f16fab3eeba475d417800fe5c
org.wvlet.airframe	airframe-sql_2.13	23.2.4		88cb0302050f88e0d958955a59e15c1146694b14
org.wvlet.airframe	airframe-sql_2.13	23.2.5		49c65eba6a8744e44db2c46e3b655ff1c7e62d00
org.wvlet.airframe	airframe-sql_2.13	23.3.0		0662c1cd9ec957998b66c7fa9009ccd2522fe8b6
org.wvlet.airframe	airframe-sql_2.13	23.3.1		8d623611c467df991dd6b5a30d24e907d720c93b
org.wvlet.airframe	airframe-sql_2.13	23.3.2		62436208b2cdd3d7ad80f74d923d1b41abc7e674
org.wvlet.airframe	airframe-sql_2.13	23.3.3		f9cbbc74f13ce843c58f8fe0c78027c83bf8b809
org.wvlet.airframe	airframe-sql_2.13	23.3.4		775bbb36f2e4b7a17abb48fddaecdd705eff5890
org.wvlet.airframe	airframe-sql_2.13	23.4.0		b9e820913620be82ee6af007685a805978ccf06e
org.wvlet.airframe	airframe-sql_2.13	23.4.1		927da115aafd321ecf548260cfbe3c033217fc44
org.wvlet.airframe	airframe-sql_2.13	23.4.2		732d2e5b2c2176399a1e941b9c42fe343641fd21
org.wvlet.airframe	airframe-sql_2.13	23.4.3		ca4e63dd50d7d7cd8c5529462f5b155bff0ec0f3
org.wvlet.airframe	airframe-sql_2.13	23.4.4		81c38d93cdffc601fdee67a7e4692e0585a62618
org.wvlet.airframe	airframe-sql_2.13	23.4.5		022a478696ff4f990a837144fcd6d9990c25b680
org.wvlet.airframe	airframe-sql_2.13	23.4.6		9fcdf6ff48ec135e2afb4ecdb181fcdf74b82cf5
org.wvlet.airframe	airframe-sql_2.13	23.4.7		241940d33eb4b8ffc914da43d7fb0ed30f1e8723
org.wvlet.airframe	airframe-sql_2.13	23.4.8		5b2ce4ae176ef143da5ac54bfb06325b64212a1d
org.wvlet.airframe	airframe-sql_2.13	23.5.0		ddd368c6602cc44320f2b6aa7e8e3c4fbaccacd2
org.wvlet.airframe	airframe-sql_2.13	23.5.2		99d7ebf94400f72aa74e297a0bc6a3e904837209
org.wvlet.airframe	airframe-sql_2.13	23.5.3		5a6ea058dc0518188401a02311bc8dd4fa6106e3
org.wvlet.airframe	airframe-sql_2.13	23.5.4		24f624c7c1dbf880f69230cf692db2f7d6a55533
org.wvlet.airframe	airframe-sql_2.13	23.5.5		c86c861682bbf08582ab5658fb5d0a899de46b2e
org.wvlet.airframe	airframe-sql_2.13	23.5.6		b024f6158d76b3b7940e065a74c3fb0b4db4da1e
org.wvlet.airframe	airframe-sql_2.13	23.5.7		8cf12db10dc43ea05fcaa3ba1d074383d0f9932d
org.wvlet.airframe	airframe-sql_2.13	23.6.0		d3772ed947e94c890c960c5505bbe512e441f129
org.wvlet.airframe	airframe-sql_2.13	23.6.1		e1d85277fa2233ef60c68c7ea97c2ec5a968269c
org.wvlet.airframe	airframe-sql_2.13	23.6.2		88deb8710baa7534886b515afd6b0c519f0dc5c9
org.wvlet.airframe	airframe-sql_2.13	23.7.0		515b92ecc0e5ef81cde8a79f76d460d04f767cc2
org.wvlet.airframe	airframe-sql_2.13	23.7.1		d58efd837202445b466d3898c7d35aa6d035f7a1
org.wvlet.airframe	airframe-sql_2.13	23.7.2		c1a9ff9b61afc5b64cd37e7979959ad271baba1f
org.wvlet.airframe	airframe-sql_2.13	23.7.3		b1bc353a1bab88327ede43b00b6069542ef3666c
org.wvlet.airframe	airframe-sql_2.13	23.7.4		e82b335313ec8120c4a989321047f44bd8ba7078
org.wvlet.airframe	airframe-sql_2.13	23.8.0		fdec6cdc0c6f46c77a6ef1760c9eb97c24c926df
org.wvlet.airframe	airframe-sql_2.13	23.8.1		3145dc274d2a637e794b00df7109630cc771a6a0
org.wvlet.airframe	airframe-sql_2.13	23.8.2		e47f6c23ae23b472b5d75e120db77e133061e453
org.wvlet.airframe	airframe-sql_2.13	23.8.3		bf322130d8a1758adf0c1be27c39e90dbfdc9d2a
org.wvlet.airframe	airframe-sql_2.13	23.8.4		88175ef7d3b8404ccbb9aa06230d24c8118b4190
org.wvlet.airframe	airframe-sql_2.13	23.8.5		45261688ad26dcb4a86b7107a27c0609e28176f0
org.wvlet.airframe	airframe-sql_2.13	23.8.6		68eae1f63e702ed921b941f8e78a40b9d59093c6
org.wvlet.airframe	airframe-sql_2.13	23.9.0		932aa3100b88ae4341744961f5dfe01ab41c60dc
org.wvlet.airframe	airframe-sql_2.13	23.9.1		b92edf26e7838c5190512c5642de723585e15c4f
org.wvlet.airframe	airframe-sql_2.13	23.9.2		8862ebabd45f7022e46b7c07212cc74fd2f55e86
org.wvlet.airframe	airframe-sql_2.13	23.9.3		3837a555c6bc743448fcd2fe76792bde1f7f063c
org.wvlet.airframe	airframe-sql_2.13	24.1.0		038b8bb6b8347369fc5a3714296da933dd2c418f
org.wvlet.airframe	airframe-sql_2.13	24.1.1		b853cec1075d60093121977aa9a8a8f1b4a88d7b
org.wvlet.airframe	airframe-sql_2.13	24.1.2		858172d01b0d8b63ac1f1320ed83cf177d920d7a
org.wvlet.airframe	airframe-sql_2.13	24.10.0		17db5f58c8659e0ef6567ca4e58bc5d0fb9ec009
org.wvlet.airframe	airframe-sql_2.13	24.11.0		c9353d59894971af8acdb36b89d1d1a9be68486f
org.wvlet.airframe	airframe-sql_2.13	24.12.0		b7bbebd425abe96f492bcb3b9241d69247a57144
org.wvlet.airframe	airframe-sql_2.13	24.12.1		e8aa3cf014de869bb7e52b506f07b96bf037cc03
org.wvlet.airframe	airframe-sql_2.13	24.12.2		95ef97b9dd02a3fdd6a05c8d0b5a92b2e737e4aa
org.wvlet.airframe	airframe-sql_2.13	24.2.0		a3a174985185cce141384ec654eb4ad50b2415fa
org.wvlet.airframe	airframe-sql_2.13	24.2.1		6317608c1f8986b1d5cde51e22c974118f1a3f02
org.wvlet.airframe	airframe-sql_2.13	24.2.2		28c69e3425ade6cc75a8af9629ef01525f0a3514
org.wvlet.airframe	airframe-sql_2.13	24.2.3		ba87d5e19f4f60b9d19571d2803210992f05a47f
org.wvlet.airframe	airframe-sql_2.13	24.3.0		d19a0f6591fbcafc62d24f0759fccf55d0cfda7b
org.wvlet.airframe	airframe-sql_2.13	24.4.0		b2c863f71a29415c888f9ba2653cfce1ba322996
org.wvlet.airframe	airframe-sql_2.13	24.4.1		16009bd0c6e70b4c7c3ec2194291be4836a6db6d
org.wvlet.airframe	airframe-sql_2.13	24.4.2		4734f552e03f38e2106c5d6eba5f8a4fdeb8315e
org.wvlet.airframe	airframe-sql_2.13	24.4.3		f86faacee73f87873aabe2fe056f3f40b12b21fb
org.wvlet.airframe	airframe-sql_2.13	24.5.0		64646aeaab37c5d7321b9ee26a962bf5978b2bca
org.wvlet.airframe	airframe-sql_2.13	24.5.1		e618f6f3c486e9d39818ed6f93c8f0dbaf00e96a
org.wvlet.airframe	airframe-sql_2.13	24.5.2		8e8d8175bda1a6522f26e85f48ee9c6c9bb16040
org.wvlet.airframe	airframe-sql_2.13	24.6.0		7a1ba4d3d66a47ae4f03053ae7aef59e2a2cfcfb
org.wvlet.airframe	airframe-sql_2.13	24.6.1		af1896dbe7d86b42c870e06796a96e0e37de2c06
org.wvlet.airframe	airframe-sql_2.13	24.7.0		ff31c36011957910c04d425feffbdefced5751fa
org.wvlet.airframe	airframe-sql_2.13	24.7.1		15893555afa637b093643b3f2fcad5aec31bc450
org.wvlet.airframe	airframe-sql_2.13	24.8.0		0cea686f656e6add5fab5b07cf894dbb914b7704
org.wvlet.airframe	airframe-sql_2.13	24.9.0		b618d61a05804fd5bc53efc7727b01ac52ec612f
org.wvlet.airframe	airframe-sql_2.13	24.9.1		ab3ddd2de0d3ba4ebc8a6b77d75956bd238f048f
org.wvlet.airframe	airframe-sql_2.13	24.9.2		374d73bf38f3197d7a94f833771d3b00a27a3506
org.wvlet.airframe	airframe-sql_2.13	24.9.3		d385b812eb95f22451e681aada95a758f1131952
pl.newicom.dddd	akka-ddd-write-front_2.11	1.0.2-M1		ed2999150df8b60379682b798eade94d076137b5
pl.newicom.dddd	akka-ddd-write-front_2.11	1.0.3-M1		3d41024c783817bee38ba7875b3b1463453c6b85
pl.newicom.dddd	akka-ddd-write-front_2.11	1.0.4		68865cee23b2194ed6100fd7d82340262ccbe4be
pl.newicom.dddd	akka-ddd-write-front_2.11	1.0.4-M1		73c8f9cc506ed521250d3cf1b5f68c688cb3eb6f
pl.newicom.dddd	akka-ddd-write-front_2.11	1.0.4-M2		cce6e01a10e8afe1fe9b8a9600049e6ed777c59f
pl.newicom.dddd	akka-ddd-write-front_2.11	1.0.5		744fd6b97af3c50a17badead0e9ad22595b74ba7
pl.newicom.dddd	akka-ddd-write-front_2.11	1.0.6		9f86a4ff54bb4ae9d23ac573cafa1fe222191c67
pl.newicom.dddd	akka-ddd-write-front_2.11	1.0.7		decd0a12ad33881681a2e5ef9a8888c4594fb5a8
pl.newicom.dddd	akka-ddd-write-front_2.11	1.0.9		c9ca5cc4ada4a1e85355e3a3bfe7ed248849716f
pl.newicom.dddd	akka-ddd-write-front_2.11	1.2.0		477ee4fbb13f7ec34017e474f941b83f93d7e2ca
pl.newicom.dddd	akka-ddd-write-front_2.11	1.2.1		06c449baf40b75669772a21e7034b5084284fcf3
pl.newicom.dddd	akka-ddd-write-front_2.11	1.2.2		4ac5d7e69f4fa13aed2f940647f44e6703dc1583
pl.newicom.dddd	akka-ddd-write-front_2.11	1.3.0		29031582928d8f966bd8da5c066b78fcbc4e2a28
pl.newicom.dddd	akka-ddd-write-front_2.11	1.3.1		e601b3ee28a9cdd0774a3e4474a0f23b2353d2fc
pl.newicom.dddd	akka-ddd-write-front_2.11	1.3.2		b3aee11a4611013da0e6da5ce1b781bddc4a91cd
pl.newicom.dddd	akka-ddd-write-front_2.11	1.3.3		cb146ef883c36500e82392853c66ec2ac2567f74
pl.newicom.dddd	akka-ddd-write-front_2.11	1.4.0		c8d28f0de5bd1f0fe00330722c6622c7f001fdea
pl.newicom.dddd	akka-ddd-write-front_2.11	1.4.1		c76ed4fa982344e6c1ea48077390a7ef78458dd6
pl.newicom.dddd	akka-ddd-write-front_2.11	1.5.0		25a7b9e66227a96755f87f1f10a9b423b3637dab
pl.newicom.dddd	akka-ddd-write-front_2.11	1.5.1		72a57f8540dadfb05ce289440a0cabf9597ce3e3
pl.newicom.dddd	akka-ddd-write-front_2.11	1.6.0		8b7e45a173fafbf9f957d8f5f0ea0a5a18358a19
pl.newicom.dddd	akka-ddd-write-front_2.11	1.6.1		5f66f89b5a7a57a5cbe7151d429ef32b110e071d
tf.tofu	tofu-kernel_2.12	0.10.3		556be38f2ce188016af5be2514f6d1619bba9678
tf.tofu	tofu-kernel_2.12	0.10.4		62352f94526179df30a248234eff92fa222f7a6f
tf.tofu	tofu-kernel_2.12	0.10.5		50cc589795b109b1ac387f896477a19879677216
tf.tofu	tofu-kernel_2.12	0.10.6		d8486a05558b7ccc78b40f8cf64977d6fcb3878c
tf.tofu	tofu-kernel_2.12	0.10.7		56d65d87c7cdcc1dacd9c32f276e73ba400f5767
tf.tofu	tofu-kernel_2.12	0.10.8		cbc52875649e8010773b3e957be137c6d947ca3c
tf.tofu	tofu-kernel_2.12	0.11.0		74b66d72c805025c0e1a7cd1a9689d79647f0aa2
tf.tofu	tofu-kernel_2.12	0.11.1		eb6217ab94cabc880828aed60f79355dc8f6a2e5
tf.tofu	tofu-kernel_2.12	0.12.0		d357ac22424395cacdbf1414a01f0ab34d28fc59
tf.tofu	tofu-kernel_2.12	0.12.0.1		e89844aa6e856fad7f0f2b6cc65a67c34dafa421
tf.tofu	tofu-kernel_2.12	0.12.1		e7e1f4da82095fe929e2084898e91bc10098d4ab
tf.tofu	tofu-kernel_2.12	0.13.0		7c10c73a1e248ca1dbedb9a4c5cd44335292ff48
tf.tofu	tofu-kernel_2.12	0.13.1		4a9ea756c43d6e880977cbd40ee280ff92f97eed
tf.tofu	tofu-kernel_2.12	0.13.2		ccbcdbf7113f012728bfaec87a93333431ba4ef0
tf.tofu	tofu-kernel_2.12	0.13.3		9432529ce31630a930a3e4aae4d998132fd98ab4
tf.tofu	tofu-kernel_2.12	0.13.4		1ee7ba181eef319b5ebc08ec7abe62ce259747bf
tf.tofu	tofu-kernel_2.12	0.13.5		733c249d63cf8b0358b35db12eb4e7b26b8d7834
tf.tofu	tofu-kernel_2.12	0.13.6		0b5283c6390d61c186cef29e6b6eb1cbed92a733
tf.tofu	tofu-kernel_2.12	0.13.7		5acb8550d5485f6e56d2a9e2f5b3b92f435c61eb
tz.co.asoft	identifier-comm-linuxx64	2.0.16		N/A
