app.cash.sqldelight	primitive-adapters-linuxarm64	2.0.0		N/A
app.cash.sqldelight	primitive-adapters-linuxarm64	2.0.0-rc02		N/A
app.cash.sqldelight	primitive-adapters-linuxarm64	2.0.1		N/A
app.cash.sqldelight	primitive-adapters-linuxarm64	2.0.2		N/A
com.acxiom	metalus-utils_2.12-spark_3.1	1.8.1		f74932937f8711b86ffb58b7bfeb00df16374b73
com.acxiom	metalus-utils_2.12-spark_3.1	1.8.2		891978b6c9a6aebbe50b6298b3190bd24a3107c6
com.acxiom	metalus-utils_2.12-spark_3.1	1.8.3		849bf4243705871126f177146b9ac57bd0eafc5d
com.acxiom	metalus-utils_2.12-spark_3.1	1.8.4		958c9f0796ee0267d72e0a6e4ae16ceaee91ebd5
com.acxiom	metalus-utils_2.12-spark_3.1	1.8.5		c94e8061a5594cf17e881883ceac7ea4bc7c38dd
com.acxiom	metalus-utils_2.12-spark_3.1	1.8.6		8f724cf858ece3ee0741c6149ce91e077a5c09df
com.acxiom	metalus-utils_2.12-spark_3.1	1.8.7		92a9746791e2b422f99941b7e17e3a9e8f8c4414
com.acxiom	metalus-utils_2.12-spark_3.1	1.9.0		d34320a042e799b42733d33f998ece9b9c37c8ee
com.acxiom	metalus-utils_2.12-spark_3.1	1.9.1		42a0750a2a023e51b756173e4904a47dae4d5536
com.acxiom	metalus-utils_2.12-spark_3.1	1.9.10		eec8f2f26ec10c6e7649af1e4bfe6e804502af13
com.acxiom	metalus-utils_2.12-spark_3.1	1.9.12		b4f25aba6f8a45159c2c9457926544d6852fc532
com.acxiom	metalus-utils_2.12-spark_3.1	1.9.2		8d90af5b265d33d3ce276153d246d5b197973553
com.acxiom	metalus-utils_2.12-spark_3.1	1.9.3		0a85d724d60039136ee2635b84b71a4bd0515ba2
com.acxiom	metalus-utils_2.12-spark_3.1	1.9.4		8abdcd1bb9e01c2e2c9c3966067e4de93177e18e
com.acxiom	metalus-utils_2.12-spark_3.1	1.9.5		0f212ce5669da46b8af482f2ae0ca55f62f7b75a
com.acxiom	metalus-utils_2.12-spark_3.1	1.9.6		0e43f1115aec2765d92e0fab0b12fca6229df041
com.acxiom	metalus-utils_2.12-spark_3.1	1.9.7		ff4aa0ab1adf882b3a115f022fef8f2f7e5c3d28
com.acxiom	metalus-utils_2.12-spark_3.1	1.9.8		151ea7edaa8aa687af4a46083f679796350323d5
com.acxiom	metalus-utils_2.12-spark_3.1	1.9.9		fd523ae0835b30857285a799c3ac768b2a2ae36e
com.alibaba.hologres	hologres-connector-parent	1.0.0		N/A
com.alibaba.hologres	hologres-connector-parent	1.0.1		N/A
com.alibaba.hologres	hologres-connector-parent	1.1.0		N/A
com.alibaba.hologres	hologres-connector-parent	1.1.1		N/A
com.alibaba.hologres	hologres-connector-parent	1.2.0		N/A
com.alibaba.hologres	hologres-connector-parent	1.3.0		N/A
com.alibaba.hologres	hologres-connector-parent	1.3.2		N/A
com.alibaba.hologres	hologres-connector-parent	1.4.0		N/A
com.alibaba.hologres	hologres-connector-parent	1.4.1		N/A
com.alibaba.hologres	hologres-connector-parent	1.4.2		N/A
com.alibaba.hologres	hologres-connector-parent	1.4.2.1		N/A
com.alibaba.hologres	hologres-connector-parent	1.4.3		N/A
com.alibaba.hologres	hologres-connector-parent	1.4.3.1		N/A
com.alibaba.hologres	hologres-connector-parent	1.5.0		N/A
com.alibaba.hologres	hologres-connector-parent	1.5.0.1		N/A
com.alibaba.hologres	hologres-connector-parent	1.5.1		N/A
com.alibaba.hologres	hologres-connector-parent	1.5.1.1		N/A
com.alibaba.hologres	hologres-connector-parent	1.5.2		N/A
com.alibaba.hologres	hologres-connector-parent	1.5.3		N/A
com.arkivanov.mvikotlin	mvikotlin-macosarm64	3.0.0		N/A
com.arkivanov.mvikotlin	mvikotlin-macosarm64	3.0.0	metadata	74f160fd887641e66d33733561bfabc2e15d79cf
com.arkivanov.mvikotlin	mvikotlin-macosarm64	3.0.0-alpha02		N/A
com.arkivanov.mvikotlin	mvikotlin-macosarm64	3.0.0-alpha02	metadata	39afc14e109d22232eeb0f9cadf44892b4c87c1b
com.arkivanov.mvikotlin	mvikotlin-macosarm64	3.0.0-alpha03		N/A
com.arkivanov.mvikotlin	mvikotlin-macosarm64	3.0.0-alpha03	metadata	c3ba4bcfd5999eb125a46713b12e492b9bae0a14
com.arkivanov.mvikotlin	mvikotlin-macosarm64	3.0.0-beta01		N/A
com.arkivanov.mvikotlin	mvikotlin-macosarm64	3.0.0-beta01	metadata	6e8eb2e2f72ef63bbe080c8df61ea4ab5bd66a45
com.arkivanov.mvikotlin	mvikotlin-macosarm64	3.0.0-beta02		N/A
com.arkivanov.mvikotlin	mvikotlin-macosarm64	3.0.0-beta02	metadata	1c98370d9213e23f68d71d0ea67c95d49374d7b5
com.arkivanov.mvikotlin	mvikotlin-macosarm64	3.0.1		N/A
com.arkivanov.mvikotlin	mvikotlin-macosarm64	3.0.1	metadata	61306bfdb8c4ef3de713d85d32ac046dc5c57b7c
com.arkivanov.mvikotlin	mvikotlin-macosarm64	3.0.2		N/A
com.arkivanov.mvikotlin	mvikotlin-macosarm64	3.0.2	metadata	7ad874ea8dd861d2acd17a418bab22c1d9b68ced
com.arkivanov.mvikotlin	mvikotlin-macosarm64	3.1.0		N/A
com.arkivanov.mvikotlin	mvikotlin-macosarm64	3.1.0	metadata	572e17484f2893ca6f2e23af85199ac7c72442be
com.arkivanov.mvikotlin	mvikotlin-macosarm64	3.2.0		N/A
com.arkivanov.mvikotlin	mvikotlin-macosarm64	3.2.0	metadata	a3cac6685d73c36dd51055653e15098b7ad0b538
com.arkivanov.mvikotlin	mvikotlin-macosarm64	3.2.1		N/A
com.arkivanov.mvikotlin	mvikotlin-macosarm64	3.2.1	metadata	55f767529b0ba108c513dc6a6b804b44258d80c6
com.arkivanov.mvikotlin	mvikotlin-macosarm64	3.3.0		N/A
com.arkivanov.mvikotlin	mvikotlin-macosarm64	3.3.0	metadata	3bc5d8635dab227d8e4e74ab1921a6409f3a276a
com.arkivanov.mvikotlin	mvikotlin-macosarm64	4.0.0		N/A
com.arkivanov.mvikotlin	mvikotlin-macosarm64	4.0.0	metadata	1be573774da7125b2f6652f60f5d48133e204daf
com.arkivanov.mvikotlin	mvikotlin-macosarm64	4.0.0-alpha01		N/A
com.arkivanov.mvikotlin	mvikotlin-macosarm64	4.0.0-alpha01	metadata	c0624a934a6089022bea04f7261fbd438c9549ae
com.arkivanov.mvikotlin	mvikotlin-macosarm64	4.0.0-alpha02		N/A
com.arkivanov.mvikotlin	mvikotlin-macosarm64	4.0.0-alpha02	metadata	4bdbdf7f2d99ca2d2851c7e3a35750e4c0e60a66
com.arkivanov.mvikotlin	mvikotlin-macosarm64	4.0.0-beta01		N/A
com.arkivanov.mvikotlin	mvikotlin-macosarm64	4.0.0-beta01	metadata	d9595f9853fcf6760501df4c0c696243cbe9e968
com.arkivanov.mvikotlin	mvikotlin-macosarm64	4.1.0		N/A
com.arkivanov.mvikotlin	mvikotlin-macosarm64	4.1.0	metadata	7b90ae600edbf22999523e02cefd562ffb047b4a
com.arkivanov.mvikotlin	mvikotlin-macosarm64	4.2.0		N/A
com.arkivanov.mvikotlin	mvikotlin-macosarm64	4.2.0	metadata	c4e94aae05f907e1e384123e65d18f7236fcff3b
com.arkivanov.mvikotlin	mvikotlin-macosarm64	4.3.0		N/A
com.arkivanov.mvikotlin	mvikotlin-macosarm64	4.3.0	metadata	484f8a14d5c45caac9bd50d26e03db47655033fb
com.caesarealabs	loggy-shared-wasmJs	0.1.1		N/A
com.contactlab.hub	sdk-java	1.2.1		09ee96dd5ed580c2845fb7f5c96ae8ba7fb14e94
com.contactlab.hub	sdk-java	1.3.0		558002697a5b7e50a7f2c6e6692a2dd73a6cc64c
com.contactlab.hub	sdk-java	1.4.0		98c2bc523d1ae5775c2470917ba907eaf34b306f
com.contactlab.hub	sdk-java	1.4.1		ede922da051dbd33a8522fd669500fe7cae3ed44
com.contactlab.hub	sdk-java	1.4.2		396fa01b333b02f546d9684ee8fd604c4dfc03d1
com.contactlab.hub	sdk-java	1.4.3		9b87b344a4ab45031672e245263da5e7a6e33354
com.contactlab.hub	sdk-java	1.4.4		75c74b0c9bbfe3d4ebfc57c3676a8a9d5890ce53
com.contactlab.hub	sdk-java	1.5.0		873eaeecee7ba6b6c57013ab353145fe0990cfed
com.contactlab.hub	sdk-java	1.6.0		3e197dc8b64cc51d1337264e7d48498234a27435
com.contactlab.hub	sdk-java	1.7.0		087439fbbc865445e558b17199ab9f24c7fcbe82
com.contactlab.hub	sdk-java	1.8.0		a6a3fe455214e20d075ca5a8a7c3e8ef59d2d545
com.disneystreaming.smithy4s	smithy4s-aws_2.13	0.0.0-3-cca5341b		08f89019a8df0cfa300813522f41b61e725400e0
com.disneystreaming.smithy4s	smithy4s-aws_2.13	0.0.0-388-16474590		3de30eb4087260d10cf2be037728f5b9b63c6648
com.disneystreaming.smithy4s	smithy4s-aws_2.13	0.10.0		5160eac9bc4ec477b4652e93248cc8199bc47a1f
com.disneystreaming.smithy4s	smithy4s-aws_2.13	0.11.0		66ec60f2fd47f136ed297d8462e7a59e4b52ba8f
com.disneystreaming.smithy4s	smithy4s-aws_2.13	0.11.1		7f521cc582ffdd13d456c04ba78c9db8fd9d9628
com.disneystreaming.smithy4s	smithy4s-aws_2.13	0.11.2		29af31d1ee0e7ef89aa780ec1592d09bc16dbf97
com.disneystreaming.smithy4s	smithy4s-aws_2.13	0.11.3		ae639f1e4339866fe8766bffd349efda6e64c5ae
com.disneystreaming.smithy4s	smithy4s-aws_2.13	0.11.3-11-54c38f45		efb199d7aef2b10a169d60748b31f079380b0465
com.disneystreaming.smithy4s	smithy4s-aws_2.13	0.11.3-6-95429ed2		75d177ae2f6a545ad083a0c21e468d3a9240b947
com.disneystreaming.smithy4s	smithy4s-aws_2.13	0.11.3-7-34838009		6d42807415c1948284bb0f5783ffa897e9112e84
com.disneystreaming.smithy4s	smithy4s-aws_2.13	0.12.0		4821809b58248b41574ad8adde871ab82c9d52db
com.disneystreaming.smithy4s	smithy4s-aws_2.13	0.12.1		6723f6ea9ec2cc0b62ea7e580f344d9ac53d4ae3
com.disneystreaming.smithy4s	smithy4s-aws_2.13	0.12.10		28fd2a6948aede8b6031122404f6165f0cd62f77
com.disneystreaming.smithy4s	smithy4s-aws_2.13	0.12.11		1a8962fc7fb770d4f53bf1df05c5657b889f1d61
com.disneystreaming.smithy4s	smithy4s-aws_2.13	0.12.12		073d24acf696a30794224d96f603b87abb075e43
com.disneystreaming.smithy4s	smithy4s-aws_2.13	0.12.13		e9a8d104d5ef1ebd5edd17c599a67f6693c75ab2
com.disneystreaming.smithy4s	smithy4s-aws_2.13	0.12.14		bd61eb387966183358ca15ce5dfe6237216de093
com.disneystreaming.smithy4s	smithy4s-aws_2.13	0.12.15		bbbe526cb355c560573ffdf0f68d00b69853fbad
com.disneystreaming.smithy4s	smithy4s-aws_2.13	0.12.16		2cbbfaa1ae2c011260ed0259a0cb1abf7495540f
com.disneystreaming.smithy4s	smithy4s-aws_2.13	0.12.16-11-deaa5a36		7b0eddfe1cc59e0806d1e28ed1e8bac0677675f3
com.disneystreaming.smithy4s	smithy4s-aws_2.13	0.12.16-43-1071a140		99310d82279bc852b57693dee6bca8a32ef06f43
com.disneystreaming.smithy4s	smithy4s-aws_2.13	0.12.16-58-834dc248		cecd2b9d3a07db6917525bbfbaed1cc91e3521b7
com.disneystreaming.smithy4s	smithy4s-aws_2.13	0.12.2		00dfc00f1bce283ec3fd6ca98c3060ce1859afed
com.disneystreaming.smithy4s	smithy4s-aws_2.13	0.12.3		a957703cef4bab99c96504873b7f6ff3d8f11732
com.disneystreaming.smithy4s	smithy4s-aws_2.13	0.12.4		5e0d1395768c5b57b3334b10cdac30bdc82d9d92
com.disneystreaming.smithy4s	smithy4s-aws_2.13	0.12.5		a03f1e76fdcbc78cfe1894820b8cf9dae71a5339
com.disneystreaming.smithy4s	smithy4s-aws_2.13	0.12.6		afc6dd52e0f3a7884303e72253f89410cb829282
com.disneystreaming.smithy4s	smithy4s-aws_2.13	0.12.7		20d6b2c44bf098b598dc54055922e8d69d1abc39
com.disneystreaming.smithy4s	smithy4s-aws_2.13	0.12.8		8245f3ac4b6106f1ddc171ff802304ead5a1a5af
com.disneystreaming.smithy4s	smithy4s-aws_2.13	0.12.9		6c95cc5e9ee8015a7977ccabfd480891b67e5819
com.disneystreaming.smithy4s	smithy4s-aws_2.13	0.13.0		2e49b6fc4cae5779d77a5464736a1bfb5ca7a872
com.disneystreaming.smithy4s	smithy4s-aws_2.13	0.13.1		7b74cc429b16b37e3afa774b0deda5659b713a56
com.disneystreaming.smithy4s	smithy4s-aws_2.13	0.13.1-23-1b685de5		cd8895366d628bf5b386251bead3be3a908cd570
com.disneystreaming.smithy4s	smithy4s-aws_2.13	0.13.2		9d1e054d4594ee9cb820b14e97b8955ca7591dc7
com.disneystreaming.smithy4s	smithy4s-aws_2.13	0.13.3		dadcda32b74d30323e18c4e12d7af92fc59aaf5f
com.disneystreaming.smithy4s	smithy4s-aws_2.13	0.13.4		1a104b53ce343a210199d2a53a56dc8d665d18df
com.disneystreaming.smithy4s	smithy4s-aws_2.13	0.13.5		31d8123b203c433e85c598a226bc2e3db595d7ae
com.disneystreaming.smithy4s	smithy4s-aws_2.13	0.13.6		bd90f987ed2de4d880d5f778d1e97c4d47bc1f9d
com.disneystreaming.smithy4s	smithy4s-aws_2.13	0.13.7		4c0ec8a1443661127d7684e50cb1e9251dd1999f
com.disneystreaming.smithy4s	smithy4s-aws_2.13	0.13.7-26-9b10ebbd		c11ce3cebb4fac03bd6e06107405f235a4822a08
com.disneystreaming.smithy4s	smithy4s-aws_2.13	0.14.0		32ee20841eeabefdbb2ba292b79f146b4b2bf296
com.disneystreaming.smithy4s	smithy4s-aws_2.13	0.14.1		673b84c29c35d41fd8533ab9c33663feb280aa6d
com.disneystreaming.smithy4s	smithy4s-aws_2.13	0.14.2		d457206002fcc8ebf6f49df26daaf1ed4a71e200
com.disneystreaming.smithy4s	smithy4s-aws_2.13	0.14.2-64-f2dd3e63		0c74e7127712929c4fe1a3bda0f2143b00f0b3b5
com.disneystreaming.smithy4s	smithy4s-aws_2.13	0.15.0		96272b5baf0c8f39b0834906b1619e99f5b17304
com.disneystreaming.smithy4s	smithy4s-aws_2.13	0.15.1		d2cf9941d020c051af393c690927792e485662f9
com.disneystreaming.smithy4s	smithy4s-aws_2.13	0.15.2		285a467e3f9b87c869578751919678ed4f5a05b4
com.disneystreaming.smithy4s	smithy4s-aws_2.13	0.15.3		35cf39533f3803932809ba38cdcff0c3eace60fd
com.disneystreaming.smithy4s	smithy4s-aws_2.13	0.16.0		bc288f905e64971b6c8b871b1f75dfb010cc058a
com.disneystreaming.smithy4s	smithy4s-aws_2.13	0.16.1		f2ac7ebeda16c083dccb1550a62039bb7096b7e3
com.disneystreaming.smithy4s	smithy4s-aws_2.13	0.16.1-6-172c4a6		26fdae50a9694d277a49d726b17053e43de4ab73
com.disneystreaming.smithy4s	smithy4s-aws_2.13	0.16.10		6fbd8a1a6e3725d23ab383382c1827645efa93b0
com.disneystreaming.smithy4s	smithy4s-aws_2.13	0.16.2		5c9c7f7041a2a574066d60c77ab39e7d7b06fec7
com.disneystreaming.smithy4s	smithy4s-aws_2.13	0.16.3		fa042273068a95123c1f71d88ca7d7697859a047
com.disneystreaming.smithy4s	smithy4s-aws_2.13	0.16.4		90f35e8060b636e67fb8c4cba3721f41dbfea5bb
com.disneystreaming.smithy4s	smithy4s-aws_2.13	0.16.5		8283307cbccc508c3f9012b07037ae8651e338c8
com.disneystreaming.smithy4s	smithy4s-aws_2.13	0.16.6		6da8763312656a83682d3d4b1d427cc721350113
com.disneystreaming.smithy4s	smithy4s-aws_2.13	0.16.7		f51c96c20b3b670a15015757ba2d7bfc37778284
com.disneystreaming.smithy4s	smithy4s-aws_2.13	0.16.8		7281997d7a49fae0faccc04bf66ca468d78f966b
com.disneystreaming.smithy4s	smithy4s-aws_2.13	0.16.9		6a60b9c3b17de0c0d56576200c666da32f96014d
com.disneystreaming.smithy4s	smithy4s-aws_2.13	0.17.0		9d0b62a85151e941ffdc3895c24f14a591109d44
com.disneystreaming.smithy4s	smithy4s-aws_2.13	0.17.0-11-3359289		c15d5495683588f516ca7e2435a056ea87473c57
com.disneystreaming.smithy4s	smithy4s-aws_2.13	0.17.0-127-b1246cc		317b448614d74f5a129f2745ff02769f82d6fb79
com.disneystreaming.smithy4s	smithy4s-aws_2.13	0.17.0-128-d970888		4258880ad41e6f286dbbb3a4ec0467768686b15b
com.disneystreaming.smithy4s	smithy4s-aws_2.13	0.17.0-169-d86112b		efbdb72f6e18dbea295883396938084e000789e9
com.disneystreaming.smithy4s	smithy4s-aws_2.13	0.17.0-177-7156a5c		ebaefae41ac1ec94b6ba495182d0269534b417b4
com.disneystreaming.smithy4s	smithy4s-aws_2.13	0.17.0-184-ea6084c		3eefa7b7a029f4923f398a6cd11fc023917dbe26
com.disneystreaming.smithy4s	smithy4s-aws_2.13	0.17.0-213-644f5ae		952d11ad2d01a3dcbf9dfa1188424be63b4cea79
com.disneystreaming.smithy4s	smithy4s-aws_2.13	0.17.0-225-fc68d1b		3c503b7cc94375b696119ef903b8fb1642ff5d99
com.disneystreaming.smithy4s	smithy4s-aws_2.13	0.17.1		3a763856978249d6c3f36153b3222b40adfea850
com.disneystreaming.smithy4s	smithy4s-aws_2.13	0.17.10		8e3cf3456f868f8192e42d37c620d5a34445db13
com.disneystreaming.smithy4s	smithy4s-aws_2.13	0.17.11		2cd41501dc22e5981fc514e2e4bbb677336b8864
com.disneystreaming.smithy4s	smithy4s-aws_2.13	0.17.12		1401dfb79f307ab7cda687e5369da3abf40c8d5d
com.disneystreaming.smithy4s	smithy4s-aws_2.13	0.17.13		eae26e3105e1f63d46f481e38034d4f6794098ce
com.disneystreaming.smithy4s	smithy4s-aws_2.13	0.17.14		d55428f104b53a2fd987fcd1213ea325e899fecd
com.disneystreaming.smithy4s	smithy4s-aws_2.13	0.17.15		14f410712351b9b6ca25bda0c8d4b0079617abc1
com.disneystreaming.smithy4s	smithy4s-aws_2.13	0.17.16		bdd8d84bb6b4fd85c37a62e2b7baf4d2d458a771
com.disneystreaming.smithy4s	smithy4s-aws_2.13	0.17.17		9f0321237045b6311c4f4c2db8cdfdf210d0a4ad
com.disneystreaming.smithy4s	smithy4s-aws_2.13	0.17.18		89b5ac322a14646c5e03c54d88378a60f56e6a7c
com.disneystreaming.smithy4s	smithy4s-aws_2.13	0.17.19		89fd2107d6c3eeffecddb4e4ea09d28f0be23e15
com.disneystreaming.smithy4s	smithy4s-aws_2.13	0.17.2		0dda1152f4df7afab8d8b8633a55584096eae608
com.disneystreaming.smithy4s	smithy4s-aws_2.13	0.17.3		2540eb9bda206d2c2c31101e067076ce2f51aa41
com.disneystreaming.smithy4s	smithy4s-aws_2.13	0.17.4		1201504d9988b813c5b36478f4b278f605597158
com.disneystreaming.smithy4s	smithy4s-aws_2.13	0.17.5		e6799e1466b8a8ffd8a091a843cc705ea8dc96bc
com.disneystreaming.smithy4s	smithy4s-aws_2.13	0.17.6		04f56a66eb61edc16e8303f6a7c11e60161f3a8f
com.disneystreaming.smithy4s	smithy4s-aws_2.13	0.17.7		54ff34f179a595ec448bd6d69baf70c3b9f24e0e
com.disneystreaming.smithy4s	smithy4s-aws_2.13	0.17.8		08f9828417d0a69bbd5e4decc75fdf8502c1b5e4
com.disneystreaming.smithy4s	smithy4s-aws_2.13	0.17.9		78d696ed55a0d001350abcab252647ba04e0998e
com.disneystreaming.smithy4s	smithy4s-aws_2.13	0.9.0		c79feb67e1a566900de75d1d8127a9fb980f24ee
com.disneystreaming.smithy4s	smithy4s-aws_2.13	0.9.1		21080598e9f6515cf48b3b2a839137807f0b29db
com.github.annypatel.databinding	binding-mapper	1.0.0-alpha1		N/A
com.github.scalaprops	scalaprops-shapeless_native0.4_2.13	0.4.1		4599f33cb6602e529a10e6a0bf0e26bfba83a57c
com.github.scalaprops	scalaprops-shapeless_native0.4_2.13	0.4.2		2e0b1e0a4cc7076a5bf53053b0c7862e6dd3299d
com.github.scalaprops	scalaprops-shapeless_native0.4_2.13	0.4.3		6c379b2ce88725d66522d55e9794035929137396
com.github.scalaprops	scalaprops-shapeless_native0.4_2.13	0.4.4		0ae35f09d255d18c9dc402fb60598779b0732fa7
com.github.scalaprops	scalaprops-shapeless_native0.4_2.13	0.5.0		1104bd787f8c38178206209e9ea4d0fb459dc549
com.github.scalaprops	scalaprops-shapeless_native0.4_2.13	0.5.1		a9d059312e3290c96903a335ae0c27f039e70ebe
com.github.zhangquanli	qcloudcos-spring-boot-starter	1.0.0		2204c97053c2d59d47c7db022ddc2290786eef6f
com.github.zhangquanli	qcloudcos-spring-boot-starter	1.0.1		bd0800e1801ec1bd4b1cbfbafd81d9fe782aaf5c
com.googlecode.kevinarpe-papaya	kevinarpe-papaya-testing-slf4j	0.0.13		fd10d01926db597208ed31d6fb684d27201f08fb
com.googlecode.kevinarpe-papaya	kevinarpe-papaya-testing-slf4j	0.0.14		5a21029e8f81d0928d0ae28580d51389097bc738
com.googlecode.kevinarpe-papaya	kevinarpe-papaya-testing-slf4j	0.0.15		e0750d67f7a428ac9bc056fd58226c72ea41291d
com.helger	ph-ubl21-codelists	3.3.0		e7883f9b55a3e036f80e73be45ef41a44a3b53fc
com.helger	ph-ubl21-codelists	3.3.1		130696af75fa2679b42fd70a87028391ddba9bdf
com.helger	ph-ubl21-codelists	4.0.0		10f04c24cf025719e9d7cf14fa1bed526e6438e3
com.helger	ph-ubl21-codelists	4.0.0-RC1		fc96f4b7a70cc2fe12ae007a538c42263182d817
com.helger	ph-ubl21-codelists	4.0.0-RC2		97984878d2db9d98d7dac074c5c672989d0e5528
com.helger	ph-ubl21-codelists	4.5.0		72d2840a38c31f9fff04c2155948903e813731a2
com.helger	ph-ubl21-codelists	5.0.0		91326b31b37bf616b72fc942729d982686a44d7d
com.helger	ph-ubl21-codelists	5.0.1		c48fdee46c14efd03538d507b06139c68f52140c
com.helger	ph-ubl21-codelists	5.0.3		30ff0431acdedff7cbf002dae5416c4fdf704375
com.helger	ph-ubl21-codelists	5.1.0		d76eaf89d06187db5feae671c9a80524fb7c544d
com.helger	ph-ubl21-codelists	6.0.0		de3a3c1e32388f3671d2b35e1e71b36989ce2f3a
com.helger	ph-ubl21-codelists	6.0.0-b1		90cd9d2032edb17f018a00c2fa2eee13c5f0a209
com.helger	ph-ubl21-codelists	6.0.0-b2		d6a10504d24c7b9f33618782d3c8f082c22c43f5
com.helger	ph-ubl21-codelists	6.0.1		8f0ff2f37420363f3427b76483d8d6a467e54f97
com.helger	ph-ubl21-codelists	6.0.2		8de73e206330a5c5645573fc042bfa4273214892
com.helger	ph-ubl21-codelists	6.1.0		dafaeae10d9f7c635f40e511ba982a653f9b67bf
com.helger	ph-ubl21-codelists	6.1.1		ed7ebd711ef1f3b04c0dc0c9dd4ea22d6f461811
com.helger	ph-ubl21-codelists	6.1.2		970cd2debcd4eed9c173d3e91922c03064280994
com.helger	ph-ubl21-codelists	6.1.3		e69176f1c4e2434e97b0c772c89e8ad003c57fce
com.helger	ph-ubl21-codelists	6.2.0		f5ea7b729234cb8b4cf8d620468357a5ba1a4416
com.helger	ph-ubl21-codelists	6.2.1		7ea4268ba8e5064e3b71ebb977c068b8d04184c6
com.shepeliev	webrtc-kmp-iossimulatorarm64	0.114.2		N/A
com.shepeliev	webrtc-kmp-iossimulatorarm64	0.114.2	metadata	0367141ae4ecc5ebe22ae742edebe3014d573c9e
com.shepeliev	webrtc-kmp-iossimulatorarm64	0.114.3		N/A
com.shepeliev	webrtc-kmp-iossimulatorarm64	0.114.3	metadata	c3c3083e582005137c523e5df527da658d4768fd
com.shepeliev	webrtc-kmp-iossimulatorarm64	0.114.4		N/A
com.shepeliev	webrtc-kmp-iossimulatorarm64	0.114.4	metadata	be007ecc37e7bd1219ece2a8ea8b11cdbcc90aae
com.shepeliev	webrtc-kmp-iossimulatorarm64	0.114.5		N/A
com.shepeliev	webrtc-kmp-iossimulatorarm64	0.114.5	metadata	354922b11dbe2c7e202a056a1b76c8fb4c529043
com.shepeliev	webrtc-kmp-iossimulatorarm64	0.125.0		N/A
com.shepeliev	webrtc-kmp-iossimulatorarm64	0.125.0	metadata	781c8a9acb90464219cd5d260742f653f1f10103
com.shepeliev	webrtc-kmp-iossimulatorarm64	0.125.1		N/A
com.shepeliev	webrtc-kmp-iossimulatorarm64	0.125.1	metadata	7c5cc49f6be79ef29470180c116d7f22371bc013
com.shepeliev	webrtc-kmp-iossimulatorarm64	0.125.2		N/A
com.shepeliev	webrtc-kmp-iossimulatorarm64	0.125.2	metadata	c4913e93ab07dc74a61fc1887a1b0a7f644e8a67
com.shepeliev	webrtc-kmp-iossimulatorarm64	0.125.3		N/A
com.shepeliev	webrtc-kmp-iossimulatorarm64	0.125.3	metadata	636f73b911eb9af40752f0d4fef897b3dbd78ac5
com.shepeliev	webrtc-kmp-iossimulatorarm64	0.125.4		N/A
com.shepeliev	webrtc-kmp-iossimulatorarm64	0.125.4	metadata	00aebbb4bcefea6148a28c748a51f9ad412866ac
com.shepeliev	webrtc-kmp-iossimulatorarm64	0.125.5		N/A
com.shepeliev	webrtc-kmp-iossimulatorarm64	0.125.5	metadata	ae485b614c87577d8e6f22645625626125733ee3
com.shepeliev	webrtc-kmp-iossimulatorarm64	0.125.6		N/A
com.shepeliev	webrtc-kmp-iossimulatorarm64	0.125.6	metadata	89d9e7e3b2cd9649db60c7170ba615c46705890a
com.shepeliev	webrtc-kmp-iossimulatorarm64	0.125.7		N/A
com.shepeliev	webrtc-kmp-iossimulatorarm64	0.125.7	metadata	a06514216ead179e4e6d8a9e7b88ae381ffed955
com.shepeliev	webrtc-kmp-iossimulatorarm64	0.125.8		N/A
com.shepeliev	webrtc-kmp-iossimulatorarm64	0.125.8	metadata	ef373d3432c9bf38e4ff807d44faa88a8b97ec64
com.shepeliev	webrtc-kmp-iossimulatorarm64	0.125.9		N/A
com.shepeliev	webrtc-kmp-iossimulatorarm64	0.125.9	metadata	cd8915abfdab68a5f46bcc4891c56aeb68a65161
com.softwaremill.sttp.client	async-http-client-backend-future_0.23	2.1.2		ed7e3a72259b2910cf9da881bea0848c6da40b93
com.softwaremill.sttp.client	async-http-client-backend-future_0.23	2.1.4		a748e238eaf067eaf6dfd90b673a3f7068fc4bfa
com.softwaremill.sttp.client	async-http-client-backend-future_0.23	2.1.5		1f20a941c652c71fe54fb039180739a2354c619a
com.softwaremill.sttp.client	async-http-client-backend-future_0.23	2.2.0		c6c0a1e1155eba259c6d964270ccd71f0087ab90
com.softwaremill.sttp.client	async-http-client-backend-future_0.23	2.2.1		7f602ff0081edf0a5f6fd6e8b45d97e0c5c1efdd
com.softwaremill.sttp.client	async-http-client-backend-future_0.23	2.2.2		ad2a1197dd39ad73cd8ce62b517a746cd49de995
com.softwaremill.sttp.client	async-http-client-backend-future_0.23	2.2.3		5754eb0f54b53a17c4f52f2e24f02f0783c4d8ec
com.softwaremill.sttp.client	async-http-client-backend-future_0.23	2.2.4		0cf63a46bbbee6b143bfa9e8f3732f1ef66efede
com.softwaremill.sttp.tapir	tapir-json-circe_native0.4_2.13	1.1.2		ba5f20689d6ec2447f1c204071ed633762ee0e8b
com.softwaremill.sttp.tapir	tapir-json-circe_native0.4_2.13	1.1.3		798af656337e72c3bca37666d2fa2e044a067f87
com.softwaremill.sttp.tapir	tapir-json-circe_native0.4_2.13	1.1.4		11713e6ca9f08ba8654e406174b07dc9618c67e8
com.softwaremill.sttp.tapir	tapir-json-circe_native0.4_2.13	1.2.0		98d90d8bda545ad42f2bc9e0f23245da5eb90827
com.softwaremill.sttp.tapir	tapir-json-circe_native0.4_2.13	1.2.1		6bf604903803c57c09a79cf15b168980a142244a
com.softwaremill.sttp.tapir	tapir-json-circe_native0.4_2.13	1.2.10		1b8509d2a0098b3ceab9e59d49a51c765a5f4c74
com.softwaremill.sttp.tapir	tapir-json-circe_native0.4_2.13	1.2.11		dd69179e44f939e5538104d9cbd4801857351952
com.softwaremill.sttp.tapir	tapir-json-circe_native0.4_2.13	1.2.12		89dc8838e65d422ec0439ee76120a9245051a6c9
com.softwaremill.sttp.tapir	tapir-json-circe_native0.4_2.13	1.2.13		2dbebfc7be4ce1e107bf24104345f330f9488c75
com.softwaremill.sttp.tapir	tapir-json-circe_native0.4_2.13	1.2.2		b8c691677d7386ecd4c7c4f9afed9fc3282bc313
com.softwaremill.sttp.tapir	tapir-json-circe_native0.4_2.13	1.2.3		1bf74f1cdb69c8d4679e1a7e0581170d68f98d0b
com.softwaremill.sttp.tapir	tapir-json-circe_native0.4_2.13	1.2.4		37d088d8cadcabb63812fe33371bc9adfb1c3500
com.softwaremill.sttp.tapir	tapir-json-circe_native0.4_2.13	1.2.5		e2d9e9570939e7f72b551115a7744ccfb560ce04
com.softwaremill.sttp.tapir	tapir-json-circe_native0.4_2.13	1.2.6		854e92a5401c60229cd801a0c44fa6bccc980f4a
com.softwaremill.sttp.tapir	tapir-json-circe_native0.4_2.13	1.2.7		19249756bdabfa6ebd5749c06b32030c5e549a7a
com.softwaremill.sttp.tapir	tapir-json-circe_native0.4_2.13	1.2.8		89984d715ed387184375f8de3977b835f862c4a4
com.softwaremill.sttp.tapir	tapir-json-circe_native0.4_2.13	1.2.9		71ac2d615aaa8eaa121f9573907edb35e104d32e
com.softwaremill.sttp.tapir	tapir-json-circe_native0.4_2.13	1.3.0		c6c6e5f7446c24eba3205d0e0c9932439a5b1136
com.softwaremill.sttp.tapir	tapir-json-circe_native0.4_2.13	1.4.0		4c20aecd8aab36b9535eff4aacec41fda013d69c
com.softwaremill.sttp.tapir	tapir-json-circe_native0.4_2.13	1.5.0		b4bc739d7749dda523c432f2c5ae5b60a791ff97
com.softwaremill.sttp.tapir	tapir-json-circe_native0.4_2.13	1.5.1		2f0dfa8961965e5bdae55899aa0cf7741fa5047f
com.strapdata.elassandraunit	elassandra-unit-shaded	3.5.0.1		ac4323860c9f7e15983ddefa0c53422a83e9ba05
com.strapdata.elassandraunit	elassandra-unit-shaded	3.5.0.2		13eb9bd5166fbb48d4e23675cfc27efee547875b
com.strapdata.elassandraunit	elassandra-unit-shaded	3.5.0.3		88721767c5f26af9a6b81017d995934aae845287
com.strapdata.elassandraunit	elassandra-unit-shaded	3.5.0.4		23db32e3c5fda8e19ffd043da7cd4bb151425751
com.strapdata.elassandraunit	elassandra-unit-shaded	3.5.0.5		cad65ac954bcb06d11eedd42bfb49ffc898bd74a
com.strapdata.elassandraunit	elassandra-unit-shaded	3.7.1.0		844d173d102c6b081f3525b867b10bc1d3cc7da3
com.strapdata.elassandraunit	elassandra-unit-shaded	3.7.1.1		cd2f0f8ef04692034c179096ac8ad8098ed0e3ae
com.strapdata.elassandraunit	elassandra-unit-shaded	3.7.1.2		65fcb1b7dab97feabcdcf741363b174c838d06e9
com.strapdata.elassandraunit	elassandra-unit-shaded	3.7.1.3		14b3c85f418932444d4dffee8296b21921677944
com.strapdata.elassandraunit	elassandra-unit-shaded	3.7.1.4		97f2b444ce406bc858e1e4e793dc77d3e4b46bb9
com.sun.jersey	jersey-contribs	0.8-ea		N/A
com.sun.jersey	jersey-contribs	0.9-ea		N/A
com.sun.jersey	jersey-contribs	1.0		N/A
com.talanlabs	message-manager-server	2.0.0		43c185306845287aec50c6a6218e83889699c044
com.talanlabs	message-manager-server	2.1.0		023e983f9affd1010ea9277fc814995973fb8f14
com.walterjwhite.java.dependencies	microbenchmark-harness	0.0.16		N/A
com.walterjwhite.java.dependencies	microbenchmark-harness	0.0.17		N/A
com.xemantic.kotlin	xemantic-kotlin-test-wasm-js	0.1.1		N/A
com.xemantic.kotlin	xemantic-kotlin-test-wasm-js	1.0		N/A
com.xemantic.kotlin	xemantic-kotlin-test-wasm-js	1.1		N/A
com.xemantic.kotlin	xemantic-kotlin-test-wasm-js	1.2		N/A
com.xemantic.kotlin	xemantic-kotlin-test-wasm-js	1.3		N/A
com.xemantic.kotlin	xemantic-kotlin-test-wasm-js	1.5.11		N/A
com.xemantic.kotlin	xemantic-kotlin-test-wasm-js	1.5.12		N/A
com.xemantic.kotlin	xemantic-kotlin-test-wasm-js	1.6.0		N/A
com.xemantic.kotlin	xemantic-kotlin-test-wasm-js	1.7.2		N/A
com.xemantic.kotlin	xemantic-kotlin-test-wasm-js	1.7.3		N/A
com.xemantic.kotlin	xemantic-kotlin-test-wasm-js	1.7.4		N/A
com.xemantic.kotlin	xemantic-kotlin-test-wasm-js	1.8.1		N/A
com.xemantic.kotlin	xemantic-kotlin-test-wasm-js	1.8.10		N/A
com.xemantic.kotlin	xemantic-kotlin-test-wasm-js	1.8.2		N/A
com.xemantic.kotlin	xemantic-kotlin-test-wasm-js	1.8.3		N/A
com.xemantic.kotlin	xemantic-kotlin-test-wasm-js	1.8.4		N/A
com.xemantic.kotlin	xemantic-kotlin-test-wasm-js	1.8.5		N/A
com.xemantic.kotlin	xemantic-kotlin-test-wasm-js	1.8.6		N/A
com.xemantic.kotlin	xemantic-kotlin-test-wasm-js	1.8.7		N/A
com.xemantic.kotlin	xemantic-kotlin-test-wasm-js	1.9.0		N/A
com.yxt.opensdk.atool	frame_modules	1.0		N/A
com.yxt.opensdk.atool	frame_modules	1.1		N/A
com.yxt.opensdk.atool	frame_modules	1.2		N/A
de.richtercloud	message-handler-raven-bug-handler	1.0		fec7aac544a58a011a46612a0b74a25776a59600
de.richtercloud	message-handler-raven-bug-handler	1.1		038062dac9070ff65f6cb309d4dff434549c4b34
dev.icerock.moko	mvvm-internal-tvosarm64	0.12.0		N/A
dev.icerock.moko	mvvm-internal-tvosarm64	0.12.0	metadata	1659dc116e687853d2791da214a17c083c0b1d22
dev.icerock.moko	mvvm-internal-tvosarm64	0.13.0		N/A
dev.icerock.moko	mvvm-internal-tvosarm64	0.13.0	metadata	711b1428e7ab2dfa7f45d260685cae0221bf9544
dev.icerock.moko	mvvm-internal-tvosarm64	0.13.1		N/A
dev.icerock.moko	mvvm-internal-tvosarm64	0.13.1	metadata	60c076d8ec8238d0c66199d8a985667f8b2e3cf5
dev.icerock.moko	mvvm-internal-tvosarm64	0.14.0		N/A
dev.icerock.moko	mvvm-internal-tvosarm64	0.14.0	metadata	b5d7cbcc6b8e19e54dea579eae69e3e34d22548b
dev.icerock.moko	mvvm-internal-tvosarm64	0.15.0		N/A
dev.icerock.moko	mvvm-internal-tvosarm64	0.15.0	metadata	1f9e59e08461ddb926932eeccb737be5fb661e8c
dev.icerock.moko	mvvm-internal-tvosarm64	0.16.0		N/A
dev.icerock.moko	mvvm-internal-tvosarm64	0.16.0	metadata	6a0678f57834395dbc6e4554d6c8c7fee2e7185b
dev.icerock.moko	mvvm-internal-tvosarm64	0.16.1		N/A
dev.icerock.moko	mvvm-internal-tvosarm64	0.16.1	metadata	8c44433f17f4106d13144ff7cefcb85b0d4023cb
dev.stateholder	extensions-compose-wasm-js	1.1.0		N/A
dev.stateholder	extensions-compose-wasm-js	1.2.0		N/A
fr.xgouchet.elmyr	junit4	1.4.0		6ddeb6204df19daf86eca3be823d98d20dc53521
fr.xgouchet.elmyr	junit4	1.4.1		3af5d287b3fb81799616b79cdafd1eb1d08e977f
io.americanexpress	framework	0.1.0		N/A
io.chrisdavenport	system-effect_2.11	0.0.1		1603cf2978b57af349c4d62a7638eb29c4ac020c
io.chrisdavenport	system-effect_2.11	0.0.2		542984ca9a48d61e2452444c45b8affd6d77a918
io.chrisdavenport	system-effect_2.11	0.0.3		5422c74ec93733c1c28e928a6dfedb64c23aef70
io.chrisdavenport	system-effect_2.11	0.1.0		c88a99700f53532af64b7cf89ac0dec09c6b6e4c
io.exoquery	terpal-runtime-wasm-js	1.9.22-1.0.0-RC1		N/A
io.exoquery	terpal-runtime-wasm-js	1.9.22-1.0.0-RC2		N/A
io.exoquery	terpal-runtime-wasm-js	1.9.22-1.0.0-RC3		N/A
io.exoquery	terpal-runtime-wasm-js	1.9.22-1.0.0-RC4		N/A
io.exoquery	terpal-runtime-wasm-js	1.9.22-1.0.0-RC5		N/A
io.exoquery	terpal-runtime-wasm-js	1.9.22-1.0.0.PL		N/A
io.exoquery	terpal-runtime-wasm-js	2.0.0-1.0.0-RC1		N/A
io.exoquery	terpal-runtime-wasm-js	2.0.0-1.0.0-RC3		N/A
io.exoquery	terpal-runtime-wasm-js	2.0.0-1.0.0-RC4		N/A
io.exoquery	terpal-runtime-wasm-js	2.0.0-1.0.0-RC5		N/A
io.exoquery	terpal-runtime-wasm-js	2.0.0-1.0.0.PL		N/A
io.exoquery	terpal-runtime-wasm-js	2.0.10-1.0.0-RC3		N/A
io.exoquery	terpal-runtime-wasm-js	2.0.10-1.0.0-RC4		N/A
io.exoquery	terpal-runtime-wasm-js	2.0.10-1.0.0-RC5		N/A
io.exoquery	terpal-runtime-wasm-js	2.0.10-1.0.0.PL		N/A
io.exoquery	terpal-runtime-wasm-js	2.0.20-1.0.0-RC3		N/A
io.exoquery	terpal-runtime-wasm-js	2.0.20-1.0.0-RC4		N/A
io.exoquery	terpal-runtime-wasm-js	2.0.20-1.0.0-RC5		N/A
io.exoquery	terpal-runtime-wasm-js	2.0.20-1.0.0.PL		N/A
io.exoquery	terpal-runtime-wasm-js	2.1.0-2.0.0.PL		N/A
io.exoquery	terpal-runtime-wasm-js	2.1.20-2.0.0.PL		N/A
io.fsq	exceptionator-loader-service_2.11	2.0.2		00a5ff4dbd8565aed7b878b420dfb499028ed1d5
io.fsq	exceptionator-loader-service_2.11	2.3.0		6ea52f3775f1fe3ce1b9914bcde756a438fc9a9a
io.github.chiraghahuja.jsonparser	jsonparser	1.0		c22fac5a5383289f53118aff1fc9128815696b02
io.github.darvld.wireframe	runtime-core	0.6.0		11f0b317081d90bd32bf5d9dec8200b70f9ebde4
io.github.darvld.wireframe	runtime-core	0.6.1		19778287966c9a848284d69c7c6ddbb53c0cb674
io.github.guanxwei	fast-stream	1.0.0		c15d0d49a1c2f98e08db13b265fb678817b5aabc
io.github.guanxwei	fast-stream	1.0.1		6a9060b46dc65dd9e7a2c4470cd80562cbfe4a3c
io.github.guanxwei	fast-stream	1.0.3		46239f5012cfccad5c18fb19573a9661d345f527
io.github.guanxwei	fast-stream	1.0.4		0b906f947d7d8c5dd91b4c46d01ea6eeea014b71
io.github.guanxwei	fast-stream	1.0.5		956a0eab7a101b75e515379ed4cbecc9325200a3
io.github.guanxwei	fast-stream	1.0.6		16a7d42995543bf991435d53218b8bf5782dcc4a
io.github.guanxwei	fast-stream	1.0.7		c83d85d8d911633368481dd0d4f09f034bd9a8f2
io.github.guanxwei	fast-stream	1.0.8		76887bc461de3ad75ad96b6d57a5eb7a152bb8fd
io.github.guanxwei	fast-stream	1.0.9		d278a45af76bbcff7db7f18dab1df4293eda10fb
io.github.guanxwei	fast-stream	1.1.0		d22d491d86f50d43d39b808bdd9fb8696f970204
io.github.guanxwei	fast-stream	1.1.1		fdfc673a4da98a8dfbb42929e45aedfc55a958fa
io.github.guanxwei	fast-stream	1.1.2		6d56b1e9449ed85cd7f3500bf29256ada3a03a00
io.github.guanxwei	fast-stream	1.1.3		593b75987766e1fc8f201e8ef0605d19930f76f0
io.github.guanxwei	fast-stream	1.1.4		db4cb6947ede2c7a48e0eb6b35bf10018deb2458
io.github.guanxwei	fast-stream	1.1.5		b8364156974bf2ea59a4363eb00ce443f7a6e7bd
io.github.guanxwei	fast-stream	1.1.6		5ec0659e8c3734fdb791c4c10c9c0db054d7250d
io.github.guanxwei	fast-stream	1.1.7		c59a8e93f0b4ab574e99f9aae655fb587df8a096
io.github.guanxwei	fast-stream	2.0.0		fcca06808286bc50682dc09acf959499f2c8ce35
io.github.guanxwei	fast-stream	2.0.1		8f33bbd740f31b74d437b4da8f9ebbc8280603d6
io.github.guanxwei	fast-stream	2.0.2		13012ab4f985f53ca12823eeb5a8ca3f44eeaad5
io.github.guanxwei	fast-stream	2.0.4		eaa12bef66e142d5a0e2d6c86c07b8ff54963534
io.github.guanxwei	fast-stream	2.0.5		609b1114ede51c0548343e64ffa1536148527b27
io.github.guanxwei	fast-stream	2.0.6		c6d5eae723946071a510382f2a000ec8fb0c2132
io.github.guanxwei	fast-stream	2.0.7		31e62aade88dab33638895c06461685ed8cea24c
io.github.guanxwei	fast-stream	3.0.0		b9f767115797c048f98b1df8a3d716714fb36dc5
io.github.guanxwei	fast-stream	3.0.2		f1a4b917b57768b753c313bbffd50f7d1f4a6194
io.github.guanxwei	fast-stream	3.0.3		3be2066b676eeff104ac198936a4c8b2867bddef
io.github.guanxwei	fast-stream	3.0.4		0b6005524249cbd740ba395ccc924a1b38b5b32d
io.github.guanxwei	fast-stream	3.0.5		054d135d49fd2ef4f6b2c43da50244c2203584f5
io.github.guanxwei	fast-stream	3.0.6		3ccd9e0e490bc466a42aae99a51b0f4c3fd889ca
io.github.guanxwei	fast-stream	4.0.0		5d27d21dcbe7a9f0732f4de84be62319e069f178
io.github.guanxwei	fast-stream	4.0.1		f3d144f01c634e213349e069965d57868138564b
io.github.guanxwei	fast-stream	4.0.2		914b8263dac1d337c31c4571f22b54c6a8642b52
io.github.guanxwei	fast-stream	4.0.5		6aed29f492a0bb4b7b4512aad3263b53aaded028
io.github.guanxwei	fast-stream	5.0.0		44d50dd150eac4d76c5e3f05c6b864c336d232ff
io.github.guanxwei	fast-stream	5.0.11		fb0cd08c27547174f03c641572ffdd7fc6ff65b0
io.github.guanxwei	fast-stream	5.0.12		94d4098680fd5dcecfd7864b2f20d4017f35c76e
io.github.kayz666	kkit-parent	1.0.1		N/A
io.github.konfork	konfork-test-js	0.0.3		1274f1eb77b72b21b7d139037a43709b655960d1
io.github.konfork	konfork-test-js	0.0.4		1274f1eb77b72b21b7d139037a43709b655960d1
io.github.konfork	konfork-test-js	0.0.5		523143077ebae616837cd3c8c357fd11d7e752f6
io.github.konfork	konfork-test-js	0.0.6		N/A
io.github.ltttttttttttt	DataStructure	1.0.10		9556b15e9ad35310ffe3283d66ed74308623d21b
io.github.ltttttttttttt	DataStructure	1.0.11		4cbe3f211838b8ed42ceaef59ef4f7118f17aac3
io.github.ltttttttttttt	DataStructure	1.0.12		94ac53487f15046688b3441ba31b2743fbc6044d
io.github.ltttttttttttt	DataStructure	1.0.13		bc7649607d7ef80fcaa183a58d95be024dd9a75c
io.github.ltttttttttttt	DataStructure	1.0.14		8a47c369e1d58c85d3197a5b102b73b54bac7a8e
io.github.ltttttttttttt	DataStructure	1.0.15		6a9ee713a856f84795ca6cabb39131f3d65863e7
io.github.ltttttttttttt	DataStructure	1.0.16		f3de19bc8c2f80cf2a8ea3305d9f11825ecfc1aa
io.github.ltttttttttttt	DataStructure	1.0.8		9f8c45b984d0d0bd5c39b07d051f7dc57bdda738
io.github.ltttttttttttt	DataStructure	1.0.9		d1225a509f7c49b0a0c829ba40128065dc23a697
io.github.ltttttttttttt	DataStructure	1.1.1		1fdae1c3ed580cb10e2d6f77688c4cf223840150
io.github.ltttttttttttt	DataStructure	1.1.3		1fdae1c3ed580cb10e2d6f77688c4cf223840150
io.github.ltttttttttttt	DataStructure	1.1.4		1fdae1c3ed580cb10e2d6f77688c4cf223840150
io.github.pig-mesh.sms4j	sms4j-oa-core	3.3.4		a0ce850046d95f6cadb8eaa967c414d49f761b56
io.github.testtemplate	testtemplate-api	0.1.1		ba46ef7dac0598b0cf38b9558e90eba7da01723d
io.github.testtemplate	testtemplate-api	0.2.0		612ee502009832cd69d344730a77bc9ad0c421a3
love.forte.simbot.common	simbot-common-collection-iosarm64	4.0.0		N/A
love.forte.simbot.common	simbot-common-collection-iosarm64	4.0.0	metadata	58df714763b04bcae69fd588fc2f4ff4f974449a
love.forte.simbot.common	simbot-common-collection-iosarm64	4.0.0-RC1		N/A
love.forte.simbot.common	simbot-common-collection-iosarm64	4.0.0-RC1	metadata	f1c60f409ce1bd38dc8e666ca82532de640e58ee
love.forte.simbot.common	simbot-common-collection-iosarm64	4.0.0-RC2		N/A
love.forte.simbot.common	simbot-common-collection-iosarm64	4.0.0-RC2	metadata	46bf5513dd94b0e3dfa2ab7ecabb8541635aad78
love.forte.simbot.common	simbot-common-collection-iosarm64	4.0.0-RC3		N/A
love.forte.simbot.common	simbot-common-collection-iosarm64	4.0.0-RC3	metadata	b083ced3b489d02bebedba5dac0325d386a9ed88
love.forte.simbot.common	simbot-common-collection-iosarm64	4.0.0-beta1		N/A
love.forte.simbot.common	simbot-common-collection-iosarm64	4.0.0-beta1	metadata	144a17a1ec5ceafacfb80a1abe87c707f3004306
love.forte.simbot.common	simbot-common-collection-iosarm64	4.0.0-beta2		N/A
love.forte.simbot.common	simbot-common-collection-iosarm64	4.0.0-beta2	metadata	5ce97c270ebe7820dd2520fbf8f3891f393b4b53
love.forte.simbot.common	simbot-common-collection-iosarm64	4.0.0-beta3		N/A
love.forte.simbot.common	simbot-common-collection-iosarm64	4.0.0-beta3	metadata	419cce6954245438ff1862c3bc9b15dd157bcaf9
love.forte.simbot.common	simbot-common-collection-iosarm64	4.0.0-dev1		N/A
love.forte.simbot.common	simbot-common-collection-iosarm64	4.0.0-dev1	metadata	0d96d96769af9b2c711f84c5f11c501783984081
love.forte.simbot.common	simbot-common-collection-iosarm64	4.0.0-dev10		N/A
love.forte.simbot.common	simbot-common-collection-iosarm64	4.0.0-dev10	metadata	fd72b5413f9b25b91b31b773a4d24af10ec2f838
love.forte.simbot.common	simbot-common-collection-iosarm64	4.0.0-dev11		N/A
love.forte.simbot.common	simbot-common-collection-iosarm64	4.0.0-dev11	metadata	a563213b6160fd377fcb8f2e6d94aa49abbfffc1
love.forte.simbot.common	simbot-common-collection-iosarm64	4.0.0-dev12		N/A
love.forte.simbot.common	simbot-common-collection-iosarm64	4.0.0-dev12	metadata	a529a3f4810551f591deaad5c059d5759f5fa925
love.forte.simbot.common	simbot-common-collection-iosarm64	4.0.0-dev13		N/A
love.forte.simbot.common	simbot-common-collection-iosarm64	4.0.0-dev13	metadata	009c686dad0b7765b2f580d02ac66c74d0f887f4
love.forte.simbot.common	simbot-common-collection-iosarm64	4.0.0-dev14		N/A
love.forte.simbot.common	simbot-common-collection-iosarm64	4.0.0-dev14	metadata	c3a7e5b63d0c8ecaad6b0ad3549e4420f14a0d6f
love.forte.simbot.common	simbot-common-collection-iosarm64	4.0.0-dev15		N/A
love.forte.simbot.common	simbot-common-collection-iosarm64	4.0.0-dev15	metadata	9146c2abd23230804d467dbecbb5c0afcce93029
love.forte.simbot.common	simbot-common-collection-iosarm64	4.0.0-dev16		N/A
love.forte.simbot.common	simbot-common-collection-iosarm64	4.0.0-dev16	metadata	5acc72d1100a6834511eb476fe39f5d4a485b1f9
love.forte.simbot.common	simbot-common-collection-iosarm64	4.0.0-dev17		N/A
love.forte.simbot.common	simbot-common-collection-iosarm64	4.0.0-dev17	metadata	cf6244aa778250ef292eabd42222d280ecaee022
love.forte.simbot.common	simbot-common-collection-iosarm64	4.0.0-dev18		N/A
love.forte.simbot.common	simbot-common-collection-iosarm64	4.0.0-dev18	metadata	e1ad2c66f5a4deebabe98bba3cc519ab9945f815
love.forte.simbot.common	simbot-common-collection-iosarm64	4.0.0-dev2		N/A
love.forte.simbot.common	simbot-common-collection-iosarm64	4.0.0-dev2	metadata	0cb0c145b5d0fbc6b2c773ff6df130ac6f4cbfb0
love.forte.simbot.common	simbot-common-collection-iosarm64	4.0.0-dev3		N/A
love.forte.simbot.common	simbot-common-collection-iosarm64	4.0.0-dev3	metadata	bde9c070e43c9261f45dc81466e49a36c5e38dfc
love.forte.simbot.common	simbot-common-collection-iosarm64	4.0.0-dev4		N/A
love.forte.simbot.common	simbot-common-collection-iosarm64	4.0.0-dev4	metadata	e4900111645542c055126b6393024e515edea5dc
love.forte.simbot.common	simbot-common-collection-iosarm64	4.0.0-dev5		N/A
love.forte.simbot.common	simbot-common-collection-iosarm64	4.0.0-dev5	metadata	faff7a81b5dd4fc6e65c5b265586a2ceb2d073ff
love.forte.simbot.common	simbot-common-collection-iosarm64	4.0.0-dev6		N/A
love.forte.simbot.common	simbot-common-collection-iosarm64	4.0.0-dev6	metadata	543208e525bf6c9584e9b9627a204c291bab411e
love.forte.simbot.common	simbot-common-collection-iosarm64	4.0.0-dev7		N/A
love.forte.simbot.common	simbot-common-collection-iosarm64	4.0.0-dev7	metadata	153caa4822d1e5525d5677499d6fa1456879ddf3
love.forte.simbot.common	simbot-common-collection-iosarm64	4.0.0-dev9		N/A
love.forte.simbot.common	simbot-common-collection-iosarm64	4.0.0-dev9	metadata	1b01653dd3a38de0c8a58ce05c6a9e1d2664b1a5
love.forte.simbot.common	simbot-common-collection-iosarm64	4.0.1		N/A
love.forte.simbot.common	simbot-common-collection-iosarm64	4.0.1	metadata	4cb4635428aad2f552bad5d7480fb75d0028598b
love.forte.simbot.common	simbot-common-collection-iosarm64	4.1.0		N/A
love.forte.simbot.common	simbot-common-collection-iosarm64	4.1.0	metadata	655abeb6db6f936ee8e8b037cceaba89621f0dea
love.forte.simbot.common	simbot-common-collection-iosarm64	4.10.0		N/A
love.forte.simbot.common	simbot-common-collection-iosarm64	4.10.0	metadata	9c8c25c8e1af4b001ce1391b6a06888d2b8c51b7
love.forte.simbot.common	simbot-common-collection-iosarm64	4.11.0		N/A
love.forte.simbot.common	simbot-common-collection-iosarm64	4.11.0	metadata	80660a16869779ea7e909a05bbd75a3fb2d55d89
love.forte.simbot.common	simbot-common-collection-iosarm64	4.11.1		N/A
love.forte.simbot.common	simbot-common-collection-iosarm64	4.11.1	metadata	36d1dae8a0ccc1f1e17cddb69d8156961c55d224
love.forte.simbot.common	simbot-common-collection-iosarm64	4.12.0		N/A
love.forte.simbot.common	simbot-common-collection-iosarm64	4.12.0	metadata	99cd3c232eeab816afab0efc64c3309aa5fb7491
love.forte.simbot.common	simbot-common-collection-iosarm64	4.2.0		N/A
love.forte.simbot.common	simbot-common-collection-iosarm64	4.2.0	metadata	8aa78d800d8d7f5bf06f039b8d11465ced9695de
love.forte.simbot.common	simbot-common-collection-iosarm64	4.3.0		N/A
love.forte.simbot.common	simbot-common-collection-iosarm64	4.3.0	metadata	4af887eb6aa624c0115ad7053091998926ad3a7f
love.forte.simbot.common	simbot-common-collection-iosarm64	4.3.1		N/A
love.forte.simbot.common	simbot-common-collection-iosarm64	4.3.1	metadata	fad9b21be918c47777d06eb6ec0c2e012a86e03a
love.forte.simbot.common	simbot-common-collection-iosarm64	4.4.0		N/A
love.forte.simbot.common	simbot-common-collection-iosarm64	4.4.0	metadata	963129eaa0bce930ff4aa4be4c6a46944c3116c9
love.forte.simbot.common	simbot-common-collection-iosarm64	4.5.0		N/A
love.forte.simbot.common	simbot-common-collection-iosarm64	4.5.0	metadata	4febc516310ab5562c31fe2155037c63138dd34c
love.forte.simbot.common	simbot-common-collection-iosarm64	4.6.0		N/A
love.forte.simbot.common	simbot-common-collection-iosarm64	4.6.0	metadata	fb646179e822ebb5aacb6213f95d65e5105e7070
love.forte.simbot.common	simbot-common-collection-iosarm64	4.6.1		N/A
love.forte.simbot.common	simbot-common-collection-iosarm64	4.6.1	metadata	5fcb5da83867036b2d45e25da92af792f7383ed8
love.forte.simbot.common	simbot-common-collection-iosarm64	4.7.0		N/A
love.forte.simbot.common	simbot-common-collection-iosarm64	4.7.0	metadata	e7f07cd77d894bfbba66a9317e54d33226c9b0ee
love.forte.simbot.common	simbot-common-collection-iosarm64	4.7.0-beta1		N/A
love.forte.simbot.common	simbot-common-collection-iosarm64	4.7.0-beta1	metadata	d244b03a7a2a9e91ef95325331fe60c474cc15e4
love.forte.simbot.common	simbot-common-collection-iosarm64	4.8.0		N/A
love.forte.simbot.common	simbot-common-collection-iosarm64	4.8.0	metadata	6443f09ca07a07be4174e8da7948ffca9b8c84b0
love.forte.simbot.common	simbot-common-collection-iosarm64	4.9.0		N/A
love.forte.simbot.common	simbot-common-collection-iosarm64	4.9.0	metadata	1a9b4de785207b0ae7f0b079fdc94c3417477ff5
me.youm.frame	shore-idempotent	1.1.1-RELEASE		e0ad838277a114337658e4230db812da68979a64
me.youm.frame	shore-idempotent	1.1.1-dolly		2fe391ead2a67453cd92a206fb74551a367c00d1
me.youm.frame	shore-idempotent	1.1.3-RELEASE		aa73d883150a85be40f1a2f95936a53fcc630337
me.youm.frame	shore-idempotent	1.1.5-RELEASE		7460265ef405415fbbd3b719e5c28c5a8993b1e2
net.exoego	aws-sdk-scalajs-facade-ram-nodejs-v8_sjs0.6_2.12	0.26.1-v2-524.0		11ad915dc7db17d19725e2b6d7009029bb988057
net.exoego	aws-sdk-scalajs-facade-ram-nodejs-v8_sjs0.6_2.12	0.26.1-v2.524.0		c90606385835fa9f334b009b44a1d06185f5acc2
org.apache.ctakes	ctakes-constituency-parser-models	5.0.0		4f5cc3706bf1a07d01aa9d508d8aa68187965cdd
org.apache.isis.viewer	wicket-applib	0.1.2-incubating		7d1baa6a18d75fa16f2a08e483d3c57c09368a3e
org.apache.isis.viewer	wicket-applib	0.2.0-incubating		281fc3e0fdd6ebb6405728e3c49d5a9b7d9dea10
org.apache.ranger	ranger-kms-plugin	0.6.0		2e8f94db836778464932b085497c644f17ed0812
org.apache.ranger	ranger-kms-plugin	0.6.1		5b441de8c7bdb057db5a0fa9241c8a807b323304
org.apache.ranger	ranger-kms-plugin	0.6.2		388d79be2f7e180efe7062e93fccb5a58b000fbc
org.apache.ranger	ranger-kms-plugin	0.6.3		f258e8ab2dfddf4c8dd537ef2eb32ce0c56868c5
org.apache.ranger	ranger-kms-plugin	0.7.0		806930ff01b53d1368add11b176724ac116d846b
org.apache.ranger	ranger-kms-plugin	0.7.1		921c2feedd0cc2829e2172e66899ea813be0879d
org.apache.ranger	ranger-kms-plugin	1.0.0		63e0cbc4681181e946398a88a36c0036c20624df
org.apache.ranger	ranger-kms-plugin	1.1.0		48b06b415e5e35b9e82dcc5f8630ece724965ffc
org.apache.ranger	ranger-kms-plugin	1.2.0		3a59404af28ff559e4e9131cce2da1e2f1fdb341
org.apache.ranger	ranger-kms-plugin	2.0.0		594fa8395127103af0017892bdb7fedffd0122a2
org.apache.ranger	ranger-kms-plugin	2.1.0		ee7a99ec4ba4fcef6e36aa0e320c0d37693ac1e9
org.apache.ranger	ranger-kms-plugin	2.2.0		81cc17eb7359abb5237eff90ab98bb79fa42dded
org.apache.ranger	ranger-kms-plugin	2.3.0		08410bbf8fa7f9e832f0a4d5162cb085212fce43
org.apache.ranger	ranger-kms-plugin	2.4.0		4a1c7696860816185a870baa2f820349aa7d15f0
org.apache.ranger	ranger-kms-plugin	2.5.0		ccf25781e556393d9cd7ebabff31e39f98712ade
org.apache.ranger	ranger-kms-plugin	2.6.0		cd03c365b45992ebb17b52bbc8100c30806afa59
org.camunda.bpm	camunda-engine-rest-root	7.10.0		N/A
org.camunda.bpm	camunda-engine-rest-root	7.10.0-alpha1		N/A
org.camunda.bpm	camunda-engine-rest-root	7.10.0-alpha2		N/A
org.camunda.bpm	camunda-engine-rest-root	7.10.0-alpha3		N/A
org.camunda.bpm	camunda-engine-rest-root	7.10.0-alpha4		N/A
org.camunda.bpm	camunda-engine-rest-root	7.10.0-alpha5		N/A
org.camunda.bpm	camunda-engine-rest-root	7.10.0-alpha6		N/A
org.camunda.bpm	camunda-engine-rest-root	7.11.0		N/A
org.camunda.bpm	camunda-engine-rest-root	7.11.0-alpha1		N/A
org.camunda.bpm	camunda-engine-rest-root	7.11.0-alpha2		N/A
org.camunda.bpm	camunda-engine-rest-root	7.11.0-alpha3		N/A
org.camunda.bpm	camunda-engine-rest-root	7.11.0-alpha4		N/A
org.camunda.bpm	camunda-engine-rest-root	7.11.0-alpha5		N/A
org.camunda.bpm	camunda-engine-rest-root	7.12.0		N/A
org.camunda.bpm	camunda-engine-rest-root	7.12.0-alpha1		N/A
org.camunda.bpm	camunda-engine-rest-root	7.12.0-alpha2		N/A
org.camunda.bpm	camunda-engine-rest-root	7.12.0-alpha3		N/A
org.camunda.bpm	camunda-engine-rest-root	7.12.0-alpha4		N/A
org.camunda.bpm	camunda-engine-rest-root	7.12.0-alpha5		N/A
org.camunda.bpm	camunda-engine-rest-root	7.12.0-alpha6		N/A
org.camunda.bpm	camunda-engine-rest-root	7.13.0		N/A
org.camunda.bpm	camunda-engine-rest-root	7.13.0-alpha1		N/A
org.camunda.bpm	camunda-engine-rest-root	7.13.0-alpha2		N/A
org.camunda.bpm	camunda-engine-rest-root	7.13.0-alpha3		N/A
org.camunda.bpm	camunda-engine-rest-root	7.13.0-alpha4		N/A
org.camunda.bpm	camunda-engine-rest-root	7.13.0-alpha5		N/A
org.camunda.bpm	camunda-engine-rest-root	7.14.0		N/A
org.camunda.bpm	camunda-engine-rest-root	7.14.0-alpha1		N/A
org.camunda.bpm	camunda-engine-rest-root	7.14.0-alpha2		N/A
org.camunda.bpm	camunda-engine-rest-root	7.14.0-alpha3		N/A
org.camunda.bpm	camunda-engine-rest-root	7.14.0-alpha4		N/A
org.camunda.bpm	camunda-engine-rest-root	7.15.0		N/A
org.camunda.bpm	camunda-engine-rest-root	7.15.0-alpha1		N/A
org.camunda.bpm	camunda-engine-rest-root	7.15.0-alpha2		N/A
org.camunda.bpm	camunda-engine-rest-root	7.15.0-alpha3		N/A
org.camunda.bpm	camunda-engine-rest-root	7.15.0-alpha4		N/A
org.camunda.bpm	camunda-engine-rest-root	7.15.0-alpha5		N/A
org.camunda.bpm	camunda-engine-rest-root	7.16.0		N/A
org.camunda.bpm	camunda-engine-rest-root	7.16.0-alpha1		N/A
org.camunda.bpm	camunda-engine-rest-root	7.16.0-alpha2		N/A
org.camunda.bpm	camunda-engine-rest-root	7.16.0-alpha3		N/A
org.camunda.bpm	camunda-engine-rest-root	7.16.0-alpha4		N/A
org.camunda.bpm	camunda-engine-rest-root	7.16.0-alpha5		N/A
org.camunda.bpm	camunda-engine-rest-root	7.17.0		N/A
org.camunda.bpm	camunda-engine-rest-root	7.17.0-alpha1		N/A
org.camunda.bpm	camunda-engine-rest-root	7.17.0-alpha2		N/A
org.camunda.bpm	camunda-engine-rest-root	7.17.0-alpha3		N/A
org.camunda.bpm	camunda-engine-rest-root	7.17.0-alpha4		N/A
org.camunda.bpm	camunda-engine-rest-root	7.17.0-alpha5		N/A
org.camunda.bpm	camunda-engine-rest-root	7.17.0-alpha6		N/A
org.camunda.bpm	camunda-engine-rest-root	7.18.0		N/A
org.camunda.bpm	camunda-engine-rest-root	7.18.0-alpha1		N/A
org.camunda.bpm	camunda-engine-rest-root	7.18.0-alpha2		N/A
org.camunda.bpm	camunda-engine-rest-root	7.18.0-alpha3		N/A
org.camunda.bpm	camunda-engine-rest-root	7.18.0-alpha4		N/A
org.camunda.bpm	camunda-engine-rest-root	7.18.0-alpha5		N/A
org.camunda.bpm	camunda-engine-rest-root	7.18.0-alpha6		N/A
org.camunda.bpm	camunda-engine-rest-root	7.19.0		N/A
org.camunda.bpm	camunda-engine-rest-root	7.19.0-alpha1		N/A
org.camunda.bpm	camunda-engine-rest-root	7.19.0-alpha2		N/A
org.camunda.bpm	camunda-engine-rest-root	7.19.0-alpha3		N/A
org.camunda.bpm	camunda-engine-rest-root	7.19.0-alpha4		N/A
org.camunda.bpm	camunda-engine-rest-root	7.19.0-alpha5		N/A
org.camunda.bpm	camunda-engine-rest-root	7.20.0		N/A
org.camunda.bpm	camunda-engine-rest-root	7.20.0-alpha1		N/A
org.camunda.bpm	camunda-engine-rest-root	7.20.0-alpha2		N/A
org.camunda.bpm	camunda-engine-rest-root	7.20.0-alpha3		N/A
org.camunda.bpm	camunda-engine-rest-root	7.20.0-alpha4		N/A
org.camunda.bpm	camunda-engine-rest-root	7.20.0-alpha5		N/A
org.camunda.bpm	camunda-engine-rest-root	7.20.0-alpha6		N/A
org.camunda.bpm	camunda-engine-rest-root	7.21.0		N/A
org.camunda.bpm	camunda-engine-rest-root	7.21.0-alpha1		N/A
org.camunda.bpm	camunda-engine-rest-root	7.21.0-alpha2		N/A
org.camunda.bpm	camunda-engine-rest-root	7.21.0-alpha3		N/A
org.camunda.bpm	camunda-engine-rest-root	7.21.0-alpha4		N/A
org.camunda.bpm	camunda-engine-rest-root	7.21.0-alpha5		N/A
org.camunda.bpm	camunda-engine-rest-root	7.22.0		N/A
org.camunda.bpm	camunda-engine-rest-root	7.22.0-alpha1		N/A
org.camunda.bpm	camunda-engine-rest-root	7.22.0-alpha2		N/A
org.camunda.bpm	camunda-engine-rest-root	7.22.0-alpha3		N/A
org.camunda.bpm	camunda-engine-rest-root	7.22.0-alpha4		N/A
org.camunda.bpm	camunda-engine-rest-root	7.22.0-alpha5		N/A
org.camunda.bpm	camunda-engine-rest-root	7.22.0-alpha6		N/A
org.camunda.bpm	camunda-engine-rest-root	7.23.0		N/A
org.camunda.bpm	camunda-engine-rest-root	7.23.0-alpha1		N/A
org.camunda.bpm	camunda-engine-rest-root	7.23.0-alpha2		N/A
org.camunda.bpm	camunda-engine-rest-root	7.23.0-alpha3		N/A
org.camunda.bpm	camunda-engine-rest-root	7.23.0-alpha4		N/A
org.camunda.bpm	camunda-engine-rest-root	7.23.0-alpha5		N/A
org.camunda.bpm	camunda-engine-rest-root	7.5.0		N/A
org.camunda.bpm	camunda-engine-rest-root	7.5.0-alpha1		N/A
org.camunda.bpm	camunda-engine-rest-root	7.5.0-alpha2		N/A
org.camunda.bpm	camunda-engine-rest-root	7.5.0-alpha3		N/A
org.camunda.bpm	camunda-engine-rest-root	7.5.0-alpha4		N/A
org.camunda.bpm	camunda-engine-rest-root	7.5.0-alpha5		N/A
org.camunda.bpm	camunda-engine-rest-root	7.6.0		N/A
org.camunda.bpm	camunda-engine-rest-root	7.6.0-alpha1		N/A
org.camunda.bpm	camunda-engine-rest-root	7.6.0-alpha2		N/A
org.camunda.bpm	camunda-engine-rest-root	7.6.0-alpha3		N/A
org.camunda.bpm	camunda-engine-rest-root	7.6.0-alpha4		N/A
org.camunda.bpm	camunda-engine-rest-root	7.6.0-alpha5		N/A
org.camunda.bpm	camunda-engine-rest-root	7.6.0-alpha6		N/A
org.camunda.bpm	camunda-engine-rest-root	7.7.0		N/A
org.camunda.bpm	camunda-engine-rest-root	7.7.0-alpha1		N/A
org.camunda.bpm	camunda-engine-rest-root	7.7.0-alpha2		N/A
org.camunda.bpm	camunda-engine-rest-root	7.8.0		N/A
org.camunda.bpm	camunda-engine-rest-root	7.8.0-alpha1		N/A
org.camunda.bpm	camunda-engine-rest-root	7.8.0-alpha2		N/A
org.camunda.bpm	camunda-engine-rest-root	7.8.0-alpha3		N/A
org.camunda.bpm	camunda-engine-rest-root	7.8.0-alpha4		N/A
org.camunda.bpm	camunda-engine-rest-root	7.8.0-alpha5		N/A
org.camunda.bpm	camunda-engine-rest-root	7.8.0-alpha6		N/A
org.camunda.bpm	camunda-engine-rest-root	7.9.0		N/A
org.camunda.bpm	camunda-engine-rest-root	7.9.0-alpha1		N/A
org.camunda.bpm	camunda-engine-rest-root	7.9.0-alpha2		N/A
org.camunda.bpm	camunda-engine-rest-root	7.9.0-alpha3		N/A
org.camunda.bpm	camunda-engine-rest-root	7.9.0-alpha4		N/A
org.camunda.bpm	camunda-engine-rest-root	7.9.0-alpha5		N/A
org.dromara	raincat	2.0.0-RELEASE		N/A
org.dromara	raincat	2.0.1-RELEASE		N/A
org.freehep	freehep-psviewer	2.0		e79edf1bada836b83fdafb9200ff92d8c192c0c1
org.freehep	freehep-psviewer	2.0	standalone	b94579cd7dcfceb3400a259051df8af5c164b78e
org.jboss.jbossas	jboss-snmp	5.1.0		b8ab7ff8cfdbbdc3b381882b70d4bcec2a9320ad
org.jboss.jbossas	jboss-snmp	5.1.0	adaptor	4701fe34237461bd80874fe638da9880cab4e8b1
org.jboss.jbossas	jboss-snmp	5.1.0	adaptor-sar	52edd5800bc4e00f3dd2b73f6c59e3872acacd24
org.jbundle.config.repo	jbundle-app-office-repository	1.1.4		N/A
org.jbundle.config.repo	jbundle-app-office-repository	1.1.5		N/A
org.kie	kie-addons-springboot-monitoring-parent	10.0.0		N/A
org.kotlincrypto.macs	hmac-linuxmips32	0.1.0		N/A
org.kotlincrypto.macs	hmac-linuxmips32	0.1.1		N/A
org.kotlincrypto.macs	hmac-linuxmips32	0.2.0		N/A
org.kotlincrypto.macs	hmac-linuxmips32	0.2.1		N/A
org.kotlincrypto.macs	hmac-linuxmips32	0.2.3		N/A
org.kotlincrypto.macs	hmac-linuxmips32	0.2.4		N/A
org.kotlincrypto.macs	hmac-linuxmips32	0.2.5		N/A
org.kotlincrypto.macs	hmac-linuxmips32	0.2.6		N/A
org.kotlincrypto.macs	hmac-linuxmips32	0.2.7		N/A
org.kotlincrypto.macs	hmac-linuxmips32	0.3.0		N/A
org.objectweb.jonas	jonas-sec-interceptors-iiop	5.0-M1		12d32ef97dcfb9b5a861dc882507ea70496d6146
org.opendaylight.yangtools.model	opendaylight-l2-types	2013.08.27.0		8e2c880c8477784d73e9d6e0c5b794a49b22255c
org.opendaylight.yangtools.model	opendaylight-l2-types	2013.08.27.1		3eac4df4f23d96f668f7a5959acd57191c83ac4d
org.opendaylight.yangtools.model	opendaylight-l2-types	2013.08.27.2		a498707bbfa80197b06afdeabff54eb8b3720dc1
org.opendaylight.yangtools.model	opendaylight-l2-types	2013.08.27.3		5c9c569300d066ec52d00c86f17c5cd2db6d53a1
org.opendaylight.yangtools.model	opendaylight-l2-types	2013.08.27.4-Helium		5519adeaade5793a6aa506916bfd24845bf9fea7
org.opendaylight.yangtools.model	opendaylight-l2-types	2013.08.27.4.1-Helium-SR1		5f23afec4d53bf67cd0e0c03678f3b6a6694d135
org.opendaylight.yangtools.model	opendaylight-l2-types	2013.08.27.4.1-Helium-SR1.1		8eea04c31e58640b5622124e8837d66911176128
org.opendaylight.yangtools.model	opendaylight-l2-types	2013.08.27.4.2-Helium-SR2		fb7145a7a6ed6ef3e56ebb66cf6374c865f1ea14
org.opendaylight.yangtools.model	opendaylight-l2-types	2013.08.27.4.3-Helium-SR3		cc4695a3d96eee907b284e6a4097c29c8f584284
org.opendaylight.yangtools.model	opendaylight-l2-types	2013.08.27.4.4-Helium-SR4		ff5a4d17e20088055f854cdf08da50da80a0f5fd
org.opendaylight.yangtools.model	opendaylight-l2-types	2013.08.27.7-Lithium		a1acb522d7196b7e3677b1478720004f176164ff
org.opendaylight.yangtools.model	opendaylight-l2-types	2013.08.27.7.1-Lithium-SR1		c3f8a7fd1229d21ea0dac079ceeea27c8c939a44
org.opendaylight.yangtools.model	opendaylight-l2-types	2013.08.27.7.2-Lithium-SR2		8070939670bd9d279203db029d4f5de985b04b18
org.opendaylight.yangtools.model	opendaylight-l2-types	2013.08.27.7.3-Lithium-SR3		7519a18debfc5e719e5a36a92bb11718c79166b0
org.opendaylight.yangtools.model	opendaylight-l2-types	2013.08.27.7.4-Lithium-SR4		c2b9b6f2b3982362ba730db28bc4f99426fe7145
org.portable-scala	sbt-scala-native-crossproject_2.12_1.0	1.3.2		3db9d3972749d3dfa9570baed82bb2bb2f12ae87
org.powerscala	powerscala-interpreter_2.11	1.6.10		46b6afed065a80d7462603a21417833488b41303
org.powerscala	powerscala-interpreter_2.11	1.6.11		c1679ce9e2bd3b3b41548e4ff160834921b059dc
org.powerscala	powerscala-interpreter_2.11	1.6.5		14f61479449cfc4f081500624e0d9d1d33fc7d1a
org.powerscala	powerscala-interpreter_2.11	1.6.6		3d16b08d166965d3d0ed29b226267920b4a8ba3d
org.powerscala	powerscala-interpreter_2.11	1.6.7		144d272105a3195e068d6fb3a0cf176ed78652b0
org.powerscala	powerscala-interpreter_2.11	1.6.8		566cdd6d2beb174aa119a949bf90eeedbec8095d
org.powerscala	powerscala-interpreter_2.11	1.6.9		16398a95a21a42269bfebb72fa19b8fc9c2766e4
org.teiid.wildfly	wildfly-parent	12.0.0		N/A
org.teiid.wildfly	wildfly-parent	12.0.1		N/A
org.teiid.wildfly	wildfly-parent	12.0.2		N/A
org.teiid.wildfly	wildfly-parent	12.1.0		N/A
org.teiid.wildfly	wildfly-parent	12.1.1		N/A
org.teiid.wildfly	wildfly-parent	12.1.2		N/A
org.teiid.wildfly	wildfly-parent	12.2.0		N/A
org.teiid.wildfly	wildfly-parent	12.2.1		N/A
org.teiid.wildfly	wildfly-parent	12.2.2		N/A
org.teiid.wildfly	wildfly-parent	12.3.0		N/A
org.teiid.wildfly	wildfly-parent	12.3.1		N/A
org.teiid.wildfly	wildfly-parent	12.3.2		N/A
org.teiid.wildfly	wildfly-parent	13.0.0		N/A
org.teiid.wildfly	wildfly-parent	13.0.1		N/A
org.teiid.wildfly	wildfly-parent	13.0.2		N/A
org.teiid.wildfly	wildfly-parent	13.0.3		N/A
org.teiid.wildfly	wildfly-parent	13.1.0		N/A
org.teiid.wildfly	wildfly-parent	13.1.1		N/A
org.teiid.wildfly	wildfly-parent	13.1.2		N/A
org.teiid.wildfly	wildfly-parent	14.0.0		N/A
org.teiid.wildfly	wildfly-parent	14.0.1		N/A
org.teiid.wildfly	wildfly-parent	14.0.2		N/A
org.teiid.wildfly	wildfly-parent	15.0.0		N/A
org.teiid.wildfly	wildfly-parent	15.0.1		N/A
org.teiid.wildfly	wildfly-parent	15.0.2		N/A
org.teiid.wildfly	wildfly-parent	16.0.0		N/A
org.typelevel	cats-effect-cps_2.12	0.1.0		b454e8b595707d5ee84731e18e473c28df254868
org.typelevel	cats-effect-cps_2.12	0.2.0		422c956c7e72b67c34fd8e3a6eb76859ce9eab7b
org.typelevel	cats-effect-cps_2.12	0.3.0		144f52a8fcbad9e0d61fa467675cf6913d6ea05c
org.typelevel	cats-effect-cps_2.12	0.4.0		9526a8f1600d04adee6fba33dd78aeb6ef6d54cc
org.wso2.analytics.esb	org.wso2.das4esb.styles.parent	5.0.0		N/A
org.wso2.carbon.identity.tool.validator.sso.saml2	org.wso2.carbon.identity.tools.saml.validator	5.1.4		6589da4567bbf9b354432d28ba8598744477db31
org.wso2.carbon.identity.tool.validator.sso.saml2	org.wso2.carbon.identity.tools.saml.validator	5.1.5		cc4f4bdd7c035cd3bc6de1a353e0fe6451f028b0
org.wso2.carbon.identity.tool.validator.sso.saml2	org.wso2.carbon.identity.tools.saml.validator	5.1.6		7bda8e42dad845c1d304e2225b8a70da84cd0d4b
org.wso2.carbon.identity.tool.validator.sso.saml2	org.wso2.carbon.identity.tools.saml.validator	5.1.7		26afaf91cc9c47f65a21f33c65e172fd28b93ebf
org.wso2.carbon.identity.tool.validator.sso.saml2	org.wso2.carbon.identity.tools.saml.validator	5.3.4		72d0add77baf0298c8bb8bfd74aec72a61162bcc
org.wso2.carbon.identity.tool.validator.sso.saml2	org.wso2.carbon.identity.tools.saml.validator	5.3.5		c6369a11a20da775f2feab462b14f732f01453df
org.wso2.carbon.identity.tool.validator.sso.saml2	org.wso2.carbon.identity.tools.saml.validator	5.4.0		2f59fa1a914a50148aab7223f4b4b290c9ddd1d2
org.wso2.carbon.identity.tool.validator.sso.saml2	org.wso2.carbon.identity.tools.saml.validator	5.4.1		4a42aa2deb133b5cfc27626b897d6a15dc4a4b39
org.wso2.carbon.identity.tool.validator.sso.saml2	org.wso2.carbon.identity.tools.saml.validator	5.4.2		fcd096ba2b4f40d94458d6778e66dd6c352b8d58
org.wso2.carbon.identity.tool.validator.sso.saml2	org.wso2.carbon.identity.tools.saml.validator	5.4.3		87e30f2fa87eac26496ded81113d19492ba07338
org.wso2.carbon.identity.tool.validator.sso.saml2	org.wso2.carbon.identity.tools.saml.validator	5.4.4		6807264fa2386f78b6a84c6008b98e8027cbf77e
org.wso2.carbon.identity.tool.validator.sso.saml2	org.wso2.carbon.identity.tools.saml.validator	5.5.0		f38f8f35a7dafcc9a1e4309284c005802d1a491d
org.wso2.carbon.identity.tool.validator.sso.saml2	org.wso2.carbon.identity.tools.saml.validator	5.5.1		ca01c4947d5163091a7c8467a8a19ca1c989a027
org.wso2.carbon.identity.tool.validator.sso.saml2	org.wso2.carbon.identity.tools.saml.validator	5.5.2		cf74d9077b836a7235c56707e8791f8bf41c6433
uk.org.lidalia	lidalia-slf4j-ext	1.0.0		e8ee79b1cf5523d1c4a81f95b343ed47726b1b27
uk.org.lidalia	lidalia-slf4j-ext	1.0.0-jdk6		7912fcea0e0fbd8ebfea39f58415f427645fd2d6
work.seals	seal-activiti	3.5.0		2547303c31bea8f0671732752495f789d4893c0a
work.seals	seal-activiti	3.5.4		c6e80938e26bc43c9487890b382aed5068f6a57a
work.seals	seal-activiti	3.5.5		707fb4927bc574a9f75091d69d97d328236f3971
work.seals	seal-activiti	3.5.6		e88acbeb0274fc8f9923e9f99c71cf7955417b55
work.seals	seal-activiti	3.5.7		4d3c1edf1a8d0edb645e080cbd8000806ed55896
work.seals	seal-activiti	3.5.8		caa0a6b392e650476189c7279144e1d1a8ca4376
work.seals	seal-activiti	3.6.0		43c07ff72ec4f1a1a2cd252bfb0d31fcba43e5ac
work.seals	seal-activiti	3.6.1		86b17ddd148c1ebeea8f7a9d47867845e8bdc9fc
work.seals	seal-activiti	3.6.2		4ef0c0c0ba7b79b560bd9b849dfba4d698907848
work.seals	seal-activiti	3.6.3		faab7e5f59a527842b8dd392c9c74da4aa38a227
work.seals	seal-activiti	3.6.4		f066f6f1cb7aca0de5f1a738415501c761c4ffe6
work.seals	seal-activiti	3.6.5		5d51ccd8430fda548f355b15cd49f0ce078d40af
work.seals	seal-activiti	3.6.6		529232333e618f574f5a36e631cc5c8b910911dc
work.seals	seal-activiti	3.6.7		2b5a585ba1b010cc687b95e3325505ba98d9d1e1
work.seals	seal-activiti	3.6.8		b2b2c9d65592b6d4cb78251726a1c411f2feb00c
work.seals	seal-activiti	3.6.9		b3de012eb753d13d5aa64fce9ba8f0bf3c50d222
work.seals	seal-activiti	3.7.0		95677dee11710c5fe607a707d4aeefdd68db12ca
work.seals	seal-activiti	3.7.1		01708d0b305ce900c55a1701da90e5def4d742ec
work.seals	seal-activiti	3.7.2		623ab2e2e298353cb0bec281c033e1df158876b6
work.seals	seal-activiti	3.7.3		d5e9fa91e76f0636c8102ba95fe36734d3eb257e
work.seals	seal-activiti	3.7.4		9c699597ee0ac90a377c451d59570340a1167539
xyz.erupt	erupt-mongodb	1.10.0-beta		1024100fccfcb94545a33d606e453a8e1c2b4f22
xyz.erupt	erupt-mongodb	1.10.1		f08c468c2068e79f579edc4ccd226e03f99b12c1
xyz.erupt	erupt-mongodb	1.10.10		63624dfa2d9b8860aa7a5975626686334e6dadc6
xyz.erupt	erupt-mongodb	1.10.10-beta		42b6c39f529142b6690fa697689cd2db1eed185f
xyz.erupt	erupt-mongodb	1.10.10-beta2		1a346681940fecd2f158690e3bcd5be7135e94a1
xyz.erupt	erupt-mongodb	1.10.11		6c0a13728f45658fb01602ea2e2b168657f91a5f
xyz.erupt	erupt-mongodb	1.10.12		a0354acf0b0f419cdec2b41492fdd794e5a371ce
xyz.erupt	erupt-mongodb	1.10.13		139dc9cc8e4c08ab3c8f167b1b0cfd9fbcefd24a
xyz.erupt	erupt-mongodb	1.10.14		0b4c1fbdffd0cbc5f9491ec6e869bdaf81ae93b8
xyz.erupt	erupt-mongodb	1.10.15		1434e91dd8ca6bec59ff2e3efe307dbc0357fd0d
xyz.erupt	erupt-mongodb	1.10.2		c0a31f89ae1a0d4d3fde72d9bbe4ac14aedecb86
xyz.erupt	erupt-mongodb	1.10.3		9029afb6e8eaf2902800bf0d35ded833662f9636
xyz.erupt	erupt-mongodb	1.10.4		a47104f34a9bc8d91271244a048d9e1e676ec9d2
xyz.erupt	erupt-mongodb	1.10.5		b5b0e7b7a31885dea150062ae617af7b3f300755
xyz.erupt	erupt-mongodb	1.10.6		dae8f24d1e82a2744224997e5eef5dc6d26c08dc
xyz.erupt	erupt-mongodb	1.10.7		642a3c5b2c10943007fe116adc6e5b8960edd301
xyz.erupt	erupt-mongodb	1.10.8		dde2bbe61bbd5c669ef9eba628eaebee93436110
xyz.erupt	erupt-mongodb	1.10.8-beta		918c22bf30d10d74537291c02adce9b7d9d2f090
xyz.erupt	erupt-mongodb	1.10.8-beta.2		acc82830d0621d32e1d012ab0f75101980210853
xyz.erupt	erupt-mongodb	1.10.8-beta.3		bb017c6bd723788bd4ff1403bd87943f117f94ba
xyz.erupt	erupt-mongodb	1.10.8-beta.4		c220df2f8c6948ca6a1f67bb0619abe9e0eaf8e6
xyz.erupt	erupt-mongodb	1.10.9		6d0bcdec3d80cab4640f5f921259ac87ad32a428
xyz.erupt	erupt-mongodb	1.10.9-beta		57ea37aad880a6b9947e0f44e10fcc425dba4f2f
xyz.erupt	erupt-mongodb	1.10.beta		98a4b3aeb07713e08ed8cdba32bfa3895b47cc53
xyz.erupt	erupt-mongodb	1.11.1		bc99cbfe428cf4bf852d88fcea0b8727da7d1883
xyz.erupt	erupt-mongodb	1.11.2		9470df7ce6d1b7744096facdf8a8c27c86fa4d05
xyz.erupt	erupt-mongodb	1.11.3		5278823449db07b7a81a654d94891153597aaee0
xyz.erupt	erupt-mongodb	1.11.4		5411e70caaf8812600e0c50f5a7dd21105850b48
xyz.erupt	erupt-mongodb	1.11.5		24cbcc5ff79fc6bba4eaafbda5b328e4e32101da
xyz.erupt	erupt-mongodb	1.11.6		aaecfc88f0b4328850a0c33c2257a1b919f90180
xyz.erupt	erupt-mongodb	1.11.7		35b58f6d7847cacfa088a886d9dc819b6c928e3e
xyz.erupt	erupt-mongodb	1.12.0		f8f88589becbab0c16b561a9d5506428b1bfa848
xyz.erupt	erupt-mongodb	1.12.1		2888bafa31da1fd8261a32accb9955258ae13929
xyz.erupt	erupt-mongodb	1.12.10		a8afbb3c1562eabf5bfe9a1e1c79a6350c8e2c35
xyz.erupt	erupt-mongodb	1.12.11		b664d0bc43492069bf791ce19a98b9f0456b41da
xyz.erupt	erupt-mongodb	1.12.12		2139d787de1e277c8f745a0fa29e9c9bba63eabd
xyz.erupt	erupt-mongodb	1.12.13		4715e0085a66fed51d59c29071628d59644b0cbe
xyz.erupt	erupt-mongodb	1.12.14		7d086381bf50074a0a0cc0af2200c6f55b7a9fd6
xyz.erupt	erupt-mongodb	1.12.15		c4c5de4ec3fa1f858117125387647460a094bf92
xyz.erupt	erupt-mongodb	1.12.16		7013ed490db1b278486582ac3bbf933db177f7b2
xyz.erupt	erupt-mongodb	1.12.17		9817bf9805ba74fff9b733a9a7818ffe3565f2dd
xyz.erupt	erupt-mongodb	1.12.18		d6a757c24deb11235dba633c8bcaf631a7451e2a
xyz.erupt	erupt-mongodb	1.12.19		986547919101ca9ce69abbbe4f42c16ede9acbcb
xyz.erupt	erupt-mongodb	1.12.2		cb244b00449731ec2c5c223e0209ffb0d3fa6be9
xyz.erupt	erupt-mongodb	1.12.20		50681362641c3c6028419e19d626d30ea4bb3e36
xyz.erupt	erupt-mongodb	1.12.3		a9a2b708854af86c7531c725b2e4f913c0331274
xyz.erupt	erupt-mongodb	1.12.4		7c94867e13808eaf1bb37b38e75e2a0f7c2555d4
xyz.erupt	erupt-mongodb	1.12.5		f7dce21a556878d293b8189e8f5722cc79c113fe
xyz.erupt	erupt-mongodb	1.12.6		4dd73c61b281eebc948915b55ad965ffae64aeff
xyz.erupt	erupt-mongodb	1.12.7		81484060a2e2fd3b4a94b1cabee44641f2881bcf
xyz.erupt	erupt-mongodb	1.12.8		e3bf5e13f6fd5d42b0f6f00d026736a393b2094d
xyz.erupt	erupt-mongodb	1.12.9		a435407dae2aa6b00fca3ac899f2c1f3c9f455aa
xyz.erupt	erupt-mongodb	1.5.1		5e8b48c80e3a6378c45db62f630722c4994b0c3a
xyz.erupt	erupt-mongodb	1.5.2		0184eab397b763aceb61284c40b4d6d496731b81
xyz.erupt	erupt-mongodb	1.5.3		67ff2cdc8c241fe59c623b7bdf07e01550d50e61
xyz.erupt	erupt-mongodb	1.5.4		5613c09d2b4e4a8e490a48dfcb2170c8cbca9d86
xyz.erupt	erupt-mongodb	1.5.5		62d0bf401a8ce080d5465fe0c94a204cd5b2acbe
xyz.erupt	erupt-mongodb	1.5.6		bed177206fdb8d1a37111e6e9112034cd748254e
xyz.erupt	erupt-mongodb	1.5.7		4606bb48f7d9b7cb66caf1ae6ef1684defcf4431
xyz.erupt	erupt-mongodb	1.6.1		52315917e09f3c05eac1ef907cb8cc1a6fe42f46
xyz.erupt	erupt-mongodb	1.6.10		27683693fde32cdf33c14c990fb0b8a5e9631928
xyz.erupt	erupt-mongodb	1.6.11		d64c35fc563d4ec3cc8b991fd2db79e242b55861
xyz.erupt	erupt-mongodb	1.6.12		eefb00fccb9e5b455d442e78469ca43d1df26467
xyz.erupt	erupt-mongodb	1.6.13		3c20d01162e3dc9d91decf4dec14a0d66097017f
xyz.erupt	erupt-mongodb	1.6.14		5b5f683a0dc3daa679c6bff3cae0f40b37218a52
xyz.erupt	erupt-mongodb	1.6.15		b13d7f09efdffc241db38ece9b9f95a64b5d3b8a
xyz.erupt	erupt-mongodb	1.6.16		067fb1d69213458d317911c73274a41f5dcfc202
xyz.erupt	erupt-mongodb	1.6.2		e3d2d57225a33f13074c7fa367770e547ce8803c
xyz.erupt	erupt-mongodb	1.6.3		689826cdeefa20671b6f2638e0bed6eb7bd91ddb
xyz.erupt	erupt-mongodb	1.6.4		9250c42e29913f52ad3e8385cfde3fe2b17cd4f8
xyz.erupt	erupt-mongodb	1.6.5		5ce9e26f51275c36213fedf844aaa0096f09b05c
xyz.erupt	erupt-mongodb	1.6.7		b671504ae9522c64f66c6a9aadb5dff346d79f63
xyz.erupt	erupt-mongodb	1.6.8		0bbcb48f1c207c15a320636f56cef8033fb560da
xyz.erupt	erupt-mongodb	1.6.9		1183384202d96419a6f99b530bf57ea83de0eb69
xyz.erupt	erupt-mongodb	1.7.0		760bc2f3739aad86f5b251659dbf6f5633463ba8
xyz.erupt	erupt-mongodb	1.7.1		72d93e91d50970d69adfb0c5115b0f5125ebd7d3
xyz.erupt	erupt-mongodb	1.7.2		c086ae88fb6dd82338e5650263dc8346c51febf9
xyz.erupt	erupt-mongodb	1.7.3		706eea184c811d6efad3ce149e8e5f010790a808
xyz.erupt	erupt-mongodb	1.8.0		9d96f4461e0fb0123cebc63b49cd4f48bad1cded
xyz.erupt	erupt-mongodb	1.8.1		4e60409d0e0a636fdb86ec8ee0433eac97bfeb7c
xyz.erupt	erupt-mongodb	1.8.2		089eee84d3b327949ae5be0c6280462da4a66664
xyz.erupt	erupt-mongodb	1.8.3		f67c0092adaf0a70ac9a57022464400fbad3a96c
xyz.erupt	erupt-mongodb	1.8.4		1e8c326f16f9b335ac7360d5b38f12f2c638c320
xyz.erupt	erupt-mongodb	1.8.5		fcac8be7c65da0307cf2984a05f0303a12cb50f5
xyz.erupt	erupt-mongodb	1.9.0		21d4c0981201ff83277afe56d991a0d6209991c9
xyz.erupt	erupt-mongodb	1.9.0-bate		4a16225ed8be0d37d37bd562af905a631f1bc0ad
xyz.erupt	erupt-mongodb	1.9.0-bate2		3d2a7231161e817189021b4d12d5b61f45674f5f
xyz.erupt	erupt-mongodb	1.9.1		6b9527d4eefe785b2583e0e0897c89ce861d3895
xyz.erupt	erupt-mongodb	1.9.2		3f738665942aa14879ffbd05c7bb525e8fc3e153
xyz.erupt	erupt-mongodb	1.9.3		01c15c563ad7a724c1d2f07df92bf2cedd8ea624
