aws.sdk.kotlin	aws-signing-jvm	0.10.0-beta		43a7b1c150fdbf2272d1e32db1abd0d823d8c768
aws.sdk.kotlin	aws-signing-jvm	0.10.1-beta		3372deb95cc24099d2c43c5b0e4af29604681bae
aws.sdk.kotlin	aws-signing-jvm	0.11.0-beta		739c17f41584294f926ee3de35912c0b0cdc7902
aws.sdk.kotlin	aws-signing-jvm	0.12.0-beta		e819fd7d83b196e6896c4441b2bb2da4035bf9c7
aws.sdk.kotlin	aws-signing-jvm	0.13.0-beta		e37e5387d9438f23cd578372a0ae2469945e780d
aws.sdk.kotlin	aws-signing-jvm	0.13.1-beta		c8ffa56914758fa6eb8a1b3bc0a05c9ca3b9262b
aws.sdk.kotlin	aws-signing-jvm	0.14.0-beta		b235974f5d2d7b4e98fcd078b2462141944ba733
aws.sdk.kotlin	aws-signing-jvm	0.14.1-beta		48f91108c9d8fc9d3a62202f6d10678a0af8899a
aws.sdk.kotlin	aws-signing-jvm	0.14.2-beta		10f09b2c11181fb4898e92a4e7826d58f20eea30
aws.sdk.kotlin	aws-signing-jvm	0.14.3-beta		0e651ef0a33733871239355f94f3e162313dcf95
aws.sdk.kotlin	aws-signing-jvm	0.14.4-beta		0b9cad43e8cf946a02760daaed77f82a8081bbe6
aws.sdk.kotlin	aws-signing-jvm	0.7.0-alpha		4f81fff8923fb1f8ff4f696d29cb4f098ed4dc47
aws.sdk.kotlin	aws-signing-jvm	0.8.0-alpha		5aefc9392625b3149d4edd175118f2c50fce2afd
aws.sdk.kotlin	aws-signing-jvm	0.9.0-alpha		dcfb1ab874c549d6f24b29d5c4a2a5ce2d11e100
aws.sdk.kotlin	aws-signing-jvm	0.9.1-alpha		01bc7d10da8a5a4dc5ff0fce4b37e26aea7bbe28
aws.sdk.kotlin	aws-signing-jvm	0.9.2-alpha		9a775dba54bc9d999b7591d8d49cbb24eadd92d0
aws.sdk.kotlin	aws-signing-jvm	0.9.3-alpha		cf34a6349c9997cf7204fd755c92e39a1b4fa6e2
aws.sdk.kotlin	aws-signing-jvm	0.9.4-beta		566f4fa0800ba2c9455ff0308bcc206eecce3fb3
aws.sdk.kotlin	aws-signing-jvm	0.9.5-beta		93f7bf7e006d32d426fddab1262cf1b1832ef8e3
be.vlaanderen.informatievlaanderen.ldes.ldi	version-materialiser	2.12.0		3ee9f13147aa341f329cc440e1c1557790ba52a9
build.please	jacoco-shaded	0.8.1		b10e399d011b04ce19de39338ebc880c1b146ace
build.please	jacoco-shaded	0.8.4		41429be3fe465fd954e44fa04ecd70cef6cd6d1f
ch.admin.bit.jeap	jeap-messaging-confluent-schema-registry	8.15.0		90dddc507d0095f7e5c2e6291ca51ca036351a7d
ch.admin.bit.jeap	jeap-messaging-confluent-schema-registry	8.16.0		d9522783bb2952d1d9d6251c92ad0a0de5d6e122
ch.admin.bit.jeap	jeap-messaging-confluent-schema-registry	8.17.0		16adcadaa8e3d2f7477ab4449b4a8939c678cec7
ch.admin.bit.jeap	jeap-messaging-confluent-schema-registry	8.18.0		23b15ce5d43991b5ab88ddce02a360323c1e0598
ch.admin.bit.jeap	jeap-messaging-confluent-schema-registry	8.19.0		543e93355d847aa093e15b08acb8bbedcb6a7cec
ch.admin.bit.jeap	jeap-messaging-confluent-schema-registry	8.20.0		554ccdd044697cb8770ed0b9cb423687dcc9930e
ch.admin.bit.jeap	jeap-messaging-confluent-schema-registry	8.21.0		06648787d8e194b6b11d5958101c919f3eb68ca0
ch.admin.bit.jeap	jeap-messaging-confluent-schema-registry	8.22.0		53c539a1b98e29fbb15026943423195c17987ce7
ch.admin.bit.jeap	jeap-messaging-confluent-schema-registry	8.23.0		6d2832bbe02d117928ffe27fd12b98fd651f7133
ch.admin.bit.jeap	jeap-messaging-confluent-schema-registry	8.24.0		21d019c5a7b0eff1da0bc6c1ff0eb23f957baebd
ch.admin.bit.jeap	jeap-messaging-confluent-schema-registry	8.25.0		1f4073e738cd2b9dc32aa9d0ed09c67c2c1408f1
ch.admin.bit.jeap	jeap-messaging-confluent-schema-registry	8.26.0		2f202bfcca1ac48a2cfdc42c6f9908283336f9f5
ch.admin.bit.jeap	jeap-messaging-confluent-schema-registry	8.27.0		b6a010835c90669a197813767abebc2f60a0d92c
ch.admin.bit.jeap	jeap-messaging-confluent-schema-registry	8.27.1		3c55f4ce2e0db4c0cbdd868ef74fa6da038bab2a
ch.admin.bit.jeap	jeap-messaging-confluent-schema-registry	8.27.2		149ffddd772074afc84ab2305b10894ecf95d0ce
ch.admin.bit.jeap	jeap-messaging-confluent-schema-registry	8.28.0		d0e7288219bca7d1bbf85235f96a197c8ecada78
ch.admin.bit.jeap	jeap-messaging-confluent-schema-registry	8.29.0		c2d66a2599a4caa4a8d7cb3b704a6362f522bd30
ch.admin.bit.jeap	jeap-messaging-confluent-schema-registry	8.30.0		bc932a80e1564fa1a1910a27af74873adcff520a
ch.admin.bit.jeap	jeap-messaging-confluent-schema-registry	8.30.1		8751d7d5947d7ad41f48c24baa1f65230c8c3ba7
ch.admin.bit.jeap	jeap-messaging-confluent-schema-registry	8.30.2		979f2ffc43007842b970228ebe3bd2c866500647
ch.admin.bit.jeap	jeap-messaging-confluent-schema-registry	8.30.3		7a447e7d097b9931554dcd6aa2f432cb53444da5
ch.admin.bit.jeap	jeap-messaging-confluent-schema-registry	8.31.0		2d7bc014a579e7e7986c42cab160f4ac030bc302
ch.admin.bit.jeap	jeap-messaging-confluent-schema-registry	8.31.1		4241b943874d16fafcbcdbe66b7d37a593caba07
ch.admin.bit.jeap	jeap-messaging-confluent-schema-registry	8.31.2		5daa393b0cc30cb6aa449a42ee207fbc5584b996
ch.admin.bit.jeap	jeap-messaging-confluent-schema-registry	8.32.0		f61b339b533dee056fa4b88b9a4046addff4cbd8
ch.admin.bit.jeap	jeap-messaging-confluent-schema-registry	8.33.0		64e1c655813bf2080449a0e3249a369c897d586b
ch.admin.bit.jeap	jeap-messaging-confluent-schema-registry	8.34.0		791e612dd351d771302323fb2fbfc9a403bdc6d0
ch.admin.bit.jeap	jeap-messaging-confluent-schema-registry	8.35.0		ebad3bbd8215098a0c225d8fcd0580bcada8d247
ch.admin.bit.jeap	jeap-messaging-confluent-schema-registry	8.36.0		f4adee308ebd7a0130721e67aaa2493dc8925aa3
cn.tpkf	pi-device-sdk	0.0.1		568d28d56f48640f36cfd77f555dad67cc3635a2
cn.tpkf	pi-device-sdk	0.0.1	jar-with-dependencies	daa92830af0d4ff19bf69de3199054f588dfe620
com.adyen.checkout	cse	3.8.3		N/A
com.adyen.checkout	cse	4.0.0		N/A
com.adyen.checkout	cse	4.0.0-beta03		N/A
com.adyen.checkout	cse	4.1.0		N/A
com.adyen.checkout	cse	4.1.1		N/A
com.adyen.checkout	cse	4.10.0		N/A
com.adyen.checkout	cse	4.11.0		N/A
com.adyen.checkout	cse	4.12.0		N/A
com.adyen.checkout	cse	4.12.1		N/A
com.adyen.checkout	cse	4.13.0		N/A
com.adyen.checkout	cse	4.13.1		N/A
com.adyen.checkout	cse	4.13.2		N/A
com.adyen.checkout	cse	4.13.3		N/A
com.adyen.checkout	cse	4.13.4		N/A
com.adyen.checkout	cse	4.13.5		N/A
com.adyen.checkout	cse	4.13.6		N/A
com.adyen.checkout	cse	4.2.0		N/A
com.adyen.checkout	cse	4.3.0		N/A
com.adyen.checkout	cse	4.4.0		N/A
com.adyen.checkout	cse	4.5.0		N/A
com.adyen.checkout	cse	4.6.0		N/A
com.adyen.checkout	cse	4.6.1		N/A
com.adyen.checkout	cse	4.7.0		N/A
com.adyen.checkout	cse	4.7.1		N/A
com.adyen.checkout	cse	4.8.0		N/A
com.adyen.checkout	cse	4.9.0		N/A
com.adyen.checkout	cse	4.9.1		N/A
com.adyen.checkout	cse	5.0.0		N/A
com.adyen.checkout	cse	5.0.0-alpha01		N/A
com.adyen.checkout	cse	5.0.0-alpha02		N/A
com.adyen.checkout	cse	5.0.0-beta01		N/A
com.adyen.checkout	cse	5.0.1		N/A
com.adyen.checkout	cse	5.1.0		N/A
com.adyen.checkout	cse	5.10.0		N/A
com.adyen.checkout	cse	5.2.0		N/A
com.adyen.checkout	cse	5.3.0		N/A
com.adyen.checkout	cse	5.3.1		N/A
com.adyen.checkout	cse	5.4.0		N/A
com.adyen.checkout	cse	5.5.0		N/A
com.adyen.checkout	cse	5.6.0		N/A
com.adyen.checkout	cse	5.7.0		N/A
com.adyen.checkout	cse	5.7.1		N/A
com.adyen.checkout	cse	5.8.0		N/A
com.adyen.checkout	cse	5.9.0		N/A
com.adyen.checkout	cse	5.9.1		N/A
com.benwoodworth.parameterize	parameterize-jvm	0.1.0		43da6cd6550e0e746084c9c5cc206c39eb4df991
com.benwoodworth.parameterize	parameterize-jvm	0.2.0		94d274204d6565d80a4d4f958da93b467b9d8eb6
com.benwoodworth.parameterize	parameterize-jvm	0.2.1		38cfe2e578c8fe841da18449087ff9fe9f880c3e
com.benwoodworth.parameterize	parameterize-jvm	0.3.0		9b7102ccee86ab51e9a6fb3fe0635a244595932f
com.benwoodworth.parameterize	parameterize-jvm	0.3.1		adebd5b4a2e1866e227954da0393b7fba340f79f
com.benwoodworth.parameterize	parameterize-jvm	0.3.2		25acf5de1f428d5ca47c083ba76b8bb750c26c86
com.benwoodworth.parameterize	parameterize-jvm	0.3.3		87ab44c470c12370aa8f4c8f0d8fe3858277c14a
com.codeslap	examples	0.7		87991a3398e7ecba91c0f37379011f9f52f9633b
com.criteo	api-transition.java-client	1.0.3		ba7fc12cb929fc75f7c5bb056136497cd4a5f0c7
com.criteo	api-transition.java-client	2021-04.0		ad498293ad7378a490b0ff294bc64ee20f5a9f1f
com.datarobot	mlops-utils-for-spark_3.3.0	8.0.11		325080422499c55944aeb0dd99a672275e833445
com.datarobot	mlops-utils-for-spark_3.3.0	8.2.10		a1940c96fb1f1f8d5b241414c350a580d7fc4bbd
com.datarobot	mlops-utils-for-spark_3.3.0	8.2.5		4cf07c8e6421f8805e47186a0a5ee390db3e79ed
com.datarobot	mlops-utils-for-spark_3.3.0	8.2.7		a0bb1529896c734f59e90f21f88bb81e044b458c
com.daveayan	croutons	0.2		N/A
com.gccloud	gc-starter-plugins-cache-redis-ctg-service	1.0.2-beta		6bfd46a8fa76d1284ade75956629c2ded4cc0f7e
com.gccloud	gc-starter-plugins-cache-redis-ctg-service	1.0.2-beta2		376606559dd0428ce132a9397d588cfa5262e16e
com.gccloud	gc-starter-plugins-cache-redis-ctg-service	1.0.2-beta3		c7ab21dc0897c5b2d3b1f07c08dc563548bacac0
com.gccloud	gc-starter-plugins-cache-redis-ctg-service	1.0.2-beta4		5391f6293d010cfb73e2601dfb2ebeb269d16594
com.gccloud	gc-starter-plugins-cache-redis-ctg-service	1.0.2-beta5		85e6d2856fc5aa0df1ca8772d61cfb3d346cc28f
com.gccloud	gc-starter-plugins-cache-redis-ctg-service	1.1.0-beta1		e4d2f841363ea2472f0c5b25539e90996a7dec46
com.gccloud	gc-starter-plugins-cache-redis-ctg-service	1.1.1		078426290790625cb91fc7e5e60ddf422142f8d2
com.gccloud	gc-starter-plugins-cache-redis-ctg-service	1.2.4.1.RELEASE		5cda1c7c70e68e726bfae9738bdda99c2f283b0b
com.gccloud	gc-starter-plugins-cache-redis-ctg-service	1.2.4.2023013001.RELEASE		5ae214d8f35527d1f469c06c701372c8d223140e
com.gccloud	gc-starter-plugins-cache-redis-ctg-service	1.2.4.2024062001.RELEASE		8dd0199d1f6e39ac67e9d29d12a3b1743eb84bd0
com.gccloud	gc-starter-plugins-cache-redis-ctg-service	1.2.5.RELEASE		142dba0b83179f744f15aadc4fe7469bc013f1df
com.gccloud	gc-starter-plugins-cache-redis-ctg-service	2.0.0.RELEASE		e5efa52c9f4b72dc14566836c381c76624b95cd7
com.gccloud	gc-starter-plugins-cache-redis-ctg-service	2.1.0.2022112402.RELEASE		75aa3ee138e40d5a661ea75fdb5566dbff797e58
com.gccloud	gc-starter-plugins-cache-redis-ctg-service	2.1.0.2023042801.bugfix.RELEASE		38dc03c57d3d1c7d351813d51284b0002076069f
com.gccloud	gc-starter-plugins-cache-redis-ctg-service	2.1.0.RELEASE		49d3acd7247352c92b94e69c8ced19d38e54fa5d
com.gccloud	gc-starter-plugins-cache-redis-ctg-service	2.2.0.RELEASE		1666f268f9caa085b91ea9af7c13547e4ee3f07a
com.gccloud	gc-starter-plugins-cache-redis-ctg-service	2.2.1.2023063001.Alpha		28c702b9541d4683462811abf79b46bb26c9f4e2
com.gccloud	gc-starter-plugins-cache-redis-ctg-service	2.2.1.RELEASE		d1de316498a3683021a438124ad892c90d10b725
com.gccloud	gc-starter-plugins-cache-redis-ctg-service	2.2.2.RELEASE		b1d95ef1d67bc9e32d34694ff2b149e980928854
com.gccloud	gc-starter-plugins-cache-redis-ctg-service	2.3.0.RELEASE		6959dd85d190cdc35cca2cd0eb6c1cd1727ce541
com.gccloud	gc-starter-plugins-cache-redis-ctg-service	2.3.5.RELEASE		0fd6d701367e2b80bb4ab84174974c17603fe662
com.github.adedayo.eclipse.sdk	org.eclipse.equinox.frameworkadmin	2.0.200		85956a7d4aebab819b5d8f02651750be634ed976
com.github.iamiddy	syncrest-asyncprocessor	0.0.2		96e47f43f2ab23975d5fc63d3bcf502db4a05340
com.github.jmatsu	multipreference-processor	0.3.1		bba46a1e008ae00853e2097e2ca5282a6b0938fd
com.github.jonnylaw	bayesian_dlms_2.12	0.2		39d67b9e8d89bedd53e4f1661d3fc17ae4b169a2
com.github.jonnylaw	bayesian_dlms_2.12	0.3.0		cbece3cf72aaa3e61f1f1bab91bb485739aea494
com.github.jonnylaw	bayesian_dlms_2.12	0.3.1		8ebf8fee1c2702b77900112f0a7df9b430a1433e
com.github.jonnylaw	bayesian_dlms_2.12	0.3.2		874b7ab334f111aeb92248dac450631f7b6a543e
com.github.jonnylaw	bayesian_dlms_2.12	0.3.3		82fdf4bfcb9b7d990ac77518179a3b763b5c928a
com.github.jonnylaw	bayesian_dlms_2.12	0.4.0		ee49f67a1ebb6481898af05dc2a70e253d227c22
com.github.ljtfreitas	java-restify-json-gson-converter	2.0.0		50e9db62886a9d78a8bbbadd7a59b4cad2231b5d
com.github.ljtfreitas	java-restify-json-gson-converter	2.1.0		4634ece08f62ba9755964fc629750721f3e9019a
com.github.nomou	spreadsheet-ms-excel	1.0.0		33d847a4616ec1c2949d443f0b920539d25cb605
com.github.nomou	spreadsheet-ms-excel	1.0.1		0dbec934c728579f9b3ec9b29d22cdc163464d0a
com.github.samirbraga	app-manager-sdk_2.12	0.1		38ef119eb26ceffb9a617343c54789a53c878a3a
com.groupbyinc	common-test	102		bd35562520f2e276c9418599a7098c08e903b748
com.groupbyinc	common-test	103		9f8d7e79e6255a38cc77f366ecc21cf9999c73aa
com.groupbyinc	common-test	104		bb447b5c25bf61bef767521adba049150bc89c4b
com.groupbyinc	common-test	105		f6cda67f1be150ec988470056c2f38df4e9f74b2
com.groupbyinc	common-test	106		ed81d09cfd4615fe3b89f047683d1c7facec4b2f
com.groupbyinc	common-test	107		a94e6a3d9cbc411064a353af42a13b2b82520cb5
com.groupbyinc	common-test	108		3cee533dae14d366aa6b5c785af7bef14932af15
com.groupbyinc	common-test	109		8b18d361ec85ab54958b5bfc942343c8064bfbb3
com.groupbyinc	common-test	110		d5ecfa0c07f9fe14c15d538ec0daadf1dda64a36
com.groupbyinc	common-test	111		55f8554b124811343c9d58c5cdd4609f8b9138ed
com.groupbyinc	common-test	112		8640f9a1bbd284be4bf9a2806556a5469baf207f
com.groupbyinc	common-test	113		f3fbd1a1b6453fe790bcb03164560ba627fb4fa6
com.groupbyinc	common-test	114		4887886b6e4f162ca7fb7c9caa833435e8ef1f91
com.groupbyinc	common-test	115		d730b0837a82f08c144af06f76850671e26ce2b8
com.groupbyinc	common-test	116		13cdc0b119916286bcd9015856ae5dac901f8cd8
com.groupbyinc	common-test	117		2b9b99a469a50d1f48d3fbe7a52f0c61c14787fa
com.groupbyinc	common-test	119		4a8081423c0415f14cb0f2f86d41f1b41a0bd53e
com.groupbyinc	common-test	120		3c7ddb14bab92ed1d039e393ca6de6da9f33c723
com.groupbyinc	common-test	122		777a67d099cef5ca160a43b4a7bdf4174ef187f8
com.groupbyinc	common-test	124		b337b645f7d479f236b94a456009a6e1080b6a22
com.groupbyinc	common-test	125		5925e3f6b3155dab20e0f5963ec3b91e49b9ae8b
com.groupbyinc	common-test	126		d8b47d20d9165d015300df7d7df95d7efa0b99fe
com.groupbyinc	common-test	128		e570a0caec4f146be4c4ff24479cf5a548cb906c
com.groupbyinc	common-test	129		44f60762bf659fa54f056b86585ad3ec671da627
com.groupbyinc	common-test	130		fdfc097f164708a81c38036ee95c73aa5fe31075
com.groupbyinc	common-test	131		b73a8fdacc974686c294d21f620c61f078f68faf
com.groupbyinc	common-test	132		4ebdf37d835c5b2f803fd5aca258cf1230fd852f
com.groupbyinc	common-test	133		30bd931ad5734eaca0ac72ad0e77e21cc726ec1f
com.groupbyinc	common-test	134		d832d4afc30ef0e0ebe47ce00ac6341e87e872f3
com.groupbyinc	common-test	135		a6a50aced164be21b45115d6fdf8813b38151776
com.groupbyinc	common-test	136		a1d181f5a5af1d41433fe3d54519d824f07becbf
com.groupbyinc	common-test	137		c7eca26094a26d9763a8c20f0e18a69cb8e11c37
com.groupbyinc	common-test	138		380ac5a11572a0cf7c2126fde7ac11050b4b8f07
com.groupbyinc	common-test	139		3be2dd7ee919c5fb720b38500061d7f90fc89a03
com.groupbyinc	common-test	140		461932283645928a38ad5afe7bf39dea2d445d57
com.groupbyinc	common-test	141		0ee4043c82b0cd8dd436ad5ef30741c6edd0b70a
com.groupbyinc	common-test	142		a1bf18787064f699f730639f1963b6051d983fee
com.groupbyinc	common-test	143		9ee5b8b95771c535d4726da41cabb51c619846df
com.groupbyinc	common-test	144		ce397aa5e9b94dd5c0ecc691a247fbe94f78b8f1
com.groupbyinc	common-test	145		df4e0872d491c9f936ac065a69949631d6d9cd0b
com.groupbyinc	common-test	146		b45437f4ee9465a3b89b301e8b4f3c5d82d5879e
com.groupbyinc	common-test	147		2225115877b01843899aa42903025cca8c7cad87
com.groupbyinc	common-test	148		faa41e7ba860d80508bcb107691e62039b560624
com.groupbyinc	common-test	149		93cfc3a6bc99ca9bfad9fbef4e043d02f105cb03
com.groupbyinc	common-test	150		9398f0985aa99475609de67274f77bb45a8b1425
com.groupbyinc	common-test	151		52cc5ea95ed65982856524607b591cf1a0159ad6
com.groupbyinc	common-test	152		c38c55a758c2baa203a4bd5801d39b8675bdb607
com.groupbyinc	common-test	153		0ea8537ece14a1a6146d1da907422e7518dcbef3
com.groupbyinc	common-test	154		09bae25553260c5a5c12dea26b4f56e4a20affb0
com.groupbyinc	common-test	155		9a87819f3a057ec6cd669dae93610157f89ff590
com.groupbyinc	common-test	161		e49ba6df6f92096b2f5f1faf30a945963ac0d40b
com.groupbyinc	common-test	162		b27e69f68ab7128195d952ef6e997d86fecd826c
com.groupbyinc	common-test	163		d112dfb9eb20e6605b04309dce6526e3719d1560
com.groupbyinc	common-test	164		5ad3de197f6fcc46f93173e2b10df98e08838843
com.groupbyinc	common-test	165		cc3cb52ca33fb1fa6b97c2b026ef846ce09675c3
com.groupbyinc	common-test	168		8a8d1ca736e2d7a8de7983cb12e249d00b9a6fdd
com.groupbyinc	common-test	169		421800a6a6dd6bc993aa52fbacb8b2d5b5955b7b
com.groupbyinc	common-test	170		7327b756a5cd764010eb90dc07035b3f25310c98
com.groupbyinc	common-test	171		94403f20dc51a99dfbde561d9a93f8b5f87b634d
com.groupbyinc	common-test	172		6cfc083822dd32efe23de4db04f4f78fae1b5853
com.groupbyinc	common-test	173		c1b8a0240c0d207a9bf8cd9debc35f358268759d
com.groupbyinc	common-test	174		3561aa218a9e7ad0ef4dbbc5949d8cb5a3193b66
com.groupbyinc	common-test	175		3219cc7c4a9debeaa72912e1ee0771f3eb213ebc
com.groupbyinc	common-test	176		4692ceba36d1479b2b9d2ee78d66fa0de1ab24a3
com.groupbyinc	common-test	177		57e2e6485682452cfff2469a4590dd0ae79dec2e
com.groupbyinc	common-test	178		2ccaad2b81463281efdce5293116acb5a338fddf
com.groupbyinc	common-test	180		cc517ee13c690bf175ed57f592855c5db0311f1c
com.groupbyinc	common-test	181		3ba993c6b1943a58ddab4d9ffce9334d3c9b7736
com.groupbyinc	common-test	182		0f6bf694eb41e49b71d1deaefbadfc200480571e
com.groupbyinc	common-test	183		26685eb21c091df44eacf7124089c52bcb34f3c0
com.groupbyinc	common-test	184		8ef804276f303b485d348bce9adcd983ac98f021
com.groupbyinc	common-test	185		a36ce4f017d4f279912b1b529e2f0271553ab856
com.groupbyinc	common-test	186		c0867cb649623c6e3512bce511bd28b384898b5d
com.groupbyinc	common-test	187		0bbc7177f51879e684fecc423e38e387345a616f
com.groupbyinc	common-test	188		049336f2daa094519a5317cdf5af787ed5c39fd9
com.groupbyinc	common-test	189		87fe4f4dd88062f098a18e1bc4ddcd974f3df55c
com.groupbyinc	common-test	19		2ad5b9af59b850d6e4727b704c346997383113d3
com.groupbyinc	common-test	190		30bdabfaf3f603225a647efc3c95f5c0f71caa8a
com.groupbyinc	common-test	191		42d0523cdeed170f9c73bf839a41cfd454c8eaad
com.groupbyinc	common-test	192		17499d668588cd7b22bc2e5a75fd3fcd46221a9a
com.groupbyinc	common-test	193		68f85f643e541a46ba5a3286130506e89c4569d6
com.groupbyinc	common-test	194		67223af2b58c86d8579fcdbc0ed2b0a9b7b26ebe
com.groupbyinc	common-test	195		2a536cb44402a00d40699b40f2931984d0a00472
com.groupbyinc	common-test	196		d8f4e3f368d5822007267f9a08c7dabe6e694782
com.groupbyinc	common-test	197		7f35954c4260c7522e1f27e6879a2e4fd368a789
com.groupbyinc	common-test	198		1ce1957df3dfcf716c6a235af65af045178f2b30
com.groupbyinc	common-test	20		43749281b2361b2eae00f2b562a4319be1d8cdc8
com.groupbyinc	common-test	21		8e626485272caaf938f1b8f387e23cfcee7b9a14
com.groupbyinc	common-test	22		4270b4d6de261f72818e1bcd4f3a1b2d5f8fedfd
com.groupbyinc	common-test	23		f3ed2332aa3d1046e61c55893cbdb9fdc624d936
com.groupbyinc	common-test	24		b9e9061cab23bedb7aa48786c4a624eaf3c10db1
com.groupbyinc	common-test	25		8a18533d3d1bd0b2bb5cc7934dcf52d1233fa04f
com.groupbyinc	common-test	26		526f04029fd4a9a56d285c7daacdb2dcb58aac4c
com.groupbyinc	common-test	27		271a7f641b8f7f0db4f0b412e83b2c175ae1e625
com.groupbyinc	common-test	28		b1dde33672caeb7f05d3af27c4cd3b6fb6d448b6
com.groupbyinc	common-test	29		a9ea88642d793e5edd1668b7b90cbf393a7b6f92
com.groupbyinc	common-test	30		01ba9eafcad15c61883357e4bc17b2cd9f09ee30
com.groupbyinc	common-test	31		e4fbc8e56bee9f59cf1172915f7cd4c0884f0032
com.groupbyinc	common-test	32		c27b4583f3513e23cc8036919e66f408cd87de88
com.groupbyinc	common-test	33		e4188683dc386f409283d83cbf7eb2ada75d4379
com.groupbyinc	common-test	34		ef432e9db6b9142a0ca2e555af0a665df473136f
com.groupbyinc	common-test	35		0b36a6463f6d809545dfedd6ae3f37b564c09a78
com.groupbyinc	common-test	36		6a6644e475e1749df7fed1a9cbd8208ef7710057
com.groupbyinc	common-test	37		7a3a608b77e6978cf1a231ef676dbd0317336aa3
com.groupbyinc	common-test	38		507b492579d158a63f38956f190da39d843fde79
com.groupbyinc	common-test	39		4dc9306d3be0a7770e6d50c66906fbbfd6536845
com.groupbyinc	common-test	40		f8ccd62906c22d1dbd4316f7f4d88313edd9f0bd
com.groupbyinc	common-test	41		4cdf153cf69540d4b3b98e5dac3f79248332db5f
com.groupbyinc	common-test	42		d765e501e81b00d1ff819976c3d3c0dd42f76468
com.groupbyinc	common-test	43		bf027b4951dce2819563519fbf33ccad8da18422
com.groupbyinc	common-test	44		86ccffe92553a15919f323a551e718bcdb766557
com.groupbyinc	common-test	45		8681f787d3bddc0abcb52c444bc17ea508ba12cc
com.groupbyinc	common-test	46		2e554010989bfa14b358b0beceafd9030bd03d8c
com.groupbyinc	common-test	47		35bf50f48e38a86111714d9ea571e92162a9443d
com.groupbyinc	common-test	48		cde234c60a1a6b1daefc530dfc43a65a0e3748ba
com.groupbyinc	common-test	49		6a77dedd9edcbf81ca9e5dec20de31fdfbeb0b81
com.groupbyinc	common-test	52		be051a9cd6915fe4601600e4e73f2ec2c763f8d0
com.groupbyinc	common-test	53		9aef772d65be339871b6a550b9d0549c507e606d
com.groupbyinc	common-test	54		6eda3d41b4b637f59df435f19956d8617cdea11e
com.groupbyinc	common-test	55		a77a01ac983e43267d42525efb8d9c95f3e837d2
com.groupbyinc	common-test	56		0b71ad33adfc063f7904c53e3e01daae64304a6c
com.groupbyinc	common-test	57		c8059b42086a1d4e72e1af94c2c2240984816ba4
com.groupbyinc	common-test	58		60e448bdb0842b9c2108d9083d68da951c00fadb
com.groupbyinc	common-test	59		a7074b5936c028837b2a51e839e6cc61d908b9bc
com.groupbyinc	common-test	60		c4dd98255ede9ebddd776df7bbc2d14c426864ad
com.groupbyinc	common-test	61		21846bf42994b2300b9fcb26b1d5264fa20b609e
com.groupbyinc	common-test	62		0d2ef303b37357e59c5c80a35e61c56a7f0a41aa
com.groupbyinc	common-test	63		d8526fd812ff9e7253e2db7ae11f4ff72d40b58e
com.groupbyinc	common-test	64		4c09f6f4037edacd0fc1fa69755dc4261bc36270
com.groupbyinc	common-test	65		540bcf73d91121e59b3e3a848afd23a736a6200c
com.groupbyinc	common-test	66		dd021ed8e4339408697e023e54d3cd0781347008
com.groupbyinc	common-test	67		7c1cf3b7d2162961cf8a861db54d67bdadb9fabf
com.groupbyinc	common-test	68		e1db441579ce16ffa53b0ffe97994ced7cddf4d2
com.groupbyinc	common-test	69		80302cb2b9919dc7cfad312c4204ba0ca97ff154
com.groupbyinc	common-test	70		92182100ccdb4016db9367ad6cfdc7d90dc38747
com.groupbyinc	common-test	71		2549a39ecae4790b3b64eb55a524d06bf1048c83
com.groupbyinc	common-test	72		d7fc6ade8dc79450062195ef1620d18aa5cf1ba1
com.groupbyinc	common-test	73		aff8a5551691de7bf31ae57e00972cd97c5bfb0b
com.groupbyinc	common-test	74		cdb311d9bfe4c2b90d551c049759e10cc9f69bcf
com.groupbyinc	common-test	75		c0802b8806a18c59a651b6c101ff2e11d87e9d7c
com.groupbyinc	common-test	76		0d0f1db7f6d387afa17a9b8d67e73ea2a5ea329a
com.groupbyinc	common-test	77		acedcd28717c66d65e100c04c71f699a27d2c686
com.groupbyinc	common-test	78		39bef363e49ad7f14b52e635afddb194a51c3f62
com.groupbyinc	common-test	79		664123d021b3e3c236692b0d7ab8760bbfd2c252
com.groupbyinc	common-test	80		657b93a42c4e3a76693f2df48f936f522794b52c
com.groupbyinc	common-test	81		d75f861aea55ebb3165231ba9901738f14e00076
com.groupbyinc	common-test	82		9ccf60d5a9d57f6f2f50f1b5ff211472ce05b7b6
com.groupbyinc	common-test	83		a80271cbc50f63f221e4e1c67c933f0fd870ae05
com.groupbyinc	common-test	84		5a1b25478b500d8a765c2aa43e05c076b2781d6b
com.groupbyinc	common-test	85		46786afd99e2f12abd4e15dbfabddb4531a2cc94
com.groupbyinc	common-test	86		faaf66d156e79bc81d34b92c73a54db020fd3b53
com.groupbyinc	common-test	87		d9e0aa3fe9291bb5902b0814b718000d748f466c
com.groupbyinc	common-test	88		024694278c67c9db4c7d93cd69d6051cc61c71c2
com.groupbyinc	common-test	89		902c308a37926c7da21c4e8e0ca5bf396170d8a8
com.groupbyinc	common-test	90		76612cbda475243a10f8130694db74260203a70c
com.groupbyinc	common-test	91		25c7d29cad6ead4f189d0cfee0e82602853a45d3
com.groupbyinc	common-test	92		26ff41cd21f8b726fcf8f588b87cff4dcf12446b
com.groupbyinc	common-test	93		d39ce1b696c6bb4e875bab6b9fd3316ad692d6d2
com.groupbyinc	common-test	94		b836ec0bd0e6ef14221009c5fce0d29e62e34a6f
com.groupbyinc	common-test	95		bd83b344863711237c0ef3b895055716d939281c
com.groupbyinc	common-test	96		dc1bb448ad8033d89f75b8189d19b53fb6666d7d
com.groupbyinc	common-test	97		19a764712aa3af5c4ea76a80fc7fbde217b418c0
com.groupbyinc	common-test	98		3cf30b43d69c57c1fcfb5ff8f48885987c804845
com.groupbyinc	common-test	99		a7e68abf8f85d530758e0606f64eae844a108c6e
com.helger	ph-locales16	2.0.0		29a3f01f154f2022dbfb50202141d59caaab18e0
com.maicard	eis-boss	2.0.0		82aa5cd4fa72a2fc7dfac66d3488fa93bb67e0b1
com.nryanov.feature4s	feature4s-redis_2.13	0.1.0		e5e24c52402f41d798af930c90a2e8d8398861ce
com.nryanov.feature4s	feature4s-redis_2.13	0.2.0		262a90d232a5f2efcb1702d737257943bf2af343
com.pixplicity.generate	gene-rate	1.3.0		N/A
com.qiniu	happy-dns	0.1.0		b7353809050e60740831566e8a9da279cd81e0e3
com.qiniu	happy-dns	0.1.1		49882f19e46006411bae24a0dcf840d534882dc2
com.qiniu	happy-dns	0.2.0		93ebfbb600d12c3f4a1ec2331e7ddbba7233bbb4
com.qiniu	happy-dns	0.2.1		b9a617ab7630ca6cf841becd35e3a74ffbfeb56f
com.qiniu	happy-dns	0.2.10		f429b65690a5d016374ba1ef4f3f37c3f920a7dc
com.qiniu	happy-dns	0.2.11		167d00c3da419367bdcc42f39a8fbf96c24fbbaf
com.qiniu	happy-dns	0.2.12		0222a364ea907058aee612de477e6e4ffc7a45b1
com.qiniu	happy-dns	0.2.13		a5a0b671cfa34710b904121fe8cb880c1b4b106c
com.qiniu	happy-dns	0.2.16		f2fd4b80bf7a57c2dc6376144a2a83b4da173903
com.qiniu	happy-dns	0.2.17		e1cb8fb7c77f25d6da3b82e34a54035a2aeb977f
com.qiniu	happy-dns	0.2.18		c80e7b7c781f78eea9786e36415256417cbdeecc
com.qiniu	happy-dns	0.2.2		2312074a656c29f06dd0ce55893cb0b1c81989ed
com.qiniu	happy-dns	0.2.3		670371d323f5946704b4c232fa40b1d59db095df
com.qiniu	happy-dns	0.2.3.1		60028b6cf0c2164c58828542d0864e87b181af50
com.qiniu	happy-dns	0.2.3.2		b3e3950802c1684731a4c11e59cdb2c06750841b
com.qiniu	happy-dns	0.2.4		b3848e8ccf9442d6dd03ce070bbe541bdcd20491
com.qiniu	happy-dns	0.2.5		c0ee8266504682a0e500d95d849a5af94a718df1
com.qiniu	happy-dns	0.2.6		8d51ad5ea200bb0808e5474ac83643003be22096
com.qiniu	happy-dns	0.2.7		d94b7987386a3aabbb5aa0be21589f72931f0489
com.qiniu	happy-dns	0.2.8		c39e5b6125fc7e09cde2ffeeaea94f14afbed30d
com.qiniu	happy-dns	0.2.9		5037fcb99527a08418dea7ee3ddc72c221696809
com.qiniu	happy-dns	1.0.0		8eef893caaafc1d088dd9cbfe525d65c8d87f642
com.qiniu	happy-dns	1.0.1		c3c12f63c1f8709f045e5693dc88227a7e640eca
com.qiniu	happy-dns	2.0.0		0f89a4cafb11625b949a04e145f7eaf43c8be4a9
com.qiniu	happy-dns	2.0.1		6275d337561c5b21273b173c264d224fea41dee0
com.semanticcms	semanticcms-autogit-book	1.3.2		2eccf6b97c99bc7b4cd20c2d7b5f5f02f687c587
com.semanticcms	semanticcms-autogit-book	1.3.3		267587d90affd7cdd63fac26679d8dca180e1f16
com.semanticcms	semanticcms-autogit-book	1.4.0		dce9b4254a47a4bc171b088abb3cf50225ccb5ed
com.semanticcms	semanticcms-autogit-book	1.5.0		d601352319b3b4c402cba7856cb02decf0e1b018
com.semanticcms	semanticcms-autogit-book	1.5.1		477183b5b80d58a6a049f1355b12b1878a8eef09
com.semanticcms	semanticcms-autogit-book	1.6.0		091632b31576066f8a4d791f6d1e07dc5e4a0b6a
com.semanticcms	semanticcms-autogit-book	1.7.0		365bf5278ccee526280d4e35fc3cecc774b7866d
com.semanticcms	semanticcms-autogit-book	1.7.1		d79389d62dab41fe364ff533830532ba46deb107
com.semanticcms	semanticcms-autogit-book	1.7.2		45d9d361ab8f6e012ec1da14296741114135acc0
com.semanticcms	semanticcms-autogit-book	1.8.0		fee2ccc39b427960e4935c7c49789f34e35edb5d
com.semanticcms	semanticcms-autogit-book	1.8.1		9df39f18fc134f480c7bdde0307d32b7ac347c9b
com.semanticcms	semanticcms-autogit-book	1.8.2		97b3c28bf10bd9801bb2ebebf34dc56293988873
com.spotify	magnolify-beam_2.12	0.8.0		45ede680a4b00675c1ce8716058711f975867900
com.tencent.tcvectordb	tcvdb-text	1.0.0		06ddca6aa7dbca263668103facadf7d85ba06fff
com.tencent.tcvectordb	tcvdb-text	1.0.1		a900109e94ae1470aa1b2e6e9d4140c0149a96b5
com.tencent.tcvectordb	tcvdb-text	1.0.2		ba843f9758b354ee7ebe9a62150284f78ead84ca
com.twitter	scalding-serialization-macros_2.11	0.15.0		df4a49b8490130daadd9ab38a47c9e1782f0cd1f
com.walterjwhite.modules	google	0.0.14		68f92b969002c0832ea230802db18b28a13916e1
com.walterjwhite.modules	google	0.0.15		50495428c52288b94fe7969ef3e149a7cf3b2633
dev.opensavvy.decouple	design-headless-jvm	0.10.0		5458bfa481bf9d8e06e4a15366f00eed86db92ec
dev.opensavvy.decouple	design-headless-jvm	0.10.2		f7c5358558e0de375516e673d9ff9c61a354b091
dev.opensavvy.decouple	design-headless-jvm	0.9.0		2f5f0d96c46bbf0e701620a5a6f7fec1d267d2a8
dev.snowdrop	vertx-spring-boot-sample-http-oauth	1.1.4		232a4c21d976a0952c383a979d1979b25b3adecc
dev.snowdrop	vertx-spring-boot-sample-http-oauth	1.1.4.Alpha1		efdba39b56891de2289e1e00fe028c0b9530a6ea
dev.snowdrop	vertx-spring-boot-sample-http-oauth	1.1.5		eca2c76d9dc9d84746a0da5b757e21901902bcbf
dev.snowdrop	vertx-spring-boot-sample-http-oauth	1.1.6		6039187280a510ab11a31313e5ef17906ce19ff3
dev.snowdrop	vertx-spring-boot-sample-http-oauth	1.2.1		127a4201b5dc7febde677db1bae5a830b4fe9f80
dev.snowdrop	vertx-spring-boot-sample-http-oauth	1.2.1.Beta2		92b6ac9dc3841cf6d9490a7343a5c15da80b8f52
dev.snowdrop	vertx-spring-boot-sample-http-oauth	1.2.2		d52a76dac46091bc3bf4c55405074d3c4ea9db77
dev.snowdrop	vertx-spring-boot-sample-http-oauth	1.2.2.Alpha1		879739a75f15ebcf6aad2c7418a6304b4ac9b16b
dev.snowdrop	vertx-spring-boot-sample-http-oauth	1.2.3.Alpha1		953fd49e59c55c7c23e8b3d003b5bf8c568a7eb8
dev.snowdrop	vertx-spring-boot-sample-http-oauth	1.2.3.Beta1		97f108c641541dfd6da10499dfcd95be5a71b919
dev.snowdrop	vertx-spring-boot-sample-http-oauth	1.2.3.Beta2		fd11a28db5831a73ec031894b098f8ad52070954
dev.snowdrop	vertx-spring-boot-sample-http-oauth	1.3.0		ab2cd327cf64d26ad1dee8730cd05fffdeca1b2a
dev.snowdrop	vertx-spring-boot-sample-http-oauth	1.3.0.Beta1		452f4d5aa1efb3c22764d596e79de92624a03f70
dev.snowdrop	vertx-spring-boot-sample-http-oauth	1.3.1.Alpha1		36c7633af789f5454eab93b2e00550dfdb08ac18
dev.snowdrop	vertx-spring-boot-sample-http-oauth	1.3.1.Beta1		63d6b9a7f284c5e8a51e17607f6b3cc258b7d373
dev.snowdrop	vertx-spring-boot-sample-http-oauth	1.4.0		a1dcd8ea1d05fe7d12e22db9e65b94df4c3dad6e
dev.snowdrop	vertx-spring-boot-sample-http-oauth	1.4.0.Beta1		8d2a47dbebccb7386a02affe44471e2afed26e66
dev.snowdrop	vertx-spring-boot-sample-http-oauth	1.4.0.Beta2		a1a9002da1f6d39493739b692152c2f10c180e06
dev.snowdrop	vertx-spring-boot-sample-http-oauth	1.4.1		a8a902ea1085ab734544f188aa1e104fb1716ed2
dev.snowdrop	vertx-spring-boot-sample-http-oauth	1.4.1.Beta1		23a74cf40920ffc9431668dab3b89722bb90eaaf
io.crashbox	identicon_2.13.0-M5	0.1.0		760e39caddc70556c5dd6a4165b342ce730936fb
io.crashbox	identicon_2.13.0-M5	0.2.0		1e241b406d2def2e3f618b414785f30293bcc06c
io.github.amayaframework	swagger-models	2.2.25		62ac46810fb0bb7c01d32125d99fc33c913cd34c
io.github.cibotech	scalastan_2.13	0.11.0		110f4883bb98ea2c46e6701d84404d4445e06582
io.github.datacanvasio.expretau	expretau-parser	1.0.0		5ea50429bac3b2287c5441a51f23bfc7cb9d9ee0
io.github.datacanvasio.expretau	expretau-parser	1.1.0		4d532bd56080e1d50f28b3a63ffb9b7ade577725
io.github.jordond.voyager	voyager-tab-navigator-macosx64	1.0.0-alpha01		N/A
io.github.jordond.voyager	voyager-tab-navigator-macosx64	1.0.0-alpha01	metadata	93535f799c9b30461f287409e798f656cb57550c
io.github.jordond.voyager	voyager-tab-navigator-macosx64	1.0.0-rc06		N/A
io.github.jordond.voyager	voyager-tab-navigator-macosx64	1.0.0-rc06	metadata	93535f799c9b30461f287409e798f656cb57550c
io.github.kyay10.kotlin-all-static	maven-plugin	0.1.0		296d9f74daad785e770de5dc9863638f43fcf8e4
io.github.kyay10.kotlin-all-static	maven-plugin	0.1.1		dceafda06aabb0f4964b8419de6d366eb3ed2847
io.github.sinozozo	picobase-spring-boot-starter	0.0.2-ver		55273a4db196d6754ee59cff2d7da825a0a7f64f
io.github.sinozozo	picobase-spring-boot-starter	0.0.3-ver		0eecb159e3e58a869205e2609eee295edaaaf617
io.github.sinozozo	picobase-spring-boot-starter	0.0.4-ver		0cc9c4c613857ea7777dc6b62e1276f7c77ffcb3
io.github.zzagtung	querydsl-jpa-postgres-json	0.1.1		a1017f3a18e9eab770a370bf4c598397c378d93a
io.github.zzagtung	querydsl-jpa-postgres-json	0.2.0		bd2c678fc9d331deaa4a6a2bd71e24fa6c8c47de
io.gravitee.repository	gravitee-repository-jpa	0.1.0		66e73257bff0e70a2661bd4a9135b0b463fd9eee
io.gravitee.repository	gravitee-repository-jpa	0.2.0		5502b4e83734d1a3a6c58e8aef5aedbb72e59380
io.opentelemetry.javaagent.instrumentation	opentelemetry-javaagent-reactor-netty-0.9	0.12.0		4d552b8e358a63c113180ae1629c7378a2e69829
io.opentelemetry.javaagent.instrumentation	opentelemetry-javaagent-reactor-netty-0.9	0.12.1		eb24f86bd431e2d55744612b14a9358bdcb18c10
io.opentelemetry.javaagent.instrumentation	opentelemetry-javaagent-reactor-netty-0.9	0.13.0		b0ea31e6523e31ee273d1951e2d197b1724d663c
io.opentelemetry.javaagent.instrumentation	opentelemetry-javaagent-reactor-netty-0.9	0.13.1		3e829e3de937e9d623a7f7f4e37d94141f7a0141
io.opentelemetry.javaagent.instrumentation	opentelemetry-javaagent-reactor-netty-0.9	0.14.0		3c147914b18a9e3db4a6c4dd1eeb75898be28f40
io.opentelemetry.javaagent.instrumentation	opentelemetry-javaagent-reactor-netty-0.9	0.14.0	all	112abda1c90a5bb68735e660c055a097a9bc92ed
io.opentelemetry.javaagent.instrumentation	opentelemetry-javaagent-reactor-netty-0.9	0.15.0		7f5cc3c4b7315c662c12c5e11e64e736ee6ca48a
io.opentelemetry.javaagent.instrumentation	opentelemetry-javaagent-reactor-netty-0.9	0.15.0	all	aeb3399b2316226c4918a013184a10e8893e6c62
io.opentelemetry.javaagent.instrumentation	opentelemetry-javaagent-reactor-netty-0.9	0.15.1		59a4ef91182cab6d0e7848eb7b4ac5d995435f22
io.opentelemetry.javaagent.instrumentation	opentelemetry-javaagent-reactor-netty-0.9	0.15.1	all	97aa79954bcf8a61c341e1a014e73267082728e6
io.opentelemetry.javaagent.instrumentation	opentelemetry-javaagent-reactor-netty-0.9	0.16.0		6450f96ea6a80faf8fdd4c298fcb29add4475fa8
io.opentelemetry.javaagent.instrumentation	opentelemetry-javaagent-reactor-netty-0.9	0.16.0	all	a14990426821607a3601981a6257644c82e9d049
io.opentelemetry.javaagent.instrumentation	opentelemetry-javaagent-reactor-netty-0.9	0.16.1		74ed07e974107156d11f4ccaa85fd8e4c555481e
io.opentelemetry.javaagent.instrumentation	opentelemetry-javaagent-reactor-netty-0.9	0.16.1	all	9cb28c46a536149f91cd1b261b5d0da3f1a58432
io.opentelemetry.javaagent.instrumentation	opentelemetry-javaagent-reactor-netty-0.9	0.17.0-alpha		1177231eea473e2ab6fab9e8b10bcd9d6eff39c1
io.opentelemetry.javaagent.instrumentation	opentelemetry-javaagent-reactor-netty-0.9	0.17.0-alpha	all	c32285c50a60d99c60e011169a0629c3d918284f
io.opentelemetry.javaagent.instrumentation	opentelemetry-javaagent-reactor-netty-0.9	1.0.0-alpha		1e54ca56dd2a33aaae55e7dbfbcb98bfb9a51f04
io.opentelemetry.javaagent.instrumentation	opentelemetry-javaagent-reactor-netty-0.9	1.0.0-alpha	all	54f9a9296b0a8098d7e69ad8a1e290867ab8a2eb
io.opentelemetry.javaagent.instrumentation	opentelemetry-javaagent-reactor-netty-0.9	1.0.1-alpha		696ccb45328f25f572c7e2c3f16dabd270cbce73
io.opentelemetry.javaagent.instrumentation	opentelemetry-javaagent-reactor-netty-0.9	1.0.1-alpha	all	a998db2bf7bdd4178ec749ec0f902232b05d4d23
io.opentelemetry.javaagent.instrumentation	opentelemetry-javaagent-reactor-netty-0.9	1.1.0-alpha		b145403c4de2c9eba5a55035c0e6e11156fe0892
io.opentelemetry.javaagent.instrumentation	opentelemetry-javaagent-reactor-netty-0.9	1.1.0-alpha	all	b3ac714c7dc7681d4c8d00a8b7920c2dc7eb1078
io.opentelemetry.javaagent.instrumentation	opentelemetry-javaagent-reactor-netty-0.9	1.10.0-alpha		bfc753953cad332c3217b0e1703250cbd41cdb18
io.opentelemetry.javaagent.instrumentation	opentelemetry-javaagent-reactor-netty-0.9	1.10.1-alpha		9c41df64adc7be41a0f5cddf87273e02a2db973e
io.opentelemetry.javaagent.instrumentation	opentelemetry-javaagent-reactor-netty-0.9	1.11.0-alpha		67d0b9472677d4fb5c6a30bfced12e15fe1cfebb
io.opentelemetry.javaagent.instrumentation	opentelemetry-javaagent-reactor-netty-0.9	1.11.1-alpha		942bee56874acbb2125fc23825cb454dcfb17bed
io.opentelemetry.javaagent.instrumentation	opentelemetry-javaagent-reactor-netty-0.9	1.12.0-alpha		187f83908363d6c50ddc592a7f0154470ffba4ed
io.opentelemetry.javaagent.instrumentation	opentelemetry-javaagent-reactor-netty-0.9	1.12.1-alpha		2514374998903cea45a0d2e30ef5a3ec04c5457b
io.opentelemetry.javaagent.instrumentation	opentelemetry-javaagent-reactor-netty-0.9	1.13.0-alpha		83025bd13a4990102f6eec3da5e600ff33c88b3c
io.opentelemetry.javaagent.instrumentation	opentelemetry-javaagent-reactor-netty-0.9	1.13.1-alpha		4778d61b2c135354be47faedcb87e3ef9a35b795
io.opentelemetry.javaagent.instrumentation	opentelemetry-javaagent-reactor-netty-0.9	1.14.0-alpha		d29a032b166200450a03137b16f87f984c69fb49
io.opentelemetry.javaagent.instrumentation	opentelemetry-javaagent-reactor-netty-0.9	1.15.0-alpha		1d3eb78ed249fd863b88847af68bf09814e247cb
io.opentelemetry.javaagent.instrumentation	opentelemetry-javaagent-reactor-netty-0.9	1.16.0-alpha		db454e774ae90d22f5c820d07c278285d8ae48a0
io.opentelemetry.javaagent.instrumentation	opentelemetry-javaagent-reactor-netty-0.9	1.17.0-alpha		c284293fd72bfe87bb5ba31d6bda4dc3c059f7f5
io.opentelemetry.javaagent.instrumentation	opentelemetry-javaagent-reactor-netty-0.9	1.18.0-alpha		a710b9e7541da3903c90eb61da79136b8d7adcb9
io.opentelemetry.javaagent.instrumentation	opentelemetry-javaagent-reactor-netty-0.9	1.19.0-alpha		59e15835f14aa729f90daee52176beecd2ef2a84
io.opentelemetry.javaagent.instrumentation	opentelemetry-javaagent-reactor-netty-0.9	1.19.1-alpha		14c364a5033fed39767267d8f84c29f2a43e4d44
io.opentelemetry.javaagent.instrumentation	opentelemetry-javaagent-reactor-netty-0.9	1.19.2-alpha		258fcdbbd0996d89f4822e6318744c5e0ea9f928
io.opentelemetry.javaagent.instrumentation	opentelemetry-javaagent-reactor-netty-0.9	1.2.0-alpha		d7d60ca34a2d7c19bb57a6d52643d2af4a4f74b3
io.opentelemetry.javaagent.instrumentation	opentelemetry-javaagent-reactor-netty-0.9	1.2.0-alpha	all	1896a5cdca2ded136c05a1a007149b5c2f9f88dc
io.opentelemetry.javaagent.instrumentation	opentelemetry-javaagent-reactor-netty-0.9	1.20.0-alpha		9e10bb243d5a6a8c098172e9b2ef71cc46eb23a6
io.opentelemetry.javaagent.instrumentation	opentelemetry-javaagent-reactor-netty-0.9	1.20.1-alpha		6fda4590a55b470a99d4ca4c47188a900a6c622e
io.opentelemetry.javaagent.instrumentation	opentelemetry-javaagent-reactor-netty-0.9	1.20.2-alpha		7981e99d3ea16e2dfa73a449d1b2b8e4cbbdc392
io.opentelemetry.javaagent.instrumentation	opentelemetry-javaagent-reactor-netty-0.9	1.21.0-alpha		6d720486b99c173c9e71b06c6b47ab0ec34fbb81
io.opentelemetry.javaagent.instrumentation	opentelemetry-javaagent-reactor-netty-0.9	1.22.0-alpha		1aca36278e99f85d650542f57b6bc4f1efccd363
io.opentelemetry.javaagent.instrumentation	opentelemetry-javaagent-reactor-netty-0.9	1.22.1-alpha		0c6ddc70d3d96fbe47e5d066fc8252636ae924bd
io.opentelemetry.javaagent.instrumentation	opentelemetry-javaagent-reactor-netty-0.9	1.23.0-alpha		d8f8193c75cd02f41d41bd029ce50116f479f1f2
io.opentelemetry.javaagent.instrumentation	opentelemetry-javaagent-reactor-netty-0.9	1.24.0-alpha		7a67111ecf72773161b83db386941f46e049e395
io.opentelemetry.javaagent.instrumentation	opentelemetry-javaagent-reactor-netty-0.9	1.25.0-alpha		5045d561b84cb131b74ad28e73453a14396b3c48
io.opentelemetry.javaagent.instrumentation	opentelemetry-javaagent-reactor-netty-0.9	1.25.1-alpha		06cd337a1f65da95668ee61c63ee189e07fcd91d
io.opentelemetry.javaagent.instrumentation	opentelemetry-javaagent-reactor-netty-0.9	1.26.0-alpha		a65f07c9f4914120d80c8dbc9855674c1940c541
io.opentelemetry.javaagent.instrumentation	opentelemetry-javaagent-reactor-netty-0.9	1.27.0-alpha		f6937144745ac6827ad7e861c35883fa706d4dd6
io.opentelemetry.javaagent.instrumentation	opentelemetry-javaagent-reactor-netty-0.9	1.28.0-alpha		117f19c827440ea0eff6dc1df4aecce0dd892cc1
io.opentelemetry.javaagent.instrumentation	opentelemetry-javaagent-reactor-netty-0.9	1.29.0-alpha		b77f8c46e0e6de259d1fe9b75c54db41f36bd8c9
io.opentelemetry.javaagent.instrumentation	opentelemetry-javaagent-reactor-netty-0.9	1.3.0-alpha		92980f730f2ae299cc097b6d4675fbad779e9d12
io.opentelemetry.javaagent.instrumentation	opentelemetry-javaagent-reactor-netty-0.9	1.3.0-alpha	all	a9362645c5a39b57d7a0249e8e967d81025b15e6
io.opentelemetry.javaagent.instrumentation	opentelemetry-javaagent-reactor-netty-0.9	1.3.1-alpha		N/A
io.opentelemetry.javaagent.instrumentation	opentelemetry-javaagent-reactor-netty-0.9	1.3.1-alpha	all	272f93dfdd9cc534c7f157919f3219e833f8a957
io.opentelemetry.javaagent.instrumentation	opentelemetry-javaagent-reactor-netty-0.9	1.30.0-alpha		b3c925f21fefbdf215c79b3747c90f1cfc05e9af
io.opentelemetry.javaagent.instrumentation	opentelemetry-javaagent-reactor-netty-0.9	1.31.0-alpha		5aa817dabc0005407a7bd40cc6ab9b0b0ecdad09
io.opentelemetry.javaagent.instrumentation	opentelemetry-javaagent-reactor-netty-0.9	1.32.0-alpha		2f98138f848b47e3eef28a16bc799b4daa7c98ec
io.opentelemetry.javaagent.instrumentation	opentelemetry-javaagent-reactor-netty-0.9	1.32.1-alpha		a9afc11c839f820997ebd3b2d714da4b40590318
io.opentelemetry.javaagent.instrumentation	opentelemetry-javaagent-reactor-netty-0.9	1.33.0-alpha		438db78cf6f0f468e49ee64d4d01402a378dbd6f
io.opentelemetry.javaagent.instrumentation	opentelemetry-javaagent-reactor-netty-0.9	1.33.1-alpha		321890b6b3c8a7683bc79959d925efe219caa785
io.opentelemetry.javaagent.instrumentation	opentelemetry-javaagent-reactor-netty-0.9	1.33.2-alpha		da221d50db2ade946d2931c66a7dc6389f4757be
io.opentelemetry.javaagent.instrumentation	opentelemetry-javaagent-reactor-netty-0.9	1.33.3-alpha		d8ee9db200602f5ee08f8b94e81b1583a6a8fe47
io.opentelemetry.javaagent.instrumentation	opentelemetry-javaagent-reactor-netty-0.9	1.33.4-alpha		dec9f83451667e8ac9ab35cb60df46387f42c28e
io.opentelemetry.javaagent.instrumentation	opentelemetry-javaagent-reactor-netty-0.9	1.33.5-alpha		a2e588a8798773759f2039570552450e8a6acf8e
io.opentelemetry.javaagent.instrumentation	opentelemetry-javaagent-reactor-netty-0.9	1.33.6-alpha		715e607dfe0671224ead7a74d5186f918f2d6143
io.opentelemetry.javaagent.instrumentation	opentelemetry-javaagent-reactor-netty-0.9	1.4.0-alpha		014267fd0d8e93ea50e317ab18c9386e92fdccbd
io.opentelemetry.javaagent.instrumentation	opentelemetry-javaagent-reactor-netty-0.9	1.4.1-alpha		7ceb825edc682ce3569d302a208205621f49c61b
io.opentelemetry.javaagent.instrumentation	opentelemetry-javaagent-reactor-netty-0.9	1.5.0-alpha		9fdd8ce06c41e7812423c7a41d85299f2e011165
io.opentelemetry.javaagent.instrumentation	opentelemetry-javaagent-reactor-netty-0.9	1.5.1-alpha		2c269eb707b84798f9bcf8249e75959a327de360
io.opentelemetry.javaagent.instrumentation	opentelemetry-javaagent-reactor-netty-0.9	1.5.2-alpha		350d1e7deb16d91a577193bb2a4f13dcbe2f1dc8
io.opentelemetry.javaagent.instrumentation	opentelemetry-javaagent-reactor-netty-0.9	1.5.3-alpha		6ba35671176b3a1001f4d96648b1745a87d9fd0a
io.opentelemetry.javaagent.instrumentation	opentelemetry-javaagent-reactor-netty-0.9	1.6.0-alpha		ec8bff3a4999c4a91fb650c543dd6810d225eec9
io.opentelemetry.javaagent.instrumentation	opentelemetry-javaagent-reactor-netty-0.9	1.6.1-alpha		4208dedfd40b25ddd76eafcbac7b75ca4edf86ce
io.opentelemetry.javaagent.instrumentation	opentelemetry-javaagent-reactor-netty-0.9	1.6.2-alpha		236c5bd714015139839f8a951f893617ecc5a16e
io.opentelemetry.javaagent.instrumentation	opentelemetry-javaagent-reactor-netty-0.9	1.7.0-alpha		fc6ae3a156f89bf12ae1158b0e702a1d3b1cee2e
io.opentelemetry.javaagent.instrumentation	opentelemetry-javaagent-reactor-netty-0.9	1.7.1-alpha		9dfce3616c751084637f6cc4c58b46bb7ec3c360
io.opentelemetry.javaagent.instrumentation	opentelemetry-javaagent-reactor-netty-0.9	1.7.2-alpha		bd66631b0a4a41a6cd935808fb5a3e373618f650
io.opentelemetry.javaagent.instrumentation	opentelemetry-javaagent-reactor-netty-0.9	1.8.0-alpha		1980a05f23788b80f6114ff0f8d32bba083d8da5
io.opentelemetry.javaagent.instrumentation	opentelemetry-javaagent-reactor-netty-0.9	1.9.0-alpha		c7da49a5272e7894534a3dc1c078f48198b775a5
io.opentelemetry.javaagent.instrumentation	opentelemetry-javaagent-reactor-netty-0.9	1.9.1-alpha		7a4c6b5210092ebdeb5eef08da700b1f845ed328
io.opentelemetry.javaagent.instrumentation	opentelemetry-javaagent-reactor-netty-0.9	1.9.2-alpha		ea7e8794702828d1e9b6e561d87844a93c9d70ad
io.opentelemetry.javaagent.instrumentation	opentelemetry-javaagent-reactor-netty-0.9	2.0.0-alpha		4ff2dc4665530c3df2804e8b59099a7ee66385de
io.opentelemetry.javaagent.instrumentation	opentelemetry-javaagent-reactor-netty-0.9	2.1.0-alpha		4fb4443bcd6447404a20c9dfa7791f7d0781ffab
io.opentelemetry.javaagent.instrumentation	opentelemetry-javaagent-reactor-netty-0.9	2.10.0-alpha		84b29cb88fd542afefb028d4d50008fbacb43168
io.opentelemetry.javaagent.instrumentation	opentelemetry-javaagent-reactor-netty-0.9	2.11.0-alpha		8020fbde2517bf0446f75f6ab16a0bd180810d63
io.opentelemetry.javaagent.instrumentation	opentelemetry-javaagent-reactor-netty-0.9	2.12.0-alpha		137b86e9b466cadbf20c6f02a874fda52fbe77f2
io.opentelemetry.javaagent.instrumentation	opentelemetry-javaagent-reactor-netty-0.9	2.13.0-alpha		89b44ccd67c4d40a5b17910d478d3fc3849dab5a
io.opentelemetry.javaagent.instrumentation	opentelemetry-javaagent-reactor-netty-0.9	2.13.1-alpha		c6ac057de25aeab3b0fc35b0e1e06b1e8fa05b4d
io.opentelemetry.javaagent.instrumentation	opentelemetry-javaagent-reactor-netty-0.9	2.13.2-alpha		2186a6eea3ddbfa0ccd52b27cd6048e9df74ea62
io.opentelemetry.javaagent.instrumentation	opentelemetry-javaagent-reactor-netty-0.9	2.13.3-alpha		f6877b28b9b2c943305f68550f06acf4eb6b0c33
io.opentelemetry.javaagent.instrumentation	opentelemetry-javaagent-reactor-netty-0.9	2.14.0-alpha		567797a26fbdb057ac183421d9514fffc933b906
io.opentelemetry.javaagent.instrumentation	opentelemetry-javaagent-reactor-netty-0.9	2.15.0-alpha		8dd34c61604c08da7efecf422915859b77f897f6
io.opentelemetry.javaagent.instrumentation	opentelemetry-javaagent-reactor-netty-0.9	2.2.0-alpha		c9c7d9f1de06fc82e65d88c7b1f08991b21254b3
io.opentelemetry.javaagent.instrumentation	opentelemetry-javaagent-reactor-netty-0.9	2.3.0-alpha		9cebad768c703946b50090edb9aba0133352bf83
io.opentelemetry.javaagent.instrumentation	opentelemetry-javaagent-reactor-netty-0.9	2.4.0-alpha		c02687bb50ef408dcdc653d19b389132eec9696c
io.opentelemetry.javaagent.instrumentation	opentelemetry-javaagent-reactor-netty-0.9	2.5.0-alpha		5ad699f9c4e00df4c0abae994bdbaedb4e463c0e
io.opentelemetry.javaagent.instrumentation	opentelemetry-javaagent-reactor-netty-0.9	2.6.0-alpha		bedd529fe24ce773da7ef91c0335c614c06b1d8a
io.opentelemetry.javaagent.instrumentation	opentelemetry-javaagent-reactor-netty-0.9	2.7.0-alpha		cd2786e577aab308b8241e6747ed041bd7bd0281
io.opentelemetry.javaagent.instrumentation	opentelemetry-javaagent-reactor-netty-0.9	2.8.0-alpha		112b100bd13b421ae376311fdab8a976e99ac80e
io.opentelemetry.javaagent.instrumentation	opentelemetry-javaagent-reactor-netty-0.9	2.9.0-alpha		92997301ef0877eca736ef8f1ce3e86450bf5641
io.smallrye	smallrye-health	1.0.1		43f957a17fbfbc0d58d2fb5389ac542a88795ebc
io.smallrye	smallrye-health	1.0.2		cb977073e732e12b2a60060b06a28a84c1f55dc7
io.smallrye	smallrye-health	1.0.3		6c493835a79e15f0a633e75f3f8bbf00f26da178
io.smallrye	smallrye-health	2.0.0		58f7319bcfc09702107d69dc2509f2cf502bc09d
io.smallrye	smallrye-health	2.1.0		a3dc7db976a7f032e4815ea5e77d8cb51cc076f9
io.smallrye	smallrye-health	2.1.1		94bcdf4542f7a4bd56d98f23b2bdb8c882bc796f
io.smallrye	smallrye-health	2.2.0		4a538dcde805994670de85b89bea689417317f40
io.smallrye	smallrye-health	2.2.1		dd4d47573652fe179ec7a8b31f870c53afc99be3
io.smallrye	smallrye-health	2.2.2		87e16819935163f1c8c3c7575bee995aa1692be7
io.smallrye	smallrye-health	2.2.3		e3ade12c16bd3926f483630302ca8ae3a3ffd44b
io.smallrye	smallrye-health	2.2.4		b7ab0e61afc51cdaa134c0d3d7096571aebb708c
io.smallrye	smallrye-health	2.2.5		7a1c642c8c111c6673909d756273cb530b8c474b
io.smallrye	smallrye-health	2.2.6		009c39e7bdf84fec1984920c9ffa9372c75a1e02
io.smallrye	smallrye-health	3.0.0		5ca6f94f6eb20422e9800e2d056dea0bc72cf72e
io.smallrye	smallrye-health	3.0.0-RC1		5645198798805a466f2d253367a56d72e99cf6fa
io.smallrye	smallrye-health	3.0.0-RC2		f9b70fba83820a8b25ad87d906d9e842d431ba74
io.smallrye	smallrye-health	3.0.1		2e3850dbb204ff34c7b978e2736f40fc5178742b
io.smallrye	smallrye-health	3.0.2		1c7dcc69ee26792c3c7fdabbfb47ccf86db1ca55
io.smallrye	smallrye-health	3.1.0		565f15975026332b823546e5bf29c12f3d7f6c7d
io.smallrye	smallrye-health	3.1.0-RC1		7dd8fe351b13eeb45d089a12730980de9a5ed970
io.smallrye	smallrye-health	3.1.0-RC2		5395cd8bf4f7ae746cd88307bf47ec55dd6b5cbd
io.smallrye	smallrye-health	3.1.0-RC3		4280b0007ef5c81ae4478b49c2ea3fb6ad176cd0
io.smallrye	smallrye-health	3.1.1		7aa2d734e327fbbd3965944a8b766db326df4943
io.smallrye	smallrye-health	3.1.2		eaa1d826c2f11f4ca8ec473e1c431098c5099116
io.smallrye	smallrye-health	3.2.0		0777dbff755f9803f8f6f6f9052552913887d3a9
io.smallrye	smallrye-health	3.2.1		bbfa668ddde1b25c012152afc35b28123096fb48
io.smallrye	smallrye-health	3.3.0		237277d09b32a2748f079187dd8c904253776f0a
io.smallrye	smallrye-health	3.3.1		c7717357ef8dfd8d845fc5343a899ed52b69c885
io.smallrye	smallrye-health	4.0.0		750b574533a84cf5321538eea9d34432b1af665c
io.smallrye	smallrye-health	4.0.0-RC1		a2c1db15d1bdc03d2d5269769c384f35eafa733d
io.smallrye	smallrye-health	4.0.0-RC2		1f00c70d95f42f8d60dfbbed09d252d56267b0b3
io.smallrye	smallrye-health	4.0.1		448de00d4ec4c3e12004c54b878e7f1701d700ff
io.smallrye	smallrye-health	4.0.2		09ec83729e3be452a0a2283e085ca8c7483dec6f
io.smallrye	smallrye-health	4.0.3		838b464d47685b4fa7936b6e7a771565188aacd8
io.smallrye	smallrye-health	4.0.4		58314c5b3234c68ec3b7a218adc8f620648036b5
io.smallrye	smallrye-health	4.1.0		92fb6fe23a869b499379e16e7afd8a3f0075670a
io.smallrye	smallrye-health	4.1.1		5eeb65ca3241c05f32c44b842e1eca54dc68d980
io.smallrye	smallrye-health	4.2.0		db514f0eff1fdd3287974fa0591ddda00442a2d9
io.smallrye.certs	smallrye-certificate-generator-maven-plugin	0.8.1		280ce21f3418ca1b84d4c53c16b76394d610f624
io.smallrye.certs	smallrye-certificate-generator-maven-plugin	0.9.1		195076fab5e8fc29c259b96556f543464b2a438d
io.smallrye.certs	smallrye-certificate-generator-maven-plugin	0.9.2		07d5eda3e342ca56518a089de0cdb6e78b511951
io.sphere.sdk.jvm	customers	1.0.0-M4		00c4dc35822304b6bef82286775e9ddb99fbeaf4
io.sphere.sdk.jvm	customers	1.0.0-M5		91f8dc2caafde29357706931c755841006911da2
io.sphere.sdk.jvm	customers	1.0.0-M6		bee77faf53dab5729a6366ecbca575718c65c31a
io.sphere.sdk.jvm	customers	1.0.0-M7		10343bc2a36b97274de0f0e6e98abe11c217074b
ky.korins	blake3_3.0.0-RC3	2.5.1		bfe8e226140a5dc45b0f8522b63d5321c0885329
me.shib.plugin	text-file-writer-maven-plugin	1.0.0		fc19f20ded4f8e2fd3d9bd04c49e92b96c04009a
net.dankito.web	ktor-web-client-linuxX64	1.0.0		N/A
net.dankito.web	ktor-web-client-linuxX64	1.1.0		N/A
net.databinder	dispatch-http-json_2.9.0.RC1	0.7.8		23be4ff81b66be2f76a68ab388bce08d864848b0
net.databinder	dispatch-http-json_2.9.0.RC1	0.8.0		49321fc802ff3f3380bbaf9a2af04864938b2cb0
net.databinder	dispatch-http-json_2.9.0.RC1	0.8.0.Beta5		286ef856b635d619faf41144ab07152335abef2b
net.exoego	scalajs-jquery3-compat_sjs1.0.0-M8_2.13	0.9.6		750bb86afb4a205f33d5a6726320895d579281f4
network.oxalis.peppol	peppol-bdx	1.0.0		36b979e3a3dfb56dcdbb52b205b4d4c37b48b561
network.oxalis.peppol	peppol-bdx	1.0.0-RC1		d8b3edf9b81369fcdde4e5a32a1deee1e63336e9
network.oxalis.peppol	peppol-bdx	1.1.0		d7d22f10800c43fc5836bba7657e0fdfa78562af
network.oxalis.peppol	peppol-bdx	2.0.0		815fd2c567ed0fbca38a7fa28ed99ed7c4ef6bd6
network.oxalis.peppol	peppol-bdx	2.1.0		0ec5598cb3cbc76ff514759fa1b0fefdb9a88382
network.oxalis.peppol	peppol-bdx	2.2.0		757265b66ac6e706660325bbabed9dc07d70bb0a
network.oxalis.peppol	peppol-bdx	2.3.0		2efecaf568f3dff4743f543840cef530c1225895
network.oxalis.peppol	peppol-bdx	2.4.0		e15aa7773022a340b6b99e460b64b07e8815946c
nl.vpro.poms.api-clients	media-backend-api-client	5.11.0		b52cf1a110cebb84e2161b19ab125c0e60680833
nl.vpro.poms.api-clients	media-backend-api-client	5.12.0		fa38b3dbd3cdd0a8b4ae37a26c0510cb7445bf91
nl.vpro.poms.api-clients	media-backend-api-client	5.12.0.pre1		61070134f62b959e55a93e53aca7abe905cd2550
nl.vpro.poms.api-clients	media-backend-api-client	5.12.1		bb090b30c053bb93dfda34ebd52987bf64e214ec
nl.vpro.poms.api-clients	media-backend-api-client	5.12.2		0e36091336a989086c3fc3288b59744f04f3e4a6
nl.vpro.poms.api-clients	media-backend-api-client	5.12.3		04c262ce5e315df733ee58f1053f1e6fd0d66450
nl.vpro.poms.api-clients	media-backend-api-client	5.12.RE3.0		02160c0e252736c75fae1b5529885f6b5766ebae
nl.vpro.poms.api-clients	media-backend-api-client	5.13.0		48fceeeae6098c2e8cb8debfbd10029c833cc981
nl.vpro.poms.api-clients	media-backend-api-client	5.13.1		eed15521ed9caa4073ea71dcafa079d8bdcc3230
nl.vpro.poms.api-clients	media-backend-api-client	5.14.0		64c5d221048ee88517dc678029a6d7735c3fa72e
nl.vpro.poms.api-clients	media-backend-api-client	5.15.0		26b6dceb9a7d799aa4c3663b5550ac3205deef39
nl.vpro.poms.api-clients	media-backend-api-client	5.16.0		ec5817747cd0c95dd0a4915dcf703e5eb47e766b
nl.vpro.poms.api-clients	media-backend-api-client	5.17.0		bf2d015d02260882ac5d73acb68447269922f2d3
nl.vpro.poms.api-clients	media-backend-api-client	5.17.1		78dc110c493da03aca94a845818689aa411700c4
nl.vpro.poms.api-clients	media-backend-api-client	5.18.0		81abe68b4550f61d81a16c71aeb819fd936b6bb7
nl.vpro.poms.api-clients	media-backend-api-client	5.19.0		011ed19324ee59796b0e85a9b1286dbfad31a318
nl.vpro.poms.api-clients	media-backend-api-client	5.20.0		711ac66e7000351520642266effc50463f3c406a
nl.vpro.poms.api-clients	media-backend-api-client	5.21.0		62f349528fc1232bf29f149c15eb0f98a0ca5cb2
nl.vpro.poms.api-clients	media-backend-api-client	5.22.0		deedcfeb3d51293232f7bd61ef70e918384e1600
nl.vpro.poms.api-clients	media-backend-api-client	5.23.0		19a8c6c20c87147ee85dca8c8ab58eb813e1c90d
nl.vpro.poms.api-clients	media-backend-api-client	5.25.0		064960138308cc520c9c55ec511b7aa158b7513d
nl.vpro.poms.api-clients	media-backend-api-client	5.27.0		4632fbf2ea89bc838e63c445f57d86799cb52a26
nl.vpro.poms.api-clients	media-backend-api-client	5.28.0		51cda18e892f24b84f4a370df3638a987d392680
nl.vpro.poms.api-clients	media-backend-api-client	5.30.0		1318d2719bf09812444123f891306036a3215649
nl.vpro.poms.api-clients	media-backend-api-client	5.31.0		a0236e0dd51a1ddf80e9c9bc5db53c786b74671e
nl.vpro.poms.api-clients	media-backend-api-client	5.32.0		7173d828cead694e38b9e29d51dc96ebbb09e014
nl.vpro.poms.api-clients	media-backend-api-client	5.33.0		0795650e5cc5d76fd0e248ed3d69eb2714fc942f
nl.vpro.poms.api-clients	media-backend-api-client	5.34.0		c35ff4bcef2cd6a2d6e3c13ea38501aa4bd4296d
nl.vpro.poms.api-clients	media-backend-api-client	6.0.0		e4fd0b617d324f0211a967ebe5c6d34c5cff3787
nl.vpro.poms.api-clients	media-backend-api-client	6.1.0		0b634731cef5be7acf30f312e6d1d85aec070f59
nl.vpro.poms.api-clients	media-backend-api-client	6.2.0		5bdd46549c404fa508cf8e2a67a1a11ec8b29cc6
nl.vpro.poms.api-clients	media-backend-api-client	7.1.0		755fed02ed4a446e6baa5e415ad364f3723c2b0d
nl.vpro.poms.api-clients	media-backend-api-client	7.1.1		5f527dea63e497d3b1b3480bd00dc5e397ae0932
nl.vpro.poms.api-clients	media-backend-api-client	7.1.2		e7bf1fcf3a7f165c5ca89d3a1ee6054a9567fbe6
nl.vpro.poms.api-clients	media-backend-api-client	7.10.0		a755af63238415b1018ebfed208c38a9446e07a8
nl.vpro.poms.api-clients	media-backend-api-client	7.10.1		aef68e3639c06e41782cab58865373e3a2cf530b
nl.vpro.poms.api-clients	media-backend-api-client	7.2.0		be380631e47d1974fb90e19da7fa4188cd9a0fc1
nl.vpro.poms.api-clients	media-backend-api-client	7.2.1		8867ab310ef96ee34771ef23308d8a51f21f3ed5
nl.vpro.poms.api-clients	media-backend-api-client	7.3.0		73fd6eb6c6096b9885a5cb25d632183e09be0fd2
nl.vpro.poms.api-clients	media-backend-api-client	7.4.0		fbed5352baa48de4221a800d07fd5186cc7e92bc
nl.vpro.poms.api-clients	media-backend-api-client	7.6.0		d7455914b4625d3912857f1faf6571762a55c16b
nl.vpro.poms.api-clients	media-backend-api-client	7.7.0		841c07856e7b4f0b2c1e8eede081b35408d37231
nl.vpro.poms.api-clients	media-backend-api-client	7.8.0		3f1b5acfbcf710d1326ae441d21480fecc70c059
nl.vpro.poms.api-clients	media-backend-api-client	7.9.0		47aa3bdd13c63c0958a2e70cadbce6dd1ede58b9
nl.vpro.poms.api-clients	media-backend-api-client	7.9.1		78c687db15148592ff42cd64806b052a22887690
nl.vpro.poms.api-clients	media-backend-api-client	8.0.0		6cc831c8b865d5b3fc21d7f308c06759103140e8
nl.vpro.poms.api-clients	media-backend-api-client	8.2.0		d2581a779b796139efc013c16b900940d64f17fe
nl.vpro.poms.api-clients	media-backend-api-client	8.3.0		cf1af26b0bdd0036a128ac9c47587f64521d58b3
nl.vpro.poms.api-clients	media-backend-api-client	8.4.0		a2fdc3a96ac8e1c6d10e11084f819061caaba9c7
nl.vpro.poms.api-clients	media-backend-api-client	8.6.0		012b21573fac516ca40a63b74a60d31d35626dcd
nl.vpro.poms.api-clients	media-backend-api-client	8.8.0		1b4128258ae2ab6bac9a2aa78fb877b3314dc963
online.sharedtype	sharedtype	0.1.0		db7d6ae17541806c82a93d32c29a58e6acd24288
online.sharedtype	sharedtype	0.10.0		d2884f5fc51c6e066cbf3440ac88ed8dc22601f8
online.sharedtype	sharedtype	0.2.0		383a439d9c1032fc41936df4d464f72da9e968a3
online.sharedtype	sharedtype	0.3.0		fd8120a2de9068e7fd963353a5f622d96808f25e
online.sharedtype	sharedtype	0.4.0		fb2bcdcb03c9e576f5bd208741fc658e0753fe5d
online.sharedtype	sharedtype	0.5.0		00f352a2536ce24bb72bb7e248a170107356bb8c
online.sharedtype	sharedtype	0.6.0		95eb38c6c122d94bdb217cce18be8e3f322bfb40
online.sharedtype	sharedtype	0.7.0		3ecc6d6831f6c4d8edb18c263509e7bf00c2e2b4
online.sharedtype	sharedtype	0.8.0		61ed7db013f7d7a41337c26de49989c2723160da
online.sharedtype	sharedtype	0.9.0		2f649bd724aa084fa6f707e89aa21fa12e5dffa8
online.sharedtype	sharedtype	0.9.1		8e52ed095680f4382de536a255426a770b8151b8
online.sharedtype	sharedtype	0.9.2		fcd98ad1847930db3ce132563fd70b0637aa3347
org.codefilarete.stalactite	core-derby-adapter	1.0.0		cb39097e15e832e688f6b397ac61fadba7bb5fe3
org.codefilarete.stalactite	core-derby-adapter	2.0.0		7a16cedb9b689faf763ffb63dea799e82f201b4d
org.codelibs	elasticsearch-dynarank	1.3.0		d936e95eae3748a8edd3afc070beb826b84bb185
org.codelibs	elasticsearch-dynarank	1.4.0		ef89072649a593bba9cdd4b4028741555eb96885
org.codelibs	elasticsearch-dynarank	1.4.1		b88b19a67fe63fd7fb3f7fe1fd2719b5395bc37f
org.codelibs	elasticsearch-dynarank	1.4.2		dbbe190a28cab8a5d5469c2c1832ffe2ace7982d
org.codelibs	elasticsearch-dynarank	1.4.3		059051e563e9cca28e512595e866a134d970e57a
org.codelibs	elasticsearch-dynarank	1.4.4		15fa7214514e41604c71bdb621ec1e213ccb1020
org.codelibs	elasticsearch-dynarank	1.4.5		a23d26bc850959079a7e10e7fb8071b3221878c0
org.codelibs	elasticsearch-dynarank	1.5.0		ef8ea19372cf07e34c0c0950b8b8fcec0d213ddc
org.codelibs	elasticsearch-dynarank	1.5.1		31e30d4241c63413b56ee6cfa3a9d60e394449a1
org.codelibs	elasticsearch-dynarank	1.6.0		9fd38544ce297d7b0352c9c8fd42125c4b3d4e6a
org.codelibs	elasticsearch-dynarank	2.1.0		d13342db2e4e9cc1efbd48237beb9e5d3b1f5a5d
org.codelibs	elasticsearch-dynarank	2.3.0		9068fac57e24cfc37a62c9cad3dada25e03130b8
org.codelibs	elasticsearch-dynarank	2.3.1		ff5c72f9f535d3a94051aba95897f385be6faa30
org.codelibs	elasticsearch-dynarank	2.4.0		7e6edaf6ea616ee61ced3ee3f084a1d7d2f13fa9
org.codelibs	elasticsearch-dynarank	5.5.0		b677272ddcb76f6660cdf81f4a62f195a386fbbb
org.codelibs	elasticsearch-dynarank	5.5.1		57ac04d6d614f22f1b16c920dd187a7e8e994600
org.codelibs	elasticsearch-dynarank	5.5.2		066f42dc8d539e159687d8ec12b7dad95e6b2bda
org.codelibs	elasticsearch-dynarank	5.6.0		b82b0ccf7c7451c9cfc371aabd250467dc73419c
org.codelibs	elasticsearch-dynarank	6.7.0		4910b0b82961682ce8477fd4f61d26c286a58a79
org.codelibs	elasticsearch-dynarank	7.16.0		297c9602746c6ecc0d93cd037bf3004a64aa6bc7
org.codelibs	elasticsearch-dynarank	7.5.0		30d22ebe2966ae6430ba59624eb21bc68d647183
org.codelibs	elasticsearch-dynarank	7.5.1		082b1b0c5a240a14d2d0c0d4dc0ec43c2b9e75da
org.codelibs	elasticsearch-dynarank	7.6.0		c71543e7e0b1d2a24ad620b6d4cec728d7c5ce1b
org.drewcarlson	ktsoup-core-linuxx64	0.1.0		N/A
org.drewcarlson	ktsoup-core-linuxx64	0.1.1		N/A
org.drewcarlson	ktsoup-core-linuxx64	0.2.0		N/A
org.drewcarlson	ktsoup-core-linuxx64	0.3.0		N/A
org.drewcarlson	ktsoup-core-linuxx64	0.4.0		N/A
org.eclipse.dirigible	dirigible-components-api-modules-javascript-tests	8.18.6		575522fe6ebc54add4b51ba43981b3a7d9649a1f
org.gannacademy.cdf	turtle-logo	1.0		dc815d50e48a0447d9f0b1db3f0a46c893a88b9c
org.gannacademy.cdf	turtle-logo	1.0.1		55e1727db74cf9c9d4a72f6b1b31004102014903
org.hammerlab	magic-rdds_2.11	1.2.1		a6fa0623d83289b919554b1a2d4b7a1fbf4aa2b4
org.hammerlab	magic-rdds_2.11	1.2.10		a1c8d97106c516083af4932c819fb07b9c53a931
org.hammerlab	magic-rdds_2.11	1.2.11		c24b7e5f38d825850823e27561af52a74440345d
org.hammerlab	magic-rdds_2.11	1.2.2		cb921646a4405d5b446feec20b1fc7735c1a934c
org.hammerlab	magic-rdds_2.11	1.2.3		eb456144970228b2f2637a5307ae40320afd7cae
org.hammerlab	magic-rdds_2.11	1.2.4		3ba057fea2f03b2562efc21298df91df5b1f06a6
org.hammerlab	magic-rdds_2.11	1.2.5		39dc681263df4b4b03abd2d0dafda52ebcd6e07f
org.hammerlab	magic-rdds_2.11	1.2.9		e8da809f45f99e261b0ed88f19c2c19a72221de3
org.hammerlab	magic-rdds_2.11	1.3.0		7f488170d9a2037d3493d1f7fe22ab964529c70e
org.hammerlab	magic-rdds_2.11	1.3.1		867fd0df095a8f6cae36f49c6c77277e95189c8f
org.hammerlab	magic-rdds_2.11	1.3.2		375347c27f768b7572ae8ac77428889b6932b9bf
org.hammerlab	magic-rdds_2.11	1.3.3		8b1f5d3672b8f75698bd2be31851251c0c22ba08
org.hammerlab	magic-rdds_2.11	1.3.4		fd9a92fc533e37d09391359b5598ac238c697b89
org.hammerlab	magic-rdds_2.11	1.4.0		dee703194ac9d3c40a445b3b9de0aedcdead9ada
org.hammerlab	magic-rdds_2.11	1.4.1		53018efa6c8d243455bc3b7ea08dc394223f5a0d
org.hammerlab	magic-rdds_2.11	1.4.2		ce88f1ab028b4b58f2618d19f20a95a422b6d1cd
org.hammerlab	magic-rdds_2.11	1.4.3		81d12d598b27a0cb9aa05934bd105f9c91ca1ece
org.hammerlab	magic-rdds_2.11	2.0.0		5e877838986c494aad45168b8f0ea021096f3b85
org.hammerlab	magic-rdds_2.11	2.1.0		b70443e32eff84d461573437ffcccb40dacd7b4c
org.hammerlab	magic-rdds_2.11	3.0.0		371c5e23a9fd88743bd2e48e14e277ee61032428
org.hammerlab	magic-rdds_2.11	3.1.0		6860050c38ee2031a0d93b26c10e700c15a063a8
org.hammerlab	magic-rdds_2.11	4.0.0		cb2713cfcf3a89bc5887aff24e75b75268fd32c7
org.hammerlab	magic-rdds_2.11	4.1.0		537effa4059a67ea9239b3f7ff9ab0153bdb2959
org.hammerlab	magic-rdds_2.11	4.2.0		88b8062aa8fc67ba1ac7825e6e97520962a1a4e7
org.hammerlab	magic-rdds_2.11	4.2.1		d99f2de8b6245b2591eb76c4cd1b70eb9a5649cc
org.hammerlab	magic-rdds_2.11	4.2.2		a45689a64da1056e3f6aad06746ec00ddad8b592
org.hammerlab	magic-rdds_2.11	4.2.3		9a288d93d5b0305a036e092ff3a673b1d00c8ab6
org.hammerlab	magic-rdds_2.11	4.3.0		1b84c3d5a9cd572307dbcf8f1acc0426e4f01fa4
org.hjug.dtangler.testdata.cyclicdeps	dtangler-testdata-cyclic-deps	2.1.0		a344c6aeeb6456a7b6d977b071de87e4d1c1f731
org.jboss.as	jboss-as-testsuite-integration-clust	7.1.0.CR1		0d64b2b3486e11b71ebd6c2da20371def3175564
org.jboss.as	jboss-as-testsuite-integration-clust	7.1.0.CR1b		873bc80b69859805a2e990334383e276d8634a33
org.jboss.as	jboss-as-testsuite-integration-clust	7.1.0.Final		a9975363f09c7ff9166612f4a52a5f8beb69b962
org.keymg	keymg-api	1.0.CR1		3e70497f61161ac36b57f3c8e265a2952a7b68a0
org.kie.kogito	kogito-cloudevents-common-addon	1.0.0.Final		3266fe32029ba8a6f1a98a83af92f3bc5944b8de
org.kie.kogito	kogito-cloudevents-common-addon	1.1.0.Final		98b9d540efdb28af8f588f318355099321131688
org.kie.kogito	kogito-cloudevents-common-addon	1.10.0.Final		e04f247e64ce5d0a6acd71323005e5d2e453742b
org.kie.kogito	kogito-cloudevents-common-addon	1.11.0.Final		1b9f1ed99060881acf0b163f330b43942e0f26c2
org.kie.kogito	kogito-cloudevents-common-addon	1.11.1.Final		f6f3bd728e0d2d1c058bea66f96c2fe756bb0f47
org.kie.kogito	kogito-cloudevents-common-addon	1.12.0.Final		f28eef2b57f194ce50ebedc0b743b4ea39a6296e
org.kie.kogito	kogito-cloudevents-common-addon	1.13.0.Final		3b9147119968fb9c5c01694084aac58abc2fc73c
org.kie.kogito	kogito-cloudevents-common-addon	1.14.0.Final		28598a361bfbd629430d70775ea896a15af8fcc3
org.kie.kogito	kogito-cloudevents-common-addon	1.14.1.Final		f26284498541870295f88f40ed886a81ddc73351
org.kie.kogito	kogito-cloudevents-common-addon	1.15.0.Final		672b13c642f2183874eddbf97ab9ce8e079436c0
org.kie.kogito	kogito-cloudevents-common-addon	1.16.0.Final		8db3d2df8fa3999a04c6998a1a7f683a297b4d2f
org.kie.kogito	kogito-cloudevents-common-addon	1.16.1.Final		99e96bf4bbc515ab6c73613ae4c03248cb56d2b0
org.kie.kogito	kogito-cloudevents-common-addon	1.17.0.Final		a3db53774cebb66e7d1ab14780382a2e1c71fe82
org.kie.kogito	kogito-cloudevents-common-addon	1.18.0.Final		e784b9e3d5f8041bd8d6b31c2e999a6cdaeaa27b
org.kie.kogito	kogito-cloudevents-common-addon	1.19.0.Final		bedb82ef504caa3258fc5a1fe02d04edd8b96a11
org.kie.kogito	kogito-cloudevents-common-addon	1.2.0.Final		1e07be0280f6cec068e98d46b5eef618cd2d4ae6
org.kie.kogito	kogito-cloudevents-common-addon	1.20.0.Final		89ba3d11377f7373e3a3bbec1e0372019674dc1f
org.kie.kogito	kogito-cloudevents-common-addon	1.21.0.Final		fcfe837c4671563c574714f8709aca9dad8c5271
org.kie.kogito	kogito-cloudevents-common-addon	1.22.0.Final		221da6f94cc897a564247e10e1e83f4673b7ccb9
org.kie.kogito	kogito-cloudevents-common-addon	1.22.1.Final		7bbb52a6216a2c19671a5eae50e839c08d101c94
org.kie.kogito	kogito-cloudevents-common-addon	1.3.0.Final		32b6269231641d928374a8a8a78ee5b71e984aa4
org.kie.kogito	kogito-cloudevents-common-addon	1.4.0.Final		28c4966b3688daffa98ee170d331314577a391ea
org.kie.kogito	kogito-cloudevents-common-addon	1.4.1.Final		21bf6d63b53d2cc3a65c36f5b14da94c1d36c8bc
org.kie.kogito	kogito-cloudevents-common-addon	1.5.0.Final		ca6045df29b97382bd0eef9b5622cec24375413a
org.kie.kogito	kogito-cloudevents-common-addon	1.6.0.Final		f5a110a085a43b5f153ad4c6fa7a516704d4aed2
org.kie.kogito	kogito-cloudevents-common-addon	1.7.0.Final		816f168a443e3a8002f9a47bac620feb9a3d468c
org.kie.kogito	kogito-cloudevents-common-addon	1.9.0.Final		1fb7bd489a67e2ae9a35cdebacf58075e2d05a48
org.kie.kogito	kogito-cloudevents-common-addon	1.9.1.Final		b3bbac86a9181bbc3bb75902e33c5009ba2e6670
org.kie.kogito	task-assigning-process-service-client	1.1.0.Final		0c6788459e85e0775c44d0f7e02c5d0d5c004dfa
org.kie.kogito	task-assigning-process-service-client	1.10.0.Final		cd30d3e964fe57c156e5c9933f48791f445f96a6
org.kie.kogito	task-assigning-process-service-client	1.11.0.Final		8212ec680724ce573dc44cec38e83858e37daf27
org.kie.kogito	task-assigning-process-service-client	1.11.1.Final		36d1a748ede968c3e35b07e6d2e8c7bb9f426dab
org.kie.kogito	task-assigning-process-service-client	1.12.0.Final		e023d2d28f3744c534c6fbb0689468631036be6c
org.kie.kogito	task-assigning-process-service-client	1.13.0.Final		ee32de68cac2378b411730a00e08d10dff0f955f
org.kie.kogito	task-assigning-process-service-client	1.14.0.Final		d776d96dbd1e86ec32b1f5f4e934bf27555b5861
org.kie.kogito	task-assigning-process-service-client	1.14.1.Final		1029e4622a4e5ef137d93f9f5016379c974c0abd
org.kie.kogito	task-assigning-process-service-client	1.15.0.Final		4272d0f35a70f27715492eb29fab77288585b96d
org.kie.kogito	task-assigning-process-service-client	1.16.0.Final		69bd8a90d93cc519873870a4af3217ffb6e98edc
org.kie.kogito	task-assigning-process-service-client	1.16.1.Final		028d1839c0560ac048146f90913142ddfae8c0e1
org.kie.kogito	task-assigning-process-service-client	1.17.0.Final		03b65cb0ddd62e1bacfc1294176e81d5381940e7
org.kie.kogito	task-assigning-process-service-client	1.18.0.Final		8ec4b1b337257f336d81a5b0f0c96a67ca4ffaf9
org.kie.kogito	task-assigning-process-service-client	1.19.0.Final		2102997d75d94bee9589c81078d0bf2da333a202
org.kie.kogito	task-assigning-process-service-client	1.2.0.Final		eab511474a57e398768eb40c6d30763e4d2e90dc
org.kie.kogito	task-assigning-process-service-client	1.20.0.Final		c7857e909df527ca82d382abde16f8599471b52b
org.kie.kogito	task-assigning-process-service-client	1.21.0.Final		533638a9f3096daa4fe74486a9fc8953d5e2980d
org.kie.kogito	task-assigning-process-service-client	1.22.0.Final		ce9d2eec668bed26f2ffd0d3c0759855ff45d24b
org.kie.kogito	task-assigning-process-service-client	1.22.1.Final		3e5d2989ed061136349e6be56401f183016a05b5
org.kie.kogito	task-assigning-process-service-client	1.23.0.Final		045565174d36814be7a7ef18d0e345153c4f9905
org.kie.kogito	task-assigning-process-service-client	1.24.0.Final		d3de8d227f4947504280945d6b9d7720a6ccf7d7
org.kie.kogito	task-assigning-process-service-client	1.24.1.Final		a4cd2d889acc01eb41141d4cd379cfd4b0bef364
org.kie.kogito	task-assigning-process-service-client	1.25.0.Final		b19f73921c7c668df6bfa8a240ca31b678293136
org.kie.kogito	task-assigning-process-service-client	1.26.0.Final		137904261998edfc86199cbdcd09fb7563eaa281
org.kie.kogito	task-assigning-process-service-client	1.27.0.Final		80c9cb334b71885e312e644c35610fff3577b20a
org.kie.kogito	task-assigning-process-service-client	1.28.0.Final		727624a715328eaeb88ea49f9daf709b66a73276
org.kie.kogito	task-assigning-process-service-client	1.29.0.Final		2f20e0a610b17bd646638e9417d41bd36c720cef
org.kie.kogito	task-assigning-process-service-client	1.3.0.Final		92de7c03095a202e88bf969cbc2a848c87f42b17
org.kie.kogito	task-assigning-process-service-client	1.30.0.Final		aba2b3c9cba4216f9d82ee464db94b86de3a9426
org.kie.kogito	task-assigning-process-service-client	1.31.0.Final		2ca2354f99ab06128a0ca89e282914572e2c8b27
org.kie.kogito	task-assigning-process-service-client	1.31.1.Final		be63dadfa3d855c2194f128e83b673ca90ec0c9e
org.kie.kogito	task-assigning-process-service-client	1.32.0.Final		81b3cb4dee64182e481f85f5fb184c9b51653f96
org.kie.kogito	task-assigning-process-service-client	1.33.0.Final		895add19562074448d4cd1ac9b43c4308127000a
org.kie.kogito	task-assigning-process-service-client	1.34.0.Final		bc3e7d2d8bb2c124c9e605b6112992988f6025cd
org.kie.kogito	task-assigning-process-service-client	1.35.0.Final		6c4f86874a6a25b34bbdff97b4e7b5211022adbd
org.kie.kogito	task-assigning-process-service-client	1.36.0.Final		711a4d7897584fd1b6e20fec037bee98122d811f
org.kie.kogito	task-assigning-process-service-client	1.36.1.Final		423f1ee741bde4f167f7b756d99e4dd6612a6b33
org.kie.kogito	task-assigning-process-service-client	1.37.0.Final		ad71399b678766b507080a8b9867ff821b2b8d46
org.kie.kogito	task-assigning-process-service-client	1.38.0.Final		d11309f4d4196ef7502f7da676854fb6ec2b4b52
org.kie.kogito	task-assigning-process-service-client	1.4.0.Final		8a657bbb3acafd381e42691a634d9ee849661bde
org.kie.kogito	task-assigning-process-service-client	1.4.1.Final		62a4120ef82a33142e0ccd731f74daf3c8b253bc
org.kie.kogito	task-assigning-process-service-client	1.5.0.Final		3b729f0eed7e1fd8a22cd4ddbe084a9253250e62
org.kie.kogito	task-assigning-process-service-client	1.6.0.Final		b920cee5c910288738a008e6f0782574909427a1
org.kie.kogito	task-assigning-process-service-client	1.7.0.Final		b9b0e81136efde89f99cd0a9022994b92a1b793a
org.kie.kogito	task-assigning-process-service-client	1.8.0.Final		4ce9c7313e449724dacddceb5ec1f51031cec87a
org.kie.kogito	task-assigning-process-service-client	1.9.0.Final		cba0e3ee71ec8352743e7f0516c769c6daa68cea
org.kie.kogito	task-assigning-process-service-client	1.9.1.Final		67f5b297fece9d706daac2fa7612a3c9396f3518
org.opendaylight.mdsal.model	odl-mdsal-model-rfc8808	14.0.2		N/A
org.sessl	sessl-ssj	0.12		7efd5b0e655c27cbeb6dcf79ff61550898ae9db9
org.sessl	sessl-ssj	0.12.1		05a0227cce81ffd0f42fdebde5baf428b0c6716b
org.sessl	sessl-ssj	0.13		57d732ad74ba1ec85a9fcd6818ee7fbef6b04f8f
org.sessl	sessl-ssj	0.13.1		11a9a06d7b5ebb14c7a89a2c1e695099c72fb090
org.sessl	sessl-ssj	0.14		f0b40b0c2454ec7c25b09570460cd7c9abf0ec35
org.sessl	sessl-ssj	0.15		5e3e7d5f9d17e3f8c3c7650eeb2c29199a9af591
org.sessl	sessl-ssj	0.15.1		844fc55d9e1ca1b0358f97dca9221fcdbcd2e056
org.sessl	sessl-ssj	0.16		d702e056ae14238cf84d90803609f27785a11fc9
org.sessl	sessl-ssj	0.17		cc529551641131aef3a8fb1abb92333280e79bf2
org.sessl	sessl-ssj	0.18		e3caff5e9e26dc1e6388d1cc57da2b78a2a63385
org.sessl	sessl-ssj	0.18.1		0250a738d3fc9e4f0f6a0a2c84d972931b45acfe
org.sessl	sessl-ssj	0.19		4bd2db017788eb1360c521e116afa451cc4ef9f5
org.sessl	sessl-ssj	0.20		a18990a8a3aa6203531d12a44b07e1f4bf41f790
org.sessl	sessl-ssj	0.21		35f9035a999f4c430ada6566bd20d99782391a5e
org.web4thejob	org.web4thejob.joblet.contacts	1.0.0		0628d6f5be658311dfa691d4c83677ce4c769567
org.webjars	Leaflet.EasyButton	0b147ac		4ecd8868baa64f6d89005c299e5a8ddd5176f500
org.webjars	Leaflet.EasyButton	2.0.0		25feed466bc0ffe074ea89bf30ff71f8bce8cb78
org.webjars.npm	firebase__app-types	0.3.7		2dac33e57536af774eedc8781c1647b1dac7b16f
org.webjars.npm	firebase__app-types	0.4.5		a34b2171c699e593b76c8b355024cd5e885f75ff
org.webjars.npm	firebase__app-types	0.6.1		2f095ea7548f9e6660daf8d1b565ecb33cd539cd
org.webjars.npm	firebase__app-types	0.7.0		0694b8c01e92d91b4bf7716789d1b1094accee07
org.webjars.npm	firebase__app-types	0.9.0		e01c079c3cde8eccd95b23c5f0d3df06a077c602
org.webjars.npm	firebase__app-types	0.9.2		93e8af18d26a840552b8f19d29a4b6707e6375b4
org.wso2.carbon.appfactory	org.wso2.carbon.appfactory.multitenant.jenkins	2.1.0		318f86ad192b04a7113ef9778fc74917385310b8
party.iroiro.luajava	lua52-platform	3.0.0		N/A
party.iroiro.luajava	lua52-platform	3.0.0	natives-arm64-v8a	f9312a04240c45009d076ea4f014f07e59e04490
party.iroiro.luajava	lua52-platform	3.0.0	natives-armeabi-v7a	0d3469eef85279bc7f47fc8f1b4db3c7a68609bd
party.iroiro.luajava	lua52-platform	3.0.0	natives-desktop	17b82bb9a19e54db0f585d4ef9e1ad44e4390c8e
party.iroiro.luajava	lua52-platform	3.0.0	natives-ios	0cb93d8ea0502dd18b9df275d668e54c59d4a828
party.iroiro.luajava	lua52-platform	3.0.0	natives-x86	789d302e89f053f7f63734fdc54b785d57ec553a
party.iroiro.luajava	lua52-platform	3.0.0	natives-x86_64	09f7d7a72fda08fda5ecd53ca35518b65aa8db4f
party.iroiro.luajava	lua52-platform	3.0.1		N/A
party.iroiro.luajava	lua52-platform	3.0.1	natives-arm64-v8a	bd26110e9183c60a7b48be9502cb101912480b7c
party.iroiro.luajava	lua52-platform	3.0.1	natives-armeabi-v7a	e2248560f03d43aeb638c804005e0eb0cba0b848
party.iroiro.luajava	lua52-platform	3.0.1	natives-desktop	123ca9cfe9b26c69579a531466197f9c59fcb494
party.iroiro.luajava	lua52-platform	3.0.1	natives-ios	57a71833bd10c8a8fb1ac9451f3a92a0f172560b
party.iroiro.luajava	lua52-platform	3.0.1	natives-x86	b4bd18c5535056a79d1c57df01c30110240eae27
party.iroiro.luajava	lua52-platform	3.0.1	natives-x86_64	ca04c0ff846ac6a4c922a141574127c947a42d99
party.iroiro.luajava	lua52-platform	3.0.2		N/A
party.iroiro.luajava	lua52-platform	3.0.2	natives-arm64-v8a	52cfed4de9e67754fa63b4d191f1e5ccd6430ea7
party.iroiro.luajava	lua52-platform	3.0.2	natives-armeabi-v7a	e55f6523cc320ac1082281a6ceb07effa0b92598
party.iroiro.luajava	lua52-platform	3.0.2	natives-desktop	6ef69f5bc472d4dd1cc10a0d6bf70bf58306dbaf
party.iroiro.luajava	lua52-platform	3.0.2	natives-ios	0026a918420e7eba99d576b0ba32e2f8c8406936
party.iroiro.luajava	lua52-platform	3.0.2	natives-x86	ababa9e4281c570b6844c2a1c29348a1be96c83a
party.iroiro.luajava	lua52-platform	3.0.2	natives-x86_64	e19846e0a7ffc672bc0f17535b8a9c13079694e5
party.iroiro.luajava	lua52-platform	3.1.0		N/A
party.iroiro.luajava	lua52-platform	3.1.0	natives-arm64-v8a	9a0455a36617d508f47ea608b8d283cedb331c53
party.iroiro.luajava	lua52-platform	3.1.0	natives-armeabi-v7a	dd7e6600a0f421698d1495c3730e10c7a93e8c46
party.iroiro.luajava	lua52-platform	3.1.0	natives-desktop	7b96dd7891f13cbe2c8a9c32233dc63d35f78f5b
party.iroiro.luajava	lua52-platform	3.1.0	natives-ios	4aae24b041f9b15b59d317a4783b61fb1bb06c72
party.iroiro.luajava	lua52-platform	3.1.0	natives-x86	75c90c62cc9d83364834f5af9b48a0bd9c5237fa
party.iroiro.luajava	lua52-platform	3.1.0	natives-x86_64	5a2eed62910a23b379815befac07aff45356f8a0
party.iroiro.luajava	lua52-platform	3.1.1		N/A
party.iroiro.luajava	lua52-platform	3.1.1	natives-arm64-v8a	f3bead2789920c64cc33e33b30f68a19d2d58089
party.iroiro.luajava	lua52-platform	3.1.1	natives-armeabi-v7a	5a7c167ff3ad8dfe3e8de288d10c483ca1ad4fae
party.iroiro.luajava	lua52-platform	3.1.1	natives-desktop	61c196b0dc76b850904119e1fe1b09bd58833869
party.iroiro.luajava	lua52-platform	3.1.1	natives-ios	c5c035eb65a1858c97797012cd0f98bdafbbd5b1
party.iroiro.luajava	lua52-platform	3.1.1	natives-x86	9a5348503aee63256db1d3c87f1893cc4b19970a
party.iroiro.luajava	lua52-platform	3.1.1	natives-x86_64	4ca3717a2d55c2ea99db72b6500825f19b496a86
party.iroiro.luajava	lua52-platform	3.1.2		N/A
party.iroiro.luajava	lua52-platform	3.1.2	natives-arm64-v8a	5e8997228f702814ccbffc07471976b0ee22126f
party.iroiro.luajava	lua52-platform	3.1.2	natives-armeabi-v7a	3e6378b66b4673037f9069641c1ee0d8702a3f25
party.iroiro.luajava	lua52-platform	3.1.2	natives-desktop	64355070774de3cb1d7e9703350efa783fe9efdd
party.iroiro.luajava	lua52-platform	3.1.2	natives-ios	a3ada619a70da72fdc80971fbb218ebfb3ff3127
party.iroiro.luajava	lua52-platform	3.1.2	natives-x86	e421a34a78feb6a417843625dab0a688b5ec37d4
party.iroiro.luajava	lua52-platform	3.1.2	natives-x86_64	3b5c0ad763222c5e641eb17137d01ec244b9a9f3
party.iroiro.luajava	lua52-platform	3.1.3		N/A
party.iroiro.luajava	lua52-platform	3.1.3	natives-arm64-v8a	9975161234129e355a93d8cb99f58abd9bfc1137
party.iroiro.luajava	lua52-platform	3.1.3	natives-armeabi-v7a	d83a20e448288fd71f5a132aec60998ff96701a3
party.iroiro.luajava	lua52-platform	3.1.3	natives-desktop	a450ebba62aca33f057ea259414bf66fc2ebc683
party.iroiro.luajava	lua52-platform	3.1.3	natives-ios	d6023986d9bc9e178591492f9cd291022c5d57d1
party.iroiro.luajava	lua52-platform	3.1.3	natives-x86	fb9854941d092663b4bdc8f41ed9a72a89638f00
party.iroiro.luajava	lua52-platform	3.1.3	natives-x86_64	6e59eaea5eace6a091e77e3995320fe96660c69d
party.iroiro.luajava	lua52-platform	3.2.0		N/A
party.iroiro.luajava	lua52-platform	3.2.0	natives-arm64-v8a	ce445feca94bf3460bed41f6b8dbefdccfb2bc61
party.iroiro.luajava	lua52-platform	3.2.0	natives-armeabi-v7a	033a99decc2d6bdc1627caffaf79c799ea1dad06
party.iroiro.luajava	lua52-platform	3.2.0	natives-desktop	a2c0e0f73e895f19ee8d4ac1d3600bb0c769f4ca
party.iroiro.luajava	lua52-platform	3.2.0	natives-ios	74fb0dd0c2da77c07db5964a39e0e4b436da4d9e
party.iroiro.luajava	lua52-platform	3.2.0	natives-x86	8c7fe9d24b309a7e569cc6f3ea4f76ce951f936f
party.iroiro.luajava	lua52-platform	3.2.0	natives-x86_64	ddf57e752899c79d2d39abe5efb6a1b3f4abd618
party.iroiro.luajava	lua52-platform	3.3.0		N/A
party.iroiro.luajava	lua52-platform	3.3.0	natives-arm64-v8a	847b1c198ca43fc9a9da6bc8d914ef985ac51699
party.iroiro.luajava	lua52-platform	3.3.0	natives-armeabi-v7a	82ff0635a7b687cae4e41aa0aea3bfd37b3bb02e
party.iroiro.luajava	lua52-platform	3.3.0	natives-desktop	0a2b7b2d196e202512e3c94a45b4e89486215fe5
party.iroiro.luajava	lua52-platform	3.3.0	natives-ios	4b4ab77edd1b79dbdb48b4a01fd093bedf97f46d
party.iroiro.luajava	lua52-platform	3.3.0	natives-x86	8fcf7b10a179145be63e0d90f2f5185adcce9dbb
party.iroiro.luajava	lua52-platform	3.3.0	natives-x86_64	7dfebe152f316877ba8d36966a75de5c38a29b3a
party.iroiro.luajava	lua52-platform	3.4.0		N/A
party.iroiro.luajava	lua52-platform	3.4.0	natives-arm64-v8a	658e991c532eb763bdfdf786ab68fc2e4ee43475
party.iroiro.luajava	lua52-platform	3.4.0	natives-armeabi-v7a	4ad10a0345e051185913aa7ad991558abcb902e6
party.iroiro.luajava	lua52-platform	3.4.0	natives-desktop	177a7a3bede9d392eb988f53e3db0598cfa91b40
party.iroiro.luajava	lua52-platform	3.4.0	natives-ios	61d323be1186a250d9a63396b55071cfed61e7a1
party.iroiro.luajava	lua52-platform	3.4.0	natives-x86	ed51dbaeb5dc8a61d6ad243bd4b754ca2cda6e69
party.iroiro.luajava	lua52-platform	3.4.0	natives-x86_64	01f096674dc100f0f1d861046d5779db470fb8c0
party.iroiro.luajava	lua52-platform	3.5.0		N/A
party.iroiro.luajava	lua52-platform	3.5.0	natives-arm64-v8a	14a9e92724f128f95f63a0a5748b1827a2e939ea
party.iroiro.luajava	lua52-platform	3.5.0	natives-armeabi-v7a	c1649bddab7e48223136bf3265fb8a2f65899b7f
party.iroiro.luajava	lua52-platform	3.5.0	natives-desktop	9391218e4c735403e0b6ed6217e2366e7aeeea86
party.iroiro.luajava	lua52-platform	3.5.0	natives-ios	4d7813595717922cc7c1ec55375a52cc00b6b21b
party.iroiro.luajava	lua52-platform	3.5.0	natives-x86	2df81b1b117f10cd9043bdc3cab8f76679660b00
party.iroiro.luajava	lua52-platform	3.5.0	natives-x86_64	76b769f01395cbcfd2e3c6538f2674c10e183706
party.iroiro.luajava	lua52-platform	4.0.0		N/A
party.iroiro.luajava	lua52-platform	4.0.0	natives-arm64-v8a	d49953d5d25056adcd720efca58725fbcc51cb34
party.iroiro.luajava	lua52-platform	4.0.0	natives-armeabi-v7a	d49953d5d25056adcd720efca58725fbcc51cb34
party.iroiro.luajava	lua52-platform	4.0.0	natives-desktop	82b383a79bb4c266823f72d7b820a06a06531f6a
party.iroiro.luajava	lua52-platform	4.0.0	natives-ios	34a9b84102851fccb1bed723e66e0e905922f375
party.iroiro.luajava	lua52-platform	4.0.0	natives-x86	d49953d5d25056adcd720efca58725fbcc51cb34
party.iroiro.luajava	lua52-platform	4.0.0	natives-x86_64	d49953d5d25056adcd720efca58725fbcc51cb34
party.iroiro.luajava	lua52-platform	4.0.1		N/A
party.iroiro.luajava	lua52-platform	4.0.1	natives-arm64-v8a	fdd0bf16e6de7ff2ea1fcbfa3a36af1b465e724b
party.iroiro.luajava	lua52-platform	4.0.1	natives-armeabi-v7a	fdd0bf16e6de7ff2ea1fcbfa3a36af1b465e724b
party.iroiro.luajava	lua52-platform	4.0.1	natives-desktop	b693cad29c3cfc7ef939a389707317f7b62b3eb1
party.iroiro.luajava	lua52-platform	4.0.1	natives-ios	ef87069b9481c7bedd21fdad67a50de11e6d64e8
party.iroiro.luajava	lua52-platform	4.0.1	natives-x86	fdd0bf16e6de7ff2ea1fcbfa3a36af1b465e724b
party.iroiro.luajava	lua52-platform	4.0.1	natives-x86_64	fdd0bf16e6de7ff2ea1fcbfa3a36af1b465e724b
party.iroiro.luajava	lua52-platform	4.0.2		N/A
party.iroiro.luajava	lua52-platform	4.0.2	natives-arm64-v8a	be1a6a14e3a9b56a5847bea89edcbf905d4104ae
party.iroiro.luajava	lua52-platform	4.0.2	natives-armeabi-v7a	09a059bb14a3b7f055646e3159f27657252537fe
party.iroiro.luajava	lua52-platform	4.0.2	natives-desktop	9bb9076fd4ddd04e702d4f351a8de6fd58272d00
party.iroiro.luajava	lua52-platform	4.0.2	natives-ios	3ac6cc3afc2b989031dc8f976d36640a019efa04
party.iroiro.luajava	lua52-platform	4.0.2	natives-x86	d122477952e84dfd15823b6e17a97167ad3f887e
party.iroiro.luajava	lua52-platform	4.0.2	natives-x86_64	8bc44769f9eaaa191c143c53de4ab5736f4876d0
software.amazon.awsconstructs	lambdasecretsmanager	1.101.0		4a355014f0ecddcd60c7038a35979d6429a27915
software.amazon.awsconstructs	lambdasecretsmanager	1.102.0		0df214f5fe0de99a46359aaef132f670d75d8b86
software.amazon.awsconstructs	lambdasecretsmanager	1.103.0		7f6c46217c50d2abbc7cd80a688bd6e5cdb757d4
software.amazon.awsconstructs	lambdasecretsmanager	1.104.0		01141ac5f723cfcdc50abe635f5aa976c5d7bf5f
software.amazon.awsconstructs	lambdasecretsmanager	1.105.0		40c67d775bed95b8b54ab21c9facd0e1aed22fd5
software.amazon.awsconstructs	lambdasecretsmanager	1.106.0		e0ac4bba01eee5213bd08e4055ae82324fd5f926
software.amazon.awsconstructs	lambdasecretsmanager	1.106.1		47a057a2010af2986bcafdd4e0796d8416e95153
software.amazon.awsconstructs	lambdasecretsmanager	1.107.0		79aebd4cdf71d76d8d8327e7d10e1b8ea7fdd2bf
software.amazon.awsconstructs	lambdasecretsmanager	1.108.0		fd964471b365d5ff20ec49f60408790c4643e89e
software.amazon.awsconstructs	lambdasecretsmanager	1.108.1		10d0942ef81cf30dfb62eed77d7ca04c4083f5fd
software.amazon.awsconstructs	lambdasecretsmanager	1.109.0		b37da3487f8c99ce7466e35163f4e1ea38c46b82
software.amazon.awsconstructs	lambdasecretsmanager	1.110.0		7311c37192d7149e1040ed58f57bbaee37919f1a
software.amazon.awsconstructs	lambdasecretsmanager	1.110.1		9eb7c2cb490d836fb15e02030afb2a3f1a8f2c7e
software.amazon.awsconstructs	lambdasecretsmanager	1.111.0		e3f7712cefde8a9daebdf3029be29fca63ab4144
software.amazon.awsconstructs	lambdasecretsmanager	1.112.0		778f5aa8f5488969be4b2b354d29f6035ed13b8c
software.amazon.awsconstructs	lambdasecretsmanager	1.113.0		8e945455a9874f6036ffd24f114c1e91d5a3591d
software.amazon.awsconstructs	lambdasecretsmanager	1.114.0		d8f5cc813adca1d4dcefa69a9f134598f28fb729
software.amazon.awsconstructs	lambdasecretsmanager	1.115.0		381d4056a3bea3aad6d446fdbfdeed5a95613edb
software.amazon.awsconstructs	lambdasecretsmanager	1.116.0		600d5fd93feccdfcc5c1c2b252069497c24dab42
software.amazon.awsconstructs	lambdasecretsmanager	1.117.0		dd1982acb393c97d5f35673c05e898fbd8d297c8
software.amazon.awsconstructs	lambdasecretsmanager	1.118.0		b79508563530a5957e41373f841509a20366e307
software.amazon.awsconstructs	lambdasecretsmanager	1.119.0		c70da92b369185285e51088e5e9f258fbdbf24ff
software.amazon.awsconstructs	lambdasecretsmanager	1.120.0		85ae22be5d8d3dbf30172f8708d8a89e29d2b715
software.amazon.awsconstructs	lambdasecretsmanager	1.121.0		9f4982034dfabbf4a294a72b86ebd4872a949326
software.amazon.awsconstructs	lambdasecretsmanager	1.122.0		a3117d1dabe877d168c82a248a30d819e50f9e3f
software.amazon.awsconstructs	lambdasecretsmanager	1.123.0		8163715254dd7f827565b0d587d2111121de8e8f
software.amazon.awsconstructs	lambdasecretsmanager	1.124.0		1739d78b5a80bbb8938014817c40292d526c3b70
software.amazon.awsconstructs	lambdasecretsmanager	1.125.0		dbd6fb3f9430c451293651e8893eb44dd61d156c
software.amazon.awsconstructs	lambdasecretsmanager	1.126.0		a382dd03e6f1736f9a73e8e2beaa34131e9bb975
software.amazon.awsconstructs	lambdasecretsmanager	1.127.0		0112afeaabb8a5984bcb5a950f32421096afc2fb
software.amazon.awsconstructs	lambdasecretsmanager	1.128.0		65b5f1b63f8250ed249e8fa59c03bf52426556ba
software.amazon.awsconstructs	lambdasecretsmanager	1.129.0		19401aaf8d22823dfc4db700b8651f2727449646
software.amazon.awsconstructs	lambdasecretsmanager	1.130.0		97c568c31539c1343d33399e6e7acaf6f04dfd75
software.amazon.awsconstructs	lambdasecretsmanager	1.131.0		a3c4de885ed1093b035c10c43bd9009aeeecc83f
software.amazon.awsconstructs	lambdasecretsmanager	1.132.0		e92e10061b65399387dd3455be03bcad9369d02f
software.amazon.awsconstructs	lambdasecretsmanager	1.133.0		4096e8d1d68ca6e57f47bf659e5417e36ac4599f
software.amazon.awsconstructs	lambdasecretsmanager	1.134.0		a3778891b4dcb7aab4fb1ee8a5424c7b8244721f
software.amazon.awsconstructs	lambdasecretsmanager	1.135.0		6955e94fbc5df68200666e83ff46452f6fe7b17c
software.amazon.awsconstructs	lambdasecretsmanager	1.136.0		4ddfa27f61ed1932fbf580d128ef55845fe1690f
software.amazon.awsconstructs	lambdasecretsmanager	1.137.0		86270003c369395cd95d1d8ac2e546884c18f1ef
software.amazon.awsconstructs	lambdasecretsmanager	1.138.0		5642d5376690139ea1c324df6e41509e86e8c19c
software.amazon.awsconstructs	lambdasecretsmanager	1.138.1		3be1f8012c502457cf0abfa4235cc8ba08f9af8c
software.amazon.awsconstructs	lambdasecretsmanager	1.138.2		682dbf765a378831e9ee4d8d7534baced57280cc
software.amazon.awsconstructs	lambdasecretsmanager	1.139.0		125d45fe5b9a74b391b5d307816ddd1e6dc287a7
software.amazon.awsconstructs	lambdasecretsmanager	1.140.0		481e430ddf3910ca9737f3d90aa3eecab8ddb4ff
software.amazon.awsconstructs	lambdasecretsmanager	1.141.0		cccf5dfd07fd0550125ebe0d5163d8c2d20efee5
software.amazon.awsconstructs	lambdasecretsmanager	1.142.0		41a2547ca889f9cd0132981af187e1b6c4433d48
software.amazon.awsconstructs	lambdasecretsmanager	1.143.0		86de993e45cca5f2a0818358e92f3d9e6dc1179d
software.amazon.awsconstructs	lambdasecretsmanager	1.144.0		ea0f44e9c802f6b8e2562c0f9cecbf90d592f5df
software.amazon.awsconstructs	lambdasecretsmanager	1.145.0		a529e91c9e013252a0ea64e56ec243b262b14ba1
software.amazon.awsconstructs	lambdasecretsmanager	1.146.0		6d2986d1ce13673be559a8791437e33265e6364c
software.amazon.awsconstructs	lambdasecretsmanager	1.147.0		51156bb33db62ab217cc7a24d36888382ca07e73
software.amazon.awsconstructs	lambdasecretsmanager	1.148.0		4096f531c8d06af9a0c76586af4ffa9829e56079
software.amazon.awsconstructs	lambdasecretsmanager	1.149.0		71906fb2e7c83cb95aceded00d72bb522cfa66d7
software.amazon.awsconstructs	lambdasecretsmanager	1.150.0		d575a583c896a3add902b9d277fca525912af488
software.amazon.awsconstructs	lambdasecretsmanager	1.151.0		874c8d616f01f6d229c651560e1a97025d995185
software.amazon.awsconstructs	lambdasecretsmanager	1.152.0		2d48b199c846018af31140c820907fa603f615ec
software.amazon.awsconstructs	lambdasecretsmanager	1.153.0		83256918b990b4293b208b29afcb3cdf6d27e081
software.amazon.awsconstructs	lambdasecretsmanager	1.153.1		d32204a39cd7a7178d834b60d546307adf4b36e4
software.amazon.awsconstructs	lambdasecretsmanager	1.154.0		7c248b827f2de6344c1d796cb70d7c920ed308e0
software.amazon.awsconstructs	lambdasecretsmanager	1.155.0		a9bcb1a61a4f6c90fcf6b3a1f0291a01781be3bb
software.amazon.awsconstructs	lambdasecretsmanager	1.156.0		959ff95ce80aebea0c31489da1f0030ad79c7d35
software.amazon.awsconstructs	lambdasecretsmanager	1.156.1		fe2ff44e82e7e2d7474c32c60db83eef72322663
software.amazon.awsconstructs	lambdasecretsmanager	1.157.0		ef585dbcefb1d16d00fdd18ba93b23602b17cdcd
software.amazon.awsconstructs	lambdasecretsmanager	1.158.0		428fe32d910c66c47f531f9dab3a0c2331bf50fa
software.amazon.awsconstructs	lambdasecretsmanager	1.159.0		d8757d7d831d84bff4f3707c7f4238c88879b135
software.amazon.awsconstructs	lambdasecretsmanager	1.160.0		583279f47c1610733b9a69672b37021a48412c05
software.amazon.awsconstructs	lambdasecretsmanager	1.161.0		71219b457138c3fe149dd570cac974a8945b1f40
software.amazon.awsconstructs	lambdasecretsmanager	1.162.0		6cfdce5665d552b2efac016c52774cfc373258b4
software.amazon.awsconstructs	lambdasecretsmanager	1.163.0		9af5ff14f3447ad92c69f06a78a08185a22c64b6
software.amazon.awsconstructs	lambdasecretsmanager	1.163.1		a821316ee2bea1662270e91f68107932daea22f2
software.amazon.awsconstructs	lambdasecretsmanager	1.163.2		1f5b2a1db6a27fbbada3afc491dfdc8200cd86dc
software.amazon.awsconstructs	lambdasecretsmanager	1.164.0		a8e53488b85abf0b9b64d49e34a8626374294cbe
software.amazon.awsconstructs	lambdasecretsmanager	1.165.0		bc0f522b656a709d9f65abb692305d4b30c92b01
software.amazon.awsconstructs	lambdasecretsmanager	1.166.1		8fa159ba2a5ec4bd67359a1ac93b68c6abd84780
software.amazon.awsconstructs	lambdasecretsmanager	1.167.0		407ef88c197cba1428d26e397e156b6b2694a9ba
software.amazon.awsconstructs	lambdasecretsmanager	1.168.0		60aef2b64ff83ba74f0c94dc2a16ce26bb5e7b9b
software.amazon.awsconstructs	lambdasecretsmanager	1.169.0		51a73aaaa54a70537e9bf557e3c1b0e2904d7bce
software.amazon.awsconstructs	lambdasecretsmanager	1.170.0		e345028feee1d9c054cc0e57185d7ecd9b03aca9
software.amazon.awsconstructs	lambdasecretsmanager	1.170.1		2a7c8fa869f803321d95fe7fcf5218bf11d17f11
software.amazon.awsconstructs	lambdasecretsmanager	1.171.0		3e9e19a95d455a59717488fc368530895692bcab
software.amazon.awsconstructs	lambdasecretsmanager	1.172.0		5fc0760c10a64eb03bcfb76586bae1c452c2ea60
software.amazon.awsconstructs	lambdasecretsmanager	1.173.0		a05fecd64ab7d976162310e16082d8b2d3a7427a
software.amazon.awsconstructs	lambdasecretsmanager	1.174.0		5e54794d190e30f7f7fd90597b6661c642147eb8
software.amazon.awsconstructs	lambdasecretsmanager	1.175.0		04fa6410b79e201fb529081189fc77f04ca80bf3
software.amazon.awsconstructs	lambdasecretsmanager	1.176.0		7f4c654ba305230a88d0685c181d0a52bacdb6dc
software.amazon.awsconstructs	lambdasecretsmanager	1.177.0		c103e37eb221c0c7dfb742b3e0aa4d1827a66477
software.amazon.awsconstructs	lambdasecretsmanager	1.178.0		83940d8309a313a19ab69c8310c6beff2057d95c
software.amazon.awsconstructs	lambdasecretsmanager	1.179.0		d1343301b9821865d518e08f7da82ba8bbfbefa4
software.amazon.awsconstructs	lambdasecretsmanager	1.180.0		a3b675b1f0469cd53a151323fdb73c708b7715d4
software.amazon.awsconstructs	lambdasecretsmanager	1.181.0		522a2c3bb466e86d1cf59427505844c3aac15b86
software.amazon.awsconstructs	lambdasecretsmanager	1.181.1		6f8be147b1885c8b5ee9ebdf8410d02e54a0f2de
software.amazon.awsconstructs	lambdasecretsmanager	2.0.0		cc43748519b99e964eba9819f6aa013c307efb06
software.amazon.awsconstructs	lambdasecretsmanager	2.0.0-rc.1		cf1807a66c38331eaec92af32ca241eb99e81321
software.amazon.awsconstructs	lambdasecretsmanager	2.0.0-rc.2		b53839f08a6533b14c131f0157a26b3cceddcf95
software.amazon.awsconstructs	lambdasecretsmanager	2.1.0		bc0cf79471dcd6c9c69e9dd3d57ea9e9c356ace1
software.amazon.awsconstructs	lambdasecretsmanager	2.10.0		f257eee1f98c26f551790c247740c8b51e344cbd
software.amazon.awsconstructs	lambdasecretsmanager	2.11.0		23961d1692621a5a93d1cea73612050570c65a9c
software.amazon.awsconstructs	lambdasecretsmanager	2.12.0		3b873737f064ce2f86f533a6682aa19c62b0316f
software.amazon.awsconstructs	lambdasecretsmanager	2.13.0		bc0446d2d693a93e5c77b2e277d465ca7b3b4a09
software.amazon.awsconstructs	lambdasecretsmanager	2.14.0		3dfb7523eefe671f67c0bcd3a85c30fe2c882cf4
software.amazon.awsconstructs	lambdasecretsmanager	2.16.0		7dc51be395a2f603528180edd604c8423c18634d
software.amazon.awsconstructs	lambdasecretsmanager	2.17.0		2198cfb0d9d80c0e71938f17c38ae7fa6553ab86
software.amazon.awsconstructs	lambdasecretsmanager	2.18.0		dafd5ba1e05c8eb9071c1eca6c8e1abea10362e6
software.amazon.awsconstructs	lambdasecretsmanager	2.19.0		a5cf7980a6eb6ec28a35e6d2704f9aaf015fed0c
software.amazon.awsconstructs	lambdasecretsmanager	2.2.0		17aaf005857e76b9845e480edd8a88e1e44abe8e
software.amazon.awsconstructs	lambdasecretsmanager	2.20.0		14d6f4bb06c00ecbd851abe88ed5461081a4bfb5
software.amazon.awsconstructs	lambdasecretsmanager	2.21.0		8bbb7c1d8ed22d5f0328a93b141231b085330462
software.amazon.awsconstructs	lambdasecretsmanager	2.24.0		2d987e8ca36413f6e81dca0f4c34e3381a42c694
software.amazon.awsconstructs	lambdasecretsmanager	2.25.0		e48e44e406f7b544179704c28e4d99cc22bd388b
software.amazon.awsconstructs	lambdasecretsmanager	2.26.0		b31b511e95bff5fd4a4e3da5abf62efb407b94d7
software.amazon.awsconstructs	lambdasecretsmanager	2.27.0		ee058a5625eb12691747b02c0f44843e4167bc11
software.amazon.awsconstructs	lambdasecretsmanager	2.28.0		25002e78ee1c5a6160a74a75c383127d741fbf07
software.amazon.awsconstructs	lambdasecretsmanager	2.29.0		0924735147e643186cc3a0472415ae0b910ddd2c
software.amazon.awsconstructs	lambdasecretsmanager	2.3.0		905c2dfd85907a382ebffb7d804f945a3c94f774
software.amazon.awsconstructs	lambdasecretsmanager	2.30.0		28173233732cdd100dc52bcf5be4993959f346b6
software.amazon.awsconstructs	lambdasecretsmanager	2.31.0		c53a17881d00549d7e09e2d5d980c77bd2de6180
software.amazon.awsconstructs	lambdasecretsmanager	2.32.0		4e62411f2710a1903b876e272f4ad0bc795e9e17
software.amazon.awsconstructs	lambdasecretsmanager	2.33.0		e11f9a704cec4cd4ea2887751bb3a862982883b2
software.amazon.awsconstructs	lambdasecretsmanager	2.34.0		c6c131b2b6c23ebf51c5f9d9ba93b4a6dc13bd0a
software.amazon.awsconstructs	lambdasecretsmanager	2.35.0		03bed0cd9e819897b49307aee111e7e05562e9a2
software.amazon.awsconstructs	lambdasecretsmanager	2.36.0		54ac25c4aa622410147b99b736af6f3ae5fa59d3
software.amazon.awsconstructs	lambdasecretsmanager	2.37.0		ad04c00f1fb3f9ebafd56b29326786404992a2d4
software.amazon.awsconstructs	lambdasecretsmanager	2.38.0		d2ea2a215485be3432f113ecdc9ba57b354fd940
software.amazon.awsconstructs	lambdasecretsmanager	2.39.0		63831e9c1733deb117fb31e8405e319899b84ec0
software.amazon.awsconstructs	lambdasecretsmanager	2.4.0		83ca77595d621f8aad863d44d45409edaaaf9127
software.amazon.awsconstructs	lambdasecretsmanager	2.40.0		7f390e7fd7346d458e03ef2eac2a13c4307599f6
software.amazon.awsconstructs	lambdasecretsmanager	2.41.0		07df7ac634fd9a68e5f50f04694153d88bb1bf0e
software.amazon.awsconstructs	lambdasecretsmanager	2.42.0		e65ddcfd4f7f2b84c193fd20e9f25a402c5a754f
software.amazon.awsconstructs	lambdasecretsmanager	2.43.0		f5989084f46774625162584ca46bb9d738c5f6b9
software.amazon.awsconstructs	lambdasecretsmanager	2.43.1		79e2d60ae6d2dd4a43a4e32a328d2b0294493e0b
software.amazon.awsconstructs	lambdasecretsmanager	2.44.0		b92a527a6500654203d80a81898bcc0ee51e9b70
software.amazon.awsconstructs	lambdasecretsmanager	2.45.0		1dba19ff19ec498071d6283af7c5b86690679a8e
software.amazon.awsconstructs	lambdasecretsmanager	2.46.0		ce149042bd901bcf6b97a92b860d2b0fcc130c99
software.amazon.awsconstructs	lambdasecretsmanager	2.47.0		04d4e204004afb857ce29ceee9b5d69e0891c5ba
software.amazon.awsconstructs	lambdasecretsmanager	2.48.0		fb0eb7a3106366619254dd508ce0999faeb20187
software.amazon.awsconstructs	lambdasecretsmanager	2.49.0		5e78c2ec50619c0b2eac91c0a8265ea324e39765
software.amazon.awsconstructs	lambdasecretsmanager	2.5.0		9bf32fe3455dcf56a5f6bb11e9931a58ab08de35
software.amazon.awsconstructs	lambdasecretsmanager	2.50.0		98b5be29d54916a54c25e17477a12e47ce7cb404
software.amazon.awsconstructs	lambdasecretsmanager	2.51.0		3f5f93403b0004b7a47ea7acfcefd3abc1bd65a4
software.amazon.awsconstructs	lambdasecretsmanager	2.52.0		767abe588754b300c9e4b4fb41b7dfd051688949
software.amazon.awsconstructs	lambdasecretsmanager	2.52.1		aa955378da55a5d1102e80cc2df8cdff1cf3ad18
software.amazon.awsconstructs	lambdasecretsmanager	2.53.0		658f41a33c5fda7b5239da598c8ed6acad60509b
software.amazon.awsconstructs	lambdasecretsmanager	2.54.0		a5188e646da6a888e5573f9f79c618f76e3fc994
software.amazon.awsconstructs	lambdasecretsmanager	2.54.1		94754ca4371011b6388ea8c2aa2b4416da7c56f9
software.amazon.awsconstructs	lambdasecretsmanager	2.55.0		f3d1b7215cc0b71ed3590accb8cecb5abe63a656
software.amazon.awsconstructs	lambdasecretsmanager	2.56.0		ab8ea0969a136b11b7b90a3b544df45ffe6adebb
software.amazon.awsconstructs	lambdasecretsmanager	2.57.0		b5f07f11a4873d91b5411bb68b0088b9b2866e04
software.amazon.awsconstructs	lambdasecretsmanager	2.58.0		dd975f854b2416acab2a021e5633cdd323ee3112
software.amazon.awsconstructs	lambdasecretsmanager	2.58.1		499833353642e0970cef4bbe395b393e0ede5821
software.amazon.awsconstructs	lambdasecretsmanager	2.59.0		d0708caaa19357728471b2e5b9dd6afff56af1e5
software.amazon.awsconstructs	lambdasecretsmanager	2.6.0		fcc8cadb116c106e12fe46cfe505007bad77c872
software.amazon.awsconstructs	lambdasecretsmanager	2.60.0		1359a03b98161a71e87159c023ba1ba72d87c3a2
software.amazon.awsconstructs	lambdasecretsmanager	2.61.0		daddaca3a7c292d10c06cc93cc2af96505aafa9b
software.amazon.awsconstructs	lambdasecretsmanager	2.62.0		9f8302f181a23226faed66b8f0f90cded0cef429
software.amazon.awsconstructs	lambdasecretsmanager	2.63.0		9e319fe84e0c28eefc75255ab8e6d996e38ac6cb
software.amazon.awsconstructs	lambdasecretsmanager	2.64.0		d50bd1b93bd44875ad34b869abe324d2129318c5
software.amazon.awsconstructs	lambdasecretsmanager	2.65.0		bc2aeffd61dbb1d281ea6ce0f780e73077cad8ae
software.amazon.awsconstructs	lambdasecretsmanager	2.67.0		a5f2b61593ea287931fc1283bc5e5de6745a906d
software.amazon.awsconstructs	lambdasecretsmanager	2.67.1		2ab221b472b9dcc0b99169ba2d025576b92c0f6e
software.amazon.awsconstructs	lambdasecretsmanager	2.68.0		9a81883d470cf5e9844d3a12cf36c8bce207c03d
software.amazon.awsconstructs	lambdasecretsmanager	2.69.0		0c4201fb9307f9b27e7c078bcbc8c92b70455d46
software.amazon.awsconstructs	lambdasecretsmanager	2.7.0		44ce96b524e38aa321678ad99c75f3e7a7cb895c
software.amazon.awsconstructs	lambdasecretsmanager	2.70.0		afee0d0e1ce38973cb41436529e0ce2abccbb2fb
software.amazon.awsconstructs	lambdasecretsmanager	2.71.0		6027c90af91906ca0a9e8e08e8185079a1c33471
software.amazon.awsconstructs	lambdasecretsmanager	2.72.0		ec5a93a16a7f67a4fe270147b6cee7e9b1490a02
software.amazon.awsconstructs	lambdasecretsmanager	2.73.0		21e1433f5ef1ccd3d0c8fe9bb344349185a4e1c9
software.amazon.awsconstructs	lambdasecretsmanager	2.74.0		d62682fa2f7a303ba48e956b76d570a7a4fb63e3
software.amazon.awsconstructs	lambdasecretsmanager	2.75.0		432a52210bdf9e66ab9febffe07dc6a5f01b9c55
software.amazon.awsconstructs	lambdasecretsmanager	2.76.0		7d6aa00d54a37d10ed37b4456f2996da20b43815
software.amazon.awsconstructs	lambdasecretsmanager	2.77.0		c163e32473927e90cccf4921a66d55c2a7ac8200
software.amazon.awsconstructs	lambdasecretsmanager	2.78.0		f33d41f8da9052f4d0af9672677785718368ce78
software.amazon.awsconstructs	lambdasecretsmanager	2.78.1		6a2df281cb84efb5c89cac3d2c7748677bff721c
software.amazon.awsconstructs	lambdasecretsmanager	2.79.0		2155599b18415b41bd82c3380d5a03c573f6d09b
software.amazon.awsconstructs	lambdasecretsmanager	2.79.1		1c46819a96256c4398a4659d85ab73aee58d3560
software.amazon.awsconstructs	lambdasecretsmanager	2.8.0		44f6d0cfba6d8b31955310c51a474ea95eaaf9da
software.amazon.awsconstructs	lambdasecretsmanager	2.80.0		1abec8462611e3aa4ce94c5089af18af7570d00e
software.amazon.awsconstructs	lambdasecretsmanager	2.81.0		045cd19162f18a66a49a75ad1be05318c480ede7
software.amazon.awsconstructs	lambdasecretsmanager	2.82.0		4a11532bad096b51266b1a2b0951da5a504fa842
software.amazon.awsconstructs	lambdasecretsmanager	2.83.0		f07ed9e4e47ea0eb56100e981056cac986cbf916
software.amazon.awsconstructs	lambdasecretsmanager	2.84.0		5d142ab86a255a778a040d8acf73867a517a4fb2
software.amazon.awsconstructs	lambdasecretsmanager	2.85.0		9689812b00e44312266ceb7048c02dd2c23cdfe2
software.amazon.awsconstructs	lambdasecretsmanager	2.85.1		b4aa54902619ce43985737dccd2e3e263ee24e63
software.amazon.awsconstructs	lambdasecretsmanager	2.9.0		a2af72e8276d527431dfe53436a2046594831533
