ch.sbb	spring-cloud-stream-binder-solace	4.0.0		ce143269ef12c5682c523f14a44a9467b3487540
ch.sbb	spring-cloud-stream-binder-solace	4.0.1		d4b3986403bfff9a204929d968c00df49d3a0478
ch.sbb	spring-cloud-stream-binder-solace	4.2.0		1efba45544ca40dd026f9932a3603a4ed29f9ff3
ch.sbb	spring-cloud-stream-binder-solace	4.2.1		b49589af2ae8f8f5b198570164cb14168da0676e
ch.sbb	spring-cloud-stream-binder-solace	4.2.2		a14d0e5c9a9e7556c187b75f85d2d3c56ba3d6c1
ch.sbb	spring-cloud-stream-binder-solace	4.2.3		e1e3feeac7558fcfae76c5bd567d31e5ffd27a87
ch.sbb	spring-cloud-stream-binder-solace	4.2.4		ac1c1eb4f65a6fb8662f3f168c62c7f2a78d8ee8
ch.sbb	spring-cloud-stream-binder-solace	5.0.0		52f08205be214677423c64d21ef9cbb52856337f
ch.sbb	spring-cloud-stream-binder-solace	5.0.1		af213ef01873ca506a9d1f36e3ab0c179624fb45
ch.sbb	spring-cloud-stream-binder-solace	5.0.2		16858ae7fb1185485fe0d9ea404bb7df20258a9d
ch.sbb	spring-cloud-stream-binder-solace	5.0.3		871f6b65ae2118ada7546096c3fe0c7f5cfc4c50
ch.sbb	spring-cloud-stream-binder-solace	5.0.5		2ae929a0d8931d764b6b3e103093a85ad6733258
ch.sbb	spring-cloud-stream-binder-solace	5.0.6		52c705bc90f892cc706d7febb97e6936ff567088
ch.sbb	spring-cloud-stream-binder-solace	5.0.7		0b6e075bc5ab8a5efefa3f26b4d7f91857c71c9a
ch.sbb	spring-cloud-stream-binder-solace	5.0.8		b9eb96a6b9f9e5f8145e8fb149749803017ade8c
ch.vorburger.exec	exec	3.0.0		f24ae2f3cd3f6545244aea476f8316795beccb9e
ch.vorburger.exec	exec	3.1.0		ac8a08f2e0762e6c764c06063a00d1ac428f023d
ch.vorburger.exec	exec	3.1.1		44fef9a37df34055bb9fdda698642128d2e9549d
ch.vorburger.exec	exec	3.1.2		131a764c429834f578455eec6fcefe3d880f763d
ch.vorburger.exec	exec	3.1.3		20506c62af116ba5e14a3356014f68864debe418
ch.vorburger.exec	exec	3.1.4		d82aa7de383c5b369e136389f0dbed875a13a779
ch.vorburger.exec	exec	3.1.5		032ca0284dfbd805e77a5696afae98407688dafb
ch.vorburger.exec	exec	3.2.0		706ebe2d8d6c5e981a849687b2b96352b069c92c
ch.vorburger.exec	exec	3.3.0		f24778326df5a153f51af86b6e82de925dffe240
ch.vorburger.exec	exec	3.3.1		75a474a460730420c856c395684d4647dc4cefdf
ch.vorburger.exec	exec	3.3.2		b32b9167f44e0ed717593a8bfc669a11a8dfbe37
com.antgroup.antchain.openapi	openapi-ak_afe387479c6b4971adfdbb3c5a4a674a	1.0.0		ab85021d970ac4132ed79fd3feeb1feb5ac91b75
com.arkivanov.mvikotlin	mvikotlin-extensions-androidx	2.0.2		776bb3f852e6b7f89c894f058ec9c83a6ae96ecb
com.arkivanov.mvikotlin	mvikotlin-extensions-androidx	2.0.3		d8551bf69f20d88d2fd61873e0bd4a09d02851d7
com.arkivanov.mvikotlin	mvikotlin-extensions-androidx	2.0.4		b7ae2f46a044db490e1c75d2c0154ea1e88c9bab
com.astrapay	spring-qris	1.10		1b0a5398626609c66f6dd1186860b19e06fc1a5f
com.astrapay	spring-qris	1.11		9b24900b1f1bd4d2f36585f58db31befec43661f
com.astrapay	spring-qris	1.15		69af0b4f444a4805a8339305ee1877c5a2d52fd8
com.astrapay	spring-qris	1.16		928380d63677fec3af98f7851a7ef7dfd93a770c
com.astrapay	spring-qris	1.17		e6794374f1746269017f8d93e43ce480cbca1ae8
com.astrapay	spring-qris	1.18		8dee8f545bd64f36e0a6a81e1d71ebd50df183c1
com.astrapay	spring-qris	1.19		8ec2e4c8fa46c553a99f8197c215ad1302634291
com.astrapay	spring-qris	1.20		817b5c25ea2bdb04d91bb52e9673ca288681c1e0
com.astrapay	spring-qris	1.21		2c769f695f1f6174e28ed97073c97d58c651a7f6
com.astrapay	spring-qris	1.22		6683911fbbcafeec89c7f5461ac1d77a335a6749
com.astrapay	spring-qris	1.23		f60b3e6ef71e027e4cff16b5b41d3ffed9337f4c
com.astrapay	spring-qris	1.24		3239e0bbee476ada8cc5cd6b01854d156e269765
com.astrapay	spring-qris	1.25		9387107d752c0948c3fc7d3e0f8042afa0913671
com.astrapay	spring-qris	1.26		d7da4097e167653f3229fd444be59a732b5529e5
com.astrapay	spring-qris	1.27		2e5372ddea4a87f3004b1cd835910558ab306edc
com.astrapay	spring-qris	1.28		66fd2c50afa507e9c037b9bcdc0d74416aabbb0b
com.astrapay	spring-qris	1.3		62ad66a7ca58da8809510daf48d9ecdd4924fa86
com.astrapay	spring-qris	1.4		42fcab64e88d44fcd486494e1a546073db38cad1
com.astrapay	spring-qris	1.5		f6ed07128fef657709599830562dadbba1caa600
com.astrapay	spring-qris	1.6		7a6085df0bf16471ec5e41b914c634887b0adb6d
com.astrapay	spring-qris	1.8		09cb2e0ad90a0c4d8e89271187d98f920528d121
com.astrapay	spring-qris	1.9		9051ee0abd9037351a231cf85474faced85469ad
com.baremetalcloud	multiplatform-sshclient	0.11		b12f5ff7b203cce10869d7c92b73c1a1fd10a2c0
com.baremetalcloud	multiplatform-sshclient	0.12		1d0f0321de5bfb893daaeea9c2c7cc67396de5e8
com.geirsson	metaconfig-typesafe-config_3	0.10.0		75e98cf3955df1ea20d9554f8732c14e6d2b45ea
com.geirsson	metaconfig-typesafe-config_3	0.11.0		739cbd7d92861a410dede27587144eaa64844b1e
com.geirsson	metaconfig-typesafe-config_3	0.11.1		b09705087b64667d64d408933dc08fd2a7370c85
com.geirsson	metaconfig-typesafe-config_3	0.12.0		055a1f5a1313217d8f6b4d5685fd52c3b8689df5
com.geirsson	metaconfig-typesafe-config_3	0.9.15		577b668ac13aeb4eb993e0660bc41d1321adad59
com.geirsson	metaconfig-typesafe-config_3	0.9.16		2d1d2ac5f100db2caa9df5171ed5217ecb7ed766
com.genexus.android	FlexibleClient	2.0.3		N/A
com.genexus.android	FlexibleClient	2.0.4		N/A
com.genexus.android	FlexibleClient	2.1.0		N/A
com.genexus.android	FlexibleClient	2.1.1		N/A
com.genexus.android	FlexibleClient	2.1.2		N/A
com.genexus.android	FlexibleClient	2.2.0		N/A
com.genexus.android	FlexibleClient	2.2.1		N/A
com.genexus.android	FlexibleClient	2.2.2		N/A
com.genexus.android	FlexibleClient	2.2.3		N/A
com.genexus.android	FlexibleClient	2.3.0		N/A
com.genexus.android	FlexibleClient	2.3.1		N/A
com.genexus.android	FlexibleClient	2.3.3		N/A
com.genexus.android	FlexibleClient	2.3.4		N/A
com.genexus.android	FlexibleClient	2.3.5		N/A
com.genexus.android	FlexibleClient	2.3.6		N/A
com.genexus.android	FlexibleClient	2.4.0		N/A
com.genexus.android	FlexibleClient	2.4.1		N/A
com.genexus.android	FlexibleClient	2.4.3		N/A
com.genexus.android	FlexibleClient	2.5.0		N/A
com.genexus.android	FlexibleClient	2.5.1		N/A
com.genexus.android	FlexibleClient	2.5.2		N/A
com.genexus.android	FlexibleClient	2.5.3		N/A
com.genexus.android	FlexibleClient	2.5.4		N/A
com.genexus.android	FlexibleClient	2.5.5		N/A
com.gframework.boot	gframework-core	1.0.0		da92460089c7e262886242e21f626eac3dab3997
com.gframework.boot	gframework-core	2.0.0-beta		3f0f8e00333ca810042b3be04d70de1e65838b70
com.gframework.boot	gframework-core	2.1.0-beta		8c30e390ea590f7505d364d9b9ef8f81dd325ae4
com.gframework.boot	gframework-core	2.1.1-beta		073d248037a1a676afad84535e7afed46bf74109
com.github.dabasan	ejml-3dtools	0.0.1		30dd9a5e3f6cce1a4835523f721809239cfc55f2
com.github.ddphin	ddphin-base-spring-boot	1.0.1		N/A
com.github.ddphin	ddphin-base-spring-boot	1.0.2		N/A
com.github.ddphin	ddphin-base-spring-boot	1.0.4		N/A
com.github.ddphin	ddphin-base-spring-boot	1.0.5		N/A
com.github.ddphin	ddphin-base-spring-boot	1.0.7		N/A
com.github.ddphin	ddphin-base-spring-boot	1.0.8		N/A
com.github.ddphin	ddphin-base-spring-boot	1.1.2		N/A
com.github.ddphin	ddphin-base-spring-boot	1.1.5		N/A
com.github.ddphin	ddphin-base-spring-boot	1.1.6		N/A
com.github.ddphin	ddphin-base-spring-boot	1.1.7		N/A
com.github.ddphin	ddphin-base-spring-boot	1.1.8		N/A
com.github.paginationspring	pagination	1.0.3		7e9543a4535a58e02f4c5747f6d7eed8ffd97345
com.github.piacenti	dsl-maker	1.1.33		935ecff43e2f68af427ab36ba508d89695aa8302
com.github.piacenti	dsl-maker	1.1.34		0cc9f10eda512213fe82339a213da9b89f148775
com.github.piacenti	dsl-maker	1.1.35		713e2b3995214ddf8c22d619d4206e688212e1f7
com.github.piacenti	dsl-maker	1.1.36		fed661ea7559fb2be58da06e31b2dbbc9e55fdd6
com.github.piacenti	dsl-maker	1.1.37		dba7c22dd69a7ae6c01f15ce6ec23f0020f97e81
com.github.piacenti	dsl-maker	1.1.38		679f1da02da38f4972e2e20b8acb83c39e66ec4f
com.github.piacenti	dsl-maker	1.1.39		1840ce53d5bbb3e0adeba639f4bad147247d9420
com.github.piacenti	dsl-maker	1.1.40		c4d0695e70ae7d3bb43de3700ea7296df93af90c
com.github.piacenti	dsl-maker	1.1.41		946bd4342042fb39fde5930eebdac2d9198fa305
com.github.piacenti	dsl-maker	1.1.42		5a00ff57aa69925b0fede46294259dffc63209cd
com.github.piacenti	dsl-maker	1.1.43		3ef51584240fefc15ee2043c921ce53e2d2ae98b
com.github.piacenti	dsl-maker	1.1.44		cec4a27ba6aeb3bf756ecc71eb0177711dff0a74
com.github.piacenti	dsl-maker	1.1.45		9890df71c491efa42a9b6ed6f6850fa546444af9
com.github.piacenti	dsl-maker	1.1.46		e25b7d9828524e947eb069612b590b54c11c58c6
com.github.piacenti	dsl-maker	1.1.47		ddf12c535db6b9050e3f4c35a3193568caab446a
com.github.piacenti	dsl-maker	1.1.48		b16ddf4ed0a89c77bd3305637066a8313de3308f
com.github.piacenti	dsl-maker	1.1.49		89d6a2210b5ede97625dab1ef2bd52bd1fbe1689
com.github.piacenti	dsl-maker	1.1.50		62b51f578a0250982e1ba146a51789a6223c78e6
com.github.piacenti	dsl-maker	1.1.51		5cde1ac2e16543d7c84ae14e4e74dd1608e52597
com.github.piacenti	dsl-maker	1.1.52		3d2fb424e8f2709d0b48d3693224811f1f07927f
com.github.piacenti	dsl-maker	1.1.53		93b4f0fefb55fc3cace2bff8a30b27b7104e1f77
com.github.piacenti	dsl-maker	1.1.54		93b4f0fefb55fc3cace2bff8a30b27b7104e1f77
com.github.piacenti	dsl-maker	1.1.55		93b4f0fefb55fc3cace2bff8a30b27b7104e1f77
com.harium.database	postgrest	0.0.1		3fad2db0df77646151289f3914fad4c84d301ee7
com.harium.database	postgrest	0.0.2		e2deefd2fb72773e76e64538e6c554fb0b222450
com.independentid	i2scim-core	0.6.1		83e97df76f98c19b955b5bfbcc44c1e139cc004e
com.independentid	i2scim-core	0.7.0		b29d3fc13095c7e68fae8cb7b6d406f86dcec776
com.lihaoyi	sourcecode_3.0.0-M3	0.2.1		72c7caadbf1d2bdd93ec9bfe7c07e71c8a6d7831
com.lihaoyi	sourcecode_3.0.0-M3	0.2.2		055d45901e1821b9344d3c123a8207baf9558c41
com.lihaoyi	sourcecode_3.0.0-M3	0.2.3		020af5a8d03905ef07e5962bd794bbcff7dff5f6
com.madgag.totally-trustworthy	widely-used-util_2.13	1.0.0		56df5239d7be054333aa7dd66c65ea3b368718f3
com.madgag.totally-trustworthy	widely-used-util_2.13	1.0.1		edd19ea8411667dab3fbc0885bfc99a39475bad6
com.raedghazal	kotlinx_datetime_ext	1.0.0		00834f3ee4ee2ac9b6fb647b13d69b483efe76b2
com.raedghazal	kotlinx_datetime_ext	1.0.1		00834f3ee4ee2ac9b6fb647b13d69b483efe76b2
com.raedghazal	kotlinx_datetime_ext	1.0.2		dfbb37a9570b995adccf687f45f0a11efc3bcc58
com.raedghazal	kotlinx_datetime_ext	1.1.0		bffe3b25fd3fb3e59181a8f85e29513f467923b4
com.raedghazal	kotlinx_datetime_ext	1.2.0		5bd88a6bc7e3b95d3066ede0f15831b9ce821397
com.raedghazal	kotlinx_datetime_ext	1.3.1		f3bd294befebe6e61389a9adb56271459be78fd4
com.raedghazal	kotlinx_datetime_ext	1.3.2		f3bd294befebe6e61389a9adb56271459be78fd4
com.stormpath.shiro	stormpath-shiro-servlet-zero-config-example	0.7.0		N/A
com.stormpath.shiro	stormpath-shiro-servlet-zero-config-example	0.7.1		N/A
com.stormpath.shiro	stormpath-shiro-servlet-zero-config-example	0.7.2		N/A
com.stormpath.shiro	stormpath-shiro-servlet-zero-config-example	0.8.0-RC1		N/A
com.sun.jersey.test.osgi.runtime-delegate-tests	runtime-delegate-test-bundle	1.3		0c9cd88c9b3e7751298bbdd24ab2039000e96ec3
com.sun.jersey.test.osgi.runtime-delegate-tests	runtime-delegate-test-bundle	1.4		929546def4b733e9e4cd32b0e95a15bcda9d2228
com.sun.jersey.test.osgi.runtime-delegate-tests	runtime-delegate-test-bundle	1.4-ea01		4fbe5bf834b6bf6970222fd5b2f0e8c603a43cf7
com.sun.jersey.test.osgi.runtime-delegate-tests	runtime-delegate-test-bundle	1.4-ea02		0d26bcb5334168e9bd461028e8fea889394fdd80
com.sun.jersey.test.osgi.runtime-delegate-tests	runtime-delegate-test-bundle	1.4-ea03		22610a6a43403d729c6a5f4034179c516ed17a65
com.sun.jersey.test.osgi.runtime-delegate-tests	runtime-delegate-test-bundle	1.4-ea04		a884a308690baf23132b9430683b75382b3c5501
com.sun.jersey.test.osgi.runtime-delegate-tests	runtime-delegate-test-bundle	1.4-ea05		e6170ee2962c3b2b95541a0c8fd64e48fdd97027
com.sun.jersey.test.osgi.runtime-delegate-tests	runtime-delegate-test-bundle	1.4-ea06		68d6d8d387ccc381e286f3fe33f300a08ad0deff
com.sun.jersey.test.osgi.runtime-delegate-tests	runtime-delegate-test-bundle	1.5		1f0c502d9bd2fc6c383f706d338131545b657cec
com.sun.jersey.test.osgi.runtime-delegate-tests	runtime-delegate-test-bundle	1.5-ea01		4c695c31113666085093eb914252526fc4e59af5
com.sun.jersey.test.osgi.runtime-delegate-tests	runtime-delegate-test-bundle	1.5-ea02		1ecf938f6ed778b9d10af2d97f27dada633575fd
com.sun.jersey.test.osgi.runtime-delegate-tests	runtime-delegate-test-bundle	1.5-ea03		105b37574ab33eb28e56b0b6e0a264a78f3e2783
com.sun.jersey.test.osgi.runtime-delegate-tests	runtime-delegate-test-bundle	1.5-ea04		05c1d4deca26b2abfb87c9e416b9e77a5b2faead
com.sun.jersey.test.osgi.runtime-delegate-tests	runtime-delegate-test-bundle	1.5-ea05		0dc8de33e262c79d015ee7c99c17f06dcf0d9da2
com.sun.jersey.test.osgi.runtime-delegate-tests	runtime-delegate-test-bundle	1.5-ea06		78a5527c7a9037753a8e8c689949b9ce15fd950c
com.sun.jersey.test.osgi.runtime-delegate-tests	runtime-delegate-test-bundle	1.5-ea07		b1ac44f84f78514a2054d32b0a6a37117c9fca1f
com.sun.jersey.test.osgi.runtime-delegate-tests	runtime-delegate-test-bundle	1.5-ea08		cfd5460b9a81d186bd5dda49994d35ec677bc48b
com.sun.jersey.test.osgi.runtime-delegate-tests	runtime-delegate-test-bundle	1.5-ea09		d7bbb9e3f2f02dcf3321b4fd21bfada040f9ab9b
com.tencent.svp	svpplayer	0.0.0.1		N/A
com.tencent.svp	svpplayer	0.0.0.13-4kbasic		N/A
com.tencent.svp	svpplayer	0.0.0.14-jing8		N/A
com.tencent.svp	svpplayer	0.0.0.15-jing8		N/A
com.tencent.svp	svpplayer	0.0.0.16-jing8		N/A
com.tencent.svp	svpplayer	0.0.0.17-jing8		N/A
com.tencent.svp	svpplayer	0.0.0.18-jing8		N/A
com.tencent.svp	svpplayer	0.0.0.19-jing8		N/A
com.tencent.svp	svpplayer	0.0.0.20-jing8		N/A
com.tencent.svp	svpplayer	0.0.0.21-jing8		N/A
com.tencent.svp	svpplayer	0.0.0.22-jing8		N/A
com.tencent.svp	svpplayer	0.0.0.23-jing8		N/A
com.tencent.svp	svpplayer	0.0.0.24-jing8		N/A
com.tencent.svp	svpplayer	0.0.0.25-jing8		N/A
com.tencent.svp	svpplayer	0.0.0.26-jing8		N/A
com.tencent.svp	svpplayer	0.0.0.27-jing8		N/A
com.tencent.svp	svpplayer	0.0.0.28-jing8		N/A
com.tencent.svp	svpplayer	0.0.0.3		N/A
com.tencent.svp	svpplayer	0.0.0.31-jing8		N/A
com.tencent.svp	svpplayer	0.0.0.32-jing8		N/A
com.tencent.svp	svpplayer	0.0.0.33-jing8		N/A
com.tencent.svp	svpplayer	0.0.0.34-jing8		N/A
com.tencent.svp	svpplayer	0.0.0.35-jing8		N/A
com.tencent.svp	svpplayer	0.0.0.36-jing8		N/A
com.tencent.svp	svpplayer	0.0.0.37-jing8		N/A
com.tencent.svp	svpplayer	0.0.0.38-jing8		N/A
com.tencent.svp	svpplayer	0.0.0.39-jing8		N/A
com.tencent.svp	svpplayer	0.0.0.41-jing8		N/A
com.tencent.svp	svpplayer	0.0.0.42-jing8		N/A
com.tencent.svp	svpplayer	0.0.0.6		N/A
com.tencent.svp	svpplayer	0.0.0.7		N/A
com.tencent.svp	svpplayer	0.0.0.8		N/A
com.tencent.svp	svpplayer	1.0.0.14		N/A
com.tencent.svp	svpplayer	1.0.0.15		N/A
com.tencent.svp	svpplayer	1.0.0.16		N/A
com.tencent.svp	svpplayer	1.0.0.17		N/A
com.tencent.svp	svpplayer	1.0.0.18		N/A
com.tencent.svp	svpplayer	1.0.0.19		N/A
com.tencent.svp	svpplayer	2.0.0.14		N/A
com.tencent.svp	svpplayer	2.0.0.15		N/A
com.tencent.svp	svpplayer	2.0.0.16		N/A
com.tencent.svp	svpplayer	2.0.0.17		N/A
com.tencent.svp	svpplayer	3.0.0.14		N/A
com.tencent.svp	svpplayer	3.0.0.15		N/A
com.tencent.svp	svpplayer	4.0.0.14		N/A
com.tencent.svp	svpplayer	4.0.0.15		N/A
com.tencent.svp	svpplayer	4.0.0.16		N/A
com.testerum	project-manager	1.1-pre-alpha-19		64c9e9540c26747a3ad8b869042286a67222f99c
com.testerum	project-manager	1.1-pre-alpha-21		868309563ea6cc85e38cd10c8e49d76c1f3c4f0c
com.testerum	project-manager	4.0.1		775ee3d1ecdf7727bda37454b6cae32709b0f7b9
com.testerum	project-manager	4.0.2		8d9024e862bbb8863839078ec749a6008a948140
com.testerum	project-manager	5.0.2		2442246cdd0637a91983d5d209f638e316a66afd
com.testerum	project-manager	5.0.3		3ec507776c6dc6aad2c072a6aadeabed8e13d008
com.testerum	project-manager	5.0.5		362fccd30421c8278fd47ec6725cc29cfa1f074a
com.testerum	project-manager	5.0.6		d47c35118ea13413584a2dab72b0a7324614d99f
com.testerum	project-manager	5.0.7		764e248b09cb258fde81dc632d6c51a2d0200101
com.testerum	project-manager	5.1.0		4b079caf1e0a3f70300195d2e626361dec02710b
com.testerum	project-manager	5.1.1		1499de9a47750f9a1cb5b8ad6a9f932173ea81a6
com.testerum	project-manager	5.2.0		fbc1a1863064bbe729bf5780faab080fb3cc1e0a
com.testerum	project-manager	5.2.1		9a06519aae71b1f9c4c94d2beddf62fd0ea3df5a
com.testerum	project-manager	5.2.2		07ef78764bcae0197114c83162b0e2491f2260dd
com.testerum	project-manager	5.2.3		f89244f20da315e5104190d611930d5317c91f72
com.testerum	project-manager	5.3.3		a527cc79f0718ceb37f68d63ff7458218e233c42
com.testerum	project-manager	5.3.5		9864da08bbd49e4cd6eb4c3dd13028f2e55ecde9
com.wada811.ax	bundle	1.0.0		N/A
com.xdev-software	xapi-db-oracle-12c	6.0.0		83961fa189d43d81a220bbbcc2961979d8516aaa
com.yqpkj.fdf	cattle-archetype	1.0.13		acef1fc278cb81319626a78dba1d580ea1149f16
com.yqpkj.fdf	cattle-archetype	1.0.14		0167675a0c16f064599fbe0017ced1383da1ced2
com.yqpkj.fdf	cattle-archetype	1.0.16		d652048dffbb2e85e5697f3379d972a421c5bee3
de.sciss	model_2.13.0-M5	0.3.4		c5f20c8f176762e47282865dd77c23edee3e14c1
dev.evo.prometheus	prometheus-kt-push-linuxx64	0.1.1		N/A
dev.evo.prometheus	prometheus-kt-push-linuxx64	0.1.2		N/A
dev.evo.prometheus	prometheus-kt-push-linuxx64	0.1.3		N/A
dev.evo.prometheus	prometheus-kt-push-linuxx64	0.2.0		N/A
dev.evo.prometheus	prometheus-kt-push-linuxx64	0.2.1		N/A
dev.evo.prometheus	prometheus-kt-push-linuxx64	0.2.2		N/A
dev.evo.prometheus	prometheus-kt-push-linuxx64	0.2.3		N/A
dev.evo.prometheus	prometheus-kt-push-linuxx64	0.3.0		N/A
dev.evo.prometheus	prometheus-kt-push-linuxx64	0.3.0-rc-1		N/A
dev.evo.prometheus	prometheus-kt-push-linuxx64	0.3.0-rc-2		N/A
dev.evo.prometheus	prometheus-kt-push-linuxx64	0.3.0-rc-3		N/A
dev.evo.prometheus	prometheus-kt-push-linuxx64	0.3.3		N/A
dev.kilua	kilua-rpc-ktor-guice-wasm-js	0.0.1		N/A
dev.kilua	kilua-rpc-ktor-guice-wasm-js	0.0.10		N/A
dev.kilua	kilua-rpc-ktor-guice-wasm-js	0.0.11		N/A
dev.kilua	kilua-rpc-ktor-guice-wasm-js	0.0.12		N/A
dev.kilua	kilua-rpc-ktor-guice-wasm-js	0.0.13		N/A
dev.kilua	kilua-rpc-ktor-guice-wasm-js	0.0.14		N/A
dev.kilua	kilua-rpc-ktor-guice-wasm-js	0.0.15		N/A
dev.kilua	kilua-rpc-ktor-guice-wasm-js	0.0.16		N/A
dev.kilua	kilua-rpc-ktor-guice-wasm-js	0.0.17		N/A
dev.kilua	kilua-rpc-ktor-guice-wasm-js	0.0.18		N/A
dev.kilua	kilua-rpc-ktor-guice-wasm-js	0.0.19		N/A
dev.kilua	kilua-rpc-ktor-guice-wasm-js	0.0.2		N/A
dev.kilua	kilua-rpc-ktor-guice-wasm-js	0.0.20		N/A
dev.kilua	kilua-rpc-ktor-guice-wasm-js	0.0.21		N/A
dev.kilua	kilua-rpc-ktor-guice-wasm-js	0.0.22		N/A
dev.kilua	kilua-rpc-ktor-guice-wasm-js	0.0.23		N/A
dev.kilua	kilua-rpc-ktor-guice-wasm-js	0.0.24		N/A
dev.kilua	kilua-rpc-ktor-guice-wasm-js	0.0.25		N/A
dev.kilua	kilua-rpc-ktor-guice-wasm-js	0.0.26		N/A
dev.kilua	kilua-rpc-ktor-guice-wasm-js	0.0.27		N/A
dev.kilua	kilua-rpc-ktor-guice-wasm-js	0.0.28		N/A
dev.kilua	kilua-rpc-ktor-guice-wasm-js	0.0.29		N/A
dev.kilua	kilua-rpc-ktor-guice-wasm-js	0.0.3		N/A
dev.kilua	kilua-rpc-ktor-guice-wasm-js	0.0.30		N/A
dev.kilua	kilua-rpc-ktor-guice-wasm-js	0.0.4		N/A
dev.kilua	kilua-rpc-ktor-guice-wasm-js	0.0.5		N/A
dev.kilua	kilua-rpc-ktor-guice-wasm-js	0.0.6		N/A
dev.kilua	kilua-rpc-ktor-guice-wasm-js	0.0.7		N/A
dev.kilua	kilua-rpc-ktor-guice-wasm-js	0.0.8		N/A
dev.kilua	kilua-rpc-ktor-guice-wasm-js	0.0.9		N/A
dev.toastbits.ytmkt	ytmkt-linuxx64	0.1.1		N/A
dev.toastbits.ytmkt	ytmkt-linuxx64	0.1.2		N/A
dev.toastbits.ytmkt	ytmkt-linuxx64	0.2.0		N/A
dev.toastbits.ytmkt	ytmkt-linuxx64	0.2.1		N/A
dev.toastbits.ytmkt	ytmkt-linuxx64	0.2.2		N/A
dev.toastbits.ytmkt	ytmkt-linuxx64	0.2.3		N/A
dev.toastbits.ytmkt	ytmkt-linuxx64	0.2.4		N/A
dev.toastbits.ytmkt	ytmkt-linuxx64	0.2.5		N/A
dev.toastbits.ytmkt	ytmkt-linuxx64	0.3.0		N/A
dev.toastbits.ytmkt	ytmkt-linuxx64	0.3.1		N/A
dev.toastbits.ytmkt	ytmkt-linuxx64	0.3.2		N/A
dev.toastbits.ytmkt	ytmkt-linuxx64	0.3.3		N/A
dev.toastbits.ytmkt	ytmkt-linuxx64	0.3.4		N/A
dev.toastbits.ytmkt	ytmkt-linuxx64	0.4.0		N/A
dev.toastbits.ytmkt	ytmkt-linuxx64	0.4.1		N/A
guru.nidi	swiss-wowbagger-voice	0.0.2		f4cad66fa97fc7a75c0dff08dc34484db3d16e8b
info.metadude.kotlin.library.sessionize	sessionize-base	4.0.0		c053358c21e4d77d8370dbe65dd062595081f0fe
io.circe	circe-refined_2.13.0-M4	0.10.0		79592e227d9b8809e9b20412abde12dc763e3061
io.circe	circe-refined_2.13.0-M4	0.10.0-M2		5c8cc1fc847ed80c0a26363ff2ec160ba2bd780b
io.circe	circe-refined_2.13.0-M4	0.10.1		f882351dee6c012d14e7b9f98fe09c11e0730bb4
io.dekorate	spring-boot-with-tekton-example	0.12.1		e7f8f56dc29543fd618ff33bc242b0a94f764d95
io.dekorate	spring-boot-with-tekton-example	0.12.2		6c06d107de45d52bfec92640895a83827cbae9dd
io.dekorate	spring-boot-with-tekton-example	0.12.3		5f49af2c02c1cecaaf9e8525f812fda9149dfee8
io.dekorate	spring-boot-with-tekton-example	2.0.0-alpha-1		2d6fe275d2dff74439dd28ca98a38d29a0bb28b5
io.gitee.benming110	flood-spring-cloud-starter-web	2.0.0		5b31da0717c300628726aafa317c949070755b5a
io.gitee.benming110	flood-spring-cloud-starter-web	2.5.2		3a8a70bd35ae30e74fe3f8c982d44d7c3d21727a
io.github.dataforseo	dataforseo_client	1.0.0		fae9776f0000914a7db4b9d9b30a4358ededf4b3
io.github.dataforseo	dataforseo_client	1.0.1		675356e2996b7e699d1a85a7026add28ba1af1ac
io.github.scalapb-json	scalapb-argonaut_2.13	0.10.0		b8d566303065b77a5c4ddde52a10aa447140ef40
io.github.scalapb-json	scalapb-argonaut_2.13	0.11.0		7b6bea6576685e3d187c307b035bb50d4ef57b5b
io.github.scalapb-json	scalapb-argonaut_2.13	0.5.0		31487d5cb259388d2a837a2b99b06ca5bad19669
io.github.scalapb-json	scalapb-argonaut_2.13	0.5.0-M4		8cb623755bda87a6d7164a8fa0c2c704e0ab1f96
io.github.scalapb-json	scalapb-argonaut_2.13	0.5.1		2c397ec9e34b402014102c20a4b1cc8ae53898ad
io.github.scalapb-json	scalapb-argonaut_2.13	0.6.0		ee5e634f9c8aa2903df65b4ba6f362c609d186db
io.github.scalapb-json	scalapb-argonaut_2.13	0.6.0-M1		7a70ec62315d34d35ab4923a5060e33dac039d12
io.github.scalapb-json	scalapb-argonaut_2.13	0.6.0-M2		9390175861dcd81908ec1dc144a14027687aea35
io.github.scalapb-json	scalapb-argonaut_2.13	0.6.0-M3		502ab9c1f5be8eb36c97fa3c2f49f2c5713de36b
io.github.scalapb-json	scalapb-argonaut_2.13	0.6.1		73be0fad7f7616d1922f4e1313847c1fdbe28d70
io.github.scalapb-json	scalapb-argonaut_2.13	0.7.0		26fa065557399083b6b45d33c9f189cc5f53d4e4
io.github.scalapb-json	scalapb-argonaut_2.13	0.7.1		0b52cca2b2fa2f90bd01c7097dc0bfcedc331faa
io.github.scalapb-json	scalapb-argonaut_2.13	0.7.2		7420e9e98a34038471530091eb0a39200903c228
io.github.scalapb-json	scalapb-argonaut_2.13	0.8.0		f0447e738be3d747b2641491c3b6acaa0904eb33
io.github.scalapb-json	scalapb-argonaut_2.13	0.9.0		d9f1720608477cff7a9ec433d906da17cc835ac7
io.github.scalapb-json	scalapb-argonaut_2.13	0.9.1		a219008bcb54a5755ea2b149ff3b976fa39a5d9b
io.github.scalapb-json	scalapb-argonaut_2.13	0.9.2		3d562fe3a41c0ca22e7c9afcee55a7a00fd20cf6
io.github.scalapb-json	scalapb-argonaut_2.13	0.9.3		d918c218620c9c19c036c0a8a511952aaef52995
io.github.thebesteric.framework.agile.wechat	agile-wechat-plugins	1.0.13		N/A
io.github.thebesteric.framework.agile.wechat	agile-wechat-plugins	1.0.13.1		N/A
io.github.thebesteric.framework.agile.wechat	agile-wechat-plugins	1.0.14		N/A
io.github.thebesteric.framework.agile.wechat	agile-wechat-plugins	1.0.14.1		N/A
io.github.thebesteric.framework.agile.wechat	agile-wechat-plugins	1.0.14.2		N/A
io.github.thebesteric.framework.agile.wechat	agile-wechat-plugins	1.0.14.3		N/A
io.github.thebesteric.framework.agile.wechat	agile-wechat-plugins	1.0.14.4		N/A
io.github.thebesteric.framework.agile.wechat	agile-wechat-plugins	1.0.15		N/A
io.github.thebesteric.framework.agile.wechat	agile-wechat-plugins	1.0.15.1		N/A
io.github.thebesteric.framework.agile.wechat	agile-wechat-plugins	1.0.15.10		N/A
io.github.thebesteric.framework.agile.wechat	agile-wechat-plugins	1.0.15.11		N/A
io.github.thebesteric.framework.agile.wechat	agile-wechat-plugins	1.0.15.12		N/A
io.github.thebesteric.framework.agile.wechat	agile-wechat-plugins	1.0.15.13		N/A
io.github.thebesteric.framework.agile.wechat	agile-wechat-plugins	1.0.15.14		N/A
io.github.thebesteric.framework.agile.wechat	agile-wechat-plugins	1.0.15.15		N/A
io.github.thebesteric.framework.agile.wechat	agile-wechat-plugins	1.0.15.16		N/A
io.github.thebesteric.framework.agile.wechat	agile-wechat-plugins	1.0.15.17		N/A
io.github.thebesteric.framework.agile.wechat	agile-wechat-plugins	1.0.15.18		N/A
io.github.thebesteric.framework.agile.wechat	agile-wechat-plugins	1.0.15.2		N/A
io.github.thebesteric.framework.agile.wechat	agile-wechat-plugins	1.0.15.3		N/A
io.github.thebesteric.framework.agile.wechat	agile-wechat-plugins	1.0.15.4		N/A
io.github.thebesteric.framework.agile.wechat	agile-wechat-plugins	1.0.15.5		N/A
io.github.thebesteric.framework.agile.wechat	agile-wechat-plugins	1.0.15.6		N/A
io.github.thebesteric.framework.agile.wechat	agile-wechat-plugins	1.0.15.7		N/A
io.github.thebesteric.framework.agile.wechat	agile-wechat-plugins	1.0.15.8		N/A
io.github.thebesteric.framework.agile.wechat	agile-wechat-plugins	1.0.15.9		N/A
io.github.thebesteric.framework.agile.wechat	agile-wechat-plugins	1.0.16		N/A
io.github.thebesteric.framework.agile.wechat	agile-wechat-plugins	1.0.16.1		N/A
io.github.thebesteric.framework.agile.wechat	agile-wechat-plugins	1.0.16.10		N/A
io.github.thebesteric.framework.agile.wechat	agile-wechat-plugins	1.0.16.2		N/A
io.github.thebesteric.framework.agile.wechat	agile-wechat-plugins	1.0.16.3		N/A
io.github.thebesteric.framework.agile.wechat	agile-wechat-plugins	1.0.16.4		N/A
io.github.thebesteric.framework.agile.wechat	agile-wechat-plugins	1.0.16.5		N/A
io.github.thebesteric.framework.agile.wechat	agile-wechat-plugins	1.0.16.6		N/A
io.github.thebesteric.framework.agile.wechat	agile-wechat-plugins	1.0.16.7		N/A
io.github.thebesteric.framework.agile.wechat	agile-wechat-plugins	1.0.16.8		N/A
io.github.thebesteric.framework.agile.wechat	agile-wechat-plugins	1.0.16.9		N/A
io.github.thebesteric.framework.agile.wechat	agile-wechat-plugins	1.0.17		N/A
io.github.thebesteric.framework.agile.wechat	agile-wechat-plugins	1.0.17.1		N/A
io.github.thebesteric.framework.agile.wechat	agile-wechat-plugins	1.0.17.2		N/A
io.github.thebesteric.framework.agile.wechat	agile-wechat-plugins	1.0.17.3		N/A
io.github.thebesteric.framework.agile.wechat	agile-wechat-plugins	1.0.17.4		N/A
io.github.thebesteric.framework.agile.wechat	agile-wechat-plugins	1.0.18		N/A
io.github.thebesteric.framework.agile.wechat	agile-wechat-plugins	1.0.18.1		N/A
io.github.thebesteric.framework.agile.wechat	agile-wechat-plugins	1.0.18.10		N/A
io.github.thebesteric.framework.agile.wechat	agile-wechat-plugins	1.0.18.2		N/A
io.github.thebesteric.framework.agile.wechat	agile-wechat-plugins	1.0.18.3		N/A
io.github.thebesteric.framework.agile.wechat	agile-wechat-plugins	1.0.18.4		N/A
io.github.thebesteric.framework.agile.wechat	agile-wechat-plugins	1.0.18.5		N/A
io.github.thebesteric.framework.agile.wechat	agile-wechat-plugins	1.0.18.6		N/A
io.github.thebesteric.framework.agile.wechat	agile-wechat-plugins	1.0.18.7		N/A
io.github.thebesteric.framework.agile.wechat	agile-wechat-plugins	1.0.18.8		N/A
io.github.thebesteric.framework.agile.wechat	agile-wechat-plugins	1.0.18.9		N/A
io.github.thebesteric.framework.agile.wechat	agile-wechat-plugins	1.0.19		N/A
io.github.thebesteric.framework.agile.wechat	agile-wechat-plugins	1.0.19.1		N/A
io.github.thebesteric.framework.agile.wechat	agile-wechat-plugins	1.0.19.10		N/A
io.github.thebesteric.framework.agile.wechat	agile-wechat-plugins	1.0.19.2		N/A
io.github.thebesteric.framework.agile.wechat	agile-wechat-plugins	1.0.19.3		N/A
io.github.thebesteric.framework.agile.wechat	agile-wechat-plugins	1.0.19.4		N/A
io.github.thebesteric.framework.agile.wechat	agile-wechat-plugins	1.0.19.5		N/A
io.github.thebesteric.framework.agile.wechat	agile-wechat-plugins	1.0.19.6		N/A
io.github.thebesteric.framework.agile.wechat	agile-wechat-plugins	1.0.19.7		N/A
io.github.thebesteric.framework.agile.wechat	agile-wechat-plugins	1.0.19.8		N/A
io.github.thebesteric.framework.agile.wechat	agile-wechat-plugins	1.0.19.9		N/A
io.github.thebesteric.framework.agile.wechat	agile-wechat-plugins	1.0.20		N/A
io.github.thebesteric.framework.agile.wechat	agile-wechat-plugins	1.0.20.1		N/A
io.github.thebesteric.framework.agile.wechat	agile-wechat-plugins	1.0.20.2		N/A
io.github.thebesteric.framework.agile.wechat	agile-wechat-plugins	1.0.20.3		N/A
io.github.truerss	truerss-stackoverflow-plugin_2.13	1.0.0		7e542e11dec293df96d2e9706355e7171dfa73ee
io.github.truerss	truerss-stackoverflow-plugin_2.13	1.1.1		052a9ab2b5f1803056c82c5f9e8db40038aa733d
io.github.yueliangrensheng	xlog	1.0.1		N/A
io.github.yueliangrensheng	xlog	1.0.2		N/A
io.github.zhangzih4n	core	0.1.0		d4077658614186184afcf5b28a2f705f3079e467
io.github.zhangzih4n	core	0.1.1		d4077658614186184afcf5b28a2f705f3079e467
io.github.zhangzih4n	core	0.10.0		d82fadbedefb54b790cb01720a1ce79fdd09523b
io.github.zhangzih4n	core	0.3.0		e4c37313a4971373d347e5c4e97de78954e756eb
io.github.zhangzih4n	core	0.4.0		97f248873e774c55b6a7c771118bdbd31eb70ffa
io.github.zhangzih4n	core	0.5.0		ecef7a8eeda9bf3b31072006dda1aece0d53d4c5
io.github.zhangzih4n	core	0.6.0		ecef7a8eeda9bf3b31072006dda1aece0d53d4c5
io.github.zhangzih4n	core	0.7.0		b16bc1b8ca7870f2a5b0e149a66a35621260073e
io.github.zhangzih4n	core	0.7.1		b16bc1b8ca7870f2a5b0e149a66a35621260073e
io.github.zhangzih4n	core	0.7.2		711e285c4cf78dab32739df0c07029b0f3326549
io.github.zhangzih4n	core	0.7.3		5b5945e647adb330d458fe09ad3b81b3b962cdd6
io.github.zhangzih4n	core	0.8.0		a48a72bfc6a946858f2484f162a7cc512dc32fb7
io.github.zhangzih4n	core	0.9.0		d82fadbedefb54b790cb01720a1ce79fdd09523b
io.iteratee	iteratee-scalaz_2.12	0.10.0		6da12cb6ec1af714bc91de4f3e5652b2455726df
io.iteratee	iteratee-scalaz_2.12	0.11.0		260d51e86de9179b40e8e3e6277f18f1728e7f80
io.iteratee	iteratee-scalaz_2.12	0.12.0		a9b4c41b4aa14092d2ca85afbe2b7ff85a30522b
io.iteratee	iteratee-scalaz_2.12	0.13.0		32640acf4db21d335eef3347480f2d5d5418f06a
io.iteratee	iteratee-scalaz_2.12	0.14.0		f63203aa3397e0599dc9d55b7f77c9edb38558f5
io.iteratee	iteratee-scalaz_2.12	0.15.0		a710252cc72ccfc51e92a4c41ca00040fc6a881b
io.iteratee	iteratee-scalaz_2.12	0.16.0		b6374e5264aa1577c3ebeb7e580521cbb806dfa5
io.iteratee	iteratee-scalaz_2.12	0.17.0		8e07603355f50724ad1cae7c0d39e68c5c074401
io.iteratee	iteratee-scalaz_2.12	0.18.0		31f3f3c5fa57e3da1582af014aabc90302da3270
io.iteratee	iteratee-scalaz_2.12	0.18.0-M1		672b5069ab02c8f995a7f06d7f8b2493781056dc
io.iteratee	iteratee-scalaz_2.12	0.18.0-M2		b40afc2ae507751c082cd6baced29652e398ce7d
io.iteratee	iteratee-scalaz_2.12	0.18.0-M3		b9140acea689ccb7c4e8d9a10ca2b5c6233494aa
io.iteratee	iteratee-scalaz_2.12	0.7.1		4de4e485e0696465d743f7689aa10cec0d90d898
io.iteratee	iteratee-scalaz_2.12	0.8.0		6173ba8f32608c3d124628e2ff02f2405e84ad78
io.iteratee	iteratee-scalaz_2.12	0.9.0		51317400721799aa4e6ad04034e5d05e931eb721
io.karte.android	variables	2.0.0		N/A
io.karte.android	variables	2.1.0		N/A
io.karte.android	variables	2.2.0		N/A
io.karte.android	variables	2.3.0		N/A
io.karte.android	variables	2.3.1		N/A
io.karte.android	variables	2.4.0		N/A
io.karte.android	variables	2.5.0		N/A
io.karte.android	variables	2.6.0		N/A
io.karte.android	variables	2.7.0		N/A
io.karte.android	variables	2.8.0		N/A
io.karte.android	variables	2.9.0		N/A
io.ktor	ktor-client-websockets-macosx64	1.2.0		58e64c4a8f6574ca43344940604a19ca74ec7a33
io.ktor	ktor-client-websockets-macosx64	1.2.0-rc2		0342da08c8905477553c3984b3e08b3e5600ef80
io.ktor	ktor-client-websockets-macosx64	1.2.1		5cdd2ee5846f6e35fa8ecffc6c7b2a0224eb6b00
io.ktor	ktor-client-websockets-macosx64	1.2.2		f99eabb02505de0fa0b1d0134ca8b1b5b9a42d80
io.ktor	ktor-client-websockets-macosx64	1.2.3		21d6c0aa4c65d4a7f5dd558d7557b981b9378c42
io.ktor	ktor-client-websockets-macosx64	1.2.3-rc		ac52a3015182a655deccea4c3906b21966975db4
io.ktor	ktor-client-websockets-macosx64	1.2.4		ca73a966c57397b7f315bde7067a0d921c15a7c2
io.ktor	ktor-client-websockets-macosx64	1.2.5		228e0dad9c50ac881decf2e1b99ce79090a13893
io.ktor	ktor-client-websockets-macosx64	1.2.6		176996f6d6b300d084f8cc656d5ca11cf7babbab
io.ktor	ktor-client-websockets-macosx64	1.3.0		2eef1097df33724808f656040135fc86ec748deb
io.ktor	ktor-client-websockets-macosx64	1.3.0-rc		44f03b4f47466cff2390c918b8ebd9b600133727
io.ktor	ktor-client-websockets-macosx64	1.3.0-rc2		018642a455ae58f472cab767d3b5b135c1a21f9e
io.ktor	ktor-client-websockets-macosx64	1.3.1		ff4fa34ab33c22694d4b10a80110c6699215bc3c
io.ktor	ktor-client-websockets-macosx64	1.3.2-1.4.0-rc		a00e795149d344bbd891f8f31cfe77035bc0c9c7
io.ktor	ktor-client-websockets-macosx64	1.3.2-1.4.0-rc	metadata	f2dc374f211dcacba71a53a3db02896d9748e016
io.ktor	ktor-client-websockets-macosx64	1.4.0		48c2d7e5967693085dcbc9aa838bd90524965891
io.ktor	ktor-client-websockets-macosx64	1.4.0	metadata	aaa485a48ca63d3b8cc104b7a06e8bb1a0581cc1
io.ktor	ktor-client-websockets-macosx64	1.4.1		88c9adfe385a8b67a10b8516801b3c551a283197
io.ktor	ktor-client-websockets-macosx64	1.4.1	metadata	9d1b5e9e8279fe9ac65fe5d4f36b10a1e1f99541
io.ktor	ktor-client-websockets-macosx64	1.4.2		608f3b19ccb26a97f4f3cfb3836506e7e42d5d74
io.ktor	ktor-client-websockets-macosx64	1.4.2	metadata	34c59e907058abb5db0815621bcf2aea5a53b9ee
io.ktor	ktor-client-websockets-macosx64	1.4.3		45e66eb966a2186e246d73f455171adf74dfb832
io.ktor	ktor-client-websockets-macosx64	1.4.3	metadata	70f7a2c5a9e673c2339cf67361c9a347476ca6f8
io.ktor	ktor-client-websockets-macosx64	1.5.0		f5944074e59ab23c396025c577ae0a0f9678c965
io.ktor	ktor-client-websockets-macosx64	1.5.0	metadata	e1a908f6f95fa590696b9671dd07f16fde9712a0
io.ktor	ktor-client-websockets-macosx64	1.5.1		21f5e3a2592813913a83a26266bbc8593a48ded4
io.ktor	ktor-client-websockets-macosx64	1.5.1	metadata	c21bfc549d524eb8149120f8b568aab497d83089
io.ktor	ktor-client-websockets-macosx64	1.5.2		e9d1df3282b627cb90b8b389260392e778ee677a
io.ktor	ktor-client-websockets-macosx64	1.5.2	metadata	edccdda79b3a5b5903623f26bf9833478a5007c4
io.ktor	ktor-client-websockets-macosx64	1.5.3		62e7255d6fdfeaa68b9c84632b8fdbdbd060990b
io.ktor	ktor-client-websockets-macosx64	1.5.3	metadata	b4c59634fe14192a352be89f964d64988563cb47
io.ktor	ktor-client-websockets-macosx64	1.5.4		f8bed8b35eff0f8a27de89b1087adea485d0e3ee
io.ktor	ktor-client-websockets-macosx64	1.5.4	metadata	d93ac044d9dce133413a74310717fc57989f36a2
io.ktor	ktor-client-websockets-macosx64	1.6.0		411c65465f64835c8169324ed9af2605021534f9
io.ktor	ktor-client-websockets-macosx64	1.6.0	metadata	71a3692731197a72d8a378a255f1bdda6add3a8c
io.ktor	ktor-client-websockets-macosx64	1.6.1		10837da64fe3ebd4be0430d27da3be5baeddc0be
io.ktor	ktor-client-websockets-macosx64	1.6.1	metadata	a801d0690b7572215476893f12ab4db4e2c0ec9c
io.ktor	ktor-client-websockets-macosx64	1.6.2		c71c012ecd96ad32472886d618caac6d4809ff5f
io.ktor	ktor-client-websockets-macosx64	1.6.2	metadata	aa7fd09f7fea87a521124aa5f2ed3116034c9b15
io.ktor	ktor-client-websockets-macosx64	1.6.3		1ec46f90c0a3b2887dff47837f9e5e5911eb1001
io.ktor	ktor-client-websockets-macosx64	1.6.3	metadata	84a43657cfa6aa693a8b4e5ecfb76b6377fb9293
io.ktor	ktor-client-websockets-macosx64	1.6.4		fbe3b62c2f5f6f1d6469910a39cf2b193ddd8567
io.ktor	ktor-client-websockets-macosx64	1.6.4	metadata	56163fdb616c4c17d05ab3ff9865d86835a206bc
io.ktor	ktor-client-websockets-macosx64	1.6.5		19f7cb5ba901f16edd64f167fdd3fa28788c9ca8
io.ktor	ktor-client-websockets-macosx64	1.6.5	metadata	19f7cb5ba901f16edd64f167fdd3fa28788c9ca8
io.ktor	ktor-client-websockets-macosx64	1.6.6		6017f9239b91e37c0b18592898a2ca0ce8d65607
io.ktor	ktor-client-websockets-macosx64	1.6.6	metadata	2a13f7088104d99a0e7e729ecc4315c643039615
io.ktor	ktor-client-websockets-macosx64	1.6.7		bdfcd928f4b3bac27bc7c8c5640cda7cadef2c32
io.ktor	ktor-client-websockets-macosx64	1.6.7	metadata	bdad955d2f5fb2ff9f84e5694755c3582ffccfa0
io.ktor	ktor-client-websockets-macosx64	1.6.8		b5a8556267e9176d3f0d80f23d45d970d0e00f61
io.ktor	ktor-client-websockets-macosx64	1.6.8	metadata	7bb867e4b76f8fa12cc7390304d7dc01e2c5a3c3
io.ktor	ktor-client-websockets-macosx64	2.0.0		6a1b704a818895f5a3d7e88a89762ddaa4228916
io.ktor	ktor-client-websockets-macosx64	2.0.0	metadata	b6579322df9730b253ca5324f52c20eb3ebfe09b
io.ktor	ktor-client-websockets-macosx64	2.0.0-beta-1		f5194ae796605298a877f106b7e8411478a8283a
io.ktor	ktor-client-websockets-macosx64	2.0.0-beta-1	metadata	fcfcaf0cdae85912fd4b28d5e6129d976cb72718
io.ktor	ktor-client-websockets-macosx64	2.0.0-rc-1		0e36f03df9f807beca2effd649c2f363cd836a92
io.ktor	ktor-client-websockets-macosx64	2.0.0-rc-1	metadata	f9c06b4a6f9f43764dd978565f3f37a00112d812
io.ktor	ktor-client-websockets-macosx64	2.0.1		e78ccfb264ebec1dc9c25f1ca8c1e1e3eaa438eb
io.ktor	ktor-client-websockets-macosx64	2.0.1	metadata	4a6f5f81a4bb9cf5b8e9304b79e422b0746bcae4
io.ktor	ktor-client-websockets-macosx64	2.0.2		3e35c9dfa6ab1d84455074cc442b981bf417277a
io.ktor	ktor-client-websockets-macosx64	2.0.2	metadata	4b7dd6e9cbad7cd1a42676ffc4aa8ff9bb986f79
io.ktor	ktor-client-websockets-macosx64	2.0.3		2cf5070036eb4503e28403575653afbd6debca40
io.ktor	ktor-client-websockets-macosx64	2.0.3	metadata	61355b2628a2170212f4a7a7ee8f685d68621cf6
io.ktor	ktor-client-websockets-macosx64	2.1.0		e4280ade4c8a6813954728ac77cc349ad1883336
io.ktor	ktor-client-websockets-macosx64	2.1.0	metadata	f5bbdb12e83d35d0b3aaf6393082edf8c3654b4e
io.ktor	ktor-client-websockets-macosx64	2.1.1		cc30791a046d5b748b53b3b2e9edc5dce084ae0b
io.ktor	ktor-client-websockets-macosx64	2.1.1	metadata	7cc6ed29301b2ad6d33e5243f6fc25a2929e670e
io.ktor	ktor-client-websockets-macosx64	2.1.2		4447cc72bdf08e21edd0c14967237dbc141ce3b1
io.ktor	ktor-client-websockets-macosx64	2.1.2	metadata	fa06bbd9bd6f758cf8aab0f92a2c03d45cb322ff
io.ktor	ktor-client-websockets-macosx64	2.1.3		8918baf0e54afef8c8b1fbf5951921e36a31079d
io.ktor	ktor-client-websockets-macosx64	2.1.3	metadata	37101227f3f013849f260636e4d2e3e44f2fe1b6
io.ktor	ktor-client-websockets-macosx64	2.2.0		97a4cadf01b869ac54a835d7fca69c93d6f01871
io.ktor	ktor-client-websockets-macosx64	2.2.0	metadata	d2fff492d275512942744aaad898f557eec50051
io.ktor	ktor-client-websockets-macosx64	2.2.1		0498010af7c9ac9751e0c7b31c6ad256ce38be27
io.ktor	ktor-client-websockets-macosx64	2.2.1	metadata	b486bb2ef4a6e0e617b70ff91001f51189f16a21
io.ktor	ktor-client-websockets-macosx64	2.2.2		c82ca70f9e20ca804254c5be0a3abee074f5f674
io.ktor	ktor-client-websockets-macosx64	2.2.2	metadata	040793ba10844159b8cc713adb63a371d36f6cc1
io.ktor	ktor-client-websockets-macosx64	2.2.3		a8259f42e361b7ecc4a74e432c4feafca4315926
io.ktor	ktor-client-websockets-macosx64	2.2.3	metadata	7f02d57369125f5346bc06222c2622dc9f68baec
io.ktor	ktor-client-websockets-macosx64	2.2.4		829c53ad229c5bfa7090f4a4c232a1685e95b99c
io.ktor	ktor-client-websockets-macosx64	2.2.4	metadata	1ef59918cf52234b761f0a639aad600f610e2f93
io.ktor	ktor-client-websockets-macosx64	2.3.0		60831e5236c0b186a57645bba266b94cbcd8b2e7
io.ktor	ktor-client-websockets-macosx64	2.3.0	metadata	80286687a187794316a7698a019b07804e316c12
io.ktor	ktor-client-websockets-macosx64	2.3.1		35d0cf50d7ba9c0d70d41c362c962bfc1f0711e3
io.ktor	ktor-client-websockets-macosx64	2.3.1	metadata	dcf2b5cbd7c98d43e57c686348555ecf5e50f603
io.ktor	ktor-client-websockets-macosx64	2.3.10		7f4f1840526c4a265bcd71ec247b971e5c396663
io.ktor	ktor-client-websockets-macosx64	2.3.10	metadata	5a1115e98fc4988865071d6d2575646f2b3a8a28
io.ktor	ktor-client-websockets-macosx64	2.3.11		0a89acbaad570eb8594757935ac3f438a6b7b72b
io.ktor	ktor-client-websockets-macosx64	2.3.11	metadata	2c5c2d3e08d0b64e205c1f369b44a1ed10d5145a
io.ktor	ktor-client-websockets-macosx64	2.3.12		a68f4756e37df863a37976ad2c46bad049517ab2
io.ktor	ktor-client-websockets-macosx64	2.3.12	metadata	2f2170f8e18a41ba75e18fc769b50dd8d1d40fc2
io.ktor	ktor-client-websockets-macosx64	2.3.13		077ea6e778d446fdfff3cd4d438b5c1e5447f921
io.ktor	ktor-client-websockets-macosx64	2.3.13	metadata	a53af0d7def3264b32ac31ef8dad31a6fa01b078
io.ktor	ktor-client-websockets-macosx64	2.3.2		c2e26e49a05b8aaa05d19d00fadcba94a8446f4f
io.ktor	ktor-client-websockets-macosx64	2.3.2	metadata	604d2e92867096ecbad8dc1bd3b9277704baa17a
io.ktor	ktor-client-websockets-macosx64	2.3.3		addac3b5f50942cf4a2d24b8c7e1b2ba0d63125f
io.ktor	ktor-client-websockets-macosx64	2.3.3	metadata	deeead05cb524c0e1973034470caaa9c8e5ac69c
io.ktor	ktor-client-websockets-macosx64	2.3.4		8d0f25dccef8b0c768a490392c3622e24ed8f455
io.ktor	ktor-client-websockets-macosx64	2.3.4	metadata	bc53751b3797579687c2531f68f2d309ed7597ba
io.ktor	ktor-client-websockets-macosx64	2.3.5		e18d05ad1ee2dffb74a9ba89f567c453e4d10086
io.ktor	ktor-client-websockets-macosx64	2.3.5	metadata	265547ee026993e3c921d582e86b936e38fbedf5
io.ktor	ktor-client-websockets-macosx64	2.3.6		c108cf8b5317400637868e4fc1ab361e4738382d
io.ktor	ktor-client-websockets-macosx64	2.3.6	metadata	53b92b25dade7d97d84ee9fb6fdbcbabebb20461
io.ktor	ktor-client-websockets-macosx64	2.3.7		8034d53e4a76142eee57f217dcd5ded4788aa8d6
io.ktor	ktor-client-websockets-macosx64	2.3.7	metadata	e1a4eb1476e74e2a7ab4e93aaca31e875c4b4e92
io.ktor	ktor-client-websockets-macosx64	2.3.8		2ce930a262d570c8c75dbdd3880761e5c834ddaa
io.ktor	ktor-client-websockets-macosx64	2.3.8	metadata	35762dcb95b054d9165e846ebb7df39291200ecf
io.ktor	ktor-client-websockets-macosx64	2.3.9		2c28106b94d061ed01ccf485685497583066ae1c
io.ktor	ktor-client-websockets-macosx64	2.3.9	metadata	cc03c5f72b964d89db183ffed1350fd99059b106
io.ktor	ktor-client-websockets-macosx64	3.0.0		bf2ce4cc956a49a47fe9f4cafb0c56ae09f1c61e
io.ktor	ktor-client-websockets-macosx64	3.0.0	metadata	95fee0b34a3e2f9e5a724bc02d551b7a5ce4ab63
io.ktor	ktor-client-websockets-macosx64	3.0.0-beta-1		c34b8380a1dd1b6cab93274afded476309ab9a6f
io.ktor	ktor-client-websockets-macosx64	3.0.0-beta-1	metadata	60833c2c7dd7cabebd9b6d30e846ced29353b3c9
io.ktor	ktor-client-websockets-macosx64	3.0.0-beta-2		4d784f707773f1fb983e1b1587a3a8ae58820a54
io.ktor	ktor-client-websockets-macosx64	3.0.0-beta-2	metadata	fbb361c3bec65bdf5a773e79d34ac2b5cfb01c01
io.ktor	ktor-client-websockets-macosx64	3.0.0-rc-1		264b96e84cd0c144d97bdfae090871a1358a94df
io.ktor	ktor-client-websockets-macosx64	3.0.0-rc-1	metadata	d3789a0df4927fe9561a75b7fa43115cf3a4abf7
io.ktor	ktor-client-websockets-macosx64	3.0.0-rc-2		77e17db48e080313a88a986192bcb9618968638d
io.ktor	ktor-client-websockets-macosx64	3.0.0-rc-2	metadata	ce6359839892cfbb5fdb267f7fc211f2b616290c
io.ktor	ktor-client-websockets-macosx64	3.0.1		ee72012032a63eee19acf94febb351783108c511
io.ktor	ktor-client-websockets-macosx64	3.0.1	metadata	7692ad5c3dd13c064a5356b7e76be70ee0893b86
io.ktor	ktor-client-websockets-macosx64	3.0.2		8ebf7cb7bf4b28e57320ada68f9d21b6d16fc2c4
io.ktor	ktor-client-websockets-macosx64	3.0.2	metadata	e43a0d39090564f9ab442cc455ad3bd5bc5205ca
io.ktor	ktor-client-websockets-macosx64	3.0.3		515b1bb62b48803dfbefa49d151a4ca0a7594855
io.ktor	ktor-client-websockets-macosx64	3.0.3	metadata	10c60d9c78edb65dbcc4f24f20cfd447a36e4fbd
io.ktor	ktor-client-websockets-macosx64	3.1.0		2a8922031271766654d6214f99f81148355ed2fc
io.ktor	ktor-client-websockets-macosx64	3.1.0	metadata	79afad4561d3b9a543baf397818740e5a78eac22
io.ktor	ktor-client-websockets-macosx64	3.1.1		d59a4364a7f5f3b323bb6b228bd94c0a1707da95
io.ktor	ktor-client-websockets-macosx64	3.1.1	metadata	c5e54820045a2401a63996582f0d61369cc37f14
io.ktor	ktor-client-websockets-macosx64	3.1.2		d281f37618d2db79a27854a97ccf726c37445403
io.ktor	ktor-client-websockets-macosx64	3.1.2	metadata	9728789b0c7f921f8f08cd08b892a7558de547d5
io.ktor	ktor-client-websockets-macosx64	3.1.3		1b1e82b771181786faf6965d9eccd1af2a3deb2f
io.ktor	ktor-client-websockets-macosx64	3.1.3	metadata	7d072086b1766f98ef1d8e51022f8995ca26c97e
io.matthewnelson.kmp-tor	core-api-iossimulatorarm64	2.0.0		N/A
io.matthewnelson.kmp-tor	core-api-iossimulatorarm64	2.0.0	metadata	2ad14aed781c4a73ed4dbb421966d408a0a06686
io.matthewnelson.kmp-tor	core-api-iossimulatorarm64	2.0.0-alpha01		N/A
io.matthewnelson.kmp-tor	core-api-iossimulatorarm64	2.0.0-alpha01	metadata	2ad14aed781c4a73ed4dbb421966d408a0a06686
io.matthewnelson.kmp-tor	core-api-iossimulatorarm64	2.0.0-alpha02		N/A
io.matthewnelson.kmp-tor	core-api-iossimulatorarm64	2.0.0-alpha02	metadata	2ad14aed781c4a73ed4dbb421966d408a0a06686
io.matthewnelson.kmp-tor	core-api-iossimulatorarm64	2.0.0-alpha03		N/A
io.matthewnelson.kmp-tor	core-api-iossimulatorarm64	2.0.0-alpha03	metadata	2ad14aed781c4a73ed4dbb421966d408a0a06686
io.matthewnelson.kmp-tor	core-api-iossimulatorarm64	2.0.0-alpha04		N/A
io.matthewnelson.kmp-tor	core-api-iossimulatorarm64	2.0.0-alpha04	metadata	2ad14aed781c4a73ed4dbb421966d408a0a06686
io.matthewnelson.kmp-tor	core-api-iossimulatorarm64	2.0.0-alpha05		N/A
io.matthewnelson.kmp-tor	core-api-iossimulatorarm64	2.0.0-alpha05	metadata	2ad14aed781c4a73ed4dbb421966d408a0a06686
io.matthewnelson.kmp-tor	core-api-iossimulatorarm64	2.0.0-alpha06		N/A
io.matthewnelson.kmp-tor	core-api-iossimulatorarm64	2.0.0-alpha06	metadata	2ad14aed781c4a73ed4dbb421966d408a0a06686
io.matthewnelson.kmp-tor	core-api-iossimulatorarm64	2.0.0-alpha07		N/A
io.matthewnelson.kmp-tor	core-api-iossimulatorarm64	2.0.0-alpha07	metadata	2ad14aed781c4a73ed4dbb421966d408a0a06686
io.matthewnelson.kmp-tor	core-api-iossimulatorarm64	2.0.0-alpha08		N/A
io.matthewnelson.kmp-tor	core-api-iossimulatorarm64	2.0.0-alpha08	metadata	2ad14aed781c4a73ed4dbb421966d408a0a06686
io.matthewnelson.kmp-tor	core-api-iossimulatorarm64	2.0.0-alpha09		N/A
io.matthewnelson.kmp-tor	core-api-iossimulatorarm64	2.0.0-alpha09	metadata	2ad14aed781c4a73ed4dbb421966d408a0a06686
io.matthewnelson.kmp-tor	core-api-iossimulatorarm64	2.0.0-alpha10		N/A
io.matthewnelson.kmp-tor	core-api-iossimulatorarm64	2.0.0-alpha10	metadata	2ad14aed781c4a73ed4dbb421966d408a0a06686
io.matthewnelson.kmp-tor	core-api-iossimulatorarm64	2.0.1		N/A
io.matthewnelson.kmp-tor	core-api-iossimulatorarm64	2.0.1	metadata	2ad14aed781c4a73ed4dbb421966d408a0a06686
io.openliberty.features	io.openliberty.jakarta.websocket-2.0	21.0.0.12		N/A
io.openliberty.features	io.openliberty.jakarta.websocket-2.0	22.0.0.1		N/A
io.openliberty.features	io.openliberty.jakarta.websocket-2.0	22.0.0.10		N/A
io.openliberty.features	io.openliberty.jakarta.websocket-2.0	22.0.0.11		N/A
io.openliberty.features	io.openliberty.jakarta.websocket-2.0	22.0.0.12		N/A
io.openliberty.features	io.openliberty.jakarta.websocket-2.0	22.0.0.13		N/A
io.openliberty.features	io.openliberty.jakarta.websocket-2.0	22.0.0.2		N/A
io.openliberty.features	io.openliberty.jakarta.websocket-2.0	22.0.0.3		N/A
io.openliberty.features	io.openliberty.jakarta.websocket-2.0	22.0.0.4		N/A
io.openliberty.features	io.openliberty.jakarta.websocket-2.0	22.0.0.5		N/A
io.openliberty.features	io.openliberty.jakarta.websocket-2.0	22.0.0.6		N/A
io.openliberty.features	io.openliberty.jakarta.websocket-2.0	22.0.0.7		N/A
io.openliberty.features	io.openliberty.jakarta.websocket-2.0	22.0.0.8		N/A
io.openliberty.features	io.openliberty.jakarta.websocket-2.0	22.0.0.9		N/A
io.openliberty.features	io.openliberty.jakarta.websocket-2.0	23.0.0.1		N/A
io.openliberty.features	io.openliberty.jakarta.websocket-2.0	23.0.0.10		N/A
io.openliberty.features	io.openliberty.jakarta.websocket-2.0	23.0.0.11		N/A
io.openliberty.features	io.openliberty.jakarta.websocket-2.0	23.0.0.12		N/A
io.openliberty.features	io.openliberty.jakarta.websocket-2.0	23.0.0.2		N/A
io.openliberty.features	io.openliberty.jakarta.websocket-2.0	23.0.0.3		N/A
io.openliberty.features	io.openliberty.jakarta.websocket-2.0	23.0.0.4		N/A
io.openliberty.features	io.openliberty.jakarta.websocket-2.0	23.0.0.5		N/A
io.openliberty.features	io.openliberty.jakarta.websocket-2.0	23.0.0.6		N/A
io.openliberty.features	io.openliberty.jakarta.websocket-2.0	23.0.0.7		N/A
io.openliberty.features	io.openliberty.jakarta.websocket-2.0	23.0.0.8		N/A
io.openliberty.features	io.openliberty.jakarta.websocket-2.0	23.0.0.9		N/A
io.openliberty.features	io.openliberty.jakarta.websocket-2.0	24.0.0.1		N/A
io.openliberty.features	io.openliberty.jakarta.websocket-2.0	24.0.0.10		N/A
io.openliberty.features	io.openliberty.jakarta.websocket-2.0	24.0.0.11		N/A
io.openliberty.features	io.openliberty.jakarta.websocket-2.0	24.0.0.12		N/A
io.openliberty.features	io.openliberty.jakarta.websocket-2.0	24.0.0.2		N/A
io.openliberty.features	io.openliberty.jakarta.websocket-2.0	24.0.0.3		N/A
io.openliberty.features	io.openliberty.jakarta.websocket-2.0	24.0.0.4		N/A
io.openliberty.features	io.openliberty.jakarta.websocket-2.0	24.0.0.5		N/A
io.openliberty.features	io.openliberty.jakarta.websocket-2.0	24.0.0.6		N/A
io.openliberty.features	io.openliberty.jakarta.websocket-2.0	24.0.0.7		N/A
io.openliberty.features	io.openliberty.jakarta.websocket-2.0	24.0.0.8		N/A
io.openliberty.features	io.openliberty.jakarta.websocket-2.0	24.0.0.9		N/A
io.openliberty.features	io.openliberty.jakarta.websocket-2.0	25.0.0.1		N/A
io.openliberty.features	io.openliberty.jakarta.websocket-2.0	25.0.0.2		N/A
io.openliberty.features	io.openliberty.jakarta.websocket-2.0	25.0.0.3		N/A
io.openliberty.features	io.openliberty.jakarta.websocket-2.0	25.0.0.4		N/A
io.provis	provisio-archive	0.0.1		0ab1c0788e82a402e4e0b6df9db200256f1c1f7d
io.provis	provisio-archive	0.0.10		6e1e39bc118082597b439f2a8b90439cad1ac9a7
io.provis	provisio-archive	0.0.2		6fc1efcf2370a51f9e165b036a7fc21f545826b2
io.provis	provisio-archive	0.0.3		ebc0e4f91a1ce871aa62dd1e60d1f38a08fa10c8
io.provis	provisio-archive	0.0.4		6df0fe3b59c3497072fa872969e1213ecf853dff
io.provis	provisio-archive	0.0.5		8ffc8997f35cd5f6c5d0ca4e7a76703403d0a2c0
io.provis	provisio-archive	0.0.6		ae16dd672b06bdbe166156d0eca6a7591a69af3b
io.provis	provisio-archive	0.0.7		f07d699a2ea5a7a0960ff88accb78f8d35bf8171
io.provis	provisio-archive	0.0.8		2a1ae802a854dbbb8e3bd42575d2f89cee289ed0
io.provis	provisio-archive	0.0.9		5c7f64497b541687fbce86281dac9d253cb2a590
io.syndesis	integration-component-proxy	1.3.0-20180202		41953cd3dacdd8bed86a4c6022c1383ac328c3af
li.pitschmann	knx-core-plugin-audit	0.0.1		b21c2ef79d59b90531d79f4f9ff286f3b29cbf38
li.pitschmann	knx-core-plugin-audit	0.0.2		51d0a8348383d37e22a2920b58a720e7b8a5b37a
li.pitschmann	knx-core-plugin-audit	0.0.3		18e6027e833fe75982e1052183ca041f18505568
li.pitschmann	knx-core-plugin-audit	0.0.4		262e76a03ab1aaf18f5a352a0fb4c440f0ed913c
li.pitschmann	knx-core-plugin-audit	0.1.0		419e34f50e1df2a1966e32bbfdc4d0f7d6cb421b
li.pitschmann	knx-core-plugin-audit	0.2.0		6d5eed0cf1bdeac493b31933158462373e0fe39a
li.pitschmann	knx-core-plugin-audit	0.2.1		abd5263879e7f2cff4ab6658779b3bcdba681f4b
li.pitschmann	knx-core-plugin-audit	0.3.0		03958317a4eb9ca4c2edd94ca364403e6adaead4
li.pitschmann	knx-core-plugin-audit	0.4.0		73de934bd47425777593e8b29519f69da78f1b2b
li.pitschmann	knx-core-plugin-audit	0.5.0		86f40f980142df8678e7383d26a010f072dce99b
me.y9san9.ksm	ktgbotapi-jvm	0.0.1		5176514f6e2cd8b062096083913ce30e046691c1
me.y9san9.ksm	ktgbotapi-jvm	0.0.52		5176514f6e2cd8b062096083913ce30e046691c1
net.nan21.dnet	nan21.dnet.core.scheduler	1.0.2		dca9a3030988f15a0468f9db74ec56ab5d29c932
net.nan21.dnet	nan21.dnet.core.scheduler	1.0.3		d237f6d4afcaad4e159b439f6753c95d29c9b06c
net.nan21.dnet	nan21.dnet.core.scheduler	1.0.4		ffd3763cd1636fa911ff11daecac27402b0f8d0f
net.nan21.dnet	nan21.dnet.core.scheduler	1.0.5		39845b7402ba0c709001ed9cc7dc1fa80375538d
net.nan21.dnet	nan21.dnet.core.scheduler	1.0.6		0038c3e7224dd73b10344fd0c2cc49078b61dd88
net.sf.csv-bean	row-bean-dist	1.0.0		N/A
net.smartcosmos	smartcosmos-core	2.10.10		25f6e9e72dad02ec0d6f2ec046384dadfc5b3223
net.smartcosmos	smartcosmos-core	2.10.11		5f3d7f2c1dc1d624d5165b3e2c9b897fd46702c4
net.smartcosmos	smartcosmos-core	2.10.13		52a870caf4e8c8187917be880543b061e4cb3748
net.smartcosmos	smartcosmos-core	2.10.14		d26e47ef3db5d328ced7fe9cbc67212d9b3a9c4f
net.smartcosmos	smartcosmos-core	2.10.15		d9736b1edc113260fa326f880a7383d9806759c4
net.smartcosmos	smartcosmos-core	2.10.16		7b53aa1cf4fce6d47297db2b07467f039aebf4f9
net.smartcosmos	smartcosmos-core	2.11.1		e4e12d685759131ce0e5bd5c6dceffdb4cc49fdc
net.smartcosmos	smartcosmos-core	2.12.0		b4701a4b7d8d9bc055b931d9d72120fbe8b7ab16
net.smartcosmos	smartcosmos-core	2.12.1		b490f6031c9ecd204891b7ca9e0f1cfb897cd5f5
net.smartcosmos	smartcosmos-core	2.13.0		72261dad0199bd5fae0c96c98e9b2bc94399128a
net.smartcosmos	smartcosmos-core	2.13.1		d71cceb3065f4f3a13b40cc130740bad0aa015a2
net.smartcosmos	smartcosmos-core	2.14.0		eaaf679bbffa7846287f331baaf6b30f136971cf
net.sourceforge.basher	basher-booter	1.0.10		14354ef524fe56c4de895fd27a9df576f3f9457c
net.sourceforge.basher	basher-booter	1.0.11		709f671559c96f73090a1128c060b79b2c996181
net.sourceforge.basher	basher-booter	1.0.12		e4f5aebb8650610b65375d7f24e847020e9d4ce0
net.sourceforge.basher	basher-booter	1.0.13		f19553a1be5d6d3811eaff9651e38d6914b38a97
net.sourceforge.basher	basher-booter	1.0.3		d0471cefa97a6010df4b5344c1fb492623d7d235
net.sourceforge.basher	basher-booter	1.0.4		200b9b78858f447ade6605bcaf3c255801c4a93b
net.sourceforge.basher	basher-booter	1.0.5		f741e50de6a8a6d04eaef442c0e51b062b609a50
net.sourceforge.basher	basher-booter	1.0.7		8c01e09207855731cc83ac909d8a5fc0c5f283b8
net.sourceforge.basher	basher-booter	1.0.8		57e6c37018c8279f92c6661331ce1c8971a7eb06
net.sourceforge.basher	basher-booter	1.0.9		45c114d949b14b462138ab2247ae8bf47b34704c
nl.rabobank.oss.rules	finance-dsl_2.11	0.2.0		a6b14b8b55575b7613a137f98e72f12f69fd5d75
org.apache.camel.karaf	camel-cloud	4.10.3		d64f09368142a809b05cda4776650cd2adf5359b
org.apache.camel.karaf	camel-cloud	4.7.0		a99f2481411578b806fa263aa7e053fe60f9f898
org.apache.camel.karaf	camel-cloud	4.8.1		9ffd155b2d74b5ce02db214b0727d3d901270fd5
org.apache.camel.karaf	camel-cloud	4.8.2		b7a5cd6f86dd169a6326a8b5ff6b1852d67a5e8a
org.apache.camel.karaf	camel-cloud	4.8.5		f956633ffc5c943e71ed5a8092a4b874e2191039
org.apache.camel.karaf	camel-cloud	4.8.6		c72b798dea401cc91a7847ec304a967c3c2ab18c
org.apache.camel.karaf	camel-cloud	4.9.0		dd175f4f0dda60cfdc976edcafa48b0f1786f5d0
org.danbrough	stately-common-tvosx64	1.2.2		N/A
org.danbrough	stately-common-tvosx64	1.2.2	metadata	4e4acfe5a40539d32008dd939d32ca9e37f3f19e
org.eclipse.emf	importer-rose	2.1.1		04fab99cd8d443a66f0ac1e25e28a954177ba7f6
org.fitframework.fel	fel-core	3.5.0-M2		00185159ded80b8eee4ce9889d91a33f767666a1
org.github.leshan	leshan-server-core	0.1.8		34a16b1ed5fe5e3c065e5fd479eb0aeaab783bca
org.github.leshan	leshan-server-core	0.1.9		c10e0d0a183e1a5da003c2aebe53b897a50430ed
org.jboss.arquillian.container	arquillian-parent-jbossas	1.0.0.CR1		N/A
org.jboss.arquillian.container	arquillian-parent-jbossas	1.0.0.CR2		N/A
org.jboss.arquillian.container	arquillian-parent-jbossas	1.0.0.CR3		N/A
org.jibx.config.3rdparty.org.eclipse	org.eclipse.core.runtime	3.7.0.v20110110		8c8b2210214f0482f439b9bf5924742b64a0b00d
org.jibx.schema.org.opentravel._2011A	org.jibx.schema.org.opentravel._2011A.dynamicpkg	1.0.1		cbdd7546d30914a2be2553d7e7520d618f6058b4
org.jibx.schema.org.opentravel._2011A	org.jibx.schema.org.opentravel._2011A.dynamicpkg	1.0.4		29dd563d2e683de66527d1c019e62a68d8359f11
org.jibx.schema.org.opentravel._2011A	org.jibx.schema.org.opentravel._2011A.dynamicpkg	1.0.6		734e9dc79137cc46bd763f2cdaa3625adf09ae19
org.jibx.schema.org.opentravel._2011A	org.jibx.schema.org.opentravel._2011A.dynamicpkg	1.0.9		05df9f52a0b5bd43822d17eaa8c9d2b40a06a2b6
org.jibx.schema.org.opentravel._2011A	org.jibx.schema.org.opentravel._2011A.dynamicpkg	1.1.0		2c8dc72ea20f9095276f29f2332753303542e628
org.jibx.schema.org.opentravel._2011A	org.jibx.schema.org.opentravel._2011A.dynamicpkg	1.1.4		7dcc9aa3510634d00a506e2c2e64d5edaf269217
org.jvnet.ogc	gml-v_2_1_2-schema	1.0.0		b19bcd8d28d6febfca40fac4741708d620565d5a
org.jvnet.ogc	gml-v_2_1_2-schema	1.0.2		dcba61e12acecafb1dbf335192881175e03c93b4
org.jvnet.ogc	gml-v_2_1_2-schema	1.0.3		fa58811dd2f17b229eb9ae29cb51cc43f9396ec3
org.jvnet.ogc	gml-v_2_1_2-schema	1.1.0		728051f18e5e0a681167104b9325c2b585b30bea
org.kodein.log	kodein-log-iossimulatorarm64	0.12.0		N/A
org.kodein.log	kodein-log-iossimulatorarm64	0.13.0		N/A
org.kodein.log	kodein-log-iossimulatorarm64	0.13.0	metadata	2233d6ddd7b506e89a1e13612f9678f4271fe664
org.monifu	monifu-core-js_sjs0.5.0-RC1_2.10	0.13.0-RC3		e33da08b88fb3864005d69b604c5911793ffedb4
org.monifu	monifu-core-js_sjs0.5.0-RC1_2.10	0.13.0-RC4		4c2b307a5b7cb41a86fbf053b87cc7d1c34dd76e
org.omnifaces	arquillian-primefaces	0.1		9b0d4302a74d84cc99539e957636fd81f807b172
org.omnifaces	arquillian-primefaces	0.2		d840c1d161791f8baeccfe774a09a7487f438d54
org.omnifaces	arquillian-primefaces	0.3		ea7c906698432ced9af0d8cff5c8a5899cdc6466
org.opendaylight.alto	alto-config	0.1.0-Lithium		9a611c2e48b3fc28401a62c02bd5ccc4ec4eb0f4
org.opendaylight.alto	alto-config	0.1.1-Lithium-SR1		0b253ee39326ef9314b11ffc3494a9c37dbdca05
org.opendaylight.alto	alto-config	0.1.2-Lithium-SR2		8b8e49fef21324b684b298a21c61764c30254e19
org.opendaylight.alto	alto-config	0.1.3-Lithium-SR3		79d4b97e271b9503f8c65cc56935166962d0779e
org.opendaylight.alto	alto-config	0.1.4-Lithium-SR4		eb148cf94ba9b0c4f5937d14b7125eb5ed3799f4
org.openidentityplatform.commons.http-framework	core	2.0.10		6e256be2e8dab915ddd38a2d27224e0961c1b28f
org.openidentityplatform.commons.http-framework	core	2.0.11		31e104b57064b711067c9c2645363def01b11c44
org.openidentityplatform.commons.http-framework	core	2.0.12		70bf74fcc13559eb390b134301a425659e2c6ae9
org.openidentityplatform.commons.http-framework	core	2.0.13		42d029fc06a3cfa884d508678222fab4c9a22424
org.openidentityplatform.commons.http-framework	core	2.0.14		5645e7dd8a55c4691960adfbf0e8032ee2eb1bc7
org.openidentityplatform.commons.http-framework	core	2.0.15		ab257d5bd1e1673a57e228e737a55ade203fcda3
org.openidentityplatform.commons.http-framework	core	2.0.16		87d308ef8fd59044c1d32db77a2102d9c05a90bb
org.openidentityplatform.commons.http-framework	core	2.0.17		83d46a29d03cbcf441c5179e630920fdc57d6fcd
org.openidentityplatform.commons.http-framework	core	2.0.18		85d07a167215a9b33c587c12108ee671d64c2899
org.openidentityplatform.commons.http-framework	core	2.0.7		faf77f59f03c5e98625dc2ca2d1ffd8182ded9ab
org.openidentityplatform.commons.http-framework	core	2.0.8		c0f911ea3560beb9dbc9adb5dffe47c7a0d922a6
org.openidentityplatform.commons.http-framework	core	2.0.9		13bef0822bc386fc258d9f0714681481217c283a
org.openidentityplatform.commons.http-framework	core	2.1.1		d2f1059abb7ead6c6c6d2fd6252916a79fe9cfc8
org.openidentityplatform.commons.http-framework	core	2.1.2		06629f6435cea5181d4eef60e33c355faf54fb95
org.openidentityplatform.commons.http-framework	core	2.1.3		d54dc5c5edf64d8fcf97b85fdfd057a51bd70d3b
org.openidentityplatform.commons.http-framework	core	2.1.4		5bd58357514665a11c4214bf5c231334d0870df6
org.openidentityplatform.commons.http-framework	core	2.1.5		4403d7cf9bf2ba238ed6c66765986f24d4eaaf91
org.openidentityplatform.commons.http-framework	core	2.1.6		3f73de64c56675f0fa23faf8c552f487c30887ab
org.openidentityplatform.commons.http-framework	core	2.2.0		0623fc21688f3b72bd7e4b46906e6b5392f10566
org.openidentityplatform.commons.http-framework	core	2.2.1		7279d217727f80cb4c860bc7e59c207b0b739a48
org.openidentityplatform.commons.http-framework	core	2.2.2		62324b593a2ee773b51c5d6a034d289cf481e53d
org.openidentityplatform.commons.http-framework	core	2.2.3		18467d22bc6f61cba244599e3a44be78d2011f1e
org.openidentityplatform.commons.http-framework	core	2.2.4		23991d0af91d3573e136928b423dd5865d2053e5
org.quickfixj	quickfixj-messages-fixt11	1.6.2		5fd047f7e71d085943a5346ac7196017b6373a4b
org.quickfixj	quickfixj-messages-fixt11	1.6.3		3121e3a35c0f8ae3b57a3bc02d0864bdbf1b5053
org.quickfixj	quickfixj-messages-fixt11	1.6.4		08690f75314bb6ab943f7b624c8f841e606108d2
org.quickfixj	quickfixj-messages-fixt11	2.0.0		2dbd98544d14f5c8f3b57dc543b0162f5506f6c9
org.quickfixj	quickfixj-messages-fixt11	2.1.0		d4f7ec11437b2561629dbbeb5b4c179fd8d10563
org.quickfixj	quickfixj-messages-fixt11	2.1.1		6efdd64a2ae4174da77b0105352b784df54753c8
org.quickfixj	quickfixj-messages-fixt11	2.2.0		6a5e1b2ba036b03e2a66828615886651922435f1
org.quickfixj	quickfixj-messages-fixt11	2.2.1		85595be1bb1c5d0869842243fdc3e31ccba46cb7
org.quickfixj	quickfixj-messages-fixt11	2.3.0		48536d190a40938d4da06cc9454ff84cc8a21868
org.quickfixj	quickfixj-messages-fixt11	2.3.1		a77b99a58f143bc5e1140f2873a488dc6b5879cf
org.quickfixj	quickfixj-messages-fixt11	2.3.2		5e4f83623bfff3d3320b6b7c65f0c973bd68b82d
org.rapidoid	rapidoid-widget	2.3.0		a00384eee7b970b3550739a261c3bef9ba4babee
org.rapidoid	rapidoid-widget	2.4.0		fd91cb0bb6d9345caa87b1ca512a63a507e3c8c3
org.rapidoid	rapidoid-widget	3.0.0		d6178e8eedbbf26d29e37ce380dd9adb9440f2f9
org.rapidoid	rapidoid-widget	4.0.0		67cb329e8450bba2b4bc4ef9a5572f41936da194
org.rapidoid	rapidoid-widget	4.0.1		dc065e6d9b1bc1a6a57cf2fb2339450aa45d3f81
org.rapidoid	rapidoid-widget	4.0.2		2dedd89c5858a697727ab8de5f8b97913fba53b2
org.rapidoid	rapidoid-widget	4.0.3		6cff39c5769669e1e6072419c9b7b977cf6ec285
org.rapidoid	rapidoid-widget	4.1.0		0fbeee7dd4671c83d45520f9984b8f82aa2e25f2
org.rapidoid	rapidoid-widget	4.2.0		d048c039bc977b39b57b4aae0e95976d5ad822cd
org.rapidoid	rapidoid-widget	4.3.0		8762e702caac8085a6089f9c7c10d73eb21da5bc
org.rapidoid	rapidoid-widget	4.4.0		e6edc21f20e5802b738b90ebbd879706176f509e
org.scalaz	scalaz-iteratee_sjs1_3.0.0-M3	7.4.0-M6		0c3b24684482dc6614a836db2ea90a2c095f98cb
org.teiid	vdb-materialization	1.0.1		N/A
org.teiid	vdb-materialization	1.0.1	thorntail	b2e9c2568d236bb6a990f1b4541d2e97749e39e8
org.teiid	vdb-materialization	1.0.2		N/A
org.teiid	vdb-materialization	1.0.2	thorntail	23aeace74f23c2c36f40e4e8f61c2b08993e2f39
org.testifyproject.server	grizzly2	1.0.0		c2046d2dadc1586bf54d1bddf8c030b35996974d
org.testifyproject.server	grizzly2	1.0.1		4fd02adc13f2930f1b4ec455dc7ab8710f9940fb
org.testifyproject.server	grizzly2	1.0.2		9219d25959f07eae56d79aea7ee239a28b8787df
org.testifyproject.server	grizzly2	1.0.3		611bd25e0a5f37f62938d35b69edb6e471ba14d7
org.testifyproject.server	grizzly2	1.0.4		fe351308657bbc7cb81f94e8788d24855605b7e2
org.testifyproject.server	grizzly2	1.0.5		69a72a0e265cf7e439cec9807646af52b497b03e
org.testifyproject.server	grizzly2	1.0.6		dc8b6984a4369078a25f0490cf07c8d5c5a52483
org.treblereel.gwt.jakarta	utils	0.1		b76b59e492bd63532ba220aff20f1e7fbe86dfe9
org.treblereel.gwt.jakarta	utils	0.2		8ef61bfd6dd8ce67415139078499839da677e117
org.treblereel.gwt.jakarta	utils	0.3		6eb322e164ba5deee3565ce85c1561f28e1cea5b
org.treblereel.gwt.jakarta	utils	0.4		42139035d11589de36f47b54f3ac10c11f22627e
org.treblereel.gwt.jakarta	utils	0.5		a43569404d242f91681fa07ff705448f9e9e7627
org.virtuslab	besom-acme_3	0.0.1-core.0.1.0		398126a107f93d0f24268d5fdb8157248548a6ad
org.virtuslab	besom-acme_3	0.0.1-core.0.2		97425c30bf57d2109592c0a1cead70116c9d5579
org.virtuslab	besom-acme_3	0.0.1-core.0.3		6a79330b56c6dc47cc6ba1e39d38557496f9f918
org.virtuslab	besom-acme_3	0.8.3-core.0.4		e9c1b7c4cc3fbc29c396d198f1ebd1b63b154272
org.webjars.bower	react-bootstrap-datetimepicker	0.0.14		50c2ccd1b4a58f11ee5d0fa74a5d3f8b8f55eeaf
org.webjars.bower	react-bootstrap-datetimepicker	0.0.18		6e09d28a912bea83c32c344caf28a8c22364d903
org.webjars.bower	react-bootstrap-datetimepicker	0.0.20		1fe5bc3a99c72c8ded4bf04c36db7390feb9a79b
org.webjars.bower	react-bootstrap-datetimepicker	0.0.22		176694e4280c8aea17ca59d5f5dffd46eeab23f2
org.webjars.npm	babel__helper-plugin-utils	7.0.0		84df9704efb5b4eb7cb7361a4b587a2cd848f4a6
org.webjars.npm	babel__helper-plugin-utils	7.10.4		8cd3e4e87ad862e98285732dfc741fefd1ccac49
org.webjars.npm	babel__helper-plugin-utils	7.13.0		cd67c818f739182df1269ad0ed39e8717adacec2
org.webjars.npm	babel__helper-plugin-utils	7.14.5		600f4f95abe9457f0bcfb79565c86a293856f69a
org.webjars.npm	babel__helper-plugin-utils	7.16.7		ff1d32d0a62e752f0b3ca3daafb07361abf3be09
org.webjars.npm	babel__helper-plugin-utils	7.17.12		690e87de64607640e3b1bba3b61990cbb6b04487
org.webjars.npm	babel__helper-plugin-utils	7.19.0		d789f62464950b0b7269eb1a0eef62eef00f4e7b
org.webjars.npm	babel__helper-plugin-utils	7.20.2		3e226b4f52edd110aea4e3f37390d708dd63134d
org.webjars.npm	babel__helper-plugin-utils	7.24.0		86efc5399ad0a324de402cb218c143240523dafd
org.webjars.npm	babel__helper-plugin-utils	7.25.7		5fa7cc37b47b8ab1e68efd103bc296ed2bc3c21c
org.webjars.npm	babel__helper-plugin-utils	7.25.9		ca5b15bf06ae227c07956155013673cafa2c8ca6
org.webjars.npm	babel__helper-plugin-utils	7.26.5		290652b4ed36b417737a64d33306f99d8079adce
org.webjars.npm	babel__helper-plugin-utils	7.27.1		fab6e19256d7b620b49ab25783028d11d145320b
org.webjars.npm	babel__helper-plugin-utils	7.8.3		566f0c642901920c2293d0bdfb8ec04dadbcc573
org.webjars.npm	babel__helper-plugin-utils	8.0.0-alpha.3		93f4df67a52bb8382ce19c557fa16b649b43eac2
org.webjars.npm	babel__helper-plugin-utils	8.0.0-alpha.4		6c530af70e276d9f67abfea087abe2246c73e5ac
org.webjars.npm	babel__helper-plugin-utils	8.0.0-alpha.6		3ea041c03930a5b5e08c41027d5166ce3439b8cd
run.mone	log-stream	1.4.0-jdk21		05fe4927f743ddc2e971403708f3d1bc643aceb7
top.zopx	goku-framework-starter-jpa	2.0.01_04		9f1938b6da1bde5ca0d7d9d3a4c5c5a408974474
xyz.block	web5-crypto	0.0.11		29a70a454bdf83222ca6396c642bbe1ffe1c3049
xyz.block	web5-crypto	0.0.9-delta		c854a7a5b05f3c8b23efb08f316d5a305ba12182
xyz.block	web5-crypto	0.10.0		529548c1084c3f83d4fd0d066e150df771ff2a47
xyz.block	web5-crypto	0.11.0		4b578faec063ff4b789470d37573f2bb77bc1901
xyz.block	web5-crypto	0.12.0		ec3ef8be0d9f64d1ff44ab598162fc1821f2794a
xyz.block	web5-crypto	0.13.0		284d8abaf808ff03fd4734bfdd4cb779d440d536
xyz.block	web5-crypto	0.14.0		e4fdf20c5f31b21299841687cfaf9d034f9e5f6f
xyz.block	web5-crypto	0.15.0		b9cc6a9488dbcbecdc7511f21debc1efc84b85fc
xyz.block	web5-crypto	0.16.0		d312cd496b2ca3716ba2e7f592bd615f4ec80981
xyz.block	web5-crypto	0.17.0		02ba6eaaec63a195411d70c0e7b3113809392c0d
xyz.block	web5-crypto	1.0.0		188571b97d54825b8261f79286a9a7ab629e3ed2
xyz.block	web5-crypto	1.1.0		c5769b357a2fd9353918843bae10690b184b03df
xyz.block	web5-crypto	1.1.1		e785e6c27ad3d5868843595b77771f44d732f9c2
xyz.block	web5-crypto	1.1.2		c14c3c7f694e3004693fb6b3efa365b9001faf99
xyz.block	web5-crypto	1.1.2-debug-2		ce49889c14c53c46375ae786c6f8d3d77ea1f11c
xyz.block	web5-crypto	1.1.3		8276996aed54e807f2eb76847e83403e02ed3867
xyz.block	web5-crypto	2.0.0		dcafa1ca9d1d2cdbd8c71f75faab85ab1a79ee57
xyz.block	web5-crypto	2.0.1		90a60af5bb6e258c28509c0a367ca36512b3c0fb
xyz.block	web5-crypto	2.0.1-debug1		8729f2ef909c8320e5f3572a62a5ec5adc25117a
