cn.tannn.jdevelops	jdevelops-annotations-ddss	0.0.1		00e18dad4b87b2d694ffbd59f159b15d07b4282d
cn.tannn.jdevelops	jdevelops-annotations-ddss	1.0.1		8a21680383949845456dd3d3757c78f3c748d307
com.aliyun	mpaas20190821	0.1.0		cfe513c7108a8f542fa5373637f735d32ce276a2
com.aliyun	mpaas20190821	0.2.0		a3939a2abaf67e91ebddcb2779bb40f86dc45b5d
com.aliyun	mpaas20190821	0.2.1		3858b4fc38f3d660dc870050733feffd7dd86e65
com.aliyun	mpaas20190821	0.2.2		23e59ded384977e13ba8d9f4cc00a9bfa739482d
com.daftmobile.redukt	redukt-swift-iosx64	1.0		N/A
com.daftmobile.redukt	redukt-swift-iosx64	1.0	metadata	25673f98a1c36f3ca6bb2c8e31b93dea9c63bcfe
com.envimate.httpmate.integrations	httpmate-jetty	1.0.0		17b04b4177727c63c2cd6a21a5f5d31024f8117c
com.envimate.httpmate.integrations	httpmate-jetty	1.0.14		8d9b93d42282914648ed6bef91f51ec7cd70035c
com.envimate.httpmate.integrations	httpmate-jetty	1.0.19		7c489bc2649659df51acf40fbf98749dbbc40250
com.envimate.httpmate.integrations	httpmate-jetty	1.0.20		948ff46ee27b489c3f3a20882dee68bd086d50e4
com.envimate.httpmate.integrations	httpmate-jetty	1.0.21		b9a0d1d0413c4bd4b069122a826acad479a6fa6e
com.envimate.httpmate.integrations	httpmate-jetty	1.0.22		47f2875aaba294c5782593027cf7780944178711
com.envimate.httpmate.integrations	httpmate-jetty	1.0.25		0a36d5f6ed31e24853e1f8f64afab990e3d8e5e4
com.envimate.httpmate.integrations	httpmate-jetty	1.0.26		ae70807d4e0d268cf13ef86dd358acfebea94bdd
com.eygraber	sqldelight-androidx-driver-macosarm64	0.0.10		N/A
com.eygraber	sqldelight-androidx-driver-macosarm64	0.0.10	metadata	4dc296a746727d2a1909dbe89a82d5f055e07f95
com.eygraber	sqldelight-androidx-driver-macosarm64	0.0.2		N/A
com.eygraber	sqldelight-androidx-driver-macosarm64	0.0.2	metadata	fee6d47f3661009ffdfc04502fa14c58eede23ca
com.eygraber	sqldelight-androidx-driver-macosarm64	0.0.3		N/A
com.eygraber	sqldelight-androidx-driver-macosarm64	0.0.3	metadata	026ecfd36ac1f03fe31cabd7a2ff20bd48b5de80
com.eygraber	sqldelight-androidx-driver-macosarm64	0.0.4		N/A
com.eygraber	sqldelight-androidx-driver-macosarm64	0.0.4	metadata	f7e6a0f980ee6fbee39fffe1f1b05404d0c835e4
com.eygraber	sqldelight-androidx-driver-macosarm64	0.0.5		N/A
com.eygraber	sqldelight-androidx-driver-macosarm64	0.0.5	metadata	66b529dda55d6982eaba47b2e674808d1ced3db0
com.eygraber	sqldelight-androidx-driver-macosarm64	0.0.6		N/A
com.eygraber	sqldelight-androidx-driver-macosarm64	0.0.6	metadata	7599e7657e967788397ac30970cb846dbc06ba9a
com.eygraber	sqldelight-androidx-driver-macosarm64	0.0.7		N/A
com.eygraber	sqldelight-androidx-driver-macosarm64	0.0.7	metadata	4483030a13efde86ea73e4e63a0b875e9d7cf831
com.eygraber	sqldelight-androidx-driver-macosarm64	0.0.8		N/A
com.eygraber	sqldelight-androidx-driver-macosarm64	0.0.8	metadata	e3670f2759cf6711b31ea7e1ba7d72934f1eebc7
com.eygraber	sqldelight-androidx-driver-macosarm64	0.0.9		N/A
com.eygraber	sqldelight-androidx-driver-macosarm64	0.0.9	metadata	7ec4a535a2645077f65d994cf515ebceb28f4613
com.fengzijk	response-spring-boot3-starter	1.1.0		5021fb1d208d4bd6a1518f0096abfa02eb7e64df
com.fengzijk	response-spring-boot3-starter	1.1.1		45eb0b61cfc575ad086f58d8642ca62dbc173020
com.fengzijk	response-spring-boot3-starter	2.0.0		462c60aeeff205ea8a822459764d56d4cb4742a4
com.fengzijk	response-spring-boot3-starter	2.0.1		fe6cf0ba1114b4b3f3214902937ad74bfffc7343
com.fengzijk	response-spring-boot3-starter	2.0.2		7313933cdd5b3823bdbcaebd7791c8125e5c95da
com.gitee.douxxxd	smsutil	1.0		ba695abbfd22011f36c38de9db0c7b13a42bf6b7
com.gitee.douxxxd	smsutil	1.1		3f4496f146781d527a42b1ca491764390676614c
com.gitee.douxxxd	smsutil	1.2		70d5054396c738fffad7ca3290273d1673805950
com.github.angleshq	angles-java-core	1.0.16		2ff6d9653c2abdf6d3dd0618b28c490e1695b375
com.github.angleshq	angles-java-core	1.0.21		c411def1b2ba1ae151a0a50d29a6d7d07693f612
com.github.angleshq	angles-java-core	1.0.22		42646951efd4e2807fd157a362ef777221327b41
com.github.angleshq	angles-java-core	1.0.23		c11cf1c8b60f5b6e46a8656ee2384707f1443e8c
com.github.angleshq	angles-java-core	1.0.24		5e59d1ea38c44f21d8614329665c0fa95d6a9045
com.github.angleshq	angles-java-core	1.0.25		0856e8b525a4697c2b1ffaf87847a3d1322e452f
com.github.angleshq	angles-java-core	1.0.26		5315fa9ca9db88cbaf22451d25c3e7b0ba82c284
com.github.angleshq	angles-java-core	1.0.27		fc69a21c2b67763faebfa66959b44b7524872afb
com.github.angleshq	angles-java-core	1.0.28		475ce9691bbf58517b185ebda2a5d45b13c7891c
com.github.angleshq	angles-java-core	1.0.29		8018bef7e34be18aa0cbf7363fbbf368e3984a4c
com.github.angleshq	angles-java-core	1.0.30		54b643db14c22f7ca4265c91b42155c06f267498
com.github.angleshq	angles-java-core	1.0.31		02758e4e2eabad69b6216054a09c049625ce83d3
com.github.angleshq	angles-java-core	1.0.32		ebec1ad4af5a29243ade7dd6e8be4fc46b4e309e
com.github.angleshq	angles-java-core	1.0.33		fd3c950a85edcf38d701ed4e3277df1c60a471be
com.github.angleshq	angles-java-core	1.0.34		318c24be886d8b5b1b6f3041f20276cb4e445a70
com.github.angleshq	angles-java-core	1.0.35		f51ee0f8ec27be3c0e36114af94be7f8a85b046c
com.github.angleshq	angles-java-core	1.0.36		08df85d94d73df17024cc06d5bd6e5f518203884
com.github.angleshq	angles-java-core	1.0.38		3c45420ad6d565d4f8cd27a684bfd750f686085b
com.github.angleshq	angles-java-core	1.0.39		2434e9a957e558622cc1ff806f9774f6e3eeebce
com.github.angleshq	angles-java-core	1.0.40		4f3f49c993d867df92559ed2f24859049c85beb2
com.github.angleshq	angles-java-core	1.0.41		93ddbe4c63501ca37c06c8e55186edabe6c069e4
com.github.angleshq	angles-java-core	1.0.42		be9b1eb65129ae76f94f478f23de4dd53832ea39
com.github.angleshq	angles-java-core	1.0.43		25de1381a9478e114dfdadd5b1fef61ac46f3f98
com.github.bordertech.wcomponents	wcomponents-examples	1.0.1		0b2532cf5d8fd64bedc06d11b69b1e60b6fb7428
com.github.bordertech.wcomponents	wcomponents-examples	1.0.2		c8b8c33fe2db164b0415f7acb94303c0d53f264d
com.github.bordertech.wcomponents	wcomponents-examples	1.0.3		860a7f62045e35a295a9765b37279c013e18f51d
com.github.bordertech.wcomponents	wcomponents-examples	1.0.4		80f6a7fb0380f5275f24c908b1f2b7421812d699
com.github.bordertech.wcomponents	wcomponents-examples	1.0.5		1a01fea42b91e1442a627839a2208932c4f00c64
com.github.bordertech.wcomponents	wcomponents-examples	1.1.0		730465d2e407a4ec358c3fb408c3dc87fa3e9af9
com.github.bordertech.wcomponents	wcomponents-examples	1.1.1		1157c398b07ffa2a2b108c1f481f4ee41a4adb29
com.github.bordertech.wcomponents	wcomponents-examples	1.1.10		3cedc2f01098e7ec5a78a5091decf44cdbcad81c
com.github.bordertech.wcomponents	wcomponents-examples	1.1.2		a61a886b88683d060149481647f59f4111e121f9
com.github.bordertech.wcomponents	wcomponents-examples	1.1.3		a95b1f60abafbc941bdbba8042bfb3d84fe60a94
com.github.bordertech.wcomponents	wcomponents-examples	1.1.4		f0561c178435f6b94f6a6d467a1944429c6d1852
com.github.bordertech.wcomponents	wcomponents-examples	1.1.5		564e120256abff9cfa18dd1387e8a240ef759a82
com.github.bordertech.wcomponents	wcomponents-examples	1.1.6		99b682ae04387ed04f9ea256a4abe59191b147e5
com.github.bordertech.wcomponents	wcomponents-examples	1.1.7		ab59193ddf7fe80ddc1de5151f156b5a964cc8ac
com.github.bordertech.wcomponents	wcomponents-examples	1.1.8		f3cddaae4583a8e6b252ae81acdebcb8f1ee55c9
com.github.bordertech.wcomponents	wcomponents-examples	1.1.9		db56e8fd20eb57b8dc455697c84d5a5b317e8441
com.github.bordertech.wcomponents	wcomponents-examples	1.2.0		ec01444f6accd60cbee9e6ff27e2e7297d7f121c
com.github.bordertech.wcomponents	wcomponents-examples	1.2.1		13a608a0a7ee6734154f47d9c8486a693ed354bc
com.github.bordertech.wcomponents	wcomponents-examples	1.2.10		0224cda748152de83cf8635656d529c6a0479008
com.github.bordertech.wcomponents	wcomponents-examples	1.2.11		70b298824270a79d529f2a1efd252d9a22252063
com.github.bordertech.wcomponents	wcomponents-examples	1.2.12		d72c75ad979e7653384fd4de246e095f170880e1
com.github.bordertech.wcomponents	wcomponents-examples	1.2.13		36cb3f8ffa5603dffadd9166ee817807a32660e4
com.github.bordertech.wcomponents	wcomponents-examples	1.2.14		d68b944035e1ab945650a0a9ee74d085effb6129
com.github.bordertech.wcomponents	wcomponents-examples	1.2.15		6626e8ce350989733ee16dacdbe6dc21d37d8965
com.github.bordertech.wcomponents	wcomponents-examples	1.2.2		a78cc90d165cb26bcbc279c264d655b0e9bf8394
com.github.bordertech.wcomponents	wcomponents-examples	1.2.3		baf6e3ab118328901c9ca98a7d18de217c421159
com.github.bordertech.wcomponents	wcomponents-examples	1.2.4		19b253931589b47de6620371f72d87b4c783f2c5
com.github.bordertech.wcomponents	wcomponents-examples	1.2.5		84cde439da372b3b492a2abe85e75b43b9af3af8
com.github.bordertech.wcomponents	wcomponents-examples	1.2.6		8cd8525cf7f8bed41fc3a1023f786f3faf124f32
com.github.bordertech.wcomponents	wcomponents-examples	1.2.7		38efeece3a03bc223afb4ec77f0b8e31ab0fd7b5
com.github.bordertech.wcomponents	wcomponents-examples	1.2.8		6b52dd855f64eca51b62f5f1521bad0a2c7ef32a
com.github.bordertech.wcomponents	wcomponents-examples	1.3.0		7d519e91b7aa74b717ae90cf3e5dfeb15b813186
com.github.bordertech.wcomponents	wcomponents-examples	1.3.1		4f8c2e813f2ea476a87f2c329db1f4ff25a47d25
com.github.bordertech.wcomponents	wcomponents-examples	1.3.10		ba975991d9760f0e6acff2ce3211e557e81d0946
com.github.bordertech.wcomponents	wcomponents-examples	1.3.11		cefa5a6e18a9fdb767c39ee31a428252771ff1aa
com.github.bordertech.wcomponents	wcomponents-examples	1.3.12		f13c265c91a2329dfdad3cb6ccb9c4871fdae02d
com.github.bordertech.wcomponents	wcomponents-examples	1.3.13		63f630cf00370c45d0f90661b75d13d46dadfa0b
com.github.bordertech.wcomponents	wcomponents-examples	1.3.14		3de867a60e92641ca453e4959cd0f1c378ced108
com.github.bordertech.wcomponents	wcomponents-examples	1.3.2		d6c4c1ec60ea0cbda1b88466d21a896856b2623f
com.github.bordertech.wcomponents	wcomponents-examples	1.3.3		59239bb7dd4433c669d88fd0317d93bc03825f18
com.github.bordertech.wcomponents	wcomponents-examples	1.3.4		1526ed0bd477a67dfc8cd0772d80b51bf0012b87
com.github.bordertech.wcomponents	wcomponents-examples	1.3.5		c9eb20fe37f3bf4bd9ac1d46e735ceefeded2d26
com.github.bordertech.wcomponents	wcomponents-examples	1.3.6		e000b0d385bea8a34305a618e7ab3ecefc08b877
com.github.bordertech.wcomponents	wcomponents-examples	1.3.7		6be305f8607508b017b54eb33fbd25cb9ff0581f
com.github.bordertech.wcomponents	wcomponents-examples	1.3.8		bcbfdff3aa5a62c5b479c545be3d795088f12836
com.github.bordertech.wcomponents	wcomponents-examples	1.3.9		c06f4e68b6ec52bbb773ff3c251567ea5d7cb11d
com.github.bordertech.wcomponents	wcomponents-examples	1.4.0		869af9d52d6c09d6fc48156897037156bdd059c9
com.github.bordertech.wcomponents	wcomponents-examples	1.4.0-beta		0f199ab18309928580400bec34fe50258af6a59f
com.github.bordertech.wcomponents	wcomponents-examples	1.4.0-beta-2		c1c29d71d19f7506e6a044282f0b3883304c50e5
com.github.bordertech.wcomponents	wcomponents-examples	1.4.1		a7a73ca0b2ad645c43cb227dbf11907836495f22
com.github.bordertech.wcomponents	wcomponents-examples	1.4.10		529cfb70d82639b8d7bec4ad9919bdf02baea3df
com.github.bordertech.wcomponents	wcomponents-examples	1.4.11		ccaa03d0c4eeda6d05ff8b2281eea01a91d0be13
com.github.bordertech.wcomponents	wcomponents-examples	1.4.12		1484ee9a82e92add387b485ee27935a38e4d569b
com.github.bordertech.wcomponents	wcomponents-examples	1.4.13		436a55879a918e1ab8528b15526232f6858c07d9
com.github.bordertech.wcomponents	wcomponents-examples	1.4.14		388999591e787472e82a7cb8c05fda716caba65f
com.github.bordertech.wcomponents	wcomponents-examples	1.4.15		6aac86e1602c2df1d1e3eeec0e90539ce8f4358a
com.github.bordertech.wcomponents	wcomponents-examples	1.4.16		3f24706975f9ce90def921089e522b1aba623d04
com.github.bordertech.wcomponents	wcomponents-examples	1.4.17		13d4066b64d9505b621de6be4b234d44ce9df9d1
com.github.bordertech.wcomponents	wcomponents-examples	1.4.18		321ceb81e5cdce1e88030f20b01dde76ee4c2771
com.github.bordertech.wcomponents	wcomponents-examples	1.4.19		d2ef5e6ba2232cd72f9d0bb91406af92232f2cd5
com.github.bordertech.wcomponents	wcomponents-examples	1.4.2		225c752712088e25d001a0de647b080a0e937f9f
com.github.bordertech.wcomponents	wcomponents-examples	1.4.20		1be98947be90136d33a4b6d49bef2e2be630bb9d
com.github.bordertech.wcomponents	wcomponents-examples	1.4.21		3bd54ec89f67186b8138fd11f49c02f7609de35a
com.github.bordertech.wcomponents	wcomponents-examples	1.4.22		1e4c14f018e22c5e1be78483fe37eb1651403948
com.github.bordertech.wcomponents	wcomponents-examples	1.4.23		bb569a8ed571c0ff3c341e3d4ae29f47e0a3b551
com.github.bordertech.wcomponents	wcomponents-examples	1.4.24		36f542ab8dac1d232c6365566537801200a34a71
com.github.bordertech.wcomponents	wcomponents-examples	1.4.25		45091764564b2a88fffc8871ab2e4bd191b61341
com.github.bordertech.wcomponents	wcomponents-examples	1.4.26		5c5bc0ec3aaaec18ec202af6fd52bb528198b122
com.github.bordertech.wcomponents	wcomponents-examples	1.4.3		089d3b2e3c5788304bee22b64561e158c7c9fc39
com.github.bordertech.wcomponents	wcomponents-examples	1.4.4		4d82c63bc6a5ac729f9b1a6afcaeccaa32289893
com.github.bordertech.wcomponents	wcomponents-examples	1.4.5		2b7c2e5649820dc690f6b43805e2d02782c4e619
com.github.bordertech.wcomponents	wcomponents-examples	1.4.6		c8a5175de1120b69762e8904db3f1c6de09cddae
com.github.bordertech.wcomponents	wcomponents-examples	1.4.7		9486e77429e65c88164a2053d6d96d7876cfd479
com.github.bordertech.wcomponents	wcomponents-examples	1.4.8		77c5f94dbe46b2a809b774779506a87d9ffaf28b
com.github.bordertech.wcomponents	wcomponents-examples	1.4.9		82b3daae36bcda17d7d682da96eecabf1b2cf0a9
com.github.bordertech.wcomponents	wcomponents-examples	1.5.0		d8ae6723d01a947e92a00cb99c3c1d328b0a75fc
com.github.bordertech.wcomponents	wcomponents-examples	1.5.1		ccc09350078687825a602ce164459f9f183179fe
com.github.bordertech.wcomponents	wcomponents-examples	1.5.10		2d61beb0276fdf784b1bf7d0461fc08593613d74
com.github.bordertech.wcomponents	wcomponents-examples	1.5.11		cb594028a702d0591e1a37487e8f691279fb307b
com.github.bordertech.wcomponents	wcomponents-examples	1.5.12		ba6be650c7d984df6ea63605fc742b60557390ba
com.github.bordertech.wcomponents	wcomponents-examples	1.5.13		b84b1e383b23327a024731e7260cb9d44ae0c5bf
com.github.bordertech.wcomponents	wcomponents-examples	1.5.14		116cd52344662903b5bb238bfd58314f22269be4
com.github.bordertech.wcomponents	wcomponents-examples	1.5.15		1812ac42a284f84d4fdab57714f761bffb770a2c
com.github.bordertech.wcomponents	wcomponents-examples	1.5.16		b0bb136ca9db7965e986894643305411320ea256
com.github.bordertech.wcomponents	wcomponents-examples	1.5.17		8a32f965f8f196f6c30a23881b7e3dbe00091e60
com.github.bordertech.wcomponents	wcomponents-examples	1.5.18		821fb1a357ce071c04c81d803d9dc3781c023022
com.github.bordertech.wcomponents	wcomponents-examples	1.5.19		98aeb6c1b5cf93d31fa92e73b5162ebeaca928c2
com.github.bordertech.wcomponents	wcomponents-examples	1.5.2		13ab33ad6de9efae2af55e0d85e924cccf3af065
com.github.bordertech.wcomponents	wcomponents-examples	1.5.20		4a17218d5e4af04762420f942f7665f0792daad5
com.github.bordertech.wcomponents	wcomponents-examples	1.5.21		ad8b2a24129bf9e9db8ea1ba94c1f42a862c9824
com.github.bordertech.wcomponents	wcomponents-examples	1.5.22		4c17eef3d865be212ce46d0a8f46bbc45f781c5e
com.github.bordertech.wcomponents	wcomponents-examples	1.5.23		cf814b5f7931b2a45ed48b9c4873986977f77ee7
com.github.bordertech.wcomponents	wcomponents-examples	1.5.24		2182ac9d415062ed5d7d8577f82acdc3aa705db8
com.github.bordertech.wcomponents	wcomponents-examples	1.5.25		1e99ce28202de6c7294ff14e47db1ca97c473859
com.github.bordertech.wcomponents	wcomponents-examples	1.5.26		0d4624913c3e07d7e91c7e51aaccc23331e1ae42
com.github.bordertech.wcomponents	wcomponents-examples	1.5.27		f0286ffd195ef2d8e7c86d449f860b6ae66ccf43
com.github.bordertech.wcomponents	wcomponents-examples	1.5.28		a11621b284a738f0140a3c96555b696c4105953e
com.github.bordertech.wcomponents	wcomponents-examples	1.5.29		513d2eb6bd7031cd9811ea5eb76b633761134b8e
com.github.bordertech.wcomponents	wcomponents-examples	1.5.3		6e7dc0b97a402caca183922d8a97b5c6164f99d5
com.github.bordertech.wcomponents	wcomponents-examples	1.5.30		f881b043965bf583ca9038573aa7e6c8804a1584
com.github.bordertech.wcomponents	wcomponents-examples	1.5.31		a2d9ef109ae36789924d818131eda7f99a37413e
com.github.bordertech.wcomponents	wcomponents-examples	1.5.32		23c82ba4e4b8d88047845b65da66ed855d90343b
com.github.bordertech.wcomponents	wcomponents-examples	1.5.33		fa8f0082e30a3416078e4c63b7cbebaa9544ba1b
com.github.bordertech.wcomponents	wcomponents-examples	1.5.34		f4268bf04cf1ef844183c4212cf8b1e7be1a0c20
com.github.bordertech.wcomponents	wcomponents-examples	1.5.35		78aa74e427a9cf912d2f42ef6cdfa2fe344d5bdc
com.github.bordertech.wcomponents	wcomponents-examples	1.5.36		ed1e14608d6db4686f1898d3a293cd54f60e3612
com.github.bordertech.wcomponents	wcomponents-examples	1.5.4		22ddd7c403a213008b60533d18c59431b2206dcb
com.github.bordertech.wcomponents	wcomponents-examples	1.5.5		98a0671786327636407f134de4ae7def3615623a
com.github.bordertech.wcomponents	wcomponents-examples	1.5.6		0dd1ebe35a47c179ea777ad3a09450af1cafd2d2
com.github.bordertech.wcomponents	wcomponents-examples	1.5.7		0ba60e1193ac24e2baef17e2163d4a8773bec18a
com.github.bordertech.wcomponents	wcomponents-examples	1.5.8		c51f98b5d22ec4765cca9d2fd3b5da7305ab57ac
com.github.bordertech.wcomponents	wcomponents-examples	1.5.9		d0585e4d1e3f2a13ab4d63728a086bb9807068cd
com.github.magpiebridge	magpiebridge	0.1.0		0625ec20598564e511f822e1b55a371462dd7ff9
com.github.magpiebridge	magpiebridge	0.1.1		ee2a9c3f6d8be1b128971c6f3e06d759adf646be
com.github.magpiebridge	magpiebridge	0.1.2		14c72fa53dbb88dd15b0306c40e2482690861ea3
com.github.magpiebridge	magpiebridge	0.1.3		30109d7faacaafd68a52934431b75ecde00e7983
com.github.magpiebridge	magpiebridge	0.1.4		4553a28af1425613b8caf534b3d5f655cb750358
com.github.magpiebridge	magpiebridge	0.1.5		7d60dd5ad12081492415c05a939f4e9883fa7e7f
com.github.rnett.krosstalk	krosstalk-client-linuxarm64	1.3.0		N/A
com.github.rnett.krosstalk	krosstalk-client-linuxarm64	1.4.0		N/A
com.gitlab.cdc-java.rdb	cdc-rdb-tools	0.10.0		f183298efc96fc2cbe4916cb1c5b82f8001862d6
com.gitlab.cdc-java.rdb	cdc-rdb-tools	0.11.0		f9463ca694e1ce52495ebeebea03bb3b0ea54cbe
com.gitlab.cdc-java.rdb	cdc-rdb-tools	0.11.1		0936f7848d1e3a0663d5f21641c14eaaf53b7cc7
com.gitlab.cdc-java.rdb	cdc-rdb-tools	0.11.2		def01a218883038357dda63a705d0f02b1ea75f8
com.gitlab.cdc-java.rdb	cdc-rdb-tools	0.12.0		8281873d7f19c4383846f1564e1e04fd8cfa429d
com.gitlab.cdc-java.rdb	cdc-rdb-tools	0.12.1		5fbf1112288f68f39808d68b701fa147565e9237
com.gitlab.cdc-java.rdb	cdc-rdb-tools	0.12.2		62db466f6248da78fb342f208cf9df6bd25dc832
com.gitlab.cdc-java.rdb	cdc-rdb-tools	0.12.3		92452e24f2bfc78a51eafd64e2bd2d4a19c62837
com.gitlab.cdc-java.rdb	cdc-rdb-tools	0.20.0		72a1e01fa214d46001c0b136993d4a2d18dabf58
com.gitlab.cdc-java.rdb	cdc-rdb-tools	0.20.1		3bf361c186339ccbb534ef0cd51955322646cda0
com.gitlab.cdc-java.rdb	cdc-rdb-tools	0.20.2		482ca9533537f86413f11a2e51b46e397ef35ede
com.gitlab.cdc-java.rdb	cdc-rdb-tools	0.20.3		1b1e3f95401cf11c518df4429c7db96bc6b13a3d
com.gitlab.cdc-java.rdb	cdc-rdb-tools	0.21.0		685f188fcb2d5a94639d04d7493c46365bd08cbd
com.gitlab.cdc-java.rdb	cdc-rdb-tools	0.21.1		5533115727032a1397a0bcb1dafa32469a70760b
com.gitlab.cdc-java.rdb	cdc-rdb-tools	0.21.2		40bb515847d3a0794e77ec1038a1191e3a6905f6
com.gitlab.cdc-java.rdb	cdc-rdb-tools	0.22.0		2397ec63a9df9d11c0aa14da46a2934cf63a9bca
com.gitlab.cdc-java.rdb	cdc-rdb-tools	0.22.1		3dc372dc082c4bcba6c7dd7a004606e9e100597f
com.gitlab.cdc-java.rdb	cdc-rdb-tools	0.22.2		436640819a18302efd02523e8dcb974ce8bb92bc
com.gitlab.cdc-java.rdb	cdc-rdb-tools	0.22.3		37c677ad010ce19df9a45cab4a252fe69097d213
com.gitlab.cdc-java.rdb	cdc-rdb-tools	0.22.4		193bfcd41ddcc2ca600fba8a2a1cca2e2483c162
com.gitlab.cdc-java.rdb	cdc-rdb-tools	0.22.5		f6678b16d2a8f8be44458616a83b9757d4e10501
com.gitlab.cdc-java.rdb	cdc-rdb-tools	0.22.6		0f3fe9173f9157aa5970917c836096052f9cffab
com.gitlab.cdc-java.rdb	cdc-rdb-tools	0.22.7		9eef708cc0a6d39a7fdbb7e049f54ab5844ca290
com.gitlab.cdc-java.rdb	cdc-rdb-tools	0.23.0		cf6a3021ad109de265477167961f0533a36a56a1
com.gitlab.cdc-java.rdb	cdc-rdb-tools	0.50.0		00b8c30659e1590b0f77d9982c8340cb52702a41
com.gitlab.cdc-java.rdb	cdc-rdb-tools	0.51.0		f35ae192beb9a7e33d3f50aa7b28c4705351c88a
com.gitlab.cdc-java.rdb	cdc-rdb-tools	0.51.1		03f3b67700228496a7719f4d962f33feff177757
com.gitlab.cdc-java.rdb	cdc-rdb-tools	0.52.0		15c1ede2993f3074d8b88823e809c885650bd3b2
com.gitlab.cdc-java.rdb	cdc-rdb-tools	0.52.1		9387b0b0b4044296ee4c727082361231d330f1f4
com.gitlab.cdc-java.rdb	cdc-rdb-tools	0.52.2		7525b8aaac207075ac10d3e9be0f4b8642e0f457
com.gitlab.cdc-java.rdb	cdc-rdb-tools	0.52.3		4e78ab3a00e9fa8795fba3858d8acc7f9cab9fbc
com.gitlab.cdc-java.rdb	cdc-rdb-tools	0.52.4		37bd5ca4f4f8046ab8a3fb6ef032dfd4d9f74f51
com.masabi.kotlinbuilder	masabi-kotlinbuilder	1.0.0		805ed17b9a317312be09a56b1c8f5ae551019d1d
com.masabi.kotlinbuilder	masabi-kotlinbuilder	1.0.1		6917550e9b25cb19470bf81f80ccd670af71ac88
com.masabi.kotlinbuilder	masabi-kotlinbuilder	1.1.0		6c5d9c83c78416aa39b829306c04c8da72c1c089
com.opsbears.webcomponents.net.http.rest	annotation	1.0.0-alpha14		6a2c38196ec5f4192b5c0851bf04abb1e62977e1
com.ossuminc	riddl-utils_native0.5_3	1.0.0-RC1		b13d4ea9123eb9894c0205314057061c2da705cb
com.ossuminc	riddl-utils_native0.5_3	1.0.0-RC2		50be26eaf9769064c458f6884556660abb5b7395
com.pushlytic	sdk	0.1.0		N/A
com.pushlytic	sdk	0.1.1		N/A
com.pushlytic	sdk	0.1.2		N/A
com.pushlytic	sdk	0.1.3		N/A
com.pushlytic	sdk	0.1.4		N/A
com.willwinder.universalgcodesender	ugs-core-	2.0-JUL-26-2018		7730ae45098dfe3b01ec7299f5cbc75922febaad
com.wordnik	swagger-codegen-cli	2.1.0-M2		6525248182d1420b06151ee435bcd6a0232780cd
com.zoepepper	scalajs-jsjoda-as-java-time_sjs0.6_2.11	1.0.0		cf1104272675a1b91698238ed226916116b4f33d
com.zoepepper	scalajs-jsjoda-as-java-time_sjs0.6_2.11	1.0.1		2c008a93374b5a13ab81ccbca06cfcfb81567b1e
com.zoepepper	scalajs-jsjoda-as-java-time_sjs0.6_2.11	1.0.2		9ece7e02286e72e16fc16505dfa7980cf909323b
com.zoepepper	scalajs-jsjoda-as-java-time_sjs0.6_2.11	1.0.3		3af335b3dbb8a50fc47ea2d4d745a5d4318fb012
com.zoepepper	scalajs-jsjoda-as-java-time_sjs0.6_2.11	1.0.4		1c443be8a134e8eba9a37544a24050f8b9a488e5
com.zoepepper	scalajs-jsjoda-as-java-time_sjs0.6_2.11	1.0.5		c077325d2d63a8ad3342b835637f4be52ac7f1ea
com.zoepepper	scalajs-jsjoda-as-java-time_sjs0.6_2.11	1.0.6		c6f1f7c0cfa24675b88e0639c606a0f17e260638
com.zoepepper	scalajs-jsjoda-as-java-time_sjs0.6_2.11	1.0.7		8a1cd174f7d0fef2ce0b3aa91922babd63d9d1d7
com.zoepepper	scalajs-jsjoda-as-java-time_sjs0.6_2.11	1.1.0		1b8a393bb9bcacd8e8d181409718e6c76c54016d
com.zoepepper	scalajs-jsjoda-as-java-time_sjs0.6_2.11	1.1.1		abf0346781e5de77c98f97dcd326734189125d5b
com.zoepepper	scalajs-jsjoda-as-java-time_sjs0.6_2.11	1.2.0		d4e768c8eb7b3ee9368847f661e6bb0c3ef9e227
edu.isi.vista	gnuplot-util	7.6.3		b4e035b5daf29b8bc0644e57c989b95ff62b6e7d
edu.isi.vista	gnuplot-util	8.0.0		78d1b25b4aa6984fc4b2c1d925ee7fb707e8722c
edu.isi.vista	gnuplot-util	8.1.0		9b1309dbf3d602b106163505498c6612de8db812
edu.isi.vista	gnuplot-util	8.2.0		3165f06a6501e7a929b1b16015e9464886336637
edu.isi.vista	gnuplot-util	8.2.1		bfc4e49fec47e83f33762bbf9f7971d29abbbf35
edu.isi.vista	gnuplot-util	8.2.2		ec74513c2490d33e5440f7128c69954c740872d4
edu.isi.vista	gnuplot-util	8.3.0		3a816e3ed619f8a9512bc6721a97eac5e7faf6e0
fun.fengwk.auto-validation	example	0.0.1		911b72b1e82c1413d6a01496a0007fdb5f356083
fun.fengwk.auto-validation	example	0.0.2		b657ae7e2eb1ba0937a822a4dee03ce192512175
fun.fengwk.auto-validation	example	0.0.3		9474d22716fafd3bc53946ac44df963e7778e751
fun.fengwk.auto-validation	example	0.0.4		b27f6f3b4b603b58323230731d75ba55ac6f2cc5
fun.fengwk.auto-validation	example	0.0.5		1cc1b03b0a1d03316acef491edba71670504d2a2
fun.fengwk.auto-validation	example	0.0.6		fb59df7e9f15e4cda5857e1e2d704534a4edcc3a
fun.fengwk.auto-validation	example	0.0.7		68ddbf235b9df3c76c37cdecaaa08875700c5215
io.arrow-kt	arrow-exact-watchosx64	0.1.0		N/A
io.arrow-kt	arrow-exact-watchosx64	0.1.0	metadata	c4747d244db01f8a648f2092e508007805c8a90a
io.gitee.laoshirenggo	dd	1.0-RELEASEOT		8c529945d996c5f7ed56b4d62f943ff689cbb651
io.gitee.wl4837.alatool	alatool-log	0.0.1		f282217802653b1ec22e228a558c9e79a8f8beb1
io.gitee.wl4837.alatool	alatool-log	0.0.10		cff310fe1b41828a6441106d9f78072ac9f5a9e8
io.gitee.wl4837.alatool	alatool-log	0.0.2		5867fc1e8c7e91f9d8c7b39a1cf0fe2d0b1b86f4
io.gitee.wl4837.alatool	alatool-log	0.0.3		35598ea646c85e60e2c11cd3b0100cc2438799e3
io.gitee.wl4837.alatool	alatool-log	0.0.4		00951295be728409eca3a4ea50b77ef93801a04d
io.gitee.wl4837.alatool	alatool-log	0.0.5		83950415ea122a63ba2abfd9aba8bad335b8d790
io.gitee.wl4837.alatool	alatool-log	0.0.6		c4494f3d63f2b2246e236e348f843ad249bc1cec
io.gitee.wl4837.alatool	alatool-log	0.0.8		d25b447c271cf5d3e4a61cbf77ca196958891666
io.gitee.wl4837.alatool	alatool-log	0.0.9		d45d07c013cd3efba4b1f36e5b439e61f100f67c
io.github.bissim	fly-graph	1.0.0		4dbaaed57830afb5e1d1f02ea165d4e8e1ff6864
io.github.bissim	fly-graph	1.0.0	jar-with-deps	4641adbf79d7f52c1bf1835be2e5cff5dbe7733b
io.github.bissim	fly-graph	1.1.0		0e328e87b0719d604906426a25a7d397e3fe9199
io.github.bissim	fly-graph	1.1.0	jar-with-deps	d5f59a6f0b776333526f65f8e189c2a72559b9ed
io.github.bissim	fly-graph	1.1.1		a18c446617ac810664577ad700252051ace6898a
io.github.bissim	fly-graph	1.1.1	jar-with-deps	3fc2277c541bd8b2d2bb1bd7c5bae20efe4f2acd
io.github.colovaria-graphics	graphics	1.0.1		N/A
io.github.colovaria-graphics	graphics	1.0.2		N/A
io.github.colovaria-graphics	graphics	1.0.4		N/A
io.github.colovaria-graphics	graphics	1.0.5		N/A
io.github.copper-leaf	ballast-debugger-android-debug	0.10.0		N/A
io.github.copper-leaf	ballast-debugger-android-debug	0.11.0		N/A
io.github.copper-leaf	ballast-debugger-android-debug	0.12.0		N/A
io.github.copper-leaf	ballast-debugger-android-debug	0.13.0		N/A
io.github.copper-leaf	ballast-debugger-android-debug	0.13.1		N/A
io.github.copper-leaf	ballast-debugger-android-debug	0.14.0		N/A
io.github.copper-leaf	ballast-debugger-android-debug	0.15.0		N/A
io.github.copper-leaf	ballast-debugger-android-debug	0.15.1		N/A
io.github.copper-leaf	ballast-debugger-android-debug	0.8.0		N/A
io.github.copper-leaf	ballast-debugger-android-debug	0.8.1		N/A
io.github.copper-leaf	ballast-debugger-android-debug	0.8.2		N/A
io.github.copper-leaf	ballast-debugger-android-debug	0.9.0		N/A
io.github.copper-leaf	ballast-debugger-android-debug	1.0.0		N/A
io.github.copper-leaf	ballast-debugger-android-debug	1.1.0		N/A
io.github.copper-leaf	ballast-debugger-android-debug	1.2.0		N/A
io.github.copper-leaf	ballast-debugger-android-debug	1.2.1		N/A
io.github.copper-leaf	ballast-debugger-android-debug	1.3.0		N/A
io.github.copper-leaf	ballast-debugger-android-debug	2.0.0		N/A
io.github.copper-leaf	ballast-debugger-android-debug	2.0.1		N/A
io.github.copper-leaf	ballast-debugger-android-debug	2.1.0		N/A
io.github.copper-leaf	ballast-debugger-android-debug	2.2.0		N/A
io.github.copper-leaf	ballast-debugger-android-debug	2.3.0		N/A
io.github.copper-leaf	ballast-debugger-android-debug	3.0.0		N/A
io.github.copper-leaf	ballast-debugger-android-debug	3.0.1		N/A
io.github.copper-leaf	ballast-debugger-android-debug	3.0.2		N/A
io.github.croccio.kdi	shared	0.0.1		eae825b5a0d24a8b4243a6ba810c9b513faf5596
io.github.croccio.kdi	shared	1.0.0		eae825b5a0d24a8b4243a6ba810c9b513faf5596
io.github.croccio.kdi	shared	1.0.1		7ab1a8b65450d39d11fbfffb75e5ff5465c57621
io.github.croccio.kdi	shared	1.0.2		8cc15795244bb4539f8d152b56bc72e962510c8c
io.github.croccio.kdi	shared	1.0.3		5e5532f2cf1d3cbbfcfa042e14f49b63cb53625a
io.github.ipk-tools	allurium	0.9		280643003e7b2b711f52fadad764582d877905ca
io.github.ipk-tools	allurium	1.0.0		13d8f8d201fc869ae85802318678ba6bb2b833d0
io.github.ipk-tools	allurium	1.0.1		a5bf5813eb14e4e0bda4fecc2234a3c4de96d023
io.github.ipk-tools	allurium	1.1.0		0724cc0101aa3952b3369f2b70841947d89200a0
io.github.ipk-tools	allurium	1.1.1		aa49c0e9a9404405640258f738e168e83bcdfa84
io.github.ipk-tools	allurium	1.2.0		4c064a5eb4ade3eb0699ab5c22f5ea118129bf5d
io.github.ipk-tools	allurium	1.2.1		8b705b3693010c1580ebe12e6cb198760b60dfab
io.github.ipk-tools	allurium	2.0.0		654ff326c89297664eda5ea56ad07773a91f5402
io.github.jbwheatley	pact4s-munit-cats-effect-java8_2.12	0.0.11		c2a68c2c57deef4fde365fb3f7c8f708ffc14a04
io.github.jbwheatley	pact4s-munit-cats-effect-java8_2.12	0.0.12		67198428217d29e49aae2169ee8907b3cc386f17
io.github.jbwheatley	pact4s-munit-cats-effect-java8_2.12	0.0.13		4c6c5759a614a36c3cd038694544f4ee94889920
io.github.jbwheatley	pact4s-munit-cats-effect-java8_2.12	0.0.14		7bea3978165c8f1d67a437be8b4413244d58841c
io.github.jbwheatley	pact4s-munit-cats-effect-java8_2.12	0.0.15		eba3a1f29c5a465cbe7c5c9aaafbb34656647dc3
io.github.jbwheatley	pact4s-munit-cats-effect-java8_2.12	0.0.16		58a171d643188271b4bef2dbad1a9cc331daa0a0
io.github.jbwheatley	pact4s-munit-cats-effect-java8_2.12	0.0.17		a4d518154fb4ea3b25e8421a74d6141a819142f0
io.github.jbwheatley	pact4s-munit-cats-effect-java8_2.12	0.0.18		16804009fc085e68fb88a6eb30795579d6cf8fcb
io.github.jbwheatley	pact4s-munit-cats-effect-java8_2.12	0.0.19		b87c70eded779b3851b2dce9e434711ed7e811c9
io.github.pablotecheraa	ttficons	1.0.0		5f9e43808cc673f1ae6df8994673b9503b31852f
io.github.pig-mesh.ai	volcengine-tts-spring-boot-starter	0.0.1		16f342a34a6d934c77a9ba3cbba4ee72ee7c974e
io.github.qdsfdhvh	precompose-annotation-iosx64	1.0.0		N/A
io.github.qdsfdhvh	precompose-annotation-iosx64	1.0.0	metadata	3a0f060f6b985bfb115ea00aff07e5fdf5ebc773
io.github.qdsfdhvh	precompose-annotation-iosx64	1.0.1		N/A
io.github.qdsfdhvh	precompose-annotation-iosx64	1.0.1	metadata	525f4f4d9481f33b788879b594222d80dc3cc5e6
io.github.qdsfdhvh	precompose-annotation-iosx64	1.0.2		N/A
io.github.qdsfdhvh	precompose-annotation-iosx64	1.0.2	metadata	98687489cdf32259139a34452508ec9cab2683fd
io.github.qdsfdhvh	precompose-annotation-iosx64	1.0.3		N/A
io.github.qdsfdhvh	precompose-annotation-iosx64	1.0.3	metadata	752337b237048b8552369b5c69221d6576847c35
io.github.qdsfdhvh	precompose-annotation-iosx64	1.0.4		N/A
io.github.qdsfdhvh	precompose-annotation-iosx64	1.0.4	metadata	9b5d276c3c4ee485779960fadad84d1050ff1e41
io.github.qdsfdhvh	precompose-annotation-iosx64	1.0.5		N/A
io.github.qdsfdhvh	precompose-annotation-iosx64	1.0.5	metadata	447ae9015c21f50c6f9ba4a6d73ef3095499cf75
io.github.qdsfdhvh	precompose-annotation-iosx64	1.0.5.1		N/A
io.github.qdsfdhvh	precompose-annotation-iosx64	1.0.5.1	metadata	d0beaa53327145491f3d1d1f91cd7de50e379505
io.github.qdsfdhvh	precompose-annotation-iosx64	1.0.6		N/A
io.github.qdsfdhvh	precompose-annotation-iosx64	1.0.6	metadata	56ab9f405cf959c1ee0e09f64d88c24a7f2cc9bb
io.github.qdsfdhvh	precompose-annotation-iosx64	1.0.7		N/A
io.github.qdsfdhvh	precompose-annotation-iosx64	1.0.7	metadata	0be52f91818a82adba2a1c2ac2fe969f4f7e813e
io.github.qdsfdhvh	precompose-annotation-iosx64	1.0.8		N/A
io.github.qdsfdhvh	precompose-annotation-iosx64	1.0.8	metadata	154bf56bb63606d7666c11b51b5b4eb94d20d2d5
io.github.qdsfdhvh	precompose-annotation-iosx64	1.0.9		N/A
io.github.qdsfdhvh	precompose-annotation-iosx64	1.0.9	metadata	684cb533dabb52795ca758434a4bae46fe27d565
io.github.qdsfdhvh	precompose-annotation-iosx64	1.1.0		N/A
io.github.qdsfdhvh	precompose-annotation-iosx64	1.1.0	metadata	3be1a41cc9ce67ced150d1e34bad513a11c81174
io.github.rvenky125	kmp-device-info-android	0.0.12-alpha		N/A
io.github.rvenky125	kmp-device-info-android	0.0.13-alpha		N/A
io.github.rvenky125	kmp-device-info-android	0.0.14-alpha		N/A
io.github.rvenky125	kmp-device-info-android	0.0.15-alpha		N/A
io.github.rvenky125	kmp-device-info-android	0.0.16-alpha		N/A
io.github.rvenky125	kmp-device-info-android	0.0.17-alpha		N/A
io.github.rvenky125	kmp-device-info-android	0.0.18-alpha		N/A
io.github.rvenky125	kmp-device-info-android	0.0.19-alpha		N/A
io.github.rvenky125	kmp-device-info-android	0.0.20-alpha		N/A
io.github.woody230.gradle.internal	kotlininject-plugin	1.0.1		70789eab4f78b7f6c1168859c5895b0c8e4f5002
io.github.woody230.gradle.internal	kotlininject-plugin	1.2.0		a420eaa1bebfef169c6857135ace1ce92da8aa2b
io.github.woody230.gradle.internal	kotlininject-plugin	1.2.1		3df4cabdb926a22d8bd2c22d8a80f9e0357d5b08
io.holunda.taskpool	camunda-bpm-datapool-collector	2.0.0		294ba510a98b77de9e7ec622b56a11dfc61ab8b9
io.holunda.taskpool	camunda-bpm-datapool-collector	2.0.1		da9180a0fb463543dc17aada3335d542972b593f
io.holunda.taskpool	camunda-bpm-datapool-collector	2.0.10		6f391ed3bf89c8851084ff0bdf32556142ee1c1a
io.holunda.taskpool	camunda-bpm-datapool-collector	2.0.11		408b00891abc40b4ce8e3b1eedcbc09bc4b6840a
io.holunda.taskpool	camunda-bpm-datapool-collector	2.0.2		7cb8b71b052daa2efbc389d0c3341383bf601611
io.holunda.taskpool	camunda-bpm-datapool-collector	2.0.3		943de215e148392fc38e1b941e1582b959948ce9
io.holunda.taskpool	camunda-bpm-datapool-collector	2.0.4		5e84081a1be2d6c4454ce108868fd63893d17011
io.holunda.taskpool	camunda-bpm-datapool-collector	2.0.5		33a7bfdb6dec25a9bc5b1f74d9b1e2b45d11c03e
io.holunda.taskpool	camunda-bpm-datapool-collector	2.0.6		88429a90e7f522f27cba94c94923e288c75e1828
io.holunda.taskpool	camunda-bpm-datapool-collector	2.0.7		73d10721acecd3b2e7621b6c9c0290c5b2ba106d
io.holunda.taskpool	camunda-bpm-datapool-collector	2.0.8		c59b34232a6b22997359406b85601d05b0c33187
io.holunda.taskpool	camunda-bpm-datapool-collector	2.0.9		402927b60fa1aed219524dee8412942298440d88
io.holunda.taskpool	camunda-bpm-datapool-collector	2.1.0		62c7bd6459411144a56a8acd85bfa198b069fbee
io.holunda.taskpool	camunda-bpm-datapool-collector	2.1.1		ff86fbc80f49f7f3f13adc0cc6cb6862d309335c
io.holunda.taskpool	camunda-bpm-datapool-collector	2.1.2		7b6c9bef14ed91743e713a40ff39ff82c03bbac8
io.holunda.taskpool	camunda-bpm-datapool-collector	2.1.3		3c572693231dca01c7ad726633574e1f8f40e090
io.holunda.taskpool	camunda-bpm-datapool-collector	2.1.4		4063ceff48712e763e833d4004e0e8d4448fd4c8
io.holunda.taskpool	camunda-bpm-datapool-collector	2.1.6		fb61ec33d0efb3c40c0a86a282fdb6310b7adc7d
io.holunda.taskpool	camunda-bpm-datapool-collector	2.1.8		66bbef33e62e993cb986ab13b68d9a366928b88f
io.thestencil	quarkus-stencil-composer-mongo	1.022		aa24d92861c91ab8037dd9b176c989c5ffe3006d
io.thestencil	quarkus-stencil-composer-mongo	1.023		bfa47bc6b62b6743106c974e06dd6316afd4d14e
io.thestencil	quarkus-stencil-composer-mongo	1.024		4b5270efe90e6ec9d82e9e2a45d844ae5788d3fb
io.thestencil	quarkus-stencil-composer-mongo	1.025		a56ee5680801fa505764f9c620b6e6b57751d88b
io.thestencil	quarkus-stencil-composer-mongo	1.026		ab29d198c04ecbbd15a93b9b8a4fa0762129191a
io.thestencil	quarkus-stencil-composer-mongo	1.027		4cf794d12683041c0c9207d8c75fdad2e1654c5e
io.thestencil	quarkus-stencil-composer-mongo	1.028		21db28fe20a7a3cd0561476c3bc6b68b398b92cb
io.thestencil	quarkus-stencil-composer-mongo	1.1.2		56f2359020f3227343c718c4b50222326fce1fd4
io.thestencil	quarkus-stencil-composer-mongo	1.1.3		c108ed7e3ca2247b2cf4ced314eeae1a1997e2c6
io.thestencil	quarkus-stencil-composer-mongo	1.1.4		fb574ecc3ff851317e54e9e7073d370156ba9042
io.thestencil	quarkus-stencil-composer-mongo	1.1.5		24619267d590b971731f8203658e8cfc3a4d75b4
io.thestencil	quarkus-stencil-composer-mongo	1.1.6		2303082843904220626b0064f83a89c0fa337da4
io.thestencil	quarkus-stencil-composer-mongo	1.1.7		e46582ed4cd5858a56bc67e9bc8c6377711185b6
io.thestencil	quarkus-stencil-composer-mongo	1.1.8		19781b7dd85336b6465d703fdb74ea2b5bd5bf7b
io.thestencil	quarkus-stencil-composer-mongo	1.1.9		d60ff2f359eee5344ed4915da25b6c36a7ae2855
io.thestencil	quarkus-stencil-composer-mongo	1.110		34903462f94bec0aebc8ca8ad51572fa6c01a2ff
io.thestencil	quarkus-stencil-composer-mongo	1.111		2109c057b2386593bbd75cfaeb9fef8f1794c0e8
io.thestencil	quarkus-stencil-composer-mongo	1.112		97c81c786498b894d8a3794b03b1dbbbd7b10b80
io.thestencil	quarkus-stencil-composer-mongo	1.113		b18a18ccc40e31f285d6e9098e770b4fa3d7bb0d
io.thestencil	quarkus-stencil-composer-mongo	1.114		2027e7ffa991e1551cf4f319dc86444ff584bb3d
io.thestencil	quarkus-stencil-composer-mongo	1.115		1974ad1697da52c6ab0c7029861f728953740b62
io.thestencil	quarkus-stencil-composer-mongo	1.116		2d71d2c21c7e56a52a0d94ba7a6f04aa055bef55
io.thestencil	quarkus-stencil-composer-mongo	1.117		6701d2e58beec90c9a82b28f3f6c209a91c78802
io.thestencil	quarkus-stencil-composer-mongo	1.118		f2ce87ebb8aea3e79c1d757ff721f967efe87bc6
io.thestencil	quarkus-stencil-composer-mongo	1.119		68396b3f0c12a038813c495c90e6da8961910235
io.thestencil	quarkus-stencil-composer-mongo	1.120		126faf0e30f64de4f84b63713b56c20d29211473
io.thestencil	quarkus-stencil-composer-mongo	1.121		a112b64c5857e65c504d01e97cc6632ce93c259c
io.thestencil	quarkus-stencil-composer-mongo	1.122		0f692b97844ffb1e57b8e06c00db276b0eb49dad
io.thestencil	quarkus-stencil-composer-mongo	1.123		7611618e1a3ec82bd164558a0518b28959f2b827
io.thestencil	quarkus-stencil-composer-mongo	1.124		007215e6e04f6a9adaa1365b037c00cfb26e79da
io.thestencil	quarkus-stencil-composer-mongo	1.125		0d770fd562fbb2a9d103ec15d2bb3d7ae09cd24a
io.thestencil	quarkus-stencil-composer-mongo	1.126		39af786a70acd13b6447afa030b20c29fb91be56
io.thestencil	quarkus-stencil-composer-mongo	1.127		0bc9f978af710abbc6145a3b004302e24ba3060a
io.thestencil	quarkus-stencil-composer-mongo	1.128		7f4349377a466f98070f85ed2daf67bd0a805a63
io.thestencil	quarkus-stencil-composer-mongo	1.129		d942ec6d4d83b924aa76125fc344cef86bf282e4
io.thestencil	quarkus-stencil-composer-mongo	1.130		1c264a13d53019abdb4efea6d3236eced8c7e324
io.thestencil	quarkus-stencil-composer-mongo	1.131		3e850f25c6f1df9fc0885e45a22bc981cb3876b7
io.thestencil	quarkus-stencil-composer-mongo	1.132		3e7cd855069d3263581976b3ff4f5a6324ccc680
io.thestencil	quarkus-stencil-composer-mongo	1.133		f28d245fcf60f7932a39b0d6afe19fc3098a621a
io.thestencil	quarkus-stencil-composer-mongo	1.134		08616d2aab770f5e96e3aa1055abf1a89a600734
io.thestencil	quarkus-stencil-composer-mongo	1.135		153fa72c72d678876ea4c5ef903a95abaa38a68c
io.thestencil	quarkus-stencil-composer-mongo	1.136		58c831d9d0b994129fb789f4281439b451c39f71
io.thestencil	quarkus-stencil-composer-mongo	1.137		24ac64396d9a5132dd3d0ff195c51d869daf2f28
io.thestencil	quarkus-stencil-composer-mongo	1.138		775bcde1bfbe08c17e418ded1ea59901420a9644
io.thestencil	quarkus-stencil-composer-mongo	1.139		ea5d33a29882c3612d8d3ff36df3d79137d32791
io.thestencil	quarkus-stencil-composer-mongo	1.140		44885c8b17a4be1cc90d527212a130e8ce297c6a
io.thestencil	quarkus-stencil-composer-mongo	1.141		28db33020f0d27e1f0846c0d5b21f0fabf9f1752
io.thestencil	quarkus-stencil-composer-mongo	1.142		b0a05d052e27240bc468638983fdee619198ae3f
io.thestencil	quarkus-stencil-composer-mongo	1.143		7cb4459cdec74c3ff38de1440ef6722962d5a9a3
io.thestencil	quarkus-stencil-composer-mongo	1.144		e4740ea444c321404105b87481624648f6608aea
io.thestencil	quarkus-stencil-composer-mongo	1.145		a350c8f09665446c5d09315c6c9cfd03142b4d14
io.thestencil	quarkus-stencil-composer-mongo	1.146		54c7915074828098b5b794266dc4d48c34afc6ae
io.thestencil	quarkus-stencil-composer-mongo	1.147		33625220f719e0baecb4d720e6f2ab647b53b324
io.thestencil	quarkus-stencil-composer-mongo	1.148		95ee3efa40ca052c4367e7fccc9394e1efd7f18e
io.thestencil	quarkus-stencil-composer-mongo	1.148.2		cb8fdb1b9542864c79612d671273387eec4aed3a
io.thestencil	quarkus-stencil-composer-mongo	1.148.3		9bdf58424969412c358d3bd318af0a2ab600c6bd
io.thestencil	quarkus-stencil-composer-mongo	1.148.4		e3603e575fc4c59d7e0379126c0472cafd0ed142
io.thestencil	quarkus-stencil-composer-mongo	1.148.5		60d58142b27fc3ae0c500c8d5e659c56acbdb12f
io.thestencil	quarkus-stencil-composer-mongo	1.148.6		0c21968572cfc34bbc6a71941e3080dd66c26fd6
io.thestencil	quarkus-stencil-composer-mongo	1.148.7		b1ea44d695f3f1d3f2b2764835631afc700830a9
io.thestencil	quarkus-stencil-composer-mongo	1.148.8		3da4b57e8a788c7b901efc1c63c07993d08768c6
io.thestencil	quarkus-stencil-composer-mongo	1.148.9		090989d6a487aa7d36253b679910b04447afdc53
io.udash	udash-rest-backend_2.12	0.6.0		7b2e42562b22b3de4b55de55e0b4a300e390e202
io.udash	udash-rest-backend_2.12	0.6.0-M10		dcdc67b987af91d9bf40733920a44d1ef2877e12
io.udash	udash-rest-backend_2.12	0.6.0-M11		74f87fdda0e02f52ebae68ed546bf6976f068b8e
io.udash	udash-rest-backend_2.12	0.6.0-M12		2952e257ba10165d0699ea547e6ad372f5f99c32
io.udash	udash-rest-backend_2.12	0.6.0-M13		67cf5e75c23f76be50b0bce61870ab1dc9223cb9
io.udash	udash-rest-backend_2.12	0.6.0-M2		0563e1a1cef2750e73d1423fc554c7cea3edfe3e
io.udash	udash-rest-backend_2.12	0.6.0-M3		9d80200f9afaa2396d48798af0791d17ddb8b158
io.udash	udash-rest-backend_2.12	0.6.0-M4		dfd38a30819d3c1446c194308eabb8ab83d82b54
io.udash	udash-rest-backend_2.12	0.6.0-M5		0edd0048f114d5489f5acf1cd20fc44ec3a894e4
io.udash	udash-rest-backend_2.12	0.6.0-M6		5fdb1875d3c838928c861a59880ede6ceca74d34
io.udash	udash-rest-backend_2.12	0.6.0-M7		aa4c06e1bf58f032416b6c6eb444e92c0356f2a8
io.udash	udash-rest-backend_2.12	0.6.0-M8		e0f7ae4f5596c245e6bf46a1132618f7d52c1fe1
io.udash	udash-rest-backend_2.12	0.6.0-M9		b0dcc9a20bc78395c5c5938d3c025118e814d640
io.udash	udash-rest-backend_2.12	0.6.0-RC1		fad0bc6b8c7ae26c0ace182f796981095090aa20
io.udash	udash-rest-backend_2.12	0.6.0-RC2		bab5f888896d78cf6322510ec4e06489a0c658ec
io.udash	udash-rest-backend_2.12	0.6.0-RC3		c092f49ebc70a98141bd579f48e2a39af783f7db
io.udash	udash-rest-backend_2.12	0.6.1		f6e061bfa14d8e7d3a4bc00bea4c060fd4a154b5
io.udash	udash-rest-backend_2.12	0.6.2		5eb8f6670850c092276c2a50e698a19ef117d15e
io.udash	udash-rest-backend_2.12	0.7.0		a275c1eded1df00b5fcb312bc72f126e5023f273
io.udash	udash-rest-backend_2.12	0.7.0-M1		c5a9197f228b58a93de8666a9ea887c814abfe61
io.udash	udash-rest-backend_2.12	0.7.0-M2		9c2013a6751ad152322a06812ff48d273d01cde1
io.udash	udash-rest-backend_2.12	0.7.0-M3		735ee3e5151444f6d64cd4078d5f2d2f023eba07
io.udash	udash-rest-backend_2.12	0.7.0-M4		1faf33a1460e972c711657ce5da66deadc62c894
io.udash	udash-rest-backend_2.12	0.7.0-M5		4af449b152d26709c2ccc9b108e28b2d507b9350
io.udash	udash-rest-backend_2.12	0.7.0-M6		8aacb766fd7a93fe724ebafbe0d5e5a81d9c37fe
io.udash	udash-rest-backend_2.12	0.7.0-M7		1c2d4a88c6a841571361a1cdb2f5a4a947880ca8
io.udash	udash-rest-backend_2.12	0.7.0-M8		05b7ac365f6854e4c550b73343afcb0728a20816
io.udash	udash-rest-backend_2.12	0.7.0-M9		9ce0484fb7111bb8cc26d99c6a50427078cbca89
io.udash	udash-rest-backend_2.12	0.7.0-RC1		750c336bf6bd46174352e3e563fd2fdcffc59c6e
io.udash	udash-rest-backend_2.12	0.7.0-RC2		dd8ca51a4dcdd4e1f8a500b2bc4f3db2768001b3
io.udash	udash-rest-backend_2.12	0.7.1		71a7fff011dc7f077665923ccac5a8d4a83a6c4c
io.udash	udash-rest-backend_2.12	0.7.2		02d85965b79d66af3dbe35b1bc846f35737c4ede
io.udash	udash-rest-backend_2.12	0.8.0-B4-SNAP		b059829f8b3e42dfeba1834e6238a0224edddeff
io.udash	udash-rest-backend_2.12	0.8.0-B4-SNAP2		119b4fc18cf7a6edf1658a42b3c8a5a376f85505
io.udash	udash-rest-backend_2.12	0.8.0-M1		473832a8b4bfe158f38884692e03c4c9926bbfec
io.udash	udash-rest-backend_2.12	0.8.0-M2		7aa15d4700e7b08118748bb41869da1fda6970bd
io.udash	udash-rest-backend_2.12	0.8.0-M3		1457cea28e4b3ad3a1994e840ffa7582d2d48df4
it.reify	basis-text_2.10	0.0		0f7663095fc656f2818ceb6b86f2c0e9bb6bd2f3
me.nathanfallet.mtr	mtr-api-client-tvosx64	1.0.0		N/A
me.nathanfallet.mtr	mtr-api-client-tvosx64	1.0.0	metadata	e5047c35ac1c78f2fd2c06a9d7cdda8e0d9c3aa1
net.exoego	aws-sdk-scalajs-facade-sesv2_sjs0.6_2.12	0.28.0-v2.596.0		38af0144a99adfba39596b763ac8b5e797037c0a
net.exoego	aws-sdk-scalajs-facade-sesv2_sjs0.6_2.12	0.29.0-v2.624.0		5ca92671981b7a0a23c8ec987e9ccd280f61990b
net.exoego	aws-sdk-scalajs-facade-sesv2_sjs0.6_2.12	0.30.0-v2.715.0		3bda9c2edfb9ad6e4906d5c5b792c08acb8b03f0
net.osgiliath.framework	net.osgiliath.features.karaf-features-karaf-enterprise	0.1.2		0e1e003007448eb9d50f7f55edf13a01f2d62f19
net.osgiliath.framework	net.osgiliath.features.karaf-features-karaf-enterprise	0.1.3		bf175a5ca808f5f37b24e9e4d97b721fe256e3f2
net.osgiliath.framework	net.osgiliath.features.karaf-features-karaf-enterprise	0.1.4		4f2f226295c5468a19478c38395926e3926579a4
net.osgiliath.framework	net.osgiliath.features.karaf-features-karaf-enterprise	0.1.5		4f4180a53cbea7421d52a49b8edacfb2519ec269
net.osgiliath.framework	net.osgiliath.features.karaf-features-karaf-enterprise	0.1.6		7cb57f18277236691f7c6c1e2c1007b15949c1a0
net.osgiliath.framework	net.osgiliath.features.karaf-features-karaf-enterprise	0.1.7		95b95510317239b3dc6c062d33dcad7ebf3d50a9
net.osgiliath.framework	net.osgiliath.features.karaf-features-karaf-enterprise	0.1.8		a838b6f27e95d3bd4f4b47eda98df21b66d2040f
net.rsprot	osrs-224-desktop	1.0.0-ALPHA-20240814		166875408cdde8214ec38888080fd477fffb11ee
net.rsprot	osrs-224-desktop	1.0.0-ALPHA-20240827		166875408cdde8214ec38888080fd477fffb11ee
net.rsprot	osrs-224-desktop	1.0.0-ALPHA-20240829		166875408cdde8214ec38888080fd477fffb11ee
net.rsprot	osrs-224-desktop	1.0.0-ALPHA-20240830		21f284ef88b65e87ccad33cd9189e382195e9260
net.rsprot	osrs-224-desktop	1.0.0-ALPHA-20240906		8c853c0475e1f37b24887a2c7a8af0ce5a6a705e
net.rsprot	osrs-224-desktop	1.0.0-ALPHA-20240910		222a32f4da093679edee306681b308eebec3715d
net.rsprot	osrs-224-desktop	1.0.0-ALPHA-20240912		cc66484ac3eb0fc51a17a316efdcae2bbde7f5f2
net.rsprot	osrs-224-desktop	1.0.0-ALPHA-20240914		12ede48da14755189ab648ef14648c3963424a71
net.rsprot	osrs-224-desktop	1.0.0-ALPHA-20240928		b46588f440620ca437ec2117b319b69d6fa255f2
net.rsprot	osrs-224-desktop	1.0.0-ALPHA-20240929		b46588f440620ca437ec2117b319b69d6fa255f2
net.rsprot	osrs-224-desktop	1.0.0-ALPHA-20240930		b46588f440620ca437ec2117b319b69d6fa255f2
net.rsprot	osrs-224-desktop	1.0.0-ALPHA-20241001		b46588f440620ca437ec2117b319b69d6fa255f2
net.rsprot	osrs-224-desktop	1.0.0-ALPHA-20241002		23a1dabf389cd9fc00fd267c492a66a79ffeaa49
net.rsprot	osrs-224-desktop	1.0.0-ALPHA-20241003		7f77e1e6a96fcc399437c3d83355e23d5bb2c018
net.rsprot	osrs-224-desktop	1.0.0-ALPHA-20241016		5a119fe26e0030db63311521771c5b4d3efaa9e0
net.rsprot	osrs-224-desktop	1.0.0-ALPHA-20241017		5a119fe26e0030db63311521771c5b4d3efaa9e0
net.rsprot	osrs-224-desktop	1.0.0-ALPHA-20241021		5a119fe26e0030db63311521771c5b4d3efaa9e0
net.rsprot	osrs-224-desktop	1.0.0-ALPHA-20241108		5a119fe26e0030db63311521771c5b4d3efaa9e0
net.rsprot	osrs-224-desktop	1.0.0-ALPHA-20241108-2		5a119fe26e0030db63311521771c5b4d3efaa9e0
net.rsprot	osrs-224-desktop	1.0.0-ALPHA-20241122		5a119fe26e0030db63311521771c5b4d3efaa9e0
net.rsprot	osrs-224-desktop	1.0.0-ALPHA-20241201		5a119fe26e0030db63311521771c5b4d3efaa9e0
net.rsprot	osrs-224-desktop	1.0.0-ALPHA-20241220		5a119fe26e0030db63311521771c5b4d3efaa9e0
net.rsprot	osrs-224-desktop	1.0.0-ALPHA-20241221		5a119fe26e0030db63311521771c5b4d3efaa9e0
net.rsprot	osrs-224-desktop	1.0.0-ALPHA-20241223		5a119fe26e0030db63311521771c5b4d3efaa9e0
net.rsprot	osrs-224-desktop	1.0.0-ALPHA-20241227		5a119fe26e0030db63311521771c5b4d3efaa9e0
net.rsprot	osrs-224-desktop	1.0.0-ALPHA-20241228		5a119fe26e0030db63311521771c5b4d3efaa9e0
net.rsprot	osrs-224-desktop	1.0.0-ALPHA-20250103		62030609c8bad3bfa7040190c4f7ac12cc550ca2
net.rsprot	osrs-224-desktop	1.0.0-ALPHA-20250115		bcd6a9dc10a9aae75aec50840d918309117a4fc4
net.rsprot	osrs-224-desktop	1.0.0-ALPHA-20250116		5e4885f057540d2349300d26fb0dd596c2030bf9
net.rsprot	osrs-224-desktop	1.0.0-ALPHA-20250117		5e4885f057540d2349300d26fb0dd596c2030bf9
net.rsprot	osrs-224-desktop	1.0.0-ALPHA-20250122		5e4885f057540d2349300d26fb0dd596c2030bf9
net.rsprot	osrs-224-desktop	1.0.0-ALPHA-20250122-2		5e4885f057540d2349300d26fb0dd596c2030bf9
net.rsprot	osrs-224-desktop	1.0.0-ALPHA-20250123		5e4885f057540d2349300d26fb0dd596c2030bf9
net.rsprot	osrs-224-desktop	1.0.0-ALPHA-20250125		5e4885f057540d2349300d26fb0dd596c2030bf9
net.rsprot	osrs-224-desktop	1.0.0-ALPHA-20250126		5e4885f057540d2349300d26fb0dd596c2030bf9
net.rsprot	osrs-224-desktop	1.0.0-ALPHA-20250128		5e4885f057540d2349300d26fb0dd596c2030bf9
net.rsprot	osrs-224-desktop	1.0.0-ALPHA-20250129		8b1c6d522f0cf9ecba0fd3f9b70f58d0c0dc5f84
net.rsprot	osrs-224-desktop	1.0.0-ALPHA-20250206		8b1c6d522f0cf9ecba0fd3f9b70f58d0c0dc5f84
net.rsprot	osrs-224-desktop	1.0.0-ALPHA-20250213		8b1c6d522f0cf9ecba0fd3f9b70f58d0c0dc5f84
net.rsprot	osrs-224-desktop	1.0.0-ALPHA-20250217		ffe36d458918433d9df5a068d554f6abfd7a911f
net.rsprot	osrs-224-desktop	1.0.0-ALPHA-20250219		ffe36d458918433d9df5a068d554f6abfd7a911f
net.rsprot	osrs-224-desktop	1.0.0-ALPHA-20250220		ffe36d458918433d9df5a068d554f6abfd7a911f
net.rsprot	osrs-224-desktop	1.0.0-ALPHA-20250222		ffe36d458918433d9df5a068d554f6abfd7a911f
net.rsprot	osrs-224-desktop	1.0.0-ALPHA-20250224		60160c79e4c603c006d8bc1f738ed91a2b45e4a1
net.rsprot	osrs-224-desktop	1.0.0-ALPHA-20250301		952671d04a480eccf66bbddd1ad0b1d9ce5f12a5
net.rsprot	osrs-224-desktop	1.0.0-ALPHA-20250328		952671d04a480eccf66bbddd1ad0b1d9ce5f12a5
net.rsprot	osrs-224-desktop	1.0.0-ALPHA-20250406		952671d04a480eccf66bbddd1ad0b1d9ce5f12a5
net.rsprot	osrs-224-desktop	1.0.0-ALPHA-20250407		952671d04a480eccf66bbddd1ad0b1d9ce5f12a5
net.rsprot	osrs-224-desktop	1.0.0-ALPHA-20250408		952671d04a480eccf66bbddd1ad0b1d9ce5f12a5
net.rsprot	osrs-224-desktop	1.0.0-ALPHA-20250409		952671d04a480eccf66bbddd1ad0b1d9ce5f12a5
net.rsprot	osrs-224-desktop	1.0.0-ALPHA-20250411		952671d04a480eccf66bbddd1ad0b1d9ce5f12a5
net.rsprot	osrs-224-desktop	1.0.0-ALPHA-20250413		952671d04a480eccf66bbddd1ad0b1d9ce5f12a5
net.rsprot	osrs-224-desktop	1.0.0-ALPHA-20250416		952671d04a480eccf66bbddd1ad0b1d9ce5f12a5
net.rsprot	osrs-224-desktop	1.0.0-ALPHA-20250423		952671d04a480eccf66bbddd1ad0b1d9ce5f12a5
net.smolok	smolok-lib-download	0.0.10		2e9034fdef8582cf3f12c345c72ce0a534ade198
net.smolok	smolok-lib-download	0.0.11		f4d7b70ee9b5c8b621c329f23763d9df6fc40f8b
net.smolok	smolok-lib-download	0.0.4		b3f7dc35b5c2632a9a798fc6293c4e441c04d249
net.smolok	smolok-lib-download	0.0.5		fccf2e9c1aa88d2e7a65f291459176918e68a20a
net.smolok	smolok-lib-download	0.0.6		8cf3cef70a99ebaf9d941669cef3ef02b658125d
net.smolok	smolok-lib-download	0.0.7		27ceb71e44a56b592586ee67f9b269bd351b9d3d
net.smolok	smolok-lib-download	0.0.8		edf3eb949f60947942955560f328c46752ef72af
net.smolok	smolok-lib-download	0.0.9		968196c20b82f226b36ea1f143a3d9c31ff7a53d
net.st915	typesafe-scalajs-app_sjs1_3	1.0.0		eb2e1872bf6d394b25c72bec11abd15e2b90712e
net.st915	typesafe-scalajs-app_sjs1_3	1.0.1		7ef66a48b3e5ac25d5bfccf903af8f69d260b694
net.twisterrob.gradle	twister-compat-agp-7.1.x	0.14		983900e4b9e7f5bd23a83259b7ffa0f02bc2c135
net.twisterrob.gradle	twister-compat-agp-7.1.x	0.14.1		7121af7be96d1baee3ba79c8ab5d4b7eb3972095
net.twisterrob.gradle	twister-compat-agp-7.1.x	0.15		839646b9d16aa667142480f470a8c5ab3f10a54d
net.twisterrob.gradle	twister-compat-agp-7.1.x	0.15.1		811bfa4103b70157f637152ffcc4fb7e2cd74677
net.twisterrob.gradle	twister-compat-agp-7.1.x	0.16		99073836648b4b1e6371fc54ee8f38bc588b6083
net.twisterrob.gradle	twister-compat-agp-7.1.x	0.17		d720c04d0b88c6623291e3472565b0e4f332cd82
net.twisterrob.gradle	twister-compat-agp-7.1.x	0.18		37f22f43f713d862b31c313a696f103631bd5ee3
net.webintrospector	validation	0.1		8cd1075330d395c2a980a5767d1505d382faa197
net.webintrospector	validation	0.2		0088516ad1e0c88640763507f198e70bf30542ed
org.agmip.resources	icasa-mvl	2.20191012.0		901de73fb1b5b71c00ca93870ffe25289f387baa
org.agmip.resources	icasa-mvl	2.20191017.0		eb9316aab11b56dfe57d8389e8e11d36868751e7
org.apache.geronimo.plugingroups	javaee6-tomcat	3.0-M1		N/A
org.apache.geronimo.plugingroups	javaee6-tomcat	3.0-beta-1		N/A
org.apache.geronimo.plugingroups	javaee6-tomcat	3.0.0		N/A
org.apache.geronimo.plugingroups	javaee6-tomcat	3.0.1		N/A
org.apache.metamodel.membrane	Membrane-core	0.1		69fe9b0af2511a2bcc6a1a07a26b2007cbe02a48
org.codehaus.griffon	abeilleformbuilder	2.0		39d10264f653371e21c092c9538146b35fb56bcf
org.codehaus.griffon	abeilleformbuilder	3.0		d9427f94640630e293e17ddcf2cb7d2193d72a6a
org.codehaus.sonar	sonar-duplications	2.1		a9313ff66dcf70e3fc00d21e3b24f12bbf4ef77b
org.codehaus.sonar	sonar-duplications	2.1.1		9ac5752a425f85de2c5bf2ea3a2fe4af181e71ca
org.codehaus.sonar	sonar-duplications	2.1.2		39a56d6ef20ef4852404f3cef0f361e07100f288
org.codehaus.sonar	sonar-duplications	2.10		a7beb9d9031d546e503420355bff49e4d3be3d2e
org.codehaus.sonar	sonar-duplications	2.10-RC1		e34332cdf753987ce3e0d9cee71f77cc1b05e566
org.codehaus.sonar	sonar-duplications	2.10-RC2		f7a7c532b26619a7549480b52a5a2662fb4b1ee8
org.codehaus.sonar	sonar-duplications	2.11		a70a068b3dc17005374b1b73fc34b09c7cf70cc3
org.codehaus.sonar	sonar-duplications	2.11-RC1		7cf4721e5b5e04887c6b55c188c31fbb262ac2ca
org.codehaus.sonar	sonar-duplications	2.11-RC2		891d7879457009f591332008bdf15cc77db3e315
org.codehaus.sonar	sonar-duplications	2.11-RC3		12c64e04087f3d2714bd45229e7baf3a2cf59a55
org.codehaus.sonar	sonar-duplications	2.12		ac739a3f6689ce89479ea6aded1fd26311ff0e91
org.codehaus.sonar	sonar-duplications	2.12-RC1		9975d7a1fbece856a6c1d59417d746d60773d13c
org.codehaus.sonar	sonar-duplications	2.12-RC2		a814d1f9db3b6a4fc6a46926f93f98dad44d3e58
org.codehaus.sonar	sonar-duplications	2.13		c9fbcb09f397fa26bfb3c71403609123c945b76e
org.codehaus.sonar	sonar-duplications	2.13-RC1		cd212d9b28f174c129492a80f6c7269b39518550
org.codehaus.sonar	sonar-duplications	2.13-RC2		940057ce0da77f9e030cb4fa75bccd39986ae337
org.codehaus.sonar	sonar-duplications	2.13-RC3		b186d83449b21b0114f15c4c17dd7c7db0f0d724
org.codehaus.sonar	sonar-duplications	2.13.1		cd56241957f5bd94dd83f0ed99e850c0e74d2463
org.codehaus.sonar	sonar-duplications	2.14		b6bdc70ca91bbf9033bac237d77f95585b8d4a0e
org.codehaus.sonar	sonar-duplications	2.14-RC1		732228603e7ad53d8f999bba6644eae5e59f11df
org.codehaus.sonar	sonar-duplications	2.14-RC2		199efe9972ebd22fc21a245e40cbaa15e836af2d
org.codehaus.sonar	sonar-duplications	2.14-RC3		5143618db1a23993b36aff8374bd697f0328350f
org.codehaus.sonar	sonar-duplications	2.14-RC4		e2ef02421a6f55101598d320f3e875ddbb6dfc5d
org.codehaus.sonar	sonar-duplications	2.15-RC1		9dfe0bea3c161a6067850b29b4c8d2b94a5fea65
org.codehaus.sonar	sonar-duplications	2.15-RC2		785fbf252ea0af21387e57d38a4d6554651d4251
org.codehaus.sonar	sonar-duplications	2.1M1		9079c0dcfcdc95727f9a86a02d8b6559bbfd18c7
org.codehaus.sonar	sonar-duplications	2.1M2		3ed69813aba15ee8b026f1c3fb7630c9eeba6803
org.codehaus.sonar	sonar-duplications	2.1RC1		43fcc59c9c05744ec0e4833f6793c530fdc5a777
org.codehaus.sonar	sonar-duplications	2.1RC2		a881b4367d599f4288b81891a4078ad5ef18934b
org.codehaus.sonar	sonar-duplications	2.2		e1f6a7210d26757e6f503e9e0f8ac96d23e1ea65
org.codehaus.sonar	sonar-duplications	2.2M1		5401b78edecc98e641fb0d409b042adc6be7b615
org.codehaus.sonar	sonar-duplications	2.2RC1		29fb1419d21a9b34262c82d9b519fb91afcfc1e2
org.codehaus.sonar	sonar-duplications	2.2RC2		4dcd7cc63daca84679062d7d7479f800fde26be4
org.codehaus.sonar	sonar-duplications	2.3		03231b40bb5532c19633bc4dfa165bf4c384c680
org.codehaus.sonar	sonar-duplications	2.3-RC1		98931841b988251d62a4eea38438146632cd5f79
org.codehaus.sonar	sonar-duplications	2.3-RC2		224baf4566c52f91880cdbaa1e5080dab0f63753
org.codehaus.sonar	sonar-duplications	2.3.1		220be7c65616e7ebaa7176fd4dfd3349ceecedee
org.codehaus.sonar	sonar-duplications	2.3M1		e7905ea08f4d20a68eaf60f5189aa0c6b636b9bf
org.codehaus.sonar	sonar-duplications	2.4		3dc368971ce59c538da029526d9a5083c0b9e7f7
org.codehaus.sonar	sonar-duplications	2.4-RC1		a0ceb08f9fa81edf5cf8d64c7f3d90e0bdf55679
org.codehaus.sonar	sonar-duplications	2.4-RC2		d4a2c9b4c87acfbbcf21d7083d8d804542770a92
org.codehaus.sonar	sonar-duplications	2.4.1		09f200ab491244d3034b2fa489076e216694e1df
org.codehaus.sonar	sonar-duplications	2.5		a21c1b0e2547153a7a603c5d6362a466baa91d7e
org.codehaus.sonar	sonar-duplications	2.5-RC1		c8e7bb8ed50664f212101af549a54da826b951b3
org.codehaus.sonar	sonar-duplications	2.6		a4387191dbf021b858bab6ed8994063564b58049
org.codehaus.sonar	sonar-duplications	2.6-RC1		92574408d6044af76bb83f5cfa7e92c7a4a0085f
org.codehaus.sonar	sonar-duplications	2.7		4ebb318c6ca82c860ed5d7233579e19bb02dbcbf
org.codehaus.sonar	sonar-duplications	2.7-RC2		fbdbba1a4e16d4b0a18d374935ef1f11c14dc903
org.codehaus.sonar	sonar-duplications	2.7-RC3		1616b0f80bcb054e2ba923042f6f514e7d4a49b0
org.codehaus.sonar	sonar-duplications	2.8		8092e15a50bc6e617a733999549c5f72f55a5d89
org.codehaus.sonar	sonar-duplications	2.8-RC2		c194414a3e5a0c07c82d0b1406ee586aac6cee06
org.codehaus.sonar	sonar-duplications	2.9		a5261086e6c8775ffc251affa4993159031c83a7
org.codehaus.sonar	sonar-duplications	2.9-RC1		3eff76056607830e2e7348b55ac47b33fa99305d
org.codehaus.sonar	sonar-duplications	3.0		1783499242b06c26b8bc174fbb11aa9f725fae4a
org.codehaus.sonar	sonar-duplications	3.0-RC3		0f5e465a9a05cbd63dc39b8d0aa78959d374e16d
org.codehaus.sonar	sonar-duplications	3.0.1		4277f943eb88f91f1e65415b023d23a8f8f8b52a
org.codehaus.sonar	sonar-duplications	3.0.1-RC1		688004edb487a91de8c0a0e1d10b5fcb44fc4e26
org.codehaus.sonar	sonar-duplications	3.1		c9a3d5ae7e50978efe36f791d0e4347b8cfbf2c0
org.codehaus.sonar	sonar-duplications	3.1-RC1		df004eb1479f8b26d6740506cc27cf1d784d8fc7
org.codehaus.sonar	sonar-duplications	3.1-RC2		2d32d0a8131a12c6ef2cd604d7bcb5cc1d90a180
org.codehaus.sonar	sonar-duplications	3.1-RC3		30ee7a65e45de5d03a8b6a7457727ef871b311da
org.codehaus.sonar	sonar-duplications	3.1.1		48ddd1611110dab5bf9d5f37d1ce41d0894dfa47
org.codehaus.sonar	sonar-duplications	3.2		eb47aa534914d28d435ea4aef78720d64ef016d0
org.codehaus.sonar	sonar-duplications	3.2-RC1		7511eb9f8b9c31e8f81a2a120ebb49999e142347
org.codehaus.sonar	sonar-duplications	3.2-RC2		da6590d0d59d83d5a7f6f8f2ea738e9927986652
org.codehaus.sonar	sonar-duplications	3.2-RC3		f2660373e7d3f6de4dd7672cfec62520b0565061
org.codehaus.sonar	sonar-duplications	3.2.1		d6f41dd79fc9a59856a0ee05ce2a70163967c26a
org.codehaus.sonar	sonar-duplications	3.2.1-RC1		3b6e27f5543dc629f1070c124f4019354579b792
org.codehaus.sonar	sonar-duplications	3.3		b6d5bffde8f61da1bfd603f00bb98b19e2d4e34d
org.codehaus.sonar	sonar-duplications	3.3-RC1		b539535d37a9f7bec5d00dcab9f8d5e3c94306e9
org.codehaus.sonar	sonar-duplications	3.3-RC2		d3ed4af3ecb57c6cdd58ad4187bf8011f293295c
org.codehaus.sonar	sonar-duplications	3.3-RC3		5eb39720ba8f3b3acfa4e484b0a09dad1e620aaf
org.codehaus.sonar	sonar-duplications	3.3.1		94617652cdbb75c76b31dd97780f38999c0de7d1
org.codehaus.sonar	sonar-duplications	3.3.2		99488c7f934c4812ff94c50bd0a1ca193fb9871a
org.codehaus.sonar	sonar-duplications	3.4		c475ddc78e46a096c0f23f0b1f6608b13af26da3
org.codehaus.sonar	sonar-duplications	3.4-RC1		728574b23e38eb3585080b647f56ae9fc824b140
org.codehaus.sonar	sonar-duplications	3.4-RC2		8090218d8a6aa4929114f8316b822f7e60369ddd
org.codehaus.sonar	sonar-duplications	3.4-RC3		0521cb91982b872d080af255ea48ef9d62144f19
org.codehaus.sonar	sonar-duplications	3.4-RC4		0e7d11125dab87942f7d5b73549a57158039fdae
org.codehaus.sonar	sonar-duplications	3.4.1		21c9e670fb7361095af96151f38467c4ac688204
org.codehaus.sonar	sonar-duplications	3.5		748cc1b88a73f9d868dd6027ebe0110b5a15a739
org.codehaus.sonar	sonar-duplications	3.5-RC1		6bef8b2312713189338e2cd9ce28c4bb5cf5e7fa
org.codehaus.sonar	sonar-duplications	3.5-RC2		f81e92df1efa5123bcf87d7c63edb429535712a6
org.codehaus.sonar	sonar-duplications	3.5-RC3		fd78dd6c88ef0b2247e3262d5ed37cf202cae7b3
org.codehaus.sonar	sonar-duplications	3.5-RC4		f44bb4a9cef54791761964458cba5c972d057a3a
org.codehaus.sonar	sonar-duplications	3.5.1		616b65d0119d227c1035ae64fcf8beee86944a5d
org.codehaus.sonar	sonar-duplications	3.6		543b96403878084600a5c54ce298de234676c2c8
org.codehaus.sonar	sonar-duplications	3.6-RC1		880e18e577f94c3cc7bbba48c6ce5ca1de9ee7b1
org.codehaus.sonar	sonar-duplications	3.6-RC2		3fd3033821105e92a1141d328b36719f21be7dab
org.codehaus.sonar	sonar-duplications	3.6-RC3		2744726077f7181bf4a5087ba5b9e003071018a1
org.codehaus.sonar	sonar-duplications	3.6-RC4		45c68c9e63f3b133fc315d80c35d0581f4ba2542
org.codehaus.sonar	sonar-duplications	3.6.1		2fc825343ac80b9554968372767d67d90b876abc
org.codehaus.sonar	sonar-duplications	3.6.2		2674f73b172885d4741efd65fca0cd350060f31f
org.codehaus.sonar	sonar-duplications	3.6.3		ac62e60fe07e7360d6e12a48f8c0f429ac5d741a
org.codehaus.sonar	sonar-duplications	3.7		08a02ff20161823b5b037d507f9f78447acd76af
org.codehaus.sonar	sonar-duplications	3.7-RC1		352a21294fdc582d188942148ea3c62eaa6d2e54
org.codehaus.sonar	sonar-duplications	3.7-RC2		9910021b89c80c1e967028c26429c78f3b29e6ad
org.codehaus.sonar	sonar-duplications	3.7-RC3		34524ede849d9eb243f93cf93e64ea6e4edb0ba7
org.codehaus.sonar	sonar-duplications	3.7.1		19653141ddc61b48e10e70a8d2312a13c178d77a
org.codehaus.sonar	sonar-duplications	3.7.1-RC1		4430b774108608e658e76756f7bef5be1d8b9c1f
org.codehaus.sonar	sonar-duplications	3.7.1-RC2		6f4267d999f105c63b740593b407a2652593a48d
org.codehaus.sonar	sonar-duplications	3.7.2		88312b80a4972d9f05b318fe3d0c6bf3b4a0592e
org.codehaus.sonar	sonar-duplications	3.7.3		621dd9ddf6f0daf607e472e8057cc255636935b2
org.codehaus.sonar	sonar-duplications	3.7.4		d4e30c8ee98e20d949af2e9f7b1cb3613a039004
org.codehaus.sonar	sonar-duplications	4.0		e0976a1e16dcb6c63013a1072c1112f5e5d9d5ba
org.codehaus.sonar	sonar-duplications	4.0-RC1		1db0cc51577707507f364d52c1ea65c083f97435
org.codehaus.sonar	sonar-duplications	4.0-RC2		0acd5e9300bc169f8425c12c2a52850ce1517dfa
org.codehaus.sonar	sonar-duplications	4.0-RC3		0ab117740e502e444eaea0ca7cbb8318843394d7
org.codehaus.sonar	sonar-duplications	4.1		464d655b9287dcce6b3c44ed81f66d7aa6d00827
org.codehaus.sonar	sonar-duplications	4.1-RC2		ab3b8f7c54f4a5b0415cf38d58a2724f0402c1c8
org.codehaus.sonar	sonar-duplications	4.1-RC3		bd401f1514b60ced72eeab4130fcf52673a23e0e
org.codehaus.sonar	sonar-duplications	4.1-RC4		8265fef8f85deeb0d2c9b5df606ebb34add87759
org.codehaus.sonar	sonar-duplications	4.1.1		cf809527f0038114976585367c8756c2fb3351c0
org.codehaus.sonar	sonar-duplications	4.1.2		1b29f9082575f2ecee9d031f99256799da6aeee4
org.codehaus.sonar	sonar-duplications	4.2		9bcfc2f9e6a8612e5c4ca6b61dd3057b019874f6
org.codehaus.sonar	sonar-duplications	4.2-RC1		e65093a1cdbfd6b4eaff8e942d625f1a5f4fc17f
org.codehaus.sonar	sonar-duplications	4.2-RC2		5402b902529798d0c0d8f8d3926b532b9b769048
org.codehaus.sonar	sonar-duplications	4.2-RC3		7b02d420a8e4caa30bc2b92d9146e9be1f37ec0a
org.codehaus.sonar	sonar-duplications	4.2-RC4		d45af8cce83e0549fcd497991b74fd3410003269
org.codehaus.sonar	sonar-duplications	4.3		2bc35b2256f4ce3fc94644085392fb6a22bb2e65
org.codehaus.sonar	sonar-duplications	4.3-RC1		040853f34a50faae1441aca68ef4d9fc05b1d006
org.codehaus.sonar	sonar-duplications	4.3-RC2		6bfde4a3383f3fa19e0aa494c4d7cd4bd1284c2b
org.codehaus.sonar	sonar-duplications	4.3.1		2be97cc74da1de1a212bc675eb6b195cf1969c29
org.codehaus.sonar	sonar-duplications	4.3.2		095d049b05587a4b1f7740ac7e837c01522746e0
org.codehaus.sonar	sonar-duplications	4.3.3		374aae2e0f8ff71d758332edecb2aa61b6eba377
org.codehaus.sonar	sonar-duplications	4.4		f34b18db30a546ed8b558e103e0b0b1074198860
org.codehaus.sonar	sonar-duplications	4.4-RC1		2eefb99df78acb5098d78468706ca8316ebe4dc3
org.codehaus.sonar	sonar-duplications	4.4-RC2		0265277e535e218518c20c98cc70d916964e496b
org.codehaus.sonar	sonar-duplications	4.4-RC3		bc42b6e9e46229e62fc8c03ca59a67c75afa7bad
org.codehaus.sonar	sonar-duplications	4.4.1		8922d5d373e6d3b1819f2704f5fefa893a97d769
org.codehaus.sonar	sonar-duplications	4.5		5e3032a860dbbde7596b485fe7f8254621217337
org.codehaus.sonar	sonar-duplications	4.5-RC1		73b6c0cb378eb147db5b7c8ac6ec7ad06964fa5b
org.codehaus.sonar	sonar-duplications	4.5-RC2		510bffa7ca6d7c1fd933fbb3c6bd7f7d3a4d2d80
org.codehaus.sonar	sonar-duplications	4.5-RC3		11cdb6e950ad6a2456e37569d946c10bd1c26c59
org.codehaus.sonar	sonar-duplications	4.5.1		a9217ce803af3b41a89f30e96cf878f81f7443bc
org.codehaus.sonar	sonar-duplications	4.5.1-RC1		a3db23c7d07a873b84276e0432ebcc01645f1889
org.codehaus.sonar	sonar-duplications	4.5.2		7a5d6a71367412406359471bdd790eb34e53cba1
org.codehaus.sonar	sonar-duplications	4.5.3		df949fa0e18853637c8d0104572de39d5ecf0691
org.codehaus.sonar	sonar-duplications	4.5.4		73b4cd76fbc34de427d56bb604ac3e45949f6c27
org.codehaus.sonar	sonar-duplications	4.5.5		a0068dcef723b198ac994687a43611d6ab28f441
org.codehaus.sonar	sonar-duplications	4.5.6		d31f03883674d8162ab9ff6c3d26035b2655d92f
org.codehaus.sonar	sonar-duplications	4.5.7		f67dfc4935930ce5f5853e78c5f8eab0eefad9bf
org.codehaus.sonar	sonar-duplications	5.0		dc610ed8f70a2a7b973cad9e165640130c993ade
org.codehaus.sonar	sonar-duplications	5.0-RC1		2e708bee4369be80503653530c9f507691b6d61d
org.codehaus.sonar	sonar-duplications	5.0-RC2		d499df853c2c31c08fd53dcdb9c8f9f7b934aee8
org.codehaus.sonar	sonar-duplications	5.0-RC3		bf4f79127fb27635d931b1d824d69c99f2483d32
org.codehaus.sonar	sonar-duplications	5.0.1		adc552dc44c745cd1ce09fc8f95c3378303bd9ef
org.codehaus.sonar	sonar-duplications	5.1		c89d368792f71591272b08769c3f8b9c9bbd2b34
org.codehaus.sonar	sonar-duplications	5.1-RC1		28e5a41d04feb0da96465d73ea7d807dc8a3f75f
org.codehaus.sonar	sonar-duplications	5.1-RC2		e7e4283d4e4f0b405ac9212a0e1cbc68b60e30bd
org.easylauncher.mods.elfeatures	elfeatures-modlocator-neoforge	1.0.0		add49208b60732d049460ee235fcf646aefa23ea
org.easylauncher.mods.elfeatures	elfeatures-modlocator-neoforge	1.1.0		f6b6adabea3ccf3f451885ca45825bc48b008631
org.easylauncher.mods.elfeatures	elfeatures-modlocator-neoforge	1.1.1		8982107dd80937f50f5c7fe32d81f8bcc027e36b
org.eclipse.dirigible	dirigible-components-engine-cms-s3	10.0.0		aa21d8443c0ec7d48468b752bdc290049cacfaf5
org.eclipse.dirigible	dirigible-components-engine-cms-s3	10.0.1		575cd489adbd598f978a7c537210822bf1ab46e9
org.eclipse.dirigible	dirigible-components-engine-cms-s3	10.0.2		3524791cd7aff1d81079c47cc5752ba7364aa35a
org.eclipse.dirigible	dirigible-components-engine-cms-s3	10.0.3		9f3b2c0071664b429f8863527c566e226c9600a1
org.eclipse.dirigible	dirigible-components-engine-cms-s3	10.0.4		e55e7d3ee77fa8d483d732fc90d3f724a602300b
org.eclipse.dirigible	dirigible-components-engine-cms-s3	10.0.5		f43b9099af4457af5b79f0bd10246c471238500c
org.eclipse.dirigible	dirigible-components-engine-cms-s3	10.1.0		ffe3666881038865b51d69ee30dffb6859802b86
org.eclipse.dirigible	dirigible-components-engine-cms-s3	10.1.1		903439b68efd5f7e455a4f93fbde1db9475a4841
org.eclipse.dirigible	dirigible-components-engine-cms-s3	10.1.2		a857e78e2bde8fa17b191db43a3f284326eb7124
org.eclipse.dirigible	dirigible-components-engine-cms-s3	10.1.3		2d305ddef1aab81db42d28c8e3ebe85e117acca3
org.eclipse.dirigible	dirigible-components-engine-cms-s3	10.2.0		4bccc157073e76fbb314fbe78f2b61197c3e7de6
org.eclipse.dirigible	dirigible-components-engine-cms-s3	10.2.1		9ad5545ee8cc71abbee3a713ff138cd30ff7cc4b
org.eclipse.dirigible	dirigible-components-engine-cms-s3	10.2.10		d2a0dee3b4ba9d4b581588736257a05f5ad3394e
org.eclipse.dirigible	dirigible-components-engine-cms-s3	10.2.2		c556576bc6fc413810968bc23ef0c83f43e41ccb
org.eclipse.dirigible	dirigible-components-engine-cms-s3	10.2.3		be2f767bf6984a20155ae11b320e01616e3ed5d3
org.eclipse.dirigible	dirigible-components-engine-cms-s3	10.2.4		4e40e655046bc42920f15eff17c89709d7ca41fd
org.eclipse.dirigible	dirigible-components-engine-cms-s3	10.2.5		9000f654ff825a1914097fb984932649bdc08a78
org.eclipse.dirigible	dirigible-components-engine-cms-s3	10.2.6		9aebb366b459b3b28bd0a90b50c727bc85a1ed0b
org.eclipse.dirigible	dirigible-components-engine-cms-s3	10.2.7		6a5f0b147b1d125235de898e2dd6961a066650bc
org.eclipse.dirigible	dirigible-components-engine-cms-s3	10.2.8		6db23a151502f51a95e1f6ee77f37b3c942aa5ba
org.eclipse.dirigible	dirigible-components-engine-cms-s3	10.2.9		bad017513a5d86242ad6105d33d2c5950e9e1d1f
org.eclipse.dirigible	dirigible-components-engine-cms-s3	10.3.0		78d0d3ac8920ff273ffd3153e14d0f6dfc27e9c0
org.eclipse.dirigible	dirigible-components-engine-cms-s3	10.4.0		6821c85c57c7e6a484e8b2d6c732b8f7c022eefb
org.eclipse.dirigible	dirigible-components-engine-cms-s3	10.4.1		ea99ab5ad69ae799543364f57e6ea662b7397f04
org.eclipse.dirigible	dirigible-components-engine-cms-s3	10.5.0		b4c9b6effcbe76fc6414c2166385b7ab9c65485f
org.eclipse.dirigible	dirigible-components-engine-cms-s3	10.5.1		bb34982ee3d78469167b52ec4037758c9014fa0f
org.eclipse.dirigible	dirigible-components-engine-cms-s3	10.5.10		77315ce0019896f0c87609d963a5995998c5c412
org.eclipse.dirigible	dirigible-components-engine-cms-s3	10.5.11		633282e8a45c66991eed36caf8ca4a3eb0bd8be9
org.eclipse.dirigible	dirigible-components-engine-cms-s3	10.5.12		9dbe2643c565ff4ed54d9247f3bc960c17156847
org.eclipse.dirigible	dirigible-components-engine-cms-s3	10.5.13		130d3a21de5195bb8683848b4f5d4bb7879180e9
org.eclipse.dirigible	dirigible-components-engine-cms-s3	10.5.2		ab03cc03f359c71aad97d1dbc3bd1a5e1fafdcb3
org.eclipse.dirigible	dirigible-components-engine-cms-s3	10.5.3		71731cbbb4c357d97532fb06a1ad4a08cb43c935
org.eclipse.dirigible	dirigible-components-engine-cms-s3	10.5.4		fd25e50442962015991c270c835816c799139d76
org.eclipse.dirigible	dirigible-components-engine-cms-s3	10.5.5		8fe4029f057eb041214f4393d522020120c8a79a
org.eclipse.dirigible	dirigible-components-engine-cms-s3	10.5.6		0314018f4fa3188a37f005879198324d88dab860
org.eclipse.dirigible	dirigible-components-engine-cms-s3	10.5.7		680f11d06eaa7d63563412353808f132154cfff1
org.eclipse.dirigible	dirigible-components-engine-cms-s3	10.5.8		e970a96161ddac7eff9d728df2790745b0829832
org.eclipse.dirigible	dirigible-components-engine-cms-s3	10.5.9		f7cae4cbb8babee15382169e874d2338c1283890
org.eclipse.dirigible	dirigible-components-engine-cms-s3	10.6.0		b1bd2bc4cd776a330cde64fb5a7facedb3cfd7d5
org.eclipse.dirigible	dirigible-components-engine-cms-s3	10.6.1		c6741500fcfd9ccf55dcbbd03957542539a90147
org.eclipse.dirigible	dirigible-components-engine-cms-s3	10.6.10		ee31f9b0b6dec020f8618839da24c8d44934d6f2
org.eclipse.dirigible	dirigible-components-engine-cms-s3	10.6.11		07077bf38f6368917f773dcc692848d512717b63
org.eclipse.dirigible	dirigible-components-engine-cms-s3	10.6.12		c3747093f56886e2cf94489af763f5b285fe6989
org.eclipse.dirigible	dirigible-components-engine-cms-s3	10.6.13		38a0caabef2995e357b8de929aec171291b004ef
org.eclipse.dirigible	dirigible-components-engine-cms-s3	10.6.14		986de3ae86be90e69b4951c8395cc2fc7b284858
org.eclipse.dirigible	dirigible-components-engine-cms-s3	10.6.15		0cd24632c720ba4531aef2231892f0e07a7d4cad
org.eclipse.dirigible	dirigible-components-engine-cms-s3	10.6.16		61665ad260029a64d7133719073184fc278b5fb6
org.eclipse.dirigible	dirigible-components-engine-cms-s3	10.6.17		d0ca4c0561ea0ecc15b13cac9e9a5a58d4d24d50
org.eclipse.dirigible	dirigible-components-engine-cms-s3	10.6.18		272a27754a7def1fbb5c8f6423f769411742726d
org.eclipse.dirigible	dirigible-components-engine-cms-s3	10.6.19		86e5249ecc6a7c4e2fb06aafd044f85110a51604
org.eclipse.dirigible	dirigible-components-engine-cms-s3	10.6.2		5d8bd08e4dce558277d123b685e2dc471efcd5d7
org.eclipse.dirigible	dirigible-components-engine-cms-s3	10.6.20		800bfe8a0c212ddf0d493c3de491d71059bfc4a5
org.eclipse.dirigible	dirigible-components-engine-cms-s3	10.6.21		ed1e78bdc7392a8545255dcaf856a58fe1384574
org.eclipse.dirigible	dirigible-components-engine-cms-s3	10.6.22		105fe2d940b8bd3893ccbfb3f8ca958af129d2bf
org.eclipse.dirigible	dirigible-components-engine-cms-s3	10.6.23		88d1ddc47f7a81e7225763efaa1726af0cf16eba
org.eclipse.dirigible	dirigible-components-engine-cms-s3	10.6.24		a0e0133a364849d5a9039585a38be91fac516cca
org.eclipse.dirigible	dirigible-components-engine-cms-s3	10.6.25		ebc959731a52e00f18afd45932785f61600d2c33
org.eclipse.dirigible	dirigible-components-engine-cms-s3	10.6.26		a9d366bca864ba3a1c7e34eab89a153c329d242d
org.eclipse.dirigible	dirigible-components-engine-cms-s3	10.6.27		96d7b25d1e1b72680c42b25446b8fe27f1b06ce4
org.eclipse.dirigible	dirigible-components-engine-cms-s3	10.6.28		c2899e0940c0b661b72142857a890f41c69e4a66
org.eclipse.dirigible	dirigible-components-engine-cms-s3	10.6.29		e80b2c858c3c4e21ef2a8d3be61cd8b7edf582a9
org.eclipse.dirigible	dirigible-components-engine-cms-s3	10.6.3		e05996d2b838b48cc2b07d91f55ee8f9169c939c
org.eclipse.dirigible	dirigible-components-engine-cms-s3	10.6.30		ad4b7c2e220db1df41ee801a3e15db4456b5e54d
org.eclipse.dirigible	dirigible-components-engine-cms-s3	10.6.31		3c7678c038115f19f06c38c6b25ca6cccd9e8dd8
org.eclipse.dirigible	dirigible-components-engine-cms-s3	10.6.32		68e79aeb0e397018368ce94338837f96182b9843
org.eclipse.dirigible	dirigible-components-engine-cms-s3	10.6.33		990a79f058689383cc8ef08544aea8dc4c0c2344
org.eclipse.dirigible	dirigible-components-engine-cms-s3	10.6.34		8ddd688dc509efb44c1757c9f5a7d38aa0f8ba4d
org.eclipse.dirigible	dirigible-components-engine-cms-s3	10.6.36		8a980693eaed3b8f9cf45bbe11baa78bcf8ab30b
org.eclipse.dirigible	dirigible-components-engine-cms-s3	10.6.37		ee4e9aa8a26ebd3870d2503d2e585e9174b958ea
org.eclipse.dirigible	dirigible-components-engine-cms-s3	10.6.38		4fae5f6726a553c0e946b1d73858fc9568344c43
org.eclipse.dirigible	dirigible-components-engine-cms-s3	10.6.39		500351cfb89e82b7add09897f7319d569d201297
org.eclipse.dirigible	dirigible-components-engine-cms-s3	10.6.4		b70c917e6b817071218f64fe1bd3260a7dd4776f
org.eclipse.dirigible	dirigible-components-engine-cms-s3	10.6.41		4828adb7979a79c6d407ce6227b53da128ea3a67
org.eclipse.dirigible	dirigible-components-engine-cms-s3	10.6.42		8b490efa6d704759ec9544505e0b773b5245f4c3
org.eclipse.dirigible	dirigible-components-engine-cms-s3	10.6.43		1bedc21182db437633ac1f5019c627fcc3d92db3
org.eclipse.dirigible	dirigible-components-engine-cms-s3	10.6.44		7964ca7c29d257d3ed34776597f70c6c490dc6a1
org.eclipse.dirigible	dirigible-components-engine-cms-s3	10.6.45		03dc4ea548893f76212dbb7287dccddda8ca4002
org.eclipse.dirigible	dirigible-components-engine-cms-s3	10.6.47		57ccf3e7016a76498e897db73e995bf42034996d
org.eclipse.dirigible	dirigible-components-engine-cms-s3	10.6.48		861a97509a56bdceb5093044fe2070b920f1fd5a
org.eclipse.dirigible	dirigible-components-engine-cms-s3	10.6.5		fd14b73fcd6bf4889f2f45ccab1f3e984e2d630b
org.eclipse.dirigible	dirigible-components-engine-cms-s3	10.6.50		02a328e5e7256f56d09884509f2ba37368b94396
org.eclipse.dirigible	dirigible-components-engine-cms-s3	10.6.6		d9f877dd48a328e327de3a069bada4352dcd70c4
org.eclipse.dirigible	dirigible-components-engine-cms-s3	10.6.7		901206b2bf5fd88ebb902dab889f1143e24c83ad
org.eclipse.dirigible	dirigible-components-engine-cms-s3	10.6.8		dcb90361239c5b6dc20866ae52ce1b8f48b937c5
org.eclipse.dirigible	dirigible-components-engine-cms-s3	10.6.9		496b10bd9dfeb672200ddc340acfc042a3829320
org.eclipse.dirigible	dirigible-components-engine-cms-s3	11.1.0		ce3a9b9c8c461c372d866e0754dcea41af03c1bd
org.eclipse.dirigible	dirigible-components-engine-cms-s3	11.1.1		82eabf96900c17744ba3eeee54bc2473985667bf
org.eclipse.dirigible	dirigible-components-engine-cms-s3	11.11.0		b68ee245c8c65ecc4d73cff6e9a32554c61b2584
org.eclipse.dirigible	dirigible-components-engine-cms-s3	11.12.0		c0519353ab34c372c42d6dedac171a56ad96c3a1
org.eclipse.dirigible	dirigible-components-engine-cms-s3	11.13.0		618908d6008e5e034144d12cd1451b9d6a5280a2
org.eclipse.dirigible	dirigible-components-engine-cms-s3	11.14.0		5948e5856b6aae0e51b95097905d39091eac9527
org.eclipse.dirigible	dirigible-components-engine-cms-s3	11.15.0		695e6345f8e589fe6a573176a6441c0670dbecc0
org.eclipse.dirigible	dirigible-components-engine-cms-s3	11.16.0		48ac9e1bba998d65d1dffe9ca203776dd7532a94
org.eclipse.dirigible	dirigible-components-engine-cms-s3	11.17.0		e6dfb2f551e2b08aa714fda897cda32a9dd47496
org.eclipse.dirigible	dirigible-components-engine-cms-s3	11.18.0		fee0ad65e8d5efedf17c049a6603bfddae7747e1
org.eclipse.dirigible	dirigible-components-engine-cms-s3	11.19.0		e4a59c6693cc9d555b9362124661eec771b14a6c
org.eclipse.dirigible	dirigible-components-engine-cms-s3	11.2.0		61fd03e870754a078126fc68f73430fee21e0729
org.eclipse.dirigible	dirigible-components-engine-cms-s3	11.2.1		dfc7b5760c8ed9180a335d79cd111f50242677f0
org.eclipse.dirigible	dirigible-components-engine-cms-s3	11.2.3		bb45d344ee1e1e4f6f4dac729d23753e766d1d12
org.eclipse.dirigible	dirigible-components-engine-cms-s3	11.2.4		d2e835f33a9c6dbf5ccdd4b68f1342aa3067bcaf
org.eclipse.dirigible	dirigible-components-engine-cms-s3	11.2.5		84d8999f07af6dfff0292bfb2405abdb6490ec96
org.eclipse.dirigible	dirigible-components-engine-cms-s3	11.2.6		f912db6ec45b5f6c33df661a4b0a71522f598b47
org.eclipse.dirigible	dirigible-components-engine-cms-s3	11.20.0		405c78812ee1c5d6384bbd79733b72f67510a41e
org.eclipse.dirigible	dirigible-components-engine-cms-s3	11.22.0		db885f9d9119a140a99178d872f522523a67a248
org.eclipse.dirigible	dirigible-components-engine-cms-s3	11.23.0		24b22754137d08adf79904b9a780a79fd31a6c5d
org.eclipse.dirigible	dirigible-components-engine-cms-s3	11.24.0		0c60fa485175754c2ffe96722d253b87f1641143
org.eclipse.dirigible	dirigible-components-engine-cms-s3	11.25.0		5d13eee6d14d9899048bba13892726872d33c61c
org.eclipse.dirigible	dirigible-components-engine-cms-s3	11.26.0		8a1e6ebff4995cbcd2a38f7a2c49cb81ff8d0c55
org.eclipse.dirigible	dirigible-components-engine-cms-s3	11.27.0		256d44bf362f8bf9bd4472b6f79dc6f15a13aaa3
org.eclipse.dirigible	dirigible-components-engine-cms-s3	11.28.0		ed10ce2c90ec2ed27ed6e2e316d0755933cc1c01
org.eclipse.dirigible	dirigible-components-engine-cms-s3	11.29.0		8520fcde742562fc370a93f0691ece7ed8725d99
org.eclipse.dirigible	dirigible-components-engine-cms-s3	11.3.0		17e61d6facf429f6452e2edaeeade2d9a34f3262
org.eclipse.dirigible	dirigible-components-engine-cms-s3	11.30.0		4efa3f2e101404135c60bafe00e16ce334156725
org.eclipse.dirigible	dirigible-components-engine-cms-s3	11.31.0		627b36a9fd0e6a4edb486cbef9104231c12cdb8d
org.eclipse.dirigible	dirigible-components-engine-cms-s3	11.32.0		22bd70bd3d812bdcbbe0ea6f4fe3e9addb57b399
org.eclipse.dirigible	dirigible-components-engine-cms-s3	11.33.0		16dd2c1cb2f3a1c5f1ad1fbf94649a8c49f2db2f
org.eclipse.dirigible	dirigible-components-engine-cms-s3	11.34.0		6318b1095223016f1780680c1a1653902fb5c7e2
org.eclipse.dirigible	dirigible-components-engine-cms-s3	11.34.1		cc22f18102162f248a51d629aedb7ac291feda8f
org.eclipse.dirigible	dirigible-components-engine-cms-s3	11.35.0		a70089d0bfbc1eb233452ac4c3975baa41d71a2b
org.eclipse.dirigible	dirigible-components-engine-cms-s3	11.37.0		00773203c47995f971b4632868a173a1bae4e182
org.eclipse.dirigible	dirigible-components-engine-cms-s3	11.38.0		1af4baaf0ecfe46532289965ebffcd7390cf48f1
org.eclipse.dirigible	dirigible-components-engine-cms-s3	11.39.0		ffe9391ba1959673c83fd9fd6d04fe439b31df51
org.eclipse.dirigible	dirigible-components-engine-cms-s3	11.4.1		c46db90ca5456ca3aa57294c70f432f13787564a
org.eclipse.dirigible	dirigible-components-engine-cms-s3	11.40.0		0e43fd08b8f865c0d64e4c44cd71d1100f1c68fb
org.eclipse.dirigible	dirigible-components-engine-cms-s3	11.41.1		f268580f9362fa3e850cf82a6b90f991002fdf37
org.eclipse.dirigible	dirigible-components-engine-cms-s3	11.42.0		f51bedec598db8f46e1cd40c0ebe79847b0878d4
org.eclipse.dirigible	dirigible-components-engine-cms-s3	11.43.0		a40557e764fe7e78ecdb6e469a71db4bbcb54261
org.eclipse.dirigible	dirigible-components-engine-cms-s3	11.44.0		3f117f8c3dec3b4008bbe2018b9437faaf6855bd
org.eclipse.dirigible	dirigible-components-engine-cms-s3	11.5.0		553e4fbcacdcdaa3d676cd42042a358b8577a102
org.eclipse.dirigible	dirigible-components-engine-cms-s3	11.6.0		04557fa07288a21d040ed55c33257d7691dace68
org.eclipse.dirigible	dirigible-components-engine-cms-s3	11.6.1		df0c3fbcc265397e344aa0b173263000cd19d379
org.eclipse.dirigible	dirigible-components-engine-cms-s3	11.7.0		b90336bbbdcd871e643026f3bb5447a73c4fe814
org.eclipse.dirigible	dirigible-components-engine-cms-s3	11.8.0		7529004c87c8768f35e336dad097230eed39e9fb
org.eclipse.dirigible	dirigible-components-engine-cms-s3	11.9.0		0a937a5a3f66bd07f17791fcee8138d7cc9efa49
org.eclipse.dirigible	dirigible-components-engine-cms-s3	9.1.0		b4480a2365cc2e0af3b74322ee8a9e6a72e4399f
org.eclipse.dirigible	dirigible-components-engine-cms-s3	9.1.1		8785f37c339f7dd00383d192fd116a21a260eb36
org.eclipse.dirigible	dirigible-components-engine-cms-s3	9.2.0		a2d255346c3d8e034213d2b73db214d848ce8145
org.eclipse.dirigible	dirigible-components-engine-cms-s3	9.2.1		fe03d23d89db132a6667038f42100c5ec212c8b6
org.eclipse.dirigible	dirigible-components-engine-cms-s3	9.2.2		57c9408661387b889e3210600a5b7fb3ae7972d9
org.jcoderz.fawkez	fawkez-commons	2.0.0		30c5f681f0157ca486ed32572fb1784555dda894
org.linkedin	org.linkedin.util-core	1.0.0		4ce7bceb0809611f242dbbeb2159dcc5c063268a
org.linkedin	org.linkedin.util-core	1.2.0		d15c22ebf9062022b6f286de774f65554fd14660
org.linkedin	org.linkedin.util-core	1.2.1		0533a5387e58472435e4777ce40e0a2756665326
org.linkedin	org.linkedin.util-core	1.3.0		b6695323b65a35a63d8f47e66a977ff93360d8c3
org.linkedin	org.linkedin.util-core	1.4.0		82d05f7c2cb3eb7a33dd62d29c3731ad5241391e
org.linkedin	org.linkedin.util-core	1.5.0		15b214f5440918ded8290e898662b51952bb66bf
org.linkedin	org.linkedin.util-core	1.6.0		1fca0c4255768b75f8bfcb605ef6f0a37c8235cc
org.linkedin	org.linkedin.util-core	1.6.1		ca74ef423dab9124622dfdffd94befe069df4e17
org.linkedin	org.linkedin.util-core	1.7.0		d49aa1aef87919edcfcbc89f7f558d44269a3313
org.linkedin	org.linkedin.util-core	1.7.1		9ec912e372666408acbe74dc82227013a9d7cb3d
org.linkedin	org.linkedin.util-core	1.7.2		f77cb520ddf0561203de2b36af0bb188be21f2fb
org.linkedin	org.linkedin.util-core	1.8.0		28746dc45a71cf8ed4f4d1f8b2077d3ae36fd476
org.linkedin	org.linkedin.util-core	1.8.1		c7fb93fd6e00951fb1ce583be64845a8a525ac4c
org.linkedin	org.linkedin.util-core	1.9.0		386d9fc4b83457d486dce278b33237c5878ff7c6
org.mapsforge	vtm-models	0.11.0		c836cc2f839310ad0e5b8f5fc408b991e21baa51
org.mapsforge	vtm-models	0.11.1		6420f20b20ece0fd932c3ba9130e86a03b1ad311
org.mapsforge	vtm-models	0.12.0		c206ed4dcbfd85c8541c9cf9632739418c297e3d
org.mapsforge	vtm-models	0.13.0		fd69a4486ef8b3ccdb059b6416b92150ca562af1
org.mapsforge	vtm-models	0.14.0		443a373d2e3fb56785ec02476ef5ca7f8ca12740
org.mapsforge	vtm-models	0.15.0		cb4a5f375b5183903c1f6709403385d76884ffe0
org.mapsforge	vtm-models	0.16.0		e7047d23510c31eddc867e46312349ccd4cc0791
org.mapsforge	vtm-models	0.17.0		f10ad18845c8d8d2c535e1ea6cca82acdd03df23
org.mapsforge	vtm-models	0.18.0		33a460115377e2f8da026be40d9793dca00dcf5e
org.mapsforge	vtm-models	0.19.0		930a9166dd7ab79ddbcd937c458bd9cf6784be8f
org.mapsforge	vtm-models	0.20.0		672d0f0def90cc59c21936c3fc8e71675fd213c8
org.mapsforge	vtm-models	0.21.0		63ce2f3c21ab40c5fa873b246e1b1da6c5be06ec
org.mapsforge	vtm-models	0.22.0		24bf18925848fd44181d5e18f67ff121a4252135
org.mapsforge	vtm-models	0.23.0		cbb69950c461c8d1aee5f538fb9f03bd6d68ad00
org.mapsforge	vtm-models	0.24.0		8a30ae2ddc6b9fbaab6783ddc4c7e468747241a1
org.mapsforge	vtm-models	0.25.0		ee9c02f857d103e927bd1a413979a271aa1e4057
org.mortbay.jetty	cometd	6.0.0rc1		N/A
org.mortbay.jetty	cometd	6.0.0rc2		N/A
org.mortbay.jetty	cometd	6.1.0		2062cea53bccf6f3f1c916f7b414d27d52c36cca
org.mortbay.jetty	cometd	6.1.0pre0		511ab4e3a35e5317cd5cd77d050de00def077eb6
org.mortbay.jetty	cometd	6.1.0pre1		c2f6db312baeefc2ddc35f79caa8ea39a569bc7f
org.mortbay.jetty	cometd	6.1.0pre2		c2c911af949351217d0d4559d33b961ee385e9a4
org.mortbay.jetty	cometd	6.1.0pre3		d1d888e3745ccbd6d8de4c2d23166698a4e7f07e
org.mortbay.jetty	cometd	6.1.0rc0		1b23538923ee68456b335cd7081debe2568f0b62
org.mortbay.jetty	cometd	6.1.0rc1		6890dcce7c7d4ccb5de62d3835ac3cd7f0277cff
org.mortbay.jetty	cometd	6.1.0rc2		44d16c9ef43cdd661468e5d2dfb15b0deff37e66
org.mortbay.jetty	cometd	6.1.0rc3		1890c7dc15b167764e78855605e06547fd21572d
org.mortbay.jetty	cometd	6.1.1		0ec1056ebff70a3a82ca3d9622aa36065b8af07f
org.mortbay.jetty	cometd	6.1.1rc0		100f07ad100ce386bef0c84b0a76fceb3eb47af5
org.mortbay.jetty	cometd	6.1.1rc1		e9a8723fe1203bf9cdefc0df27390bbc86788238
org.mortbay.jetty	cometd	6.1.2		e577d8b616381db5757d3be87dede2edef161d2d
org.mortbay.jetty	cometd	6.1.2pre0		6c5b4637ac64604e1b64c972299ef56a946b4a1f
org.mortbay.jetty	cometd	6.1.2pre1		665755d1cd12065df96b11b92fba5c2d200e5e3a
org.mortbay.jetty	cometd	6.1.2rc0		077fb335f19d6325c228e267283ff2924f32771a
org.mortbay.jetty	cometd	6.1.2rc1		f673dccc852696cfd5a4cfd66cd60cc12a6bfa0c
org.mortbay.jetty	cometd	6.1.2rc2		c5d51b2aa11fa917ab1179d697c44105f8f151c7
org.mortbay.jetty	cometd	6.1.2rc4		1da2cc98bd6b1f2ea4eb1b465d4423684e99fe9a
org.mortbay.jetty	cometd	6.1.2rc5		1fca344680c1029c58d31706ce85053f8ab168ca
org.mortbay.jetty	cometd	6.1.3		4f3daac7476e87861a8bc599ed42752c7c45a5f7
org.mortbay.jetty	cometd	6.1.4		3ec766e8f73fa77a0dec96cb1bce455e98d82b7e
org.mortbay.jetty	cometd	6.1.4rc0		48f049b34a6fe44bea36987d712039da841f51fe
org.mortbay.jetty	cometd	6.1.4rc1		17c6cdc0834c40083164fcdaa0fa8c2d1a883738
org.mortbay.jetty	cometd	6.1H.4-beta		8e8ced7ffa08cb1d0ee22837a1ebc3752ac63d55
org.mortbay.jetty	cometd	6.1H.4rc1		4509f1dbf8b8c293bfefa887dac581c57912bdba
org.mvnpm	json-stable-stringify-without-jsonify	1.0.1		45ddfbf08b7639da54c306d1f536d6e098666b31
org.ow2.chameleon.fuchsia.tools	fuchsia-proxies-utils	0.0.2		f42ca9cc2ff4f724916dccc5aff2953b955f5d0e
org.ow2.chameleon.fuchsia.tools	fuchsia-proxies-utils	0.0.3		0d27531c095347a70da3a7fb9f101c2d3369e9b7
org.ow2.chameleon.fuchsia.tools	fuchsia-proxies-utils	0.0.4		406ac1e76f1e874fd19d711a3b54272c54c75760
org.sat4j	org.sat4j.sat	2.2.3		d0009bbf7bc1aa1f3185cce4784e69ab6774b8cc
org.sat4j	org.sat4j.sat	2.3.0		397cd23fbb91b8417e96792376ac7a9e18b99b75
org.springframework.cloud.stream.app	field-value-counter-app-starters-test-support	1.1.0.RELEASE		b736d1b01544e4873d93a970b3a7a6a442ac6942
org.springframework.cloud.stream.app	field-value-counter-app-starters-test-support	1.1.1.RELEASE		dfa948fdcd81d1291b5ef5ffe3d9b863b026dbda
org.springframework.cloud.stream.app	field-value-counter-app-starters-test-support	1.2.0.RELEASE		1515693fe79d392e45b1e47ff981e5af16508ded
org.springframework.cloud.stream.app	field-value-counter-app-starters-test-support	1.3.0.RELEASE		e69e6ba7fe8297affc56f3481172d1a628559e7b
org.springframework.cloud.stream.app	field-value-counter-app-starters-test-support	1.3.1.RELEASE		1f1769f1d3c431c9008c69ded8eb9095b11620b1
org.springframework.cloud.stream.app	field-value-counter-app-starters-test-support	2.0.0.RELEASE		58b6b6759da99dfb4443db1167c181df8d4c82c2
org.springframework.cloud.stream.app	field-value-counter-app-starters-test-support	2.0.1.RELEASE		21c3fae10bbd81b67102f4dcaf4298fa5d887404
org.springframework.cloud.stream.app	field-value-counter-app-starters-test-support	2.0.2.RELEASE		28bda058f49d79b051bc098a1b5122f3b71728c2
org.springframework.cloud.stream.app	field-value-counter-app-starters-test-support	2.0.3.RELEASE		7edae71a34a2c4ee372a1365405141f52f0dfde3
org.typelevel	cats-effect-testing-specs2_sjs1_3.0.0-RC3	1.1.0		4d83cadcdf06126cff70b5227f6170154c835d82
org.webjars.bower	chartjs	1.0.1		650d59a4dbbaf1f34a719c09188e95fd3b445989
org.webjars.bower	chartjs	1.0.2		9092a8eeaf381edf84cfa267a8b9e5770c35a1a9
org.webjars.bower	chartjs	1.1.1		424bdadb18c82a3c2d8bbc7099499f9f1bacc34e
org.webjars.bower	chartjs	2.0.0-alpha3		bcb928dd2adb2b04b7e1883c967a2f10374a6b4c
org.webjars.bower	chartjs	2.0.0-alpha4		734ae8267edd009b43aaaa36299b0312c0868d83
org.webjars.bower	chartjs	2.0.0-beta1		727ea95b8fea4ff7d7cbc04fcd4394d51e434522
org.webjars.bower	chartjs	2.0.0-beta2		b1428933bb8115b1334a68c5ea70c2395c4ec457
org.webjars.bower	chartjs	2.1.0		19bd978457c56d9790e41248eb9dd5d8f06fc27e
org.webjars.bower	chartjs	2.1.3		1b47f576dc0aaae780872af437b591b03d565084
org.webjars.bower	chartjs	2.1.6		16a1dce1af41fbf015d3674362a15a2047b1f90f
org.webjars.bower	chartjs	2.2.2		8e352fad9dcf33ea4e1f0bb7185d68ba21604ee9
org.webjars.bower	chartjs	2.3.0		c6b83cd8f9abc4852585b8c22dfcb70a815be286
org.webjars.bower	chartjs	2.4.0		664cb46d2685856f3c8fd5dfb28d71f379345103
org.webjars.bower	chartjs	2.5.0		b547570c9fa13768faf6f287de831681ff674353
org.webjars.bower	chartjs	2.6.0		95f8688a1de28b6c883d8fec7e54e3c8425ed7bb
org.webjars.bower	github-com-caolan-async	v2.0.0		dab9adfd1b71984828c5566f93509f98307da062
org.webjars.bower	github-com-caolan-async	v2.0.1		62c1d4de5fd22dd822e5382ba22574737dff5895
org.webjars.bowergithub.emersion	polymer-openstreetmap	0.0.4		0e0896ccd21f01aa9527b2cc3e7a3d5f3de79755
org.webjars.npm	js-string-escape	1.0.0		1620157fbe1fafaf32560c974fd29e0d83b33c09
org.webjars.npm	js-string-escape	1.0.1		96770e4fddd0477ae2df46f21dc5a657ce1e7612
org.webjars.npm	nitropack	1.0.0		31067b741fbb144ca2f9b1d410fe36058fb13d43
pl.ds.websight	websight-aem-ui-extension	1.0.2		N/A
su.povolzhye.gitlab	rocketchat-api	0.0.1		faf1d2461313079d416bddfef7ee77616d5c0952
su.povolzhye.gitlab	rocketchat-api	0.0.2		8f67461c58393bec6df2686d60cb7d0fe4c96d4f
su.povolzhye.gitlab	rocketchat-api	0.0.3		1828355f8a16ca2cb84b3ff0a01b7994781c4182
tz.co.asoft	raven-sms-console-tvosx64	3.0.11		N/A
tz.co.asoft	raven-sms-console-tvosx64	3.0.11	metadata	7d2702818c4d54f1415614db9ce644604ed0a329
tz.co.asoft	raven-sms-console-tvosx64	3.0.12		N/A
tz.co.asoft	raven-sms-console-tvosx64	3.0.12	metadata	460b9fa4b4b0f91fda3b0c6ec2080f6421642823
tz.co.asoft	raven-sms-console-tvosx64	3.0.13		N/A
tz.co.asoft	raven-sms-console-tvosx64	3.0.13	metadata	69159162ae127af0e3ad3f4edd70ff3d883364f8
tz.co.asoft	raven-sms-console-tvosx64	3.0.14		N/A
tz.co.asoft	raven-sms-console-tvosx64	3.0.14	metadata	00be330ae23653a8eccf4a47dfdb80aaa57cbf26
tz.co.asoft	raven-sms-console-tvosx64	3.0.15		N/A
tz.co.asoft	raven-sms-console-tvosx64	3.0.15	metadata	d4202c80c001affed19bf8ed6ee7a3bff7ad5a8c
tz.co.asoft	raven-sms-console-tvosx64	3.0.8		N/A
tz.co.asoft	raven-sms-console-tvosx64	3.0.8	metadata	9e0c2bd3d90f309e4b8e360c3b45f67240f53195
tz.co.asoft	raven-sms-console-tvosx64	3.0.9		N/A
tz.co.asoft	raven-sms-console-tvosx64	3.0.9	metadata	e95ce030a20afce3bea88665c0706fd5a3ade994
