ai.wordbox	networkextension	1.0.0		N/A
ai.wordbox	networkextension	1.0.1		N/A
ai.wordbox	networkextension	1.0.10		N/A
ai.wordbox	networkextension	1.0.11		N/A
ai.wordbox	networkextension	1.0.12		N/A
ai.wordbox	networkextension	1.0.2		N/A
ai.wordbox	networkextension	1.0.3		N/A
ai.wordbox	networkextension	1.0.4		N/A
ai.wordbox	networkextension	1.0.5		N/A
ai.wordbox	networkextension	1.0.6		N/A
ai.wordbox	networkextension	1.0.7		N/A
ai.wordbox	networkextension	1.0.7-RC1		N/A
ai.wordbox	networkextension	1.0.7-RC2		N/A
ai.wordbox	networkextension	1.0.7-RC3		N/A
ai.wordbox	networkextension	1.0.8-RC1		N/A
ai.wordbox	networkextension	1.0.9		N/A
ai.wordbox	networkextension	1.0.9-RC1		N/A
boo	boo	0.2		N/A
boo	boo	0.3		N/A
boo	boo	0.4		N/A
boo	boo	0.4.1		N/A
boo	boo	0.4.2		N/A
boo	boo	0.4.3		N/A
boo	boo	0.4.4		N/A
boo	boo	0.4.5		N/A
boo	boo	0.5		N/A
boo	boo	0.5.1		N/A
boo	boo	0.5.2		N/A
boo	boo	0.5.3.1544		N/A
boo	boo	0.5.4.1629		N/A
boo	boo	0.5.5.1651		N/A
boo	boo	0.5.6.1694		N/A
boo	boo	0.5.6.1701		N/A
boo	boo	0.5.6.1734.pkg		N/A
boo	boo	0.6.0.1858		N/A
boo	boo	0.7.0.1921		N/A
boo	boo	0.7.6.2063		N/A
boo	boo	0.7.6.2102		N/A
boo	boo	0.7.6.2107		N/A
boo	boo	0.7.6.2113		N/A
boo	boo	0.7.6.2117		N/A
boo	boo	0.7.6.2122		N/A
boo	boo	0.7.6.2123		N/A
boo	boo	0.7.6.2127		N/A
boo	boo	0.7.6.2130		N/A
boo	boo	0.7.6.2136		N/A
boo	boo	0.7.6.2144		N/A
boo	boo	0.7.6.2150		N/A
boo	boo	0.7.6.2156		N/A
boo	boo	0.7.6.2160		N/A
br.com.digisan	digisan-java	1.0.10		7e1bf95a2d2588b67a2dae0c3934bf90fca164a9
br.com.digisan	digisan-java	1.0.7		89c568932819258c02ae4e6077c7a028b245da80
br.com.digisan	digisan-java	1.0.8		79045a4eaf304edc4fdfdd5139c2ce6437648d09
br.com.digisan	digisan-java	1.0.9		87ca83be8e74ac684d30c89cebc1629dfd214927
co.touchlab	stately-isolate-watchosdevicearm64	2.0.0		N/A
co.touchlab	stately-isolate-watchosdevicearm64	2.0.0	metadata	7cf062d7c8a7cff3c56b53fd1c4659b934e4f90f
co.touchlab	stately-isolate-watchosdevicearm64	2.0.0-rc3		N/A
co.touchlab	stately-isolate-watchosdevicearm64	2.0.0-rc3	metadata	87c12e1646c7924287b44a8e9f544f3cf79036db
co.touchlab	stately-isolate-watchosdevicearm64	2.0.2		N/A
co.touchlab	stately-isolate-watchosdevicearm64	2.0.2	metadata	2b4ffe9e0a9470c73d0e7c75f6e8fd84b374a93b
co.touchlab	stately-isolate-watchosdevicearm64	2.0.3		N/A
co.touchlab	stately-isolate-watchosdevicearm64	2.0.3	metadata	a11413d7da9e7af19bdfc5db11af51c61e6c9ee6
co.touchlab	stately-isolate-watchosdevicearm64	2.0.4		N/A
co.touchlab	stately-isolate-watchosdevicearm64	2.0.4	metadata	edbef8260c341ad1207b2198c3ccae6a3d5c5d0c
co.touchlab	stately-isolate-watchosdevicearm64	2.0.5		N/A
co.touchlab	stately-isolate-watchosdevicearm64	2.0.5	metadata	e5d7934368e47d8f441626bf3848fe374043a971
co.touchlab	stately-isolate-watchosdevicearm64	2.0.6		N/A
co.touchlab	stately-isolate-watchosdevicearm64	2.0.6	metadata	11a8c87385084b31b746234d21d315032a7e0f83
co.touchlab	stately-isolate-watchosdevicearm64	2.0.7		N/A
co.touchlab	stately-isolate-watchosdevicearm64	2.0.7	metadata	bf72fe24352336ed902aa6a53273e5abb528c727
co.touchlab	stately-isolate-watchosdevicearm64	2.1.0		N/A
co.touchlab	stately-isolate-watchosdevicearm64	2.1.0	metadata	53ecc3cc4bc1aa6b1ee418e8743afe2ad6a32e94
com.aoindustries	ao-web-resources-registry	0.1.0		e69fa0d96a094fa9d9db34daef1bbb5a50e8969d
com.aoindustries	ao-web-resources-registry	0.2.0		ec835c8390fea352c1b5634eb4ecd0c455d43c16
com.aoindustries	ao-web-resources-registry	0.4.0		N/A
com.blackducksoftware.integration	integration-gradle-inspector	0.0.1		c68a505a075df66ca46cb31ecc48dfeb387a5710
com.blackducksoftware.integration	integration-gradle-inspector	0.0.2		3f931a90921d2459b1f90db35fd1f6f7d1c15182
com.blackducksoftware.integration	integration-gradle-inspector	0.0.3		e71efab0dca5dcb93a9f697b8e7e84692fd935d4
com.blackducksoftware.integration	integration-gradle-inspector	0.0.4		87c3b684da58986def1678d544e3d5e5781b5cbc
com.blackducksoftware.integration	integration-gradle-inspector	0.0.5		080a4c0282b3a3efcb44081d6be8a90fb9a7b2be
com.blackducksoftware.integration	integration-gradle-inspector	0.0.6		eae8314c85ff45ed7c2db315d43f6e172c787661
com.blackducksoftware.integration	integration-gradle-inspector	0.0.7		d3379ef3c2b93c4ef57eb29a98fed931f317d5e2
com.blackducksoftware.integration	integration-gradle-inspector	0.1.0		02e072dde5afa0fbde785d17b631e5af28611b57
com.blackducksoftware.integration	integration-gradle-inspector	0.2.0		9f67047d567a766b4cfa97ca869bebc07f4a8abf
com.blackducksoftware.integration	integration-gradle-inspector	0.2.1		c01c953ac5e32efbd8b2ea9e3e6106716ab57ea7
com.blackducksoftware.integration	integration-gradle-inspector	0.2.2		575ce027560f7d670f01f80988feef37c7ba71d6
com.blackducksoftware.integration	integration-gradle-inspector	0.3.0		b025a7d39ac4f4177b1cd9546e61cf8727643887
com.blackducksoftware.integration	integration-gradle-inspector	0.3.1		cc1e1a1b9a9a85ebb4c4096a07909c6ab5deeb4a
com.blackducksoftware.integration	integration-gradle-inspector	0.4.0		06860ec0319ce29e6a888310b1ba3a73c8090ea7
com.blackducksoftware.integration	integration-gradle-inspector	0.5.0		4b11533851e4a03ff1c9427b5cfa97cdf512dcef
com.blackducksoftware.integration	integration-gradle-inspector	0.5.1		709f43cc2a98ac928e293d6a00b55897a5c9cea7
com.blackducksoftware.integration	integration-gradle-inspector	0.6.0		2c1f583f730ffe4de6f985ca5585b6bea80bc50e
com.blackducksoftware.integration	integration-gradle-inspector	0.7.0		d5df1b0f3db1fd1dd57c461ba1c58f147d68b17f
com.blackducksoftware.integration	integration-gradle-inspector	0.7.1		c58a35b30fe64d30f14b094586de09fb9c3705a2
com.commercetools.sdk.jvm.core	commercetools-java-client-ahc-1_8	1.0.0		7247951a921b6f80e38b43f9e4e271429eda89ba
com.commercetools.sdk.jvm.core	commercetools-java-client-ahc-1_8	1.0.0-RC1		4f5d9d0a9676a22ce43178121ec51f77cef02a0a
com.commercetools.sdk.jvm.core	commercetools-java-client-ahc-1_8	1.0.0-RC2		09a4144a27ab2efd73dea420497d8497f21c720d
com.commercetools.sdk.jvm.core	commercetools-java-client-ahc-1_8	1.0.0-RC3		e97247ab1bbb56c47c58e8a4de6a4122aae55fed
com.commercetools.sdk.jvm.core	commercetools-java-client-ahc-1_8	1.0.0-RC4		25302a395a75ddc7846add23c56d49f12989d087
com.commercetools.sdk.jvm.core	commercetools-java-client-ahc-1_8	1.0.0-RC5		f9bf636f15bbe3ad4b4e2a32dad1d91d5976d6de
com.commercetools.sdk.jvm.core	commercetools-java-client-ahc-1_8	1.0.0-RC6		f125b4a14e373b9277b4e851ed280b2f933a9c9f
com.commercetools.sdk.jvm.core	commercetools-java-client-ahc-1_8	1.0.0-RC7		663b603df5da2d2ce49a3f52e3ba353500821c7f
com.commercetools.sdk.jvm.core	commercetools-java-client-ahc-1_8	1.0.0-RC8		e82020a6858f8b60fe3855d256dc2fc60fd5f667
com.commercetools.sdk.jvm.core	commercetools-java-client-ahc-1_8	1.1.0		af75828fa20d5e48a192293f472da6a94fc73b34
com.commercetools.sdk.jvm.core	commercetools-java-client-ahc-1_8	1.10.0		c1d1b136868e2a78c7a4a94295fe672dc4ca5857
com.commercetools.sdk.jvm.core	commercetools-java-client-ahc-1_8	1.11.0		3346f9faa54cb5c7d050f555a7b3609b78ef7924
com.commercetools.sdk.jvm.core	commercetools-java-client-ahc-1_8	1.12.0		0b3cb9b46bf00047f1ea168287b3214a564ec668
com.commercetools.sdk.jvm.core	commercetools-java-client-ahc-1_8	1.13.0		bb3d64dc372d8f9337eb44d11d45f4194d5004af
com.commercetools.sdk.jvm.core	commercetools-java-client-ahc-1_8	1.14.0		4a20c747aa18dd8bcde8550cc79f0a863088f76b
com.commercetools.sdk.jvm.core	commercetools-java-client-ahc-1_8	1.14.1		2f7741a137d3e935900d19ac07da499aa9fa9cd3
com.commercetools.sdk.jvm.core	commercetools-java-client-ahc-1_8	1.15.0		6421f0821e8ed51533ab30c1cba41bbb7944e8a6
com.commercetools.sdk.jvm.core	commercetools-java-client-ahc-1_8	1.16.0		f4e28df596f958d4b0efe7da7e4b7a5bf29dd43e
com.commercetools.sdk.jvm.core	commercetools-java-client-ahc-1_8	1.17.0		5c27b7a251d6f3ff8535002701e604d665d20e3f
com.commercetools.sdk.jvm.core	commercetools-java-client-ahc-1_8	1.18.0		8b1523ff9c678e283a68f3ffbd1e6b55b06c2df5
com.commercetools.sdk.jvm.core	commercetools-java-client-ahc-1_8	1.19.0		dd82a3f577a02515832df3c87aaa72a3a776c1aa
com.commercetools.sdk.jvm.core	commercetools-java-client-ahc-1_8	1.2.0		645d4fd44c295a801fc75bea805dbc44fed8cd6c
com.commercetools.sdk.jvm.core	commercetools-java-client-ahc-1_8	1.20.0		8c810ba7221309b3d8ed1c4d8ad0d1d8565a5d1c
com.commercetools.sdk.jvm.core	commercetools-java-client-ahc-1_8	1.21.0		610e7f01a67b5d54aa06c6182ad913e99bf66c06
com.commercetools.sdk.jvm.core	commercetools-java-client-ahc-1_8	1.22.0		d5a3fb8a90d9ab9b662bee16e6072e188418022c
com.commercetools.sdk.jvm.core	commercetools-java-client-ahc-1_8	1.23.0		c3bad5ead159e156cc0226501c5658a82111e86c
com.commercetools.sdk.jvm.core	commercetools-java-client-ahc-1_8	1.23.1		d661a5a34d555c6a8439ae3b7c477f7b50eb2a34
com.commercetools.sdk.jvm.core	commercetools-java-client-ahc-1_8	1.24.0		224c01745b010599a005d4caf09a8fddc0ff1c8b
com.commercetools.sdk.jvm.core	commercetools-java-client-ahc-1_8	1.25.0		951093b70997e5125c72d6f60a863ed83c308acd
com.commercetools.sdk.jvm.core	commercetools-java-client-ahc-1_8	1.26.0		0f2b669a9307d29b53a98f45fb873efd84ed6e95
com.commercetools.sdk.jvm.core	commercetools-java-client-ahc-1_8	1.26.1		31f0fc70b324946a99cff44d2fb1ea5bf05dfac1
com.commercetools.sdk.jvm.core	commercetools-java-client-ahc-1_8	1.27.0		13018265a5a881b0b6b8c42c4c812ee66a660a6c
com.commercetools.sdk.jvm.core	commercetools-java-client-ahc-1_8	1.28.0		a289e393b52f21da7690d7ca78fc8899c8e4d7d0
com.commercetools.sdk.jvm.core	commercetools-java-client-ahc-1_8	1.29.0		9536713ed7889c4a6cff6d56bb0044496f41c796
com.commercetools.sdk.jvm.core	commercetools-java-client-ahc-1_8	1.29.1		44366866ffb461bdfaf4f97ceb8b80a27ae9584f
com.commercetools.sdk.jvm.core	commercetools-java-client-ahc-1_8	1.3.0		7ab3c59d03d4e21f7c5bde9875b3ffed23f30ee9
com.commercetools.sdk.jvm.core	commercetools-java-client-ahc-1_8	1.30.0		1dd2e54114a6b694021ca277f3b782ddff05eb17
com.commercetools.sdk.jvm.core	commercetools-java-client-ahc-1_8	1.31.0		06056306ac2fcccfa52d4323b5727620c7b7143d
com.commercetools.sdk.jvm.core	commercetools-java-client-ahc-1_8	1.32.0		b8ed33e1a91dfe4b181c4846eeab77b5527b98be
com.commercetools.sdk.jvm.core	commercetools-java-client-ahc-1_8	1.33.0		54b9a633a0499ce22397d0784453e9d65db3e8d1
com.commercetools.sdk.jvm.core	commercetools-java-client-ahc-1_8	1.34.0		7552eeccb548aa2cba52ebc8c8dc18fefe428427
com.commercetools.sdk.jvm.core	commercetools-java-client-ahc-1_8	1.35.0		7133ba316bd55992dc95aee45e743daa081a1c27
com.commercetools.sdk.jvm.core	commercetools-java-client-ahc-1_8	1.36.0		fd1eb93eda053c627816f71ccd9525c5cfd32b6c
com.commercetools.sdk.jvm.core	commercetools-java-client-ahc-1_8	1.37.0		3ae65b240625c347c887fef0de1f49d57fe454bf
com.commercetools.sdk.jvm.core	commercetools-java-client-ahc-1_8	1.38.0		4714e77708d8431cdae69ddfff9c36c03c40bca0
com.commercetools.sdk.jvm.core	commercetools-java-client-ahc-1_8	1.39.0		149831b56260e73611b2b7c1b317818962ac8f37
com.commercetools.sdk.jvm.core	commercetools-java-client-ahc-1_8	1.4.0		bb62c40a66f0a9cb9819a3930ef46b5d994b493c
com.commercetools.sdk.jvm.core	commercetools-java-client-ahc-1_8	1.40.0		5f05ca5031b90638e715f7140b53d70552fca959
com.commercetools.sdk.jvm.core	commercetools-java-client-ahc-1_8	1.41.0		6f8216c943743ca0108d0fae3e24f37fa69353a2
com.commercetools.sdk.jvm.core	commercetools-java-client-ahc-1_8	1.42.0		c84be437ddccfa7d77428504e94953cb56d5b08b
com.commercetools.sdk.jvm.core	commercetools-java-client-ahc-1_8	1.43.0		c2a4798b2bf6b1ad5fc17ab1234f55b092b6eefd
com.commercetools.sdk.jvm.core	commercetools-java-client-ahc-1_8	1.44.0		e8af2421390a1faa8010d1da7c9ae91d1c9d7524
com.commercetools.sdk.jvm.core	commercetools-java-client-ahc-1_8	1.45.0		92de7dcf577d113d70c47304aa6085848300b585
com.commercetools.sdk.jvm.core	commercetools-java-client-ahc-1_8	1.46.0		38d21f9d529ed463b6cebed2e920c5f578498310
com.commercetools.sdk.jvm.core	commercetools-java-client-ahc-1_8	1.47.0		28ea7faa2a74f98b5aff20d9772d1de5873333c1
com.commercetools.sdk.jvm.core	commercetools-java-client-ahc-1_8	1.48.0		f23f3a41872b1d4964a10caf676f63255bed680a
com.commercetools.sdk.jvm.core	commercetools-java-client-ahc-1_8	1.49.0		abfd1bb6a65f58e57669d3d2cde0c133f8ea7212
com.commercetools.sdk.jvm.core	commercetools-java-client-ahc-1_8	1.5.0		b65948664799ec3e746a13af395f92a53b13de13
com.commercetools.sdk.jvm.core	commercetools-java-client-ahc-1_8	1.50.0		10a4db6eac5f3f5fdae3caf0938f89ab2e5a15fb
com.commercetools.sdk.jvm.core	commercetools-java-client-ahc-1_8	1.51.0		9010794310a8a11ac2acac4d5ef643f478de9225
com.commercetools.sdk.jvm.core	commercetools-java-client-ahc-1_8	1.52.0		f60bd26ceda4166ee2768ee06d7dc8d4dac98d37
com.commercetools.sdk.jvm.core	commercetools-java-client-ahc-1_8	1.53.0		2c30ad6ab03c17199efb37d5e0d9a8e01e93b3a4
com.commercetools.sdk.jvm.core	commercetools-java-client-ahc-1_8	1.54.0		aa57ad5d2c28cdab21ad92c948b364d4024544c4
com.commercetools.sdk.jvm.core	commercetools-java-client-ahc-1_8	1.55.0		f566a6b75e85903a1d00dba1fe0df70dff139fd2
com.commercetools.sdk.jvm.core	commercetools-java-client-ahc-1_8	1.56.0		7e3cf2bc53d1a26c3afe64a8299f3301543bf6e7
com.commercetools.sdk.jvm.core	commercetools-java-client-ahc-1_8	1.58.0		0af3c7252c38cea32e0432de2232ac2e62319be9
com.commercetools.sdk.jvm.core	commercetools-java-client-ahc-1_8	1.59.0		1203ff5e3179519b0afc9a04a6391c1147eeab40
com.commercetools.sdk.jvm.core	commercetools-java-client-ahc-1_8	1.6.0		518de4926fc84c532afe19e67d40f7f54061cfad
com.commercetools.sdk.jvm.core	commercetools-java-client-ahc-1_8	1.60.0		2fd08a6ab9e1e745021857e23f2019e0117b9bcc
com.commercetools.sdk.jvm.core	commercetools-java-client-ahc-1_8	1.61.0		3c93f6e6b94e8137a1ab0b75a2839f1d6485e7b2
com.commercetools.sdk.jvm.core	commercetools-java-client-ahc-1_8	1.62.0		d3ae5d5b5039ed76ac412424c671923322506714
com.commercetools.sdk.jvm.core	commercetools-java-client-ahc-1_8	1.63.0		ae7b6ca0956730e31779dca08ef017bafc4b16a1
com.commercetools.sdk.jvm.core	commercetools-java-client-ahc-1_8	1.64.0		d1533905ddd72af824ccc5d61e5f781418f389bf
com.commercetools.sdk.jvm.core	commercetools-java-client-ahc-1_8	1.64.1		e01e5c2cf3c7a6d6be493eff1fbf2eb15399fee4
com.commercetools.sdk.jvm.core	commercetools-java-client-ahc-1_8	1.64.2		d6b4e93dff0a68ce233dc7c703da0a971ce92f19
com.commercetools.sdk.jvm.core	commercetools-java-client-ahc-1_8	1.64.3		bb7b181515a055690ee176709aa381677c2769f4
com.commercetools.sdk.jvm.core	commercetools-java-client-ahc-1_8	1.7.0		9fe85cc4add2c5860db2781a95048b9c670bfbf8
com.commercetools.sdk.jvm.core	commercetools-java-client-ahc-1_8	1.8.0		f8799b809d1a5b1669f9008b63695bc6c19e1dff
com.commercetools.sdk.jvm.core	commercetools-java-client-ahc-1_8	1.9.0		c8bcf06a95e82ff702d1641e657e04b645034b4c
com.commercetools.sdk.jvm.core	commercetools-java-client-ahc-1_8	2.0.0		203d2f89d9062da1c9bbe3281997e010cecf403e
com.commercetools.sdk.jvm.core	commercetools-java-client-ahc-1_8	2.1.0		33a52b4db2d5465d55083f89148c7f76d8e346b9
com.commercetools.sdk.jvm.core	commercetools-java-client-ahc-1_8	2.10.0		7265463d61d2eb9d66586831a9dd8232c600f82c
com.commercetools.sdk.jvm.core	commercetools-java-client-ahc-1_8	2.12.0		15219d4a96d8bdb64ac19dbba56d91d0f1955a2e
com.commercetools.sdk.jvm.core	commercetools-java-client-ahc-1_8	2.14.0		e06241e8bff69bc9fed607b648d34591265bc6ba
com.commercetools.sdk.jvm.core	commercetools-java-client-ahc-1_8	2.2.0		122668c9463bc1eff463dd47e91078c7ebb1bbec
com.commercetools.sdk.jvm.core	commercetools-java-client-ahc-1_8	2.3.0		24733070dbf9156845fdf8ca3c898ac450cf97d7
com.commercetools.sdk.jvm.core	commercetools-java-client-ahc-1_8	2.4.0		a1b220aee03ac50431a5d3323be59144c221a72c
com.commercetools.sdk.jvm.core	commercetools-java-client-ahc-1_8	2.5.0		85172023ae8d2b89a2d2f3988f359b508b3e9302
com.commercetools.sdk.jvm.core	commercetools-java-client-ahc-1_8	2.6.0		b4c1f36784e3fb7cc90a0ce5dc55ff6a358a5d2b
com.commercetools.sdk.jvm.core	commercetools-java-client-ahc-1_8	2.7.0		620a904b4b79749ccc86178b9bd122d2de0f3909
com.commercetools.sdk.jvm.core	commercetools-java-client-ahc-1_8	2.8.0		a14b6e08b3547cfd0b026d6c84dd3153962c6882
com.commercetools.sdk.jvm.core	commercetools-java-client-ahc-1_8	2.9.0		bcfd7751457a1caafbf1622caebf2e0a6d3f76ae
com.github.alexarchambault.jupyter	scala-cli_2.11.7	0.3.0		6b0dc09bd1c80a0328b0b9656af33fda64f06181
com.github.alexarchambault.jupyter	scala-cli_2.11.7	0.3.0-M1		9f5c59861648926fe68c67d917083b5549c594be
com.github.alexarchambault.jupyter	scala-cli_2.11.7	0.3.0-M2		87148e5a310a5127f15b0194ea8e4537e73a951c
com.github.alexarchambault.jupyter	scala-cli_2.11.7	0.3.0-M3		2136fe2fdda286d7a3bc124ca735cee5cb0b07e5
com.github.alexarchambault.jupyter	scala-cli_2.11.7	0.3.0-M3-2		bede1fde6bda5a36fb31fa57c52f3649de69b7f0
com.github.obase	obase-loader	0.5.0		4691d88b61377a217808999e7cf74c0095ff691a
com.github.obase	obase-loader	0.6.0		394a0aa8bdcccc2247d81b75b4e9676e0808d849
com.github.obase	obase-loader	0.7.0		be7953769c6f070cace035314ea8e2c33d8459eb
com.github.obase	obase-loader	0.8.0		0804e1e3bf8b6f443f7ba47fff19fc22b3d2e44f
com.github.obase	obase-loader	0.8.1		fe34d2bfe53dc78d9ae325f367cb48c0383a3892
com.github.obase	obase-loader	0.8.2		6b98af6386681b922bce3280c0a17c158cb3c555
com.github.obase	obase-loader	0.8.3		ae4e0c1cbd6bfee6fd09f6ea1c01fcfc0e01529d
com.github.polok	clicknumberpicker	0.1.0		N/A
com.github.polok	clicknumberpicker	0.1.1		N/A
com.github.polok	clicknumberpicker	0.1.2		N/A
com.github.seratch	scalikejdbc-interpolation_2.10	1.3.6		da75b83c23fdd7c3309baffeb4f3f83081153b68
com.github.seratch	scalikejdbc-interpolation_2.10	1.4.0		bf2a1b1f0d11290a71da473bd41cf5f03f1e08e0
com.github.seratch	scalikejdbc-interpolation_2.10	1.4.1		188c4b9dab9a00784cde39cfa0ba869d80c76315
com.github.seratch	scalikejdbc-interpolation_2.10	1.4.2		d2129225b3f17ad7c65bbc0ffe798f53edd3c575
com.github.seratch	scalikejdbc-interpolation_2.10	1.4.3		9022bdf4d07a7000f4c2b6deda4b65756503d2ad
com.github.seratch	scalikejdbc-interpolation_2.10	1.4.4		c42ec64468e9d6eae74356a94f33f658946fd506
com.github.seratch	scalikejdbc-interpolation_2.10	1.4.5		a2c95f865f72abf49076137c8ee068a0da1b6337
com.github.seratch	scalikejdbc-interpolation_2.10	1.4.6		809e1084d84da3c6cfc32f61b021c1c2883c9b1a
com.github.seratch	scalikejdbc-interpolation_2.10	1.4.7		72a510616c5964fb4c55331322a4477a1b19f781
com.github.seratch	scalikejdbc-interpolation_2.10	1.4.8		1598b169d0e86d780727d52106d59e2292b0c87b
com.github.seratch	scalikejdbc-interpolation_2.10	1.5.0		4615d628018327b19c95a4fcc0671df28ba675f5
com.github.seratch	scalikejdbc-interpolation_2.10	1.5.1		a09a723f06678e7c73ee9d1375794595aad25b70
com.github.seratch	scalikejdbc-interpolation_2.10	1.5.2		40dea6caf70a11575c818b0c17172e57beca2ece
com.github.seratch	scalikejdbc-interpolation_2.10	1.5.3		fd36880030dd48b6fff0c80fa4ac9d1c595f6b1b
com.github.seratch	scalikejdbc-interpolation_2.10	1.5.4		30cf142840a93bc741b2ae99570aacf09c1b8107
com.github.seratch	scalikejdbc-interpolation_2.10	1.6.0		ca6f7c54887c7fb14de4b0614d11f1034d42ed29
com.github.seratch	scalikejdbc-interpolation_2.10	1.6.1		0bcdff8e6831f7acea2bca8296f57738cd9e5b67
com.github.seratch	scalikejdbc-interpolation_2.10	1.6.10		58f03564f79bf8586e5d21fc37656799f0c881e9
com.github.seratch	scalikejdbc-interpolation_2.10	1.6.11		f55d99e7eb14fc6ce7fd24b6bff01f92fbacfe35
com.github.seratch	scalikejdbc-interpolation_2.10	1.6.2		3cc4bf130c418dacb052bf2c2a1e643c1bc9c5a1
com.github.seratch	scalikejdbc-interpolation_2.10	1.6.3		4e053fa771d831f29f1fbaf2c921521af2239b91
com.github.seratch	scalikejdbc-interpolation_2.10	1.6.4		aca5fc4fd18f0b17279d8a5353c54f58b78167ff
com.github.seratch	scalikejdbc-interpolation_2.10	1.6.5		4e55c55c7eb167b9d6bf6dd388dabbc982bd0efa
com.github.seratch	scalikejdbc-interpolation_2.10	1.6.6		15dcf1c619801790387f725f1d2c38d49e1e2496
com.github.seratch	scalikejdbc-interpolation_2.10	1.6.7		e51a486ddf6d7956d54d55c3e77dbb491f862d61
com.github.seratch	scalikejdbc-interpolation_2.10	1.6.8		dfeca4bc68021018da67a722f2b4cccb6baeef95
com.github.seratch	scalikejdbc-interpolation_2.10	1.6.9		b8402b53e196cf8eb0ea9f89bc5f5e250497cc1b
com.github.shediao.crashsdk	beta	1.0.9.4		N/A
com.github.shediao.crashsdk	beta	2.1.1.0		N/A
com.github.vindell	jwt-issuer-api	1.0.1.RELEASE		a5285deac7768d41768971ffc5244a15277e3ee5
com.github.vindell	jwt-issuer-api	1.0.2.RELEASE		3b7316e5d2bbd734cb89cd0ae5ceb4dc387bd75c
com.github.vindell	jwt-issuer-api	1.0.3.RELEASE		18c312ff7cffd09e978c854911296d79640fc76b
com.github.xenoby	scalafix-reflect_2.11.12	0.6.0-M12-patch1		b4aafaaa49c2073d7086eb0d190b615cc3befdec
com.github.xenoby	scalafix-reflect_2.11.12	0.6.0-M12-patch2		e4f82b78d3c0d0ba7bec0415cde9a6f557011d62
com.io7m.jdae	com.io7m.jdae.documentation	0.1.2		a82abec0394944994bfb4c5c4a4be3d3b1bb67e9
com.meta.spatial	meta-spatial-sdk-hotreload	0.5.2		N/A
com.meta.spatial	meta-spatial-sdk-hotreload	0.5.3		N/A
com.meta.spatial	meta-spatial-sdk-hotreload	0.5.4		N/A
com.meta.spatial	meta-spatial-sdk-hotreload	0.5.5		N/A
com.meta.spatial	meta-spatial-sdk-hotreload	0.6.0		N/A
com.nilcaream.atto	atto-testing	0.1		376f84c725971549cc5698e82f2fc9e7a7d52b25
com.nilcaream.atto	atto-testing	1.0		8604c3a681289374a608ab3e5ded5f3f8d449391
com.nilcaream.atto	atto-testing	1.1		8eab798561c93157a6c9e6d012d03effde2f5e41
com.ocadotechnology	pass4s-phobos_2.13	0.1.0		b670fa20aa68c9f934f9b11a5d27eea215f61c46
com.ocadotechnology	pass4s-phobos_2.13	0.1.0-RC1		60b131e63a6f1775d3a0954dacef4f1206637fd1
com.ocadotechnology	pass4s-phobos_2.13	0.1.1		41d7107fab69f6345033a25230aa98244c602ce4
com.ocadotechnology	pass4s-phobos_2.13	0.2.0		b38eac57155b33e70e372a0c6cae092d458a8310
com.ocadotechnology	pass4s-phobos_2.13	0.2.1		c3165d5c9b6f6fd5ebe96517d89d8bf8f3e04ddb
com.ocadotechnology	pass4s-phobos_2.13	0.2.2		00419fbb36e26c09c1e69c502b65ac0ddf66ca0c
com.ocadotechnology	pass4s-phobos_2.13	0.2.3		f39faec66d6ca98be3a40d82de93990fce05e617
com.ocadotechnology	pass4s-phobos_2.13	0.3.0		35caa773013f840c16d06fd6adc8bf7ac46e2ade
com.ocadotechnology	pass4s-phobos_2.13	0.3.1		156cbd945762b780cf0bb214fec5eb8083d4cc7b
com.ocadotechnology	pass4s-phobos_2.13	0.4.0		a930e1109c76c20dc4816d6f2a82e0677e02c0de
com.ocadotechnology	pass4s-phobos_2.13	0.4.1		b0bb53783434b5108104e188cbca2579b2f13398
com.ocadotechnology	pass4s-phobos_2.13	0.4.10		5cbebd33ab60548b541d5c126981337a9db32d25
com.ocadotechnology	pass4s-phobos_2.13	0.4.2		ace611196b683aed80b2d37c8c0a9770a75690c8
com.ocadotechnology	pass4s-phobos_2.13	0.4.4		bfb8d4fdffe9cbfede1a4748e1a07f4d4d28d6d8
com.ocadotechnology	pass4s-phobos_2.13	0.4.5		3db326fee1da08112e2d89ebae573ff78dde4900
com.ocadotechnology	pass4s-phobos_2.13	0.4.6		723a713e02228b6fb3bb1ec33bd5b4e431b26a35
com.ocadotechnology	pass4s-phobos_2.13	0.4.7		01d5e7cb08215c76046e7e3daf2f8c1678d768fc
com.ocadotechnology	pass4s-phobos_2.13	0.4.8		91516be78d3540faf071a9609dcf233eae400864
com.ocadotechnology	pass4s-phobos_2.13	0.4.9		02d02b323eda9d25478fb80d61eb50ac11735a7b
com.ocadotechnology	pass4s-phobos_2.13	1.0.0-RC1		6a4797d90275c447139364c5886cf87fdbbbb4b0
com.propensive	acyclicity-core	0.1.0		69218b314125f257826d122c76be9126aae767d1
com.propensive	acyclicity-core	0.2.0		1873fd5e8f05b1902f712b07d282ee25e9df1488
com.propensive	acyclicity-core	0.3.0		14c423dcb1e41036f549d9ea05bcba7df3535093
com.qcloud.cos	flink-cos-fs	1.10.0-0.1.10		N/A
com.qcloud.cos	flink-cos-fs	1.10.0-0.2.3		N/A
com.rklaehn	sonicreducer_2.12	0.5.0		064c4d1aa5b263c675b56ddb550db254477458b0
com.segment.analytics.kotlin.destinations	consent	1.1.0		N/A
com.segment.analytics.kotlin.destinations	consent	1.2.0		N/A
com.segment.analytics.kotlin.destinations	consent	1.2.1		N/A
com.segment.analytics.kotlin.destinations	consent	1.2.2		N/A
com.segment.analytics.kotlin.destinations	consent	1.2.3		N/A
com.segment.analytics.kotlin.destinations	consent	1.3.0		N/A
com.segment.analytics.kotlin.destinations	consent	1.4.0		N/A
com.stanfy.enroscar	enroscar-stats	0.9.10		N/A
com.stanfy.enroscar	enroscar-stats	0.9.11		N/A
com.stanfy.enroscar	enroscar-stats	0.9.12		N/A
com.stanfy.enroscar	enroscar-stats	1.0		N/A
com.stanfy.enroscar	enroscar-stats	1.1.0		N/A
com.stanfy.enroscar	enroscar-stats	1.2		N/A
com.stanfy.enroscar	enroscar-stats	2.0.alpha1		N/A
com.stanfy.enroscar	enroscar-stats	2.0.alpha4		N/A
com.twitter	summingbird-storm-java_2.10	0.5.0		b5f6c1b6e25216331571e4e71de9bfe17a1b2a11
com.twitter	summingbird-storm-java_2.10	0.5.1		78c8dee91b9d23d033b51f3436d6a9f08d0c4e97
com.twitter	summingbird-storm-java_2.10	0.5.2rc2		eff95b992120164b912f4d69704a09213c279734
com.twitter	summingbird-storm-java_2.10	0.5.2rc3		e368a0737a71d88cf686ca67b7f710b3e72c841b
com.twitter	summingbird-storm-java_2.10	0.5.2rc4		084784d85350f2f2dcffb80971884685cd7b561e
com.twitter	summingbird-storm-java_2.10	0.5.2rc5		9d7e77598d9e8b0b51c51d5a855875ff702cfc5f
com.twitter	summingbird-storm-java_2.10	0.5.2rc6		df2f636034f92d8eb804c0266ca767875faaa4d6
com.twitter	summingbird-storm-java_2.10	0.6.0		bcd171cc9c2315dcf9afa59a9757a9634941bc4f
com.twitter	summingbird-storm-java_2.10	0.7.0		e30baadc84e82cf3659499fe864d070ff8406f45
com.twitter	summingbird-storm-java_2.10	0.8.0		e6d30d280a1ebe082f586640986d6c2c9e954859
com.usercentrics.sdk	usercentrics-ui-unity	2.10.0-unity		N/A
com.usercentrics.sdk	usercentrics-ui-unity	2.10.3-unity		N/A
com.usercentrics.sdk	usercentrics-ui-unity	2.11.0-unity		N/A
com.usercentrics.sdk	usercentrics-ui-unity	2.11.1-unity		N/A
com.usercentrics.sdk	usercentrics-ui-unity	2.11.2-unity		N/A
com.usercentrics.sdk	usercentrics-ui-unity	2.11.3-unity		N/A
com.usercentrics.sdk	usercentrics-ui-unity	2.11.4-unity		N/A
com.usercentrics.sdk	usercentrics-ui-unity	2.12.0-unity		N/A
com.usercentrics.sdk	usercentrics-ui-unity	2.13.0-unity		N/A
com.usercentrics.sdk	usercentrics-ui-unity	2.13.1-unity		N/A
com.usercentrics.sdk	usercentrics-ui-unity	2.13.2-unity		N/A
com.usercentrics.sdk	usercentrics-ui-unity	2.14.1-unity		N/A
com.usercentrics.sdk	usercentrics-ui-unity	2.14.2-unity		N/A
com.usercentrics.sdk	usercentrics-ui-unity	2.15.0-unity		N/A
com.usercentrics.sdk	usercentrics-ui-unity	2.15.1-unity		N/A
com.usercentrics.sdk	usercentrics-ui-unity	2.15.2-unity		N/A
com.usercentrics.sdk	usercentrics-ui-unity	2.15.4-unity		N/A
com.usercentrics.sdk	usercentrics-ui-unity	2.15.5-unity		N/A
com.usercentrics.sdk	usercentrics-ui-unity	2.15.6-unity		N/A
com.usercentrics.sdk	usercentrics-ui-unity	2.16.0-unity		N/A
com.usercentrics.sdk	usercentrics-ui-unity	2.17.0-unity		N/A
com.usercentrics.sdk	usercentrics-ui-unity	2.17.1-unity		N/A
com.usercentrics.sdk	usercentrics-ui-unity	2.17.2-unity		N/A
com.usercentrics.sdk	usercentrics-ui-unity	2.17.3-unity		N/A
com.usercentrics.sdk	usercentrics-ui-unity	2.18.0-unity		N/A
com.usercentrics.sdk	usercentrics-ui-unity	2.18.1-unity		N/A
com.usercentrics.sdk	usercentrics-ui-unity	2.18.2-unity		N/A
com.usercentrics.sdk	usercentrics-ui-unity	2.18.3-unity		N/A
com.usercentrics.sdk	usercentrics-ui-unity	2.18.4-unity		N/A
com.usercentrics.sdk	usercentrics-ui-unity	2.18.5-unity		N/A
com.usercentrics.sdk	usercentrics-ui-unity	2.18.6-unity		N/A
com.usercentrics.sdk	usercentrics-ui-unity	2.18.9-unity		N/A
com.usercentrics.sdk	usercentrics-ui-unity	2.19.0-unity		N/A
com.usercentrics.sdk	usercentrics-ui-unity	2.20.0-unity		N/A
com.usercentrics.sdk	usercentrics-ui-unity	2.3.0		N/A
com.usercentrics.sdk	usercentrics-ui-unity	2.3.1		N/A
com.usercentrics.sdk	usercentrics-ui-unity	2.4.0		N/A
com.usercentrics.sdk	usercentrics-ui-unity	2.4.1		N/A
com.usercentrics.sdk	usercentrics-ui-unity	2.5.2-unity		N/A
com.usercentrics.sdk	usercentrics-ui-unity	2.6.1-unity		N/A
com.usercentrics.sdk	usercentrics-ui-unity	2.7.1-unity		N/A
com.usercentrics.sdk	usercentrics-ui-unity	2.7.10-unity		N/A
com.usercentrics.sdk	usercentrics-ui-unity	2.7.12-unity		N/A
com.usercentrics.sdk	usercentrics-ui-unity	2.7.15-unity		N/A
com.usercentrics.sdk	usercentrics-ui-unity	2.7.2-unity		N/A
com.usercentrics.sdk	usercentrics-ui-unity	2.7.4-unity		N/A
com.usercentrics.sdk	usercentrics-ui-unity	2.7.44-unity		N/A
com.usercentrics.sdk	usercentrics-ui-unity	2.7.7-unity		N/A
com.usercentrics.sdk	usercentrics-ui-unity	2.7.8-unity		N/A
com.usercentrics.sdk	usercentrics-ui-unity	2.8.0-unity		N/A
com.usercentrics.sdk	usercentrics-ui-unity	2.8.2-unity		N/A
com.usercentrics.sdk	usercentrics-ui-unity	2.8.3-unity		N/A
com.usercentrics.sdk	usercentrics-ui-unity	2.8.4-unity		N/A
com.usercentrics.sdk	usercentrics-ui-unity	2.8.5-unity		N/A
com.usercentrics.sdk	usercentrics-ui-unity	2.8.7-unity		N/A
com.usercentrics.sdk	usercentrics-ui-unity	2.9.0-unity		N/A
com.zepben	mvn-lib-ci-test	0.10.0-SNAPSHOT1		1a0cece80cc993bde8afe64b8ae115338de7c492
de.bottlecaps.rr	rr-webapp	1.67		N/A
de.bottlecaps.rr	rr-webapp	2.0		N/A
de.bottlecaps.rr	rr-webapp	2.1		N/A
de.bottlecaps.rr	rr-webapp	2.2		N/A
de.bottlecaps.rr	rr-webapp	2.3		N/A
de.bottlecaps.rr	rr-webapp	2.4		N/A
im.actor	actor-api-java	1.5		aa222fd56974ce25dee88b633bd8d1dc3229023d
im.actor	actor-api-java	1.6		c6ff203c555f408a846b51abcd6b7fba3c45f425
im.actor	actor-api-java	1.6.2		852338eed622b8ee85a9029380a1608d6ea2819c
im.actor	actor-api-java	1.6.3		0b31410033f71ac499bfb86e9f3fc7ab576881fa
im.actor	actor-api-java	1.6.4		e7553a86ffca12534ec6d0d54131d74e87b6f5b1
im.actor	actor-api-java	2.0.0		d4602960a92c51fdbd76549d8a47435e9fb96911
im.actor	actor-api-java	2.1.0		0569b3db01be57ab7357ca68259ce51021587a72
im.actor	actor-api-java	2.1.1		f659a7b6b6d7b64527733c1ce41e615572d8d0f6
im.actor	actor-api-java	2.1.2		a9071e08e1c371e758191d878c829e8ac54709cb
im.actor	actor-api-java	2.1.3		be48132eb0a5d1ac4e1294456c17fa3890aaf1c5
im.actor	actor-api-java	2.2.0		44151b9226e7584e20d091aa2f6a3c91be9a6678
io.fabric8.archetypes	funktion-nodejs-example-archetype	2.2.127		ad8e6f5dcdd264f79c8148f857b9546aac201410
io.fabric8.archetypes	funktion-nodejs-example-archetype	2.2.130		644f95d9c214507e94848fd5c3bfefed2d55a8da
io.fabric8.archetypes	funktion-nodejs-example-archetype	2.2.131		4d4ce27bcbebca6311670c189da9dba95f13f507
io.fabric8.archetypes	funktion-nodejs-example-archetype	2.2.132		098f36fd644ea12d10b587a3f8538401e89a1417
io.fabric8.archetypes	funktion-nodejs-example-archetype	2.2.133		941f38e27305a5348d34d9bac8790638ba445573
io.fabric8.archetypes	funktion-nodejs-example-archetype	2.2.134		9b93503a07e73e995a020d1a46f16a5a2120b5d8
io.fabric8.archetypes	funktion-nodejs-example-archetype	2.2.135		03d9b97984d45a6f3762e61d857d53ea48d5ec0f
io.fabric8.archetypes	funktion-nodejs-example-archetype	2.2.136		7e998ccdce5da78207971e388033aa59491af2b3
io.fabric8.archetypes	funktion-nodejs-example-archetype	2.2.138		d80c4810f0053e1f369b4daa6b94941edd731107
io.fabric8.archetypes	funktion-nodejs-example-archetype	2.2.140		cc16f53c919d368c3357b048e58ebafbe3d8ccc2
io.fabric8.archetypes	funktion-nodejs-example-archetype	2.2.141		cfe0ead940c114f4caf3a0a2dc8a9e0a80aa20f0
io.fabric8.archetypes	funktion-nodejs-example-archetype	2.2.142		23c06069d52db5cb1c9d32c5bde26fe4862ce764
io.fabric8.archetypes	funktion-nodejs-example-archetype	2.2.144		9f382a061f9972128ad19a74842084f7e98cce4b
io.fabric8.archetypes	funktion-nodejs-example-archetype	2.2.145		51b2fb89b01275186698700fbe08e10ea3ddf136
io.fabric8.archetypes	funktion-nodejs-example-archetype	2.2.148		3e75efaf68f5c073faf10b599620e9a6382a076f
io.fabric8.archetypes	funktion-nodejs-example-archetype	2.2.149		0274eb931b0e512122225cd85b80bc3b6bcb5cf1
io.fabric8.archetypes	funktion-nodejs-example-archetype	2.2.151		be145fdece02d526d36c7a586bb1c0898a16cd43
io.fabric8.archetypes	funktion-nodejs-example-archetype	2.2.152		06646e1fdc2b3f04849c06cac730e58f5b220a8d
io.fabric8.archetypes	funktion-nodejs-example-archetype	2.2.159		165575ae738b11972d01756bf39a81b7a43393b1
io.fabric8.archetypes	funktion-nodejs-example-archetype	2.2.160		a5d0d32d254b7182fe86515337b6aced0a9e046a
io.fabric8.archetypes	funktion-nodejs-example-archetype	2.2.161		6487d88d188897e6e90efd20c3e0f0b7790b0785
io.fabric8.archetypes	funktion-nodejs-example-archetype	2.2.162		d2f2a1fce0099e2cdccf1e9b8a9c805c59ed7b22
io.fabric8.archetypes	funktion-nodejs-example-archetype	2.2.163		4bdaa7946abe18006318e72558b4c9d6124d9619
io.fabric8.archetypes	funktion-nodejs-example-archetype	2.2.164		c841ba745b923bd1d961c0fd51b0b89a8520cdd2
io.fabric8.archetypes	funktion-nodejs-example-archetype	2.2.166		03dcfd22e55b77ef972206fc8b9ac1e89f897f02
io.fabric8.archetypes	funktion-nodejs-example-archetype	2.2.167		45e1c290baf17c404bb6e8463860a152fa81c2be
io.fabric8.archetypes	funktion-nodejs-example-archetype	2.2.168		b9507d1e2488c5ec884959db88bacc2ef1440d36
io.fabric8.archetypes	funktion-nodejs-example-archetype	2.2.169		df8d471ba1f8e1f971ce77858e69853a9fff0e42
io.fabric8.archetypes	funktion-nodejs-example-archetype	2.2.170		43b29da22fc083e6075acac5464c2ba521c17b6c
io.fabric8.archetypes	funktion-nodejs-example-archetype	2.2.171		b331f2b0ac3c83fc31985ae42c01e356a0cc408c
io.fabric8.archetypes	funktion-nodejs-example-archetype	2.2.172		27ab1534ff8621b43957e1452d7805bc43144bae
io.fabric8.archetypes	funktion-nodejs-example-archetype	2.2.173		1b77c3f05a886fdf5359367ae73634acf1ff609c
io.fabric8.archetypes	funktion-nodejs-example-archetype	2.2.174		71c2947141852df141f8df354203e9d4ffce369d
io.fabric8.archetypes	funktion-nodejs-example-archetype	2.2.175		68639e3a3df580e0399a382807834f486900e431
io.fabric8.archetypes	funktion-nodejs-example-archetype	2.2.176		3fa82cc841091d0fa2fd643cb50df38d8fefc8a8
io.fabric8.archetypes	funktion-nodejs-example-archetype	2.2.177		8b04ef88b93950c4c7f51b737d4ffd80e9d26d93
io.fabric8.archetypes	funktion-nodejs-example-archetype	2.2.179		33ca960a4206ee14a85f889cdea5cf9533e399fe
io.fabric8.archetypes	funktion-nodejs-example-archetype	2.2.180		99096448fae9f9da3ed27de659cc5dbc7e8f9123
io.fabric8.archetypes	funktion-nodejs-example-archetype	2.2.181		c431bf7a3c65808d9db6aad0ef0d14c5f695b6a8
io.fabric8.archetypes	funktion-nodejs-example-archetype	2.2.182		f519537066c07f9bfb7db2f640be9b71450c211a
io.fabric8.archetypes	funktion-nodejs-example-archetype	2.2.184		73c8a4432af06f7a3f54e7ef32576e316f6e7903
io.fabric8.archetypes	funktion-nodejs-example-archetype	2.2.185		f6422f3c17bcaf5925875419ae0919c42bb75a64
io.fabric8.archetypes	funktion-nodejs-example-archetype	2.2.187		12a41687e67a98e48a6a5fdfcdb11879cdff0316
io.fabric8.archetypes	funktion-nodejs-example-archetype	2.2.189		4806408e8118ff27ebe30b5b63fe81e1d574d64f
io.fabric8.archetypes	funktion-nodejs-example-archetype	2.2.190		a48cd6a06463dcd3c7fe1abc2fa29b6732938d57
io.fabric8.archetypes	funktion-nodejs-example-archetype	2.2.191		1e5c8dd1ee36b0c1713263bbaf5e56f9c40b6882
io.fabric8.archetypes	funktion-nodejs-example-archetype	2.2.192		786beff6e20d969304cc2118a6c96aed6b53dc0f
io.fabric8.archetypes	funktion-nodejs-example-archetype	2.2.193		563811f381fc67ca037092c116968517447c7bac
io.fabric8.archetypes	funktion-nodejs-example-archetype	2.2.194		9feb23da571d8e7ee74bcee0afae706d7a93775d
io.fabric8.archetypes	funktion-nodejs-example-archetype	2.2.195		bf9a2f140114b464bce6c5c14e8bff97d2202589
io.fabric8.archetypes	funktion-nodejs-example-archetype	2.2.196		24318ddd7a703f54d97fda1a5b8e6586a0e9590e
io.fabric8.archetypes	funktion-nodejs-example-archetype	2.2.197		c12a86e07befecc23b4179d1a55b62c67b5c9f28
io.get-coursier	coursier-extra_2.10	1.0.0		9a70f90ec922502133a71034a5239c072c7452e3
io.get-coursier	coursier-extra_2.10	1.0.0-RC10		081551dc096dfb45823c50c849cbe88c7fe1a003
io.get-coursier	coursier-extra_2.10	1.0.0-RC11		9d95bc9d0982431e156efd798fc5a4b02dd57cbe
io.get-coursier	coursier-extra_2.10	1.0.0-RC12		36b61834e5eaceea9f2eb6ff2524b0978d67fcb0
io.get-coursier	coursier-extra_2.10	1.0.0-RC12-1		f8c4be3e64251e777d0eac3c3b173de041747dd6
io.get-coursier	coursier-extra_2.10	1.0.0-RC13		bd14538a3378a76c1b26161ba74fbdf10c398801
io.get-coursier	coursier-extra_2.10	1.0.0-RC14		64a185251f2c148fa9e77bef39816bd0d9f6d0c8
io.get-coursier	coursier-extra_2.10	1.0.0-RC3		bd94e1dd8677c3ab299a2001edbf20d9ad9cf145
io.get-coursier	coursier-extra_2.10	1.0.0-RC4		6824caad9380b95ea889cd779e2a87891c2fe080
io.get-coursier	coursier-extra_2.10	1.0.0-RC5		b153240a10b4c4f0e0e9a249fb4d966b8c46191b
io.get-coursier	coursier-extra_2.10	1.0.0-RC6		2121649df3eb13a4b0ed27bbfe3693756e588fe2
io.get-coursier	coursier-extra_2.10	1.0.0-RC7		60f77e93864d342188c5d656906486286a7a331a
io.get-coursier	coursier-extra_2.10	1.0.0-RC8		3f47942742ed5e98f6976919e1f74d88ce4d93f1
io.get-coursier	coursier-extra_2.10	1.0.0-RC9		f2baac0d0fe0573b769d2e695118f15dbb7da02b
io.get-coursier	coursier-extra_2.10	1.0.1		9adb099a3c85ed25613042d186b335b2febe0bdc
io.get-coursier	coursier-extra_2.10	1.0.1-M1		8091b6ec875937e4b1837d04cf1751f9eb39228b
io.get-coursier	coursier-extra_2.10	1.0.2		01a1d094218690111bc6687ce9ecff5ddce9cb0f
io.get-coursier	coursier-extra_2.10	1.0.3		37bd14666632b4eada1dbca04e8ed4257855bc02
io.get-coursier	coursier-extra_2.10	1.1.0-M1		5262d4049462b138d7bff7ff0903f1723667fc18
io.get-coursier	coursier-extra_2.10	1.1.0-M2		15d5c759f26098b5547f392978e75ccc91ecb1f1
io.get-coursier	coursier-extra_2.10	1.1.0-M3		1b660a600b147bade75246efc06b58325c8c6413
io.get-coursier	coursier-extra_2.10	1.1.0-M4		654ee5e73206238e125237285be48ba432dec5f8
io.get-coursier	coursier-extra_2.10	1.1.0-M5		3117c7e36eb4938dc4c1214fcac1fbab7664cc11
io.get-coursier	coursier-extra_2.10	1.1.0-M6		ed1100137e75f39176350b75409208076dd6e901
io.get-coursier	coursier-extra_2.10	1.1.0-M7		762d22bbd6288402952a0dad7ee47fd3ef69b580
io.github.chriseteka.paystackclient	paystack-clients	1.0.0		4aad17d4012a4f8fa1e00f7fec8733cd66d9d397
io.github.felixgilioli	felix-utils	1.0		5e4602855077aa0108db20dd102f94f89be93253
io.github.felixgilioli	felix-utils	1.0.1		dbdd77b6a142ab6b195642049e732e306984f4f0
io.github.felixgilioli	felix-utils	1.1.1		e6d76ba22b82e365d2cbe6dd21876c7b36c95b08
io.github.felixgilioli	felix-utils	1.2.1		07fecb4cc5c651697b41190a0ee29ac0ce18f259
io.github.jeremyrsmith	parsel-parser_2.11	0.1.0		51bcab988950178514d0553b62bb81c88471a818
io.github.jeremyrsmith	parsel-parser_2.11	0.1.1		0a681dae04f460088e0cc47da633a29319c0dc0f
io.github.lzh0379	jdatepicker	2.0.3		7b1e6924704607d8b61c36a12aa447edaf8eae71
io.github.openconnectors	connector-jdbc	0.0.2		b81be646117a5b9c754081abacffcd56b3b5635a
io.github.openconnectors	connector-jdbc	0.0.3		d422e67b4a5ccb6c0874e4107a42e1e30c36de21
io.github.pangzixiang.whatsit	vertx-http-gateway-connector	1.0.1		1dd775238002bd3bacab0658a9eddce4c8281d90
io.github.pangzixiang.whatsit	vertx-http-gateway-connector	1.0.2		03f308c108ef480424c4b569d829867f5df413c3
io.github.pangzixiang.whatsit	vertx-http-gateway-connector	1.0.3		cde5cf3a54a0cd7e338d67f1e21b0337f57deca0
io.github.pangzixiang.whatsit	vertx-http-gateway-connector	1.0.4		c7637d891b966e41348d6eabc59ae8a693e9e245
io.github.pangzixiang.whatsit	vertx-http-gateway-connector	1.0.5		e1878e327c2ff412f8bd8feb16e9d8f7537bd3ba
io.github.pangzixiang.whatsit	vertx-http-gateway-connector	1.0.6		467ba9d34255efc867efbd8833c9bbffd13a733f
io.github.pangzixiang.whatsit	vertx-http-gateway-connector	1.1.0		426c096b463a95fc323fa3e8121b8ad9ea63a5ba
io.github.pangzixiang.whatsit	vertx-http-gateway-connector	1.1.1		efd5f82c094150253b82c98bac2586f583f30e56
io.github.pangzixiang.whatsit	vertx-http-gateway-connector	1.1.10		08c219eb53072de204d43d3fbdfe8c911e55078a
io.github.pangzixiang.whatsit	vertx-http-gateway-connector	1.1.11		29f1a38d2e5bf984f3e1494c6f753cbb085edf4a
io.github.pangzixiang.whatsit	vertx-http-gateway-connector	1.1.12		30f18e95550b648dd58d7538b2f03f060a469e37
io.github.pangzixiang.whatsit	vertx-http-gateway-connector	1.1.13		14efa401efc2af245505f84238ee6c7c9566149d
io.github.pangzixiang.whatsit	vertx-http-gateway-connector	1.1.14		d0cc1b50e3d0670a6aff1d44919d9ab1258fcb89
io.github.pangzixiang.whatsit	vertx-http-gateway-connector	1.1.15		c30191e244b000ddf4e4f430114a4427cf7b0435
io.github.pangzixiang.whatsit	vertx-http-gateway-connector	1.1.16		75f0eb7388d11824d1d88efb34bfba85e07afbf9
io.github.pangzixiang.whatsit	vertx-http-gateway-connector	1.1.17		a640a9c628a9bfc00249dcd176cf39275640f64f
io.github.pangzixiang.whatsit	vertx-http-gateway-connector	1.1.2		fcc2ad6f583d3e9d893e9242a459079265c00f65
io.github.pangzixiang.whatsit	vertx-http-gateway-connector	1.1.3		3192272541153d601c2fb925022172efecdd4546
io.github.pangzixiang.whatsit	vertx-http-gateway-connector	1.1.4		862aa56f67f86a6457b6078cb34503145e173c2b
io.github.pangzixiang.whatsit	vertx-http-gateway-connector	1.1.5		f4636578dab7c4ccba0fb9e48b1112dce8a77f12
io.github.pangzixiang.whatsit	vertx-http-gateway-connector	1.1.6		7047324b313d7cbb5c324d6498ce52ff11820135
io.github.pangzixiang.whatsit	vertx-http-gateway-connector	1.1.7		d82b50d4040d87e64ea05a8ff72665f7ecfd3278
io.github.pangzixiang.whatsit	vertx-http-gateway-connector	1.1.8		fa0d24d267c080b7a87c7480737764c267788ef4
io.github.pangzixiang.whatsit	vertx-http-gateway-connector	1.1.9		5bf762cf54a80763a871dbcf3fb9a77a08113433
io.github.pangzixiang.whatsit	vertx-http-gateway-connector	1.2.0		71dad9b4418344e4a138aec1570ff365baee9a14
io.github.pangzixiang.whatsit	vertx-http-gateway-connector	1.2.1		9e419f99a0e1a8408880e2011a7f70ddcff2fffc
io.github.pangzixiang.whatsit	vertx-http-gateway-connector	1.2.10		03a0c6e5182b6ab2b4d42069494edc93ad29e935
io.github.pangzixiang.whatsit	vertx-http-gateway-connector	1.2.11		354a3b68a5bdbfd12b3515197ed4b9a4c43037c6
io.github.pangzixiang.whatsit	vertx-http-gateway-connector	1.2.12		7cd852811478c08bb7b22ad32ab76bfdff05d151
io.github.pangzixiang.whatsit	vertx-http-gateway-connector	1.2.13		97831a8f93058a28318f5b3eb4c9715d119fb0ec
io.github.pangzixiang.whatsit	vertx-http-gateway-connector	1.2.14		873acafe07d386435eef4023e232c09474b4d8dc
io.github.pangzixiang.whatsit	vertx-http-gateway-connector	1.2.15		457214c283e32feb7e78a6db35b418a9ff233cff
io.github.pangzixiang.whatsit	vertx-http-gateway-connector	1.2.2		7bd1fddd1d3800cfb22515415ce470992dc047b5
io.github.pangzixiang.whatsit	vertx-http-gateway-connector	1.2.3		deb5c0c093f55d0ade5ac86a48e873b8a50a4ebd
io.github.pangzixiang.whatsit	vertx-http-gateway-connector	1.2.4		1e61a8a9efddac4bf969fbbb4a94002720ebfbeb
io.github.pangzixiang.whatsit	vertx-http-gateway-connector	1.2.5		590e0c508d200cc90174904c78b3cf26a60b5573
io.github.pangzixiang.whatsit	vertx-http-gateway-connector	1.2.6		c680ea164becdc7548ad989e462cb1a4988e1aa5
io.github.pangzixiang.whatsit	vertx-http-gateway-connector	1.2.7		a56f3a0002ca219f3c528772cb01456cf3f5d473
io.github.pangzixiang.whatsit	vertx-http-gateway-connector	1.2.8		7fbf475ffa3c2a0ae04710061e426d7326348ea4
io.github.pangzixiang.whatsit	vertx-http-gateway-connector	1.2.9		00dededed4a5f606eadc01d45e3c0b95fca1bc92
io.github.pangzixiang.whatsit	vertx-http-gateway-connector	1.3.0		cc66e43f97cf3343366066a34683c48a993a0823
io.github.pangzixiang.whatsit	vertx-http-gateway-connector	1.3.1		ee3d21c44a911537ddb51eed46e491ee6caf7a9f
io.github.pangzixiang.whatsit	vertx-http-gateway-connector	1.3.2		9450b925b1d9452418e0af85baa92ad69c4534f5
io.github.pangzixiang.whatsit	vertx-http-gateway-connector	1.3.3		5f216ff253c41e08b947bfc504587b590437a389
io.github.pangzixiang.whatsit	vertx-http-gateway-connector	1.3.6		3ab2bb0b054aadcde5d86cfafa4f1a33cd342732
io.github.proto4j	proto4j-dx	1.16		4bb533aee69cfd5b778669f720c3bd645a89de68
io.github.proto4j	proto4j-dx	1.16.1		7fd4d5bce5f39f630b74765c24d8f1ca761fbc50
io.github.redteamobile	dp-plus-sdk	1.0.0		7fd1e2d48fa55e8fdf067bbc2d85bfcbcabaa433
io.github.redteamobile	dp-plus-sdk	1.1.0		7bca29f23ce204341c3d50c7f96c2aac7e3ab7d5
io.github.redteamobile	dp-plus-sdk	1.1.1		c2f16c3ca4e88b142c78fe993f56ae527e29112c
io.github.redteamobile	dp-plus-sdk	1.2.0		3e2b83dc386d04612436edfe112abcf3b0807f3f
io.github.redteamobile	dp-plus-sdk	1.3.0		22defd14d4bf96cf9048be2f25746fae8d8bad5b
io.github.redteamobile	dp-plus-sdk	1.3.1		430bf02be6dcd2462fd6707cc1166ee744f6d92f
io.github.redteamobile	dp-plus-sdk	1.3.2		5727f2a9b7a6a2bbb92ed230dcc7b923a2809bca
io.github.redteamobile	dp-plus-sdk	1.3.3		567d8940dc773e80b8c503a6ff38feca2f6220e4
io.github.redteamobile	dp-plus-sdk	1.3.5		44c189aede8b81c23dfa4432214742111daec870
io.github.redteamobile	dp-plus-sdk	1.3.6		b51363698c2e2e3c680ec9f02bcf620608dcf657
io.github.redteamobile	dp-plus-sdk	1.3.7		85352917991090d20d0703d4675e0070dcafd5cd
io.github.redteamobile	dp-plus-sdk	1.3.8		022dbe73bf30fc35405e9e8ff2ed6748c602b7d0
io.github.redteamobile	dp-plus-sdk	1.3.9		587fbfb8c89b189f5d603ee0754b4fe746f41a2b
io.github.redteamobile	dp-plus-sdk	1.4.1		7a0437d4f7f3f08bd2cebfd434628f9fb10ebc4d
io.github.redteamobile	dp-plus-sdk	1.4.2		30e385b0e011fb9c028bb77c5e982238a555bc25
io.github.redteamobile	dp-plus-sdk	1.4.3		b5c1f1a5e35bc1f696b5f7e76203692445eb5d37
io.github.redteamobile	dp-plus-sdk	1.4.4		093a3474edce931ebe56a45d909d12c84ef8d85e
io.github.redteamobile	dp-plus-sdk	1.4.5		421ddf1df98b79b9a490e93e9fad718ab55ee390
io.github.redteamobile	dp-plus-sdk	1.4.6		7bf05c3e116a4a69e1b5da4407f08c49909f1520
io.github.redteamobile	dp-plus-sdk	1.4.7		710e6bd5f1207ef5a4794db68acd6830c99a4901
io.github.redteamobile	dp-plus-sdk	1.4.8		7fd4b161665f6c291ff8bd5d252c2d250627d280
io.github.redteamobile	dp-plus-sdk	1.5.0		d33feeab76a450bae30eb004c84e9fa7dc6b0cd7
io.github.redteamobile	dp-plus-sdk	1.5.1		4e110c2abd067468cbf550dde4aa69751347d524
io.github.redteamobile	dp-plus-sdk	1.5.2		3ad7fbbe08aa5642c04a81102348dd6ef85d4c1f
io.github.redteamobile	dp-plus-sdk	1.5.3		ed3ba759b392c594e4115be1f18e02d9fedda1cd
io.pivotal	arca-app	1.0-beta		N/A
io.pivotal	arca-app	1.0-beta.3		N/A
io.rhiot	rhiot-cloudplatform-paas-services	0.1.4		67b98a358689983825490b69a2a66d99fef7b9cf
nu.zoom.svansprogram	svansprogram-gui	1.0		e2855112f90b965b8a0e8a095cdf0a18fefb9f32
nu.zoom.svansprogram	svansprogram-gui	2.2		25d02867a7b77002a79004bd0c753569ad62c839
nu.zoom.svansprogram	svansprogram-gui	3.0		ed6970b121f8eaadfcc93769b17b1f20294d2e6c
org.apache.aries.spifly	org.apache.aries.spifly.static.tool	1.0.0		4fc37648a71d67ce8d710076ae7dfef410a8c29e
org.apache.aries.spifly	org.apache.aries.spifly.static.tool	1.0.0	jar-with-dependencies	7cacfcfeb01bc72fc12ac3af1dacc8be6bf5842f
org.apache.aries.spifly	org.apache.aries.spifly.static.tool	1.0.1		2cce2baa76e6f406ef39dc68e3f0c4b9cce5f953
org.apache.aries.spifly	org.apache.aries.spifly.static.tool	1.0.1	jar-with-dependencies	110ab45428d87343ab922539818aeb98d0bb3be3
org.apache.aries.spifly	org.apache.aries.spifly.static.tool	1.0.10		90343cc4ad190748cd0bc47834d6743179b8b5f4
org.apache.aries.spifly	org.apache.aries.spifly.static.tool	1.0.10	jar-with-dependencies	22fad710e6de29a16ce3dd75fec0107d78ee6cd2
org.apache.aries.spifly	org.apache.aries.spifly.static.tool	1.0.12		f9646f58530d570fa0109993c524429c093dad46
org.apache.aries.spifly	org.apache.aries.spifly.static.tool	1.0.12	jar-with-dependencies	f5129e58d7bc4a1b32df7a12e9c68e5d74f04bb8
org.apache.aries.spifly	org.apache.aries.spifly.static.tool	1.0.14		9aa7d01a2a402008bdf20b12daa672ccacec2322
org.apache.aries.spifly	org.apache.aries.spifly.static.tool	1.0.14	jar-with-dependencies	362fc126802e6ffde03ab8753a7b69b473d83230
org.apache.aries.spifly	org.apache.aries.spifly.static.tool	1.0.2		babad004346ae61370240ac54f86824f2dd4d75d
org.apache.aries.spifly	org.apache.aries.spifly.static.tool	1.0.2	jar-with-dependencies	b410ac2313d5bc9ade4029fa746ae4da4aa31728
org.apache.aries.spifly	org.apache.aries.spifly.static.tool	1.0.4		7a00f0b485f770c866109ecc13222eaeb22a3bac
org.apache.aries.spifly	org.apache.aries.spifly.static.tool	1.0.4	jar-with-dependencies	446f4fd67e0f226ca21af744e07399629235d781
org.apache.aries.spifly	org.apache.aries.spifly.static.tool	1.0.6		ebff17892f39b9c74e01b71dcd607671a84ef621
org.apache.aries.spifly	org.apache.aries.spifly.static.tool	1.0.6	jar-with-dependencies	c242b73e5e431af6892cd42d262f2f743c5b6ecc
org.apache.aries.spifly	org.apache.aries.spifly.static.tool	1.0.8		05f7b1be6ca34466c89b6fe031571034782ff231
org.apache.aries.spifly	org.apache.aries.spifly.static.tool	1.0.8	jar-with-dependencies	8e69f4047c28eed69e307594ca2a3dec902a3e65
org.apache.aries.spifly	org.apache.aries.spifly.static.tool	1.1		7b94a8f635e89332473b377c68c677eb9b5abddf
org.apache.aries.spifly	org.apache.aries.spifly.static.tool	1.1	jar-with-dependencies	2f25861c07ea2f2f9a2abcf24dece168a0ef37a2
org.apache.aries.spifly	org.apache.aries.spifly.static.tool	1.2		e3717279abf1898e97772154077dff6a9b5a5324
org.apache.aries.spifly	org.apache.aries.spifly.static.tool	1.2	jar-with-dependencies	b7fd0710e04c5512a681c02d3ad01d653d83eacd
org.apache.aries.spifly	org.apache.aries.spifly.static.tool	1.2.1		082c089cb4d87a3276b441503dcd772ec4efc917
org.apache.aries.spifly	org.apache.aries.spifly.static.tool	1.2.1	jar-with-dependencies	2f7a5b085f1673e143039b975d9465b7848cbcf5
org.apache.aries.spifly	org.apache.aries.spifly.static.tool	1.2.2		475c8571ac1149708f9458766e2ccf6596a8b6a7
org.apache.aries.spifly	org.apache.aries.spifly.static.tool	1.2.2	jar-with-dependencies	19f71d4736d46c2fedbd0085e9bb02eba715e9bc
org.apache.aries.spifly	org.apache.aries.spifly.static.tool	1.2.3		2a7a46f52ff90edc98b984df724e8da12f495914
org.apache.aries.spifly	org.apache.aries.spifly.static.tool	1.2.3	jar-with-dependencies	0ae9ebf31b518107e199db755e653d0ddd52d931
org.apache.aries.spifly	org.apache.aries.spifly.static.tool	1.2.4		5dc127762e8f93b575b84774a00e51ffd2ad2c6f
org.apache.aries.spifly	org.apache.aries.spifly.static.tool	1.2.4	jar-with-dependencies	0c7031aa5789c89c93b9ba6373108c91ad6a8941
org.apache.aries.spifly	org.apache.aries.spifly.static.tool	1.3.0		4b119b73de6c23eafc8bdc6e8d8404c84441cae7
org.apache.aries.spifly	org.apache.aries.spifly.static.tool	1.3.0	jar-with-dependencies	942a4f6563ce3e0aaa85325adcec61fa484676da
org.apache.aries.spifly	org.apache.aries.spifly.static.tool	1.3.1		438ff6e776e773c3253b5efade7b2aab3a966188
org.apache.aries.spifly	org.apache.aries.spifly.static.tool	1.3.1	jar-with-dependencies	acbf7ae6cf29c91dbd286ba5e546804b2822cd67
org.apache.aries.spifly	org.apache.aries.spifly.static.tool	1.3.2		6efb79355db2d4b9293b29efb81a918b754a43e1
org.apache.aries.spifly	org.apache.aries.spifly.static.tool	1.3.2	jar-with-dependencies	da127dd58a23bc2898ffa3f22be9f094338cee33
org.apache.aries.spifly	org.apache.aries.spifly.static.tool	1.3.3		36122d34d84e3f698d142344db6f18c8609e3aa0
org.apache.aries.spifly	org.apache.aries.spifly.static.tool	1.3.3	jar-with-dependencies	f67bc548a6c7c5f695d4a9f5309e559db85d1fae
org.apache.aries.spifly	org.apache.aries.spifly.static.tool	1.3.4		22a14e3ec5482aef4fff71e29ae1afa26308d1ea
org.apache.aries.spifly	org.apache.aries.spifly.static.tool	1.3.4	jar-with-dependencies	99fea53393e18dd163396024eaac6ef536ed8e0e
org.apache.aries.spifly	org.apache.aries.spifly.static.tool	1.3.5		f489d0a6bd9af0f7b27f135a2cc57d16a087914b
org.apache.aries.spifly	org.apache.aries.spifly.static.tool	1.3.5	jar-with-dependencies	1bb0a43d17e5a61aa9e477cf8a41e2fc97cf17ae
org.apache.aries.spifly	org.apache.aries.spifly.static.tool	1.3.6		1349799e4cb1790320564b65d0ba3f1d353a8261
org.apache.aries.spifly	org.apache.aries.spifly.static.tool	1.3.6	jar-with-dependencies	f2e55e78d4490f1507880e137a4088b5578e8171
org.apache.aries.spifly	org.apache.aries.spifly.static.tool	1.3.7		9d9508bf4610a7c6bf8afced6282069e67f3c530
org.apache.aries.spifly	org.apache.aries.spifly.static.tool	1.3.7	jar-with-dependencies	2e1ed4ba1bdd1385a2fbd7853e367a77ca63d1cd
org.apache.camel	camel-asn1-starter	2.20.0		66df3f2afeab2658f5c850114b40fcbb7a538e5a
org.apache.camel	camel-asn1-starter	2.20.1		88d58ce9ef4d0f84c4f24bdf1be1d3bb075640e4
org.apache.camel	camel-asn1-starter	2.20.2		e3673620d50f89ef2989839bce554c91737b6e2d
org.apache.camel	camel-asn1-starter	2.20.3		93b9676401581ad420ec0e157503b0a8f8923aef
org.apache.camel	camel-asn1-starter	2.20.4		92ef3eb2d39daec59f07222359cea78d7f13ac13
org.apache.camel	camel-asn1-starter	2.21.0		9311984cfbefcdb2dcf8cda4fa9787b9858e8eee
org.apache.camel	camel-asn1-starter	2.21.1		24e6aacfb943f8f44a844d7b535c300cbe6c0e1f
org.apache.camel	camel-asn1-starter	2.21.2		f85ef064e4e5145c234189579721ecaf03186abb
org.apache.camel	camel-asn1-starter	2.21.3		b1333d043a5e175226afc255f8ba9e575d367d6d
org.apache.camel	camel-asn1-starter	2.21.4		a0061c5afef2b399e43ed7b24f3b909911a42a44
org.apache.camel	camel-asn1-starter	2.21.5		035feca39bdd342a9b555e1b75bc8ed38ce3722d
org.apache.camel	camel-asn1-starter	2.22.0		0535ed95bf6a7711717139aa5e35ad5b3f61bbab
org.apache.camel	camel-asn1-starter	2.22.1		0c34332cfb6ce00e73c4b3c89631e37c4be141f0
org.apache.camel	camel-asn1-starter	2.22.2		b1eb8e887dd4fce867e8dc144ab2322cc0bddd67
org.apache.camel	camel-asn1-starter	2.22.3		19e3a666b84bb6443ac0559f06d4b7d36e5dd26d
org.apache.camel	camel-asn1-starter	2.22.4		834542423556e73289dc432f6b199b25186717dc
org.apache.camel	camel-asn1-starter	2.22.5		8b9b9feda7c15ebf42995aa84db4a09ac5910fa5
org.apache.camel	camel-asn1-starter	2.23.0		3685a45de38129303f755e9fdc984297a7ab8c49
org.apache.camel	camel-asn1-starter	2.23.1		8a67ba87d888226b64163e745c3550d02a8a91b6
org.apache.camel	camel-asn1-starter	2.23.2		6e4250061abf4ca655369c861fe0cfb2961d969a
org.apache.camel	camel-asn1-starter	2.23.3		352296fe62f0d0cc47859ef3de7e03ae06189d2f
org.apache.camel	camel-asn1-starter	2.23.4		f189f3527a22440a30c9c26add3efede8840e238
org.apache.camel	camel-asn1-starter	2.24.0		437bcba633d4b0118acd322b8942d2940565e211
org.apache.camel	camel-asn1-starter	2.24.1		724ec533ce9c1eff19920052b79ffc21a15879fc
org.apache.camel	camel-asn1-starter	2.24.2		8546fa9edfaa46e20855dd9197cb7b341bb0fe6b
org.apache.camel	camel-asn1-starter	2.24.3		fc2454867465727979620c5294dc658ed42cb03e
org.apache.camel	camel-asn1-starter	2.25.0		df8df20cc055bf38ea464a6cb2f4f08dd0610139
org.apache.camel	camel-asn1-starter	2.25.1		7cfbc66c794ebcf0d56a145c52b889cca968852a
org.apache.camel	camel-asn1-starter	2.25.2		e619c88c94f0c1d7fbe644783f4706c54d513529
org.apache.camel	camel-asn1-starter	2.25.3		500845aac77b7871dd7bd5e3c8e11f8605286c98
org.apache.camel	camel-asn1-starter	2.25.4		f977d37e054150c1d63c839a1cb342149211d630
org.apache.camel	camel-asn1-starter	3.0.0-M1		2576245df2c99047be81f45d0602c5665366384c
org.apache.camel	camel-asn1-starter	3.0.0-M2		1fc6dc87668146d14d9034c459252633716ccd17
org.apache.camel	camel-asn1-starter	3.0.0-M3		23f4689e520e064798992a5c6d9d103a783e95e8
org.apache.camel	camel-asn1-starter	3.0.0-M4		7420c1ae392a3469333413721a01d561d74f6e7a
org.apache.camel	camel-asn1-starter	3.0.0-RC1		cff631467c2556a6efe41e3124eb179d37bd710e
org.apache.camel	camel-asn1-starter	3.0.0-RC2		e5aa85594e98b5720d416b9cf33004b5931b5633
org.apache.camel	camel-asn1-starter	3.0.0-RC3		5865d005114e2a4b77d3c90c75a75f338a31ff31
org.apache.camel.quarkus	camel-quarkus-integration-test-ssh	2.13.0		0382df9294b9323df744585c15b2fda2b226657b
org.apache.camel.quarkus	camel-quarkus-integration-test-ssh	2.13.1		e1af454daa7751e3d61ec721f04392f42ce2ceff
org.apache.camel.quarkus	camel-quarkus-integration-test-ssh	2.13.2		fd99e3ebc77f9f802aa22dc34c6d80afc7087876
org.apache.camel.quarkus	camel-quarkus-integration-test-ssh	2.13.3		11b2cc2eaae9c6aef868b3a556cdca6c9862858b
org.apache.camel.quarkus	camel-quarkus-integration-test-ssh	2.14.0		ead70757cd029e3f3e192623a4db20c2fe119b4d
org.apache.camel.quarkus	camel-quarkus-integration-test-ssh	2.15.0		4c4e5e4627187f794ae38265c12db774f804e096
org.apache.camel.quarkus	camel-quarkus-integration-test-ssh	2.16.0		e83d159689764c1c46c2b5a6c61bb29f7b884e6a
org.apache.camel.quarkus	camel-quarkus-integration-test-ssh	3.0.0-M1		a3c1e483c83e8d561b5ecb97527e658ce42db5bc
org.apache.camel.quarkus	camel-quarkus-integration-test-ssh	3.0.0-M2		400b3f7faec4c48f4759efcbcc0d0c87df06ca90
org.apache.camel.quarkus	camel-quarkus-integration-test-ssh	3.0.0-RC1		53d2b32d24c9e177019d2167c26976414e103a2e
org.apache.camel.quarkus	camel-quarkus-integration-test-ssh	3.0.0-RC2		eb5cadcff7295558c640f84f43262a2eb48b20a9
org.apache.camel.quarkus	camel-quarkus-integration-test-ssh	3.10.0		2b4859ec5253dcc41376e64a5864986f0aa518e8
org.apache.camel.quarkus	camel-quarkus-integration-test-ssh	3.11.0		77080e8ff387c6b7ba8f65a968016ec2732817d8
org.apache.camel.quarkus	camel-quarkus-integration-test-ssh	3.12.0		df2bf342fb745d7a37a2bede7dd2cea54ab3a011
org.apache.camel.quarkus	camel-quarkus-integration-test-ssh	3.13.0		6078d425070fbc42713ee19d4433f88331f71719
org.apache.camel.quarkus	camel-quarkus-integration-test-ssh	3.14.0		07882719a7606155bd4c364d7c0aa717b0721a77
org.apache.camel.quarkus	camel-quarkus-integration-test-ssh	3.15.0		e43f1a9338f9e12f934dd348f21a0dd377462677
org.apache.camel.quarkus	camel-quarkus-integration-test-ssh	3.15.1		1f33777fff510b65e462dfe3629820d3f80a982f
org.apache.camel.quarkus	camel-quarkus-integration-test-ssh	3.15.2		1cb5d1d1cabe4442d4262545c37bc6764550d5bc
org.apache.camel.quarkus	camel-quarkus-integration-test-ssh	3.15.3		e44fe59a3fd0e40950220f7e384d82254868a71c
org.apache.camel.quarkus	camel-quarkus-integration-test-ssh	3.16.0		01050cf3e25351cd3422b19b252da9814e129079
org.apache.camel.quarkus	camel-quarkus-integration-test-ssh	3.17.0		141afce193024240f338706387c2407f0fbf7605
org.apache.camel.quarkus	camel-quarkus-integration-test-ssh	3.18.0		d1be7e102fc131b2d3f495cba131ef6b1645b8a0
org.apache.camel.quarkus	camel-quarkus-integration-test-ssh	3.19.0		c7a2df844ce174b43996f5354bbd543ac7b71f79
org.apache.camel.quarkus	camel-quarkus-integration-test-ssh	3.2.0		7404917cdee205f725eab5aaea85dad9e368cc6a
org.apache.camel.quarkus	camel-quarkus-integration-test-ssh	3.2.1		90fd753bd41b23fc5c563ced46edc4fd5e699c9a
org.apache.camel.quarkus	camel-quarkus-integration-test-ssh	3.2.2		5999478b05535573c762341d70ce1f861812b758
org.apache.camel.quarkus	camel-quarkus-integration-test-ssh	3.2.3		e76a4dedeae717c1523937578bdffcc2d7af6d19
org.apache.camel.quarkus	camel-quarkus-integration-test-ssh	3.20.0		00f3376164716d88d98535f466d41674821e0ec3
org.apache.camel.quarkus	camel-quarkus-integration-test-ssh	3.22.0		69e67fcaa12acd136ca5040da12c0b0b3fa63244
org.apache.camel.quarkus	camel-quarkus-integration-test-ssh	3.4.0		40ee43c392efccaa1a583bb168bf0229bdc74627
org.apache.camel.quarkus	camel-quarkus-integration-test-ssh	3.5.0		1218d6ff10ffd8563600c26a9a179f5e274e2428
org.apache.camel.quarkus	camel-quarkus-integration-test-ssh	3.6.0		be466b1c3aa403223109bbe2ed5680a2db32869d
org.apache.camel.quarkus	camel-quarkus-integration-test-ssh	3.7.0		d78c572aeace45f340a22a1db15b30e168fea113
org.apache.camel.quarkus	camel-quarkus-integration-test-ssh	3.8.0		fd07e38fd0abff797a433a835e3bbc7fb2e5f177
org.apache.camel.quarkus	camel-quarkus-integration-test-ssh	3.8.1		0940f9b302f7d2164d55403432ee0ade5ee0248b
org.apache.camel.quarkus	camel-quarkus-integration-test-ssh	3.8.2		c8597635d348274322aace6947366baafe2b5ef2
org.apache.camel.quarkus	camel-quarkus-integration-test-ssh	3.8.3		317430d6765af2fc52d908337966b32a6e896573
org.apache.camel.quarkus	camel-quarkus-integration-test-ssh	3.8.4		97adc3ee420e4e143dc3d600a5f7c2e19a1c5231
org.apache.camel.quarkus	camel-quarkus-integration-test-ssh	3.9.0		901f19493d76bf50f886c2bd43a163eba5112fa5
org.apache.juddi	juddi-docbook-xslt	1.0		14cf5f616bb6767bc999c1caf3ceb47421e4d140
org.apache.juddi	juddi-docbook-xslt	1.0.1		8c332170dc5414712b256093beb28ddb95eb015c
org.bithon	component-db	1.0.0-RELEASE		90e148e30ee7302f02129d32eea178be3d21152e
org.danbrough.ktor	ktor-resources-iossimulatorarm64	2.2.3		bd86cb55d735e337fdfd8dd7b21923659fe4f4d3
org.danbrough.ktor	ktor-resources-iossimulatorarm64	2.2.3	metadata	3e6d0ce431f445fd7065833e73532db386678959
org.eclipse.microprofile.telemetry	microprofile-telemetry-tck-parent	2.0		N/A
org.eclipse.microprofile.telemetry	microprofile-telemetry-tck-parent	2.0-RC1		N/A
org.eclipse.microprofile.telemetry	microprofile-telemetry-tck-parent	2.0-RC2		N/A
org.eclipse.microprofile.telemetry	microprofile-telemetry-tck-parent	2.0.1		N/A
org.eclipse.microprofile.telemetry	microprofile-telemetry-tck-parent	2.1-RC1		N/A
org.eclipse.microprofile.telemetry	microprofile-telemetry-tck-parent	2.1-RC2		N/A
org.ekrich	sconfig_0.26	1.3.1		e1082b8f25c41a65ed899756b991afd316e0dcd0
org.eu.acolyte	acolyte-core	1.0.11		35b16277f9dfa9ec45ce7616e96cac6bbad51f79
org.eu.acolyte	acolyte-core	1.0.11-2		35c88fcf30a27ad22a5da42941e414bba128f664
org.eu.acolyte	acolyte-core	1.0.12		0f27a90f728baa89a3e408f631a8a3f0a6c0fc70
org.eu.acolyte	acolyte-core	1.0.13		6403ab4d461ad66a55f4074dd5a64e7ee9686a32
org.eu.acolyte	acolyte-core	1.0.14		N/A
org.eu.acolyte	acolyte-core	1.0.15		N/A
org.eu.acolyte	acolyte-core	1.0.16		N/A
org.imixs.maven	manik-hotdeploy-maven-plugin	2.0.0		d3ae977d78aa09638638519a64b2604c1163ba2d
org.imixs.maven	manik-hotdeploy-maven-plugin	2.0.1		e2632d8d7ab3aa7a2fc1222953daab20879581e5
org.krproject.ocean.skeletons.fish	fish-skeleton-batch-api	2.5.0		8e498066cada2dbd29d4e9319ef58ce879e54f83
org.krproject.ocean.skeletons.fish	fish-skeleton-batch-api	2.5.2		b3c2574c0403a715d5d095e3df36caa5d6e1f555
org.mvnpm	alter	0.2.0		e32e1cf067f54792cbbbb68f13a9369b978e3a7f
org.onosproject	onos-bmv2-protocol-ctl	1.6.0		d268584ff8a102682b06ac8901c084d5e537cf26
org.opendaylight.dlux	dlux.common.topbar.resources	0.0.1-Helium		583769c927c79f2ac00d3e17c892f65236296dc3
org.opendaylight.dlux	dlux.common.topbar.resources	0.0.2-Helium-SR1		69cfea9960ff856ec611265c17ac7ab3c12cfff7
org.opendaylight.dlux	dlux.common.topbar.resources	0.0.2-Helium-SR1.1		6e8f1bc9c4e6699b1dbc509a5dc63ad9a4e22bb9
org.opendaylight.dlux	dlux.common.topbar.resources	0.0.3-Helium-SR2		92a3fcfa90b6e111da962563cfee57364a42eeaf
org.opendaylight.dlux	dlux.common.topbar.resources	0.0.4-Helium-SR3		5e216be091e1197b9eb3809aa2e52cd19c626184
org.opendaylight.dlux	dlux.common.topbar.resources	0.0.5-Helium-SR4		266607e7ddfd366cd1e983e24377880306ac2571
org.opendaylight.dlux	dlux.common.topbar.resources	0.1.0-Lithium		8434ddc2779a0c677d508cfc30b5e816b48a0de5
org.opendaylight.dlux	dlux.common.topbar.resources	0.1.1-Lithium-SR1		3b33b06cb4ded07f21c4b45ecd58e475d6dd014a
org.opendaylight.dlux	dlux.common.topbar.resources	0.1.2-Lithium-SR2		9b8b75f54759ad37f16b210d6cbf7281a2a920c8
org.opendaylight.dlux	dlux.common.topbar.resources	0.1.3-Lithium-SR3		b4140ed5a14a8f1719f388143188b057c42feb0a
org.opendaylight.dlux	dlux.common.topbar.resources	0.1.4-Lithium-SR4		6af05c6e810a748e48c9e8339e8769c4244b40ff
org.opendaylight.dlux	dlux.common.topbar.resources	0.2.0-Beryllium		a5cc463d56984ce2bf5d3f319a281dc0b51b546a
org.opendaylight.dlux	dlux.common.topbar.resources	0.2.1-Beryllium-SR1		e70e1bb3fba41b8dae2595edbb676a2973d77ad1
org.opendaylight.dlux	dlux.common.topbar.resources	0.2.2-Beryllium-SR2		fed3b26c4048136818210a7a3ebffe07a0754271
org.opendaylight.dlux	dlux.common.topbar.resources	0.2.3-Beryllium-SR3		6dbf46d51d3fa9d099cb4e22bdcb013b0db6bd66
org.opendaylight.dlux	dlux.common.topbar.resources	0.2.4-Beryllium-SR4		d3b9cda591be3ff557d8faca5fc848caaafc4297
org.opendaylight.dlux	dlux.common.topbar.resources	0.4.0-Boron		e19848505f843007c03741b68eec5e42a0fc87f1
org.opendaylight.dlux	dlux.common.topbar.resources	0.4.1-Boron-SR1		827fe7216a2e5b04b180b84ebcf2537d33d54308
org.opendaylight.dlux	dlux.common.topbar.resources	0.4.2-Boron-SR2		ae52b5d2ef313b01dc3b5da5e3b571ae58751ceb
org.opendaylight.dlux	dlux.common.topbar.resources	0.4.3-Boron-SR3		06c169933dfbf4728db199b0d29c20f64af4381f
org.opendaylight.dlux	dlux.common.topbar.resources	0.4.4-Boron-SR4		2f7cd847df74c4fe03c5dd9296c104adfa9da93b
org.opendaylight.dlux	dlux.common.topbar.resources	0.5.0-Carbon		26076248cd756640725e2ddff5e907f50e151f0d
org.opendaylight.dlux	dlux.common.topbar.resources	0.5.1-Carbon		67f148b3137bb31b7232af09069a8a2f395d92e8
org.opendaylight.dlux	dlux.common.topbar.resources	0.5.2-Carbon		6ebec556c7bd6f8ac0fbc7296e61eb118d5f4aab
org.opendaylight.dlux	dlux.common.topbar.resources	0.5.3-Carbon		4bced38d1b27efbd4c967caa4e85008f1fd3b92d
org.opendaylight.dlux	dlux.common.topbar.resources	0.5.4-Carbon		25369ce855536312e83c59f76d97054fe46300ee
org.opendaylight.dlux	dlux.common.topbar.resources	0.6.0		d455320735cd93bab4a02f66f63a54833131220a
org.opendaylight.dlux	dlux.common.topbar.resources	0.6.1		c4abe4dc9c6d0054bd50f4ca5ecd14adb9af4e84
org.opendaylight.dlux	dlux.common.topbar.resources	0.6.2		a9cc596062823252e726a97a00b801a526b69e20
org.opendaylight.dlux	dlux.common.topbar.resources	0.6.3		2e486e3c001533d66db9722fa3b766f43b7683bb
org.opendaylight.dlux	dlux.common.topbar.resources	0.7.0		b4dea0204773ed4c3ba703175a4e1fb0096d2607
org.opendaylight.dlux	dlux.common.topbar.resources	0.7.1		1ac72c07b2264475a31608366eefb4c9ef080d06
org.opendaylight.dlux	dlux.common.topbar.resources	0.7.2		78c46824f1dd1a793e1dae9bc02f7b2092c6ed43
org.opendaylight.dlux	dlux.common.topbar.resources	0.7.3		dae227e449152a58a387c1ed1d0d5e86a32a6179
org.opendaylight.dlux	dlux.common.topbar.resources	0.7.4		47cfd1cf0eda679dafae9fce71f8aa13ab1dbb62
org.opendaylight.dlux	dlux.common.topbar.resources	0.8.2		7d709a29c4fe0701e58756d7b2dce2ff89159f7d
org.opendaylight.dlux	dlux.common.topbar.resources	0.8.3		43423c3d43849152e92ef4ea67faf74df8251a21
org.opendaylight.dlux	dlux.common.topbar.resources	0.9.1		8f154c24f204e1a75809a23dfc7fe5d3f26c8591
org.opendaylight.dlux	dlux.common.topbar.resources	0.9.2		c861c1a259c343f21de7858c35fd373d31e383de
org.rhq	rhq-apt-plugin	1.2.0.Beta1		29d3a1ee5fae935c484952e357d68b594dbbb839
org.rhq	rhq-apt-plugin	1.2.0.GA		ef569a0b33937ca44e0a77edf8f0d266f8050c01
org.rhq	rhq-apt-plugin	1.3.0.EmbJopr.1.3.0-4		3168921a709d69053c5b3b0331feadb68d071066
org.rhq	rhq-apt-plugin	1.3.0.GA		8c526fe2f4b3c207a8642cbd088271f6d29b9cf5
org.sklsft.commons	commons-mvc	1.0.0		2b2cf5edf0a0f9d2732be4c602a945e5f7d8ace4
org.sklsft.commons	commons-mvc	1.0.0-M1		3a8d433473bf467159c5fca3545ef8a8fd7c2ce6
org.sklsft.commons	commons-mvc	1.0.0-M2		a75f7d1792c99e9a66bfc67d21a82f29bf0e7588
org.sklsft.commons	commons-mvc	1.0.0-M2-1		53019f1208dd039cf44d38633a360c43d21d7a43
org.sklsft.commons	commons-mvc	1.0.1		b78e729d6f43abb7e692a0a5689be8721b598c3c
org.sklsft.commons	commons-mvc	1.1.0		c7ac5713cd1e457ede11db19843bb6dedf128f36
org.sklsft.commons	commons-mvc	1.1.1		7a5108690be3ffc2c8a027b78661820f173ae8f1
org.sklsft.commons	commons-mvc	2.0.0		e0ae29eea28dc496f3ad4c81dd808443a0fe4163
org.sklsft.commons	commons-mvc	2.0.0-M1		50db1d48f7a1ff3724adfd85b6d5c8ca69fd211d
org.sklsft.commons	commons-mvc	2.0.0-M2		19dce0c3c5bac368078c15076844e9644e330335
org.sklsft.commons	commons-mvc	2.0.0-M2-1		4bf1c4365b5602a0402241ae71110281644a2b78
org.sklsft.commons	commons-mvc	2.0.0-M2-2		759dc609000c7647f5e7416d9014c71f8c78dd22
org.sklsft.commons	commons-mvc	2.1.0		9536f7a461a0bed2f08c1df12a200207b716ff7c
org.sklsft.commons	commons-mvc	2.1.1		76bdc6466bd7a7e8169624d391c83a3d41f8f053
org.sklsft.commons	commons-mvc	2.1.2		1fa308d6dcd86b082689ba7569f4508e9d5fcf27
org.sklsft.commons	commons-mvc	3.0.0		68a7fe8dbc3d2cf560eb34c9733ef6eb23868514
org.sklsft.commons	commons-mvc	3.0.0-M1		459bbcbec7bcfd98ded6fee85741abdbec86ad16
org.sklsft.commons	commons-mvc	3.0.0-M2		b08953e69c070e3faa8a4a443ac19e281a6393ae
org.sklsft.commons	commons-mvc	3.0.0-M3		106686a8aa7239dbbf0af10698677f53b5781f3b
org.sklsft.commons	commons-mvc	3.0.0-M4		fdd32d430484695e0b68ecffb3fec9f5d2e39b7d
org.sklsft.commons	commons-mvc	3.0.0-M4-1		67fcf048862733305cf47c90ec06fa1c0e6746b9
org.sklsft.commons	commons-mvc	3.0.0-M5		d64dc6d43aed7789e6389b63fb88973945914ca1
org.sklsft.commons	commons-mvc	3.0.0-M6		fab5040a066479f7a8d21739766f56579b2331be
org.sklsft.commons	commons-mvc	3.0.1		abde8434b7e1975d73263992ee83255c37ddb4ac
org.sklsft.commons	commons-mvc	3.0.2		775fba07e6a1cf4debc5f4a6e62fcd2c610a64ac
org.sklsft.commons	commons-mvc	3.1.0		f68c908fc30653ccd0bbd3fb92a4d5802a07beb0
org.sklsft.commons	commons-mvc	3.1.0-M1		26c2527be96e7c8b9f33fdec4fdc5149c94db0ce
org.sklsft.commons	commons-mvc	3.1.0-M1-1		bf5c9d37f53ae5a7de87181772f56f01c7ffd4b3
org.sklsft.commons	commons-mvc	3.1.0-M1-2		1d511c9a3befe2980bb71712531015f314fec1ff
org.sklsft.commons	commons-mvc	3.1.0-M1-3		5517d65f0b0013629d57c41b0457b5295fb9c4c0
org.sklsft.commons	commons-mvc	3.1.0-M1-4		c6cea14a860796a1c6ab10792a8c0b53e48b6fd4
org.sklsft.commons	commons-mvc	3.1.0-M2		4b8705fc31e26c9f25a14d53717d02a83d69ee13
org.sklsft.commons	commons-mvc	3.1.0-M3		5ef5b88a401d3ff1104552bcad7c5d19d5f122db
org.sklsft.commons	commons-mvc	3.1.1		4da52c8e62211b8beae4f348668c999f52d9bcfa
org.sklsft.commons	commons-mvc	3.1.2		f5a363ca717362de9656cf280c6b35e456bcf466
org.sklsft.commons	commons-mvc	3.1.3		21db755b6af7da033bc2495552741d84c482a90f
org.sklsft.commons	commons-mvc	3.1.4		369cd0f73a674a241bf2b0f81bb3a367ef21816d
org.sklsft.commons	commons-mvc	3.1.5		3c9aca88c65ef48e0e8ed75bfdce58fbc9ef843a
org.sklsft.commons	commons-mvc	3.1.6		3721e929a2c0725f1943696e67fc61d2b0ed2a14
org.sklsft.commons	commons-mvc	3.1.7		5413b684ec26a31d322339da2ce83e5552b6f803
org.sklsft.commons	commons-mvc	3.2.0		a4e27fc3043b8970c57bcd8010957b6cc0367922
org.sklsft.commons	commons-mvc	3.2.0-M1		d89e1d38a4d34d9e042e05f2528edffb3e019ab9
org.sklsft.commons	commons-mvc	3.2.1		593125511be3a90f2b09c6ef6c1948a504ae0136
org.sklsft.commons	commons-mvc	4.0.0		2d450565f736d69c623230bada8101dea37a1ab0
org.sklsft.commons	commons-mvc	4.0.0-M1		6400b0ce70620baf7a26297ab20e1f18f3f85557
org.sklsft.commons	commons-mvc	4.0.0-M2		64edda45eae994a730ade7fbe271527be863df28
org.sklsft.commons	commons-mvc	4.0.0-M3		d23c336b52249fa6e3e6a3803c23a1d5923c6fc5
org.sonatype.tycho	tycho-p2-resolver-impl	0.11.0		N/A
org.sonatype.tycho	tycho-p2-resolver-impl	0.11.1		N/A
org.thshsh	commons-xml	0.0.3		2116d5b6de0944d9d183f20c8aef2211eeb61602
org.thshsh	commons-xml	0.0.4		940e46787cfa98ed122f1561b3d9ee93a8eb3c24
org.ton	ton-kotlin-liteclient-macosarm64	0.2.1		N/A
org.ton	ton-kotlin-liteclient-macosarm64	0.2.1	metadata	3fcb9429cf4385dc9d4063314f791119f0c138b7
org.ton	ton-kotlin-liteclient-macosarm64	0.2.10		N/A
org.ton	ton-kotlin-liteclient-macosarm64	0.2.10	metadata	a733cad7d9b9d5b2e99fcde763b325f80235a47d
org.ton	ton-kotlin-liteclient-macosarm64	0.2.12		N/A
org.ton	ton-kotlin-liteclient-macosarm64	0.2.12	metadata	1511cfc348c4886591884159cc7bb9d594dd14bf
org.ton	ton-kotlin-liteclient-macosarm64	0.2.13		N/A
org.ton	ton-kotlin-liteclient-macosarm64	0.2.13	metadata	9fe28399a6b6f114732170ade52f8c65946b4462
org.ton	ton-kotlin-liteclient-macosarm64	0.2.14		N/A
org.ton	ton-kotlin-liteclient-macosarm64	0.2.14	metadata	7b6aebfd2502487ceefbcf891850e24ebd9d0c48
org.ton	ton-kotlin-liteclient-macosarm64	0.2.15		N/A
org.ton	ton-kotlin-liteclient-macosarm64	0.2.15	metadata	9c9cc341e244a45e35166aac90f8466440a8348d
org.ton	ton-kotlin-liteclient-macosarm64	0.2.16		N/A
org.ton	ton-kotlin-liteclient-macosarm64	0.2.16	metadata	9b296f221cb267d87fa07225965e90ef0eabe99a
org.ton	ton-kotlin-liteclient-macosarm64	0.2.18		N/A
org.ton	ton-kotlin-liteclient-macosarm64	0.2.18	metadata	f0833e26e022e7a4ffd2a0913a90c78f0cc63c35
org.ton	ton-kotlin-liteclient-macosarm64	0.2.2		N/A
org.ton	ton-kotlin-liteclient-macosarm64	0.2.2	metadata	58c2e27e3459b2ca41eebf07a36207132899b3d1
org.ton	ton-kotlin-liteclient-macosarm64	0.2.4		N/A
org.ton	ton-kotlin-liteclient-macosarm64	0.2.4	metadata	d1bf10b81caca4538fff3e0d1d83703ed79eb7d8
org.ton	ton-kotlin-liteclient-macosarm64	0.2.6		N/A
org.ton	ton-kotlin-liteclient-macosarm64	0.2.6	metadata	d6dd00387c64c8aedd5fee2f0cf67d95839e6123
org.ton	ton-kotlin-liteclient-macosarm64	0.2.7		N/A
org.ton	ton-kotlin-liteclient-macosarm64	0.2.7	metadata	e669448d83f2b08fb1efa1e39f4c591b0ec006bc
org.ton	ton-kotlin-liteclient-macosarm64	0.2.8		N/A
org.ton	ton-kotlin-liteclient-macosarm64	0.2.8	metadata	95dd73eb81a08eeca3565ac6d36299242baeebe7
org.ton	ton-kotlin-liteclient-macosarm64	0.2.9		N/A
org.ton	ton-kotlin-liteclient-macosarm64	0.2.9	metadata	75f8b4bcad7a8ff8d800ff0e62621710e8671ea1
org.ton	ton-kotlin-liteclient-macosarm64	0.3.0		N/A
org.ton	ton-kotlin-liteclient-macosarm64	0.3.0	metadata	225a4ed9901e20cb0d00c2c95ba4e2a3a30465d7
org.ton	ton-kotlin-liteclient-macosarm64	0.3.1		N/A
org.ton	ton-kotlin-liteclient-macosarm64	0.3.1	metadata	bcbfc4864167794c198fd14096e5b79f2b048917
org.ton	ton-kotlin-liteclient-macosarm64	0.4.2		N/A
org.ton	ton-kotlin-liteclient-macosarm64	0.4.2	metadata	507082318f810a331e0720ce1d1e04bf6364da15
org.ton	ton-kotlin-liteclient-macosarm64	0.4.3		N/A
org.ton	ton-kotlin-liteclient-macosarm64	0.4.3	metadata	0b9a8dd019525d0eaaca3bb7646a76a6d8f42d85
org.wildfly.extras.sunstone	sunstone-aws	2.0.0		392a6045983a468ee3e4f0865b30a09c1f7bdcbb
org.wildfly.extras.sunstone	sunstone-aws	2.0.1		dd8a8331742bd48ed7227cc7f1e5f06b9df5ad54
org.wildfly.extras.sunstone	sunstone-aws	2.1.0		63a23634b520d573cf4c7db77c49a5c3ec1abdce
org.wildfly.extras.sunstone	sunstone-aws	2.1.1		e0323823b66f0feafdeaed4706f4eab526f7c0f4
org.wildfly.extras.sunstone	sunstone-aws	2.1.2		8354db4d339cb4f3e18567ea5e1924294e1cad1e
org.wildfly.extras.sunstone	sunstone-aws	2.1.3		6fb3117ad14fbd5966dd7f53d902b0a9c98eaf20
org.wildfly.extras.sunstone	sunstone-aws	2.2.0		a4fccc7872d114b2bf18c5d49c59ba791f268f08
run.mone	ozhera-log	1.4.0-jdk21		N/A
run.smt.ktest	ktest-db	1.0.0		10531824d0c4979c01b7acecc18eeef18c9b5358
run.smt.ktest	ktest-db	1.0.0-rc1		dde472186896d15497995b4c185d46450ecaf139
run.smt.ktest	ktest-db	1.0.0-rc2		7b3f028d8383fcc3c5ce7e9c976c0cd037b5fa02
run.smt.ktest	ktest-db	1.0.0-rc3		6c90c8715c18ad199044fb54bb9656c494b85f52
top.zopx	goku-framework-socket-ii	2.0.05_10		N/A
tz.co.asoft	kollections-stacks-watchossimulatorarm64	3.0.11		N/A
tz.co.asoft	kollections-stacks-watchossimulatorarm64	3.0.11	metadata	e2b48ac096987c99b2809fb6ba55f411c5101ad6
tz.co.asoft	kollections-stacks-watchossimulatorarm64	3.0.12		N/A
tz.co.asoft	kollections-stacks-watchossimulatorarm64	3.0.12	metadata	931c442f74a5b7a787c4fa31e08b37e166234c31
tz.co.asoft	kollections-stacks-watchossimulatorarm64	3.0.13		N/A
tz.co.asoft	kollections-stacks-watchossimulatorarm64	3.0.13	metadata	9be27fa41426ccca39f24bd29359410ff2c3f789
tz.co.asoft	kollections-stacks-watchossimulatorarm64	3.0.14		N/A
tz.co.asoft	kollections-stacks-watchossimulatorarm64	3.0.14	metadata	4b19b556c08821c4a8dae72b827bc10763b1e908
tz.co.asoft	kollections-stacks-watchossimulatorarm64	3.0.15		N/A
tz.co.asoft	kollections-stacks-watchossimulatorarm64	3.0.15	metadata	bf95c1a3a952307fe43a72e894edd4505f9a1e4d
tz.co.asoft	kollections-stacks-watchossimulatorarm64	3.0.3		N/A
tz.co.asoft	kollections-stacks-watchossimulatorarm64	3.0.3	metadata	51d5fe905beef2a38a3ee3fcb770f61630481d20
tz.co.asoft	kollections-stacks-watchossimulatorarm64	3.0.4		N/A
tz.co.asoft	kollections-stacks-watchossimulatorarm64	3.0.4	metadata	072ed189d0e4b6bb3252febb7f2b0cb90604ea45
tz.co.asoft	kollections-stacks-watchossimulatorarm64	3.0.5		N/A
tz.co.asoft	kollections-stacks-watchossimulatorarm64	3.0.5	metadata	9547b0d023eccc1c18a56e1cd4d752bf73a6e29c
tz.co.asoft	kollections-stacks-watchossimulatorarm64	3.0.6		N/A
tz.co.asoft	kollections-stacks-watchossimulatorarm64	3.0.6	metadata	1a6e566ab68b2edae1a9edea7f8c182b37073509
tz.co.asoft	kollections-stacks-watchossimulatorarm64	3.0.7		N/A
tz.co.asoft	kollections-stacks-watchossimulatorarm64	3.0.7	metadata	3e96826c6b71b7ceb1d2a45aa9711fd6f071fcb9
tz.co.asoft	kollections-stacks-watchossimulatorarm64	3.0.8		N/A
tz.co.asoft	kollections-stacks-watchossimulatorarm64	3.0.8	metadata	cb06dac249a41ec234310a1ab4bed6d698fba69c
tz.co.asoft	kollections-stacks-watchossimulatorarm64	3.0.9		N/A
tz.co.asoft	kollections-stacks-watchossimulatorarm64	3.0.9	metadata	d348dbc8391291c01c0a3819ddf7779fda64f5c0
website.automate	waml-report-io	0.1.0		17a004a0858286e2a7e2ffff6fe43576e8eb6107
website.automate	waml-report-io	0.2.0		872e669c1f823434192661f32cc0e3bc07014bbc
website.automate	waml-report-io	0.3.0		551b9899b4190c60111f4b314377b531ba0b02bf
website.automate	waml-report-io	0.3.1		c46de25a6cbd9cd98594cf247c1fd64b18dd461c
website.automate	waml-report-io	0.4.0		bef076a52c8819677081455c9b82ceec60948f2c
website.automate	waml-report-io	0.4.1		a57a8fba7b294bdaec6f8410483e16a8b23a4e85
website.automate	waml-report-io	0.5.0		2f24c5db873b4cf4ba0b72e5a64752518e91f1ac
website.automate	waml-report-io	0.6.0		1884cae9f22e3b02010d52f9417fe5207a8433a7
website.automate	waml-report-io	0.7.0		cd38ecb73feb7ec0fdda39751857d511d2e7d408
website.automate	waml-report-io	0.8.0		82e1d7df11f2e3c7a6e7f697257a89f1e84e0283
website.automate	waml-report-io	0.9.0		d3b98110a5c24d069f8faefe3d58e88dceb1ff2a
website.automate	waml-report-io	1.0.0		476062cba47543256576d93fa671a3844b26d665
