aero.albers.osmbse	mdzip-validate-maven-plugin	0.0.1		927508bd22df3addece1f7421f00e93dfb27cad2
br.com.objectos	office-core	0.1.0		347e0843ffaf0e6f1303bc807b2a40e5f982dcf5
br.com.objectos	office-core	0.2.0		b76d48486b01222fed10df8582d641488f4300a2
cn.com.antcloud.api	antcloud-api-smartaccount	1.0.0		cb68f41c3d90617548f187e6264723d7bac8e9be
cn.gjing	tools-tx	1.0.0		8fd9781dc6818a48719de7bd3b2402d5b1ad79c8
cn.gjing	tools-tx	1.0.1		9cb62bfcdab7a2fbb03b184e649a51f3d4224d58
cn.gjing	tools-tx	1.0.2		1c8236e9351d2a1a3c7f34053506b55f1c5954cd
com.antgroup.antchain.openapi	openapi-ak_ed7107878c564eda98e507d7451aae75	1.0.0		192b6e7a3d1350a74123db67c8f3f9e5e553f50d
com.antgroup.antchain.openapi	openapi-ak_ed7107878c564eda98e507d7451aae75	1.0.1		ef876abfd144cd93b6c51a94fbc5c5d01bca238a
com.antgroup.antchain.openapi	openapi-ak_ed7107878c564eda98e507d7451aae75	1.0.2		20151153ce477a6f42c99aab8325ef033e8a4dd8
com.antgroup.antchain.openapi	openapi-ak_ed7107878c564eda98e507d7451aae75	1.0.3		b2d291b641eecd82a3ce0b5824342163aea61333
com.antgroup.antchain.openapi	openapi-ak_ed7107878c564eda98e507d7451aae75	1.1.0		483e75a1fd242d6734f3392f3e395d4ed4ba892a
com.antgroup.antchain.openapi	openapi-ak_ed7107878c564eda98e507d7451aae75	1.1.1		ae2fc11d4a1ab1f269057c1d8474ec07d7d93fed
com.antgroup.antchain.openapi	openapi-ak_ed7107878c564eda98e507d7451aae75	1.1.2		ec3bb5dc69cbd3ec899822a99f99710885882505
com.antgroup.antchain.openapi	openapi-ak_ed7107878c564eda98e507d7451aae75	1.1.3		e9d0350f9827592da27cbf6e30195f6775bfa40d
com.antgroup.antchain.openapi	openapi-ak_ed7107878c564eda98e507d7451aae75	1.1.4		82ca835e047c982e8869decd0e44bd92d0cd7588
com.antgroup.antchain.openapi	openapi-ak_ed7107878c564eda98e507d7451aae75	1.1.5		9170bc1ddefcee9b7cc166d2a9aaba9e0a1948f9
com.antgroup.antchain.openapi	openapi-ak_ed7107878c564eda98e507d7451aae75	1.1.6		290dc9914409eb56eb6b3645c7a10661851d2ca1
com.aoindustries	aoserv-webservices-webapp-book	1.84.13		98488e1a0b0073c76814a3664cd33cc64e6339b9
com.aoindustries	aoserv-webservices-webapp-book	1.85.0		71522897e97720773b3c95859fe36e2d018fda08
com.aoindustries	aoserv-webservices-webapp-book	1.86.0		619b52c146b009497241f12a40341de0799f73c5
com.aoindustries	aoserv-webservices-webapp-book	1.90.0		f2d19c3d365f19dfc9de596fc9ad841133b216c5
com.aoindustries	aoserv-webservices-webapp-book	1.91.4		1712675a83eed11282ca4b92922f5106129625ad
com.aoindustries	aoserv-webservices-webapp-book	1.91.7		b806bf9ccca2947fc9387b62890efcf5d174e138
com.azure.resourcemanager	azure-resourcemanager-appconfiguration	1.0.0		1c10ee875aa2aa9bd872199f1f60b1e5e50f5c17
com.azure.resourcemanager	azure-resourcemanager-appconfiguration	1.0.0-beta.1		ea4988b2f7f65a039b6423caaae0be4b039ba388
com.azure.resourcemanager	azure-resourcemanager-appconfiguration	1.0.0-beta.2		0d20c0e99c2afe7cb581272303a3d5847170bc87
com.azure.resourcemanager	azure-resourcemanager-appconfiguration	1.0.0-beta.3		a811db11369ada0452e8db49527054e8551e631b
com.azure.resourcemanager	azure-resourcemanager-appconfiguration	1.0.0-beta.4		b81385bfa759a1e106c5f22c95c0fffaf2337c78
com.azure.resourcemanager	azure-resourcemanager-appconfiguration	1.0.0-beta.5		9fdbcc0b4eacad309e9744626553d7574e8896e2
com.azure.resourcemanager	azure-resourcemanager-appconfiguration	1.0.0-beta.6		43c05f06cbb34515fcc5a1a95c136cc3e9d1e1cd
com.azure.resourcemanager	azure-resourcemanager-appconfiguration	1.0.0-beta.7		cc9ac540659b090cc80aa4d9dcdf6d65a5083876
com.bq.corbel.lib	mongodb	0.7.0		21ebdfa1fa982e4b359d52adce30e9a24271b19a
com.bq.corbel.lib	mongodb	0.8.0		689bd7a0e446a5509e3f70aa5ddb3a2cb90e05e6
com.bq.corbel.lib	mongodb	0.9.0		6d9d2f66514750092289e3a76bed9b265d6e404a
com.bq.corbel.lib	mongodb	0.9.1		66622f39caab70dab213fd5c94d8a60dda29d51e
com.bumble.appyx	appyx-interactions-android	2.0.0		N/A
com.bumble.appyx	appyx-interactions-android	2.0.0-alpha01		N/A
com.bumble.appyx	appyx-interactions-android	2.0.0-alpha02		N/A
com.bumble.appyx	appyx-interactions-android	2.0.0-alpha03		N/A
com.bumble.appyx	appyx-interactions-android	2.0.0-alpha04		N/A
com.bumble.appyx	appyx-interactions-android	2.0.0-alpha05		N/A
com.bumble.appyx	appyx-interactions-android	2.0.0-alpha06		N/A
com.bumble.appyx	appyx-interactions-android	2.0.0-alpha07		N/A
com.bumble.appyx	appyx-interactions-android	2.0.0-alpha08		N/A
com.bumble.appyx	appyx-interactions-android	2.0.0-alpha09		N/A
com.bumble.appyx	appyx-interactions-android	2.0.0-alpha10		N/A
com.bumble.appyx	appyx-interactions-android	2.0.1		N/A
com.danielasfregola	random-data-generator_sjs0.6_2.13	2.7		1ffd1024b7ad79c42e2cf05808c1e7b00098e458
com.danielasfregola	random-data-generator_sjs0.6_2.13	2.8		e8823ce92fb6b5c34d837857b2e878da7cdcaf90
com.day.cq.collab	cq-collab-forum	5.4.0		db8e5497e464b6467d175e84b93db31da3aaded0
com.day.cq.collab	cq-collab-forum	5.4.6		2717147c478b03216b3b5f932766f56370f6a2ab
com.day.cq.collab	cq-collab-forum	5.5.0		86d7627202471ee42e24b6587dc78f12e2262e5b
com.day.cq.collab	cq-collab-forum	5.5.2		1be5083eb1111e9311ef5960365f2762e0f17f43
com.day.cq.collab	cq-collab-forum	5.6.53		9a8b1ab23702327b9525e0474f6bd142c6f5d0b5
com.day.cq.collab	cq-collab-forum	5.6.57		5d80501807862feae460933fa1d26a9ed5caaa12
com.day.cq.collab	cq-collab-forum	5.6.61		b7708852231c6c50e88470af022483c0017deaeb
com.farao-community.farao	farao-ra-optimisation-afs-local	1.0.0		dea8654acb9768dc4069d1be2418dc3cabf58197
com.farao-community.farao	farao-ra-optimisation-afs-local	1.0.1		0caf513414700dabe4755a68c5c5209748bc72e8
com.farao-community.farao	farao-ra-optimisation-afs-local	1.0.2		572522375a317a2f33c3f8c7e16005399d93cd1f
com.farao-community.farao	farao-ra-optimisation-afs-local	1.1.0		9fe4c915bf3a3165e0696dc58ad0f415044ab6a2
com.farao-community.farao	farao-ra-optimisation-afs-local	1.2.0		f529d013037383874d582795332f5eb753e1a65c
com.fleeksoft.ksoup	ksoup-korlibs-linuxx64	0.1.5		N/A
com.fleeksoft.ksoup	ksoup-korlibs-linuxx64	0.1.6		N/A
com.fleeksoft.ksoup	ksoup-korlibs-linuxx64	0.1.6-alpha1		N/A
com.fleeksoft.ksoup	ksoup-korlibs-linuxx64	0.1.7		N/A
com.fleeksoft.ksoup	ksoup-korlibs-linuxx64	0.1.8		N/A
com.fleeksoft.ksoup	ksoup-korlibs-linuxx64	0.1.9		N/A
com.fleeksoft.ksoup	ksoup-korlibs-linuxx64	0.2.0		N/A
com.fleeksoft.ksoup	ksoup-korlibs-linuxx64	0.2.1		N/A
com.fleeksoft.ksoup	ksoup-korlibs-linuxx64	0.2.2		N/A
com.fleeksoft.ksoup	ksoup-korlibs-linuxx64	0.2.3		N/A
com.focframework	focDataSource	1.7.2		edf5e646ad2381579ed69fd5e294ed32542185f9
com.focframework	focDataSource	1.7.3		c378a9c188d978058895433494203b2b023cdf3e
com.github.aaronp	migration_2.13	0.0.1		9ce8a1c86bef54b3454a45461b298a46915390a0
com.github.aaronp	migration_2.13	0.0.1	assembly	a783d1995190358ba3598125d80974cfc656bc75
com.github.aaronp	migration_2.13	1.0.0		1d2464898c19481a99952b4a36714303bb80ade9
com.github.aaronp	migration_2.13	1.0.0	assembly	48bfd202fc6ccde93facc499e1636ca306e0b58a
com.github.aaronp	migration_2.13	1.0.1		449df4d7e6bf02244739ca332731d5b036914433
com.github.aaronp	migration_2.13	1.0.1	assembly	75bbce88db01f1aa9402c8dd2262b62b90eda009
com.github.auties00	curve25519	1.0		4a4d7811769616e92cca7ee2e838caacc71be93e
com.github.auties00	curve25519	1.1		5b18eff79460579c6a9287a14d5003b61a6cbf36
com.github.auties00	curve25519	1.2		468ab5090105fec3e8612c108fb2ef474ea6c8ab
com.github.hermannpencole	nifi-swagger-client	1.0.0		c3d07dd92c3e661c3af5e2b42ae54003a86f988f
com.github.hermannpencole	nifi-swagger-client	1.0.0.1		dc0012ed3e7b8f3872ed64d8f2cb2f88770447c4
com.github.hermannpencole	nifi-swagger-client	1.0.0.2		7050a670e506d521d2e2f1671c329856f2b2c866
com.github.hermannpencole	nifi-swagger-client	1.1.0		06db488fafc2f7d5d3b3cfdc5fc705c0a952cac8
com.github.hermannpencole	nifi-swagger-client	1.1.0.1		beb165126f505b3aec7a875186cbfb5a058ed530
com.github.hermannpencole	nifi-swagger-client	1.1.0.2		c49890ac5283dd56ff4a29a18d533d48b278e6d5
com.github.hermannpencole	nifi-swagger-client	1.1.0.3		1db3b53bf277dd9d1282f4faa1837e3d9b8db465
com.github.hermannpencole	nifi-swagger-client	1.1.0.4		3a239be1c0f447a45fb8b87e0901889be17a2866
com.github.hermannpencole	nifi-swagger-client	1.1.0.7		652b0f2b7e686adf0043d41af5c9434b9ae99153
com.github.hermannpencole	nifi-swagger-client	1.2.0		3ba4b6ae7c9ea8a6c34cfc2e5a4ccd815c5a94e7
com.github.hermannpencole	nifi-swagger-client	1.2.0.1		f664839f45f131342dcd2202376e1d4d0ed5e81c
com.github.hermannpencole	nifi-swagger-client	1.3.0.0		4f0bed2f8322cb8533a55366ee5e2043f57ea34e
com.github.hermannpencole	nifi-swagger-client	1.5.0.0		602f6992403b0cda4ff2c3cc2d18261716c7c836
com.guoshiyao.rely	rely-dubbot	10.1.3-RELEASE		d315045598d63a34e4481903f8adacae56f77ddb
com.guoshiyao.rely	rely-dubbot	10.1.4-RELEASE		b92c5cceaf5dfdd2a8d1f6cbb2698f8a9071f4d0
com.helger	ph-webscopes	6.5.0		029c4b8a0e3049ab870bdaa03324aed50524391d
com.helger	ph-webscopes	6.6.0		0863463b261622132906beeacc54e446beb721f4
com.helger	ph-webscopes	6.6.1		1d4bcca855c7573bb349f97d326f8208ef783aa0
com.helger	ph-webscopes	6.6.2		93430451fbb41595f26fba57c9fbcdcf0d90c0e6
com.helger	ph-webscopes	6.6.3		6c7d158d48a0294d496cada976bc605cb3075da5
com.helger	ph-webscopes	6.7.0		e73f2c6b71d8df9eacb16478513a8124be819614
com.helger	ph-webscopes	6.8.0		c2573154045bee198df901adffefda3b85a934cd
com.helger	ph-webscopes	6.8.1		b840e174f6b5e4e11464206ee08b71a9d3e0ca7e
com.liferay	com.liferay.gradle.plugins.xml.formatter	1.0.0		b4916bb526ad678038a627b0717e94f695a40d0b
com.liferay	com.liferay.gradle.plugins.xml.formatter	1.0.1		86d4f0c04166c0190601c1427ff66d9b7a2eb46e
com.liferay	com.liferay.gradle.plugins.xml.formatter	1.0.10		0f1414072ffa2dc3e3c48368e67047248e6b8f31
com.liferay	com.liferay.gradle.plugins.xml.formatter	1.0.11		313c8b0e68dd0f06101942516e040f53bd42f397
com.liferay	com.liferay.gradle.plugins.xml.formatter	1.0.2		034a9762e95c9a29ac25638c0e83eca44a93fda4
com.liferay	com.liferay.gradle.plugins.xml.formatter	1.0.3		ed3ebbc1907099fa1d5d80d43aa982611038325a
com.liferay	com.liferay.gradle.plugins.xml.formatter	1.0.4		0cc5b4dc3b94c0db35d58336ea3e1f511946f568
com.liferay	com.liferay.gradle.plugins.xml.formatter	1.0.5		c5cfa29273aeb9c32d87737acddfa31795520380
com.liferay	com.liferay.gradle.plugins.xml.formatter	1.0.6		c5bd31da10fc74ebfa45729b3e76f3e316b3cefb
com.liferay	com.liferay.gradle.plugins.xml.formatter	1.0.7		1eda637724afd96572ba45a023a5a6a52bff937f
com.liferay	com.liferay.gradle.plugins.xml.formatter	1.0.8		d01b94b9d6337b68bc26f40a47f2f963193dcf4a
com.liferay	com.liferay.gradle.plugins.xml.formatter	1.0.9		9090c44e134403e754b520ce83b7e3431d9f4532
com.liferay	com.liferay.portal.security.sso.google.impl	1.0.0		e8ee3f73c5f134de4cea626dfe0d7a3f48c6cc1c
com.liferay	com.liferay.portal.security.sso.google.impl	1.0.1		f1d666b052fd3a38bb25441e04127ff64952ae72
com.liferay	com.liferay.portal.security.sso.google.impl	1.0.10		f0d4c3dac64c93df5db028dd99bfcb1d1a48ee60
com.liferay	com.liferay.portal.security.sso.google.impl	1.0.11		f50497e23877b5332fa7c09c4eaa069b2c9e93c9
com.liferay	com.liferay.portal.security.sso.google.impl	1.0.12		6cadd14740c7e7186d8b97bfe33844a710540c0a
com.liferay	com.liferay.portal.security.sso.google.impl	1.0.13		d532e54e0938d802d1f420fa95323e01a7e00bfa
com.liferay	com.liferay.portal.security.sso.google.impl	1.0.14		3232d3cbec2967af199c19e04a00623fc56e1161
com.liferay	com.liferay.portal.security.sso.google.impl	1.0.15		6eedc57b796c10282e93535c7f3343e07f61fcae
com.liferay	com.liferay.portal.security.sso.google.impl	1.0.16		978314ef0f4698ee5ab0d39aa64a04a6bef05d31
com.liferay	com.liferay.portal.security.sso.google.impl	1.0.17		c442509464b9514d847fd0c4faa76262ca38387d
com.liferay	com.liferay.portal.security.sso.google.impl	1.0.18		12ef3e4dc6761c483099c75d1d44f66c605ae029
com.liferay	com.liferay.portal.security.sso.google.impl	1.0.19		49fc44ff5fdfbc65b6b2dc815abdf835708ca05b
com.liferay	com.liferay.portal.security.sso.google.impl	1.0.2		1cbe9bc50ab632d6981bc081f7e98b4211d8b88d
com.liferay	com.liferay.portal.security.sso.google.impl	1.0.20		d2497ba5b3058446491e8cc125b481ab1884274c
com.liferay	com.liferay.portal.security.sso.google.impl	1.0.21		7d0fa36198417f0f9c13a8fd6c6cafc4b74d72b3
com.liferay	com.liferay.portal.security.sso.google.impl	1.0.22		14136a42b09725339668e07bae57646acdc1db32
com.liferay	com.liferay.portal.security.sso.google.impl	1.0.23		4ef415b1874b576bc741323252c2591078ef533c
com.liferay	com.liferay.portal.security.sso.google.impl	1.0.24		c1bdb2c7b0b2900e4af9c178b67c4c42fdc31628
com.liferay	com.liferay.portal.security.sso.google.impl	1.0.3		bb2f7003f1d9f56297c90b21bf965a99c3e6503e
com.liferay	com.liferay.portal.security.sso.google.impl	1.0.4		85bcb774e4a751b25c364e5b2e2d0afc82aedcf7
com.liferay	com.liferay.portal.security.sso.google.impl	1.0.5		ceef8b9a2291266c6670868f38c0ee050a5d59c8
com.liferay	com.liferay.portal.security.sso.google.impl	1.0.6		48b2a1554496f3fc48f134328e230863180a3418
com.liferay	com.liferay.portal.security.sso.google.impl	1.0.7		120f0f227a79ec002d7a7be4635ecc9b035e7fe8
com.liferay	com.liferay.portal.security.sso.google.impl	1.0.8		3dbbf6cc40e5218f459d553d0c12811e758e5764
com.liferay	com.liferay.portal.security.sso.google.impl	1.0.9		f3549c2069292152d41ce99c937671061a3561e9
com.liferay	com.liferay.portal.security.sso.google.impl	2.0.0		8f1ef9d47fcff2530745c8ac688da5ec5c56743c
com.liferay	com.liferay.portal.security.sso.google.impl	2.0.1		395219f9c9dc4fdb7b2bee2c6f64feeb3f6e7401
com.liferay	com.liferay.portal.security.sso.google.impl	2.0.10		bcaa7111b8ac8c3dadfec7e3b82a871d16012645
com.liferay	com.liferay.portal.security.sso.google.impl	2.0.11		227e72eba3dcb5839c21cc18bff570281fddb711
com.liferay	com.liferay.portal.security.sso.google.impl	2.0.12		303e2345220679893b726c3d887d772de1c5ce49
com.liferay	com.liferay.portal.security.sso.google.impl	2.0.13		60627d9bf3ba524ee0a4c6f2a3b108b47b8686da
com.liferay	com.liferay.portal.security.sso.google.impl	2.0.14		ff18f7ccf056bc4a12b140caaab6404ef8cbc424
com.liferay	com.liferay.portal.security.sso.google.impl	2.0.15		3df26ff165416cbedb7127ec744042f4adf55cb7
com.liferay	com.liferay.portal.security.sso.google.impl	2.0.16		56056c91e39f23282ff90deca76bb834630ca119
com.liferay	com.liferay.portal.security.sso.google.impl	2.0.17		7e5cb18117294d15014f877dba4116cfb3603560
com.liferay	com.liferay.portal.security.sso.google.impl	2.0.18		51eb1342fcb4b33af45912d3f528c6e8d2d1f6c6
com.liferay	com.liferay.portal.security.sso.google.impl	2.0.19		ac4d37d0ee12a23b3af441bfdbc25e7218afa413
com.liferay	com.liferay.portal.security.sso.google.impl	2.0.2		8d1906356176f358d337e4153676938c4e5f4370
com.liferay	com.liferay.portal.security.sso.google.impl	2.0.20		8e6bb600e73ecb665c1def9e58e4af01ad3c67c5
com.liferay	com.liferay.portal.security.sso.google.impl	2.0.21		3cc9747fae7a8c8c10be63ca97bb04ac4a68e62a
com.liferay	com.liferay.portal.security.sso.google.impl	2.0.22		e242ed6790d04fbde00326b20f50b15afbb30e98
com.liferay	com.liferay.portal.security.sso.google.impl	2.0.23		8df6cc9b50ac68249dc4c66c7b4a0ef6ca8ce31f
com.liferay	com.liferay.portal.security.sso.google.impl	2.0.24		e0140163310bdba9a330b21b7ea30fe4ef44b2c5
com.liferay	com.liferay.portal.security.sso.google.impl	2.0.25		daa511a9ebc6fcd9a4e0720ae045f5601b87505f
com.liferay	com.liferay.portal.security.sso.google.impl	2.0.3		5b0b3ee8f7a837527637a57d03d02eb516736167
com.liferay	com.liferay.portal.security.sso.google.impl	2.0.4		f6fbf2791d138db7cb45bae3565419efbf34575c
com.liferay	com.liferay.portal.security.sso.google.impl	2.0.5		e251d14af357d2f3fd9865bed6616160eced7517
com.liferay	com.liferay.portal.security.sso.google.impl	2.0.6		8be216fbd8fe9e69ad70c011925eae20c02996ab
com.liferay	com.liferay.portal.security.sso.google.impl	2.0.7		131a32de886226f1b8ff9804f2fbfb8694883627
com.liferay	com.liferay.portal.security.sso.google.impl	2.0.8		aaccb357748d7e94cccc7fe5bc83c82c41e4c1f6
com.liferay	com.liferay.portal.security.sso.google.impl	2.0.9		f242479a548da25e05ad7fac3c217a6a18f49047
com.liferay	com.liferay.portal.security.sso.google.impl	3.0.0		b9d7e852c6ca7cca5fa3c85e5635b0c905edde9c
com.liferay	com.liferay.portal.security.sso.google.impl	3.0.1		357a8c453f4276e4eeeb25a926e37fd4ea683398
com.liferay	com.liferay.portal.security.sso.google.impl	3.0.10		c58e958e97480a041da45765ec3a078d7c90894f
com.liferay	com.liferay.portal.security.sso.google.impl	3.0.11		c8b1ae163259ad4427c5b125b00855a3fe87c103
com.liferay	com.liferay.portal.security.sso.google.impl	3.0.12		7b772dae49e57644df723bc0d8213073582a28d5
com.liferay	com.liferay.portal.security.sso.google.impl	3.0.13		23f1fe25320ef216d36df6c6e596e0a69b4530ea
com.liferay	com.liferay.portal.security.sso.google.impl	3.0.14		6aed3ceaf6fae6e1d1697eaea1bd3ce980fe7929
com.liferay	com.liferay.portal.security.sso.google.impl	3.0.15		e7860fffd057c062f002dd6c6a12a0d14a15dafe
com.liferay	com.liferay.portal.security.sso.google.impl	3.0.16		3910274265114f439f9a2059b150cc6242a24f47
com.liferay	com.liferay.portal.security.sso.google.impl	3.0.17		742a671bfa0ad1134fe8f4462fded3aa23965324
com.liferay	com.liferay.portal.security.sso.google.impl	3.0.18		83486769da301fda35493309e12d29cd41f196d4
com.liferay	com.liferay.portal.security.sso.google.impl	3.0.19		2f59786f8b8c1f84b277f437a08fadecc1b26a13
com.liferay	com.liferay.portal.security.sso.google.impl	3.0.2		4fced77f87d64331926eafc1d701607f7d1e89d3
com.liferay	com.liferay.portal.security.sso.google.impl	3.0.20		2718ddc3fa145a51e2b0ca7914786fa40fe6c183
com.liferay	com.liferay.portal.security.sso.google.impl	3.0.21		a81aa207cb4e482aab41c42575d308cee0847213
com.liferay	com.liferay.portal.security.sso.google.impl	3.0.22		657ed58a727628943c660840ee0216f3822a43bb
com.liferay	com.liferay.portal.security.sso.google.impl	3.0.23		ccb5200157dab8d1d6c5238a29c1f9364356c638
com.liferay	com.liferay.portal.security.sso.google.impl	3.0.3		3c1ec371f11834c40ea881c5344419c96f27ce92
com.liferay	com.liferay.portal.security.sso.google.impl	3.0.4		b8b066852dddb4dc503f91ea24fddcc187504856
com.liferay	com.liferay.portal.security.sso.google.impl	3.0.5		733c8a8f17acfcaed16315bdaf833cfbdbcf7967
com.liferay	com.liferay.portal.security.sso.google.impl	3.0.6		2625ba901aae3a6b31bbbf0c2ac08e7d570290f2
com.liferay	com.liferay.portal.security.sso.google.impl	3.0.7		7cf3eb45c26f6d438dcd97809cbee7075c06e7c1
com.liferay	com.liferay.portal.security.sso.google.impl	3.0.8		5e81e61cded77256aff1f943ec4d2b55f8ac9a8d
com.liferay	com.liferay.portal.security.sso.google.impl	3.0.9		c673f1cbb88b3c4bada642bd7f82dbe38cc93ff5
com.liferay	com.liferay.portal.security.sso.google.impl	4.0.0		8f416dd73c53c5dc5cdd9bc2f664bcf5c6e8b0c5
com.liferay	com.liferay.portal.security.sso.google.impl	4.0.1		475969622e1c49cdd3a3f2501928dbc3aec954f8
com.liferay	com.liferay.portal.security.sso.google.impl	4.0.10		378873619ad805a59b4b189d7b782019514d912c
com.liferay	com.liferay.portal.security.sso.google.impl	4.0.11		642ae0e26b22e805359cd387cd5f1699dc29824c
com.liferay	com.liferay.portal.security.sso.google.impl	4.0.12		c9b1fbb30c1f9de483203506d126ca74514284d9
com.liferay	com.liferay.portal.security.sso.google.impl	4.0.13		7f678053a13d091493528c9552639529b178396d
com.liferay	com.liferay.portal.security.sso.google.impl	4.0.14		9e2b6a44df8283add20054497dca61ee4bd74f61
com.liferay	com.liferay.portal.security.sso.google.impl	4.0.15		96e03e8a2e56ae0b0556890a376573f6c3ebe166
com.liferay	com.liferay.portal.security.sso.google.impl	4.0.16		b8fc5e0c87f1632b03dbb2116794cb73090e1046
com.liferay	com.liferay.portal.security.sso.google.impl	4.0.17		2da1d9844dae26b2e88855a2b1492296ebaf291f
com.liferay	com.liferay.portal.security.sso.google.impl	4.0.18		7d3a9ae5a269dae435bebd4a57cbf66517ff10f9
com.liferay	com.liferay.portal.security.sso.google.impl	4.0.19		1a4568b620ce4194068302206c3153097dda3f81
com.liferay	com.liferay.portal.security.sso.google.impl	4.0.2		9a8c87bad9ee990cdd20e6598a1b37ea6b035b79
com.liferay	com.liferay.portal.security.sso.google.impl	4.0.3		f328f9a141b67f48a23de29cfa52b5974daeeeba
com.liferay	com.liferay.portal.security.sso.google.impl	4.0.4		1753402f7e83ad359a3bdaebad4d73e93fd7c879
com.liferay	com.liferay.portal.security.sso.google.impl	4.0.5		e8f237624dd887686cd8a2507772cbd87e550c1f
com.liferay	com.liferay.portal.security.sso.google.impl	4.0.6		cdced6750f17b96a74daa6fddf38f8124bab2c4f
com.liferay	com.liferay.portal.security.sso.google.impl	4.0.7		443eafdaf596159d64725a0bd29b2dc6cdf7a8a0
com.liferay	com.liferay.portal.security.sso.google.impl	4.0.8		1742b59ed1dd408fd108631414447a8a14a4dd15
com.liferay	com.liferay.portal.security.sso.google.impl	4.0.9		863819e291ba0eddd21bce87f240b412d893d1ab
com.lihaoyi	utest_sjs0.6_2.10	0.3.0		b8bea69d685832d2e45b2f0e1545743db7444219
com.lihaoyi	utest_sjs0.6_2.10	0.3.1		d869d4ec48b2e1c394bf9c7e863e3ec6df8d6f75
com.lihaoyi	utest_sjs0.6_2.10	0.4.0		ee9a80befaaf120ae8ba130a7e8ab56792ceda21
com.lihaoyi	utest_sjs0.6_2.10	0.4.1		24c6a3df8486b4dfcb774481e310133dbb0169de
com.lihaoyi	utest_sjs0.6_2.10	0.4.2		c75e3054ede315080a524abde1ceb29ae1a51bf1
com.lihaoyi	utest_sjs0.6_2.10	0.4.3		c356ad4abbd21562bc70b3c353f236081e05d3ec
com.lihaoyi	utest_sjs0.6_2.10	0.4.4		84d48809178073406734ec3a8777ebe9b5799959
com.lihaoyi	utest_sjs0.6_2.10	0.4.5		f426a39a15c81f5dbed9e9f6ff64cccfb56a08da
com.lihaoyi	utest_sjs0.6_2.10	0.4.6		10875a432e2ff863401d7e8932c8e648617f6c6b
com.lihaoyi	utest_sjs0.6_2.10	0.4.7		fb0b451db2443853f4c42c783744225507bfdd14
com.lihaoyi	utest_sjs0.6_2.10	0.4.8		08fca078ad26a7eb71bc1825e51df9611d550f63
com.lihaoyi	utest_sjs0.6_2.10	0.5.0		0aa05804147a05bd3be0b0ed813044b6d421fa22
com.lihaoyi	utest_sjs0.6_2.10	0.5.1		8b1672d51f3f1d61833a374d1a874aefdba76d4a
com.lihaoyi	utest_sjs0.6_2.10	0.5.2		0ff67649511a5a7b31720adcf0f93c328ebb8fbc
com.lihaoyi	utest_sjs0.6_2.10	0.5.3		9aa689cf72b1afb6e1220987c2de4eea5912e59e
com.lihaoyi	utest_sjs0.6_2.10	0.5.4		82215bf205add0770d1754b6884a5b826d1f695b
com.lihaoyi	utest_sjs0.6_2.10	0.6.0		9fdea9fae49c69e591dfc6ce83b6576678c530d9
com.lihaoyi	utest_sjs0.6_2.10	0.6.1		24cf2598f084e135a1b1a63e431444a22b7a01d3
com.lihaoyi	utest_sjs0.6_2.10	0.6.2		748a2a645c25f5088a222260327b267fd5e24635
com.lihaoyi	utest_sjs0.6_2.10	0.6.3		756d98a9361d2230ab9c8ed2ffccbb4c79c7b9e4
com.lihaoyi	utest_sjs0.6_2.10	0.6.4		edae9b58057931d50728c33e37eaacf1906ea641
com.lihaoyi	utest_sjs0.6_2.10	0.6.5		70631bd22e8e77d6f37b263fd0ace2e3f2eed7f4
com.lihaoyi	utest_sjs0.6_2.10	0.6.6		4730ff03c3a413d03c09b5e05b7b97bc0b3ffc5e
com.lihaoyi	utest_sjs0.6_2.10	0.6.7		8f1228c4ff141d5793adf5ef6e5533bb8d92c371
com.lihaoyi	utest_sjs0.6_2.10	0.6.8		3c64b62fc4032043cb23b0d159650fc0a9a7dd9d
com.ning.billing	killbill-osgi-bundles-meter	0.1.53		218f324e22a890f7bf9a2edc3039e2ddfbfd37ac
com.ning.billing	killbill-osgi-bundles-meter	0.1.53	jar-with-dependencies	79b5d22ceda9773f9454661726ba14c895039318
com.ning.billing	killbill-osgi-bundles-meter	0.1.53	jar-with-dependencies-sources	fe8bc0476100826145e801229b61c33211d308ff
com.ning.billing	killbill-osgi-bundles-meter	0.1.54		2500abe3f54962923aeccc2bb656940f2eda985b
com.ning.billing	killbill-osgi-bundles-meter	0.1.54	jar-with-dependencies	603b5ff4078d1141ededaffbfdee0237c4ff7294
com.ning.billing	killbill-osgi-bundles-meter	0.1.54	jar-with-dependencies-sources	76d0fa77541a004eacfdb5c8a80c93c01295aee0
com.ning.billing	killbill-osgi-bundles-meter	0.1.55		041bfd5e95d3b19f096ad1a370a1f069dcd63746
com.ning.billing	killbill-osgi-bundles-meter	0.1.55	jar-with-dependencies	28b77b3c10fc2e3915b63c0fa09cb07a5c88f9b5
com.ning.billing	killbill-osgi-bundles-meter	0.1.55	jar-with-dependencies-sources	45545957a463eb73e363abc9bdaab0517f8647d8
com.ning.billing	killbill-osgi-bundles-meter	0.1.59		9f79252839625636067bc340bf1f8275210e8846
com.ning.billing	killbill-osgi-bundles-meter	0.1.59	jar-with-dependencies	c59c930b9a4cdbb040719b622c6d847cebcf711e
com.ning.billing	killbill-osgi-bundles-meter	0.1.59	jar-with-dependencies-sources	64eac725fd99785551a2dc826558b635c8b63728
com.ning.billing	killbill-osgi-bundles-meter	0.1.60		e0c2d1126292f8cebd251480b486fae7cfeefd91
com.ning.billing	killbill-osgi-bundles-meter	0.1.60	jar-with-dependencies	19b637567e2de99876926a00ef86d76ebf26c123
com.ning.billing	killbill-osgi-bundles-meter	0.1.60	jar-with-dependencies-sources	d4ef9a571f7a58a85e1ed4ce358091890517045c
com.ning.billing	killbill-osgi-bundles-meter	0.1.62		941a47209e5a2824de01d64a510bff1d43be7ece
com.ning.billing	killbill-osgi-bundles-meter	0.1.62	jar-with-dependencies	3eda3cc2b9b3293a1c69204c1ec6c489c5387d5a
com.ning.billing	killbill-osgi-bundles-meter	0.1.62	jar-with-dependencies-sources	0b83df1cb2a51814246cda29855600497714b3a2
com.ning.billing	killbill-osgi-bundles-meter	0.1.63		b7950d69e998e36a9a2dd692436c8b95f8a0a1de
com.ning.billing	killbill-osgi-bundles-meter	0.1.63	jar-with-dependencies	c079225ddae3d5e2635433866323165c3bbf560f
com.ning.billing	killbill-osgi-bundles-meter	0.1.63	jar-with-dependencies-sources	4d754b0bc684401a5de08997225d56fc1c460858
com.ning.billing	killbill-osgi-bundles-meter	0.1.64		dee123c9f4c1ce5824286e5e1fa22112582b2fa8
com.ning.billing	killbill-osgi-bundles-meter	0.1.64	jar-with-dependencies	b6d313613cac6a4e0ec4cd60ddcd9854a21885d3
com.ning.billing	killbill-osgi-bundles-meter	0.1.64	jar-with-dependencies-sources	ec6f36bd1c6b94dbf23fb04666207831b6bc13dd
com.ning.billing	killbill-osgi-bundles-meter	0.1.65		e346aeefb5495c51920a6fccf61d6cfbfe8af78f
com.ning.billing	killbill-osgi-bundles-meter	0.1.65	jar-with-dependencies	8b5ebc65ac9f313739d38fc81febe30363bfc14e
com.ning.billing	killbill-osgi-bundles-meter	0.1.65	jar-with-dependencies-sources	d37a0e19ae5041acf0f19ffff907c4d98777fd15
com.ning.billing	killbill-osgi-bundles-meter	0.1.66		2b870f518fc042a3848f20671ef21d05ab36f46f
com.ning.billing	killbill-osgi-bundles-meter	0.1.66	jar-with-dependencies	cd1902fce23499669db6e7d973a2c60a06fa759d
com.ning.billing	killbill-osgi-bundles-meter	0.1.66	jar-with-dependencies-sources	77e29e4bc6c209258cf2c7e01c3cf8a236497981
com.ning.billing	killbill-osgi-bundles-meter	0.1.67		b9f4bd10c7290cefe8158ac6e65821c7cd04c46a
com.ning.billing	killbill-osgi-bundles-meter	0.1.67	jar-with-dependencies	3527801c53f23b816287341f0ce30ecd06717b5a
com.ning.billing	killbill-osgi-bundles-meter	0.1.67	jar-with-dependencies-sources	27bfbc6153e580d95297bca99804f8d8dacdfe37
com.ning.billing	killbill-osgi-bundles-meter	0.1.68		c94d4a1dbead48f37544fd8e169477054ffbf284
com.ning.billing	killbill-osgi-bundles-meter	0.1.68	jar-with-dependencies	a05b10c756612bad2f87c994b5c3785006aa6641
com.ning.billing	killbill-osgi-bundles-meter	0.1.68	jar-with-dependencies-sources	5d6284f84a5d8d014eea047d286d53b17f4ac6cb
com.ning.billing	killbill-osgi-bundles-meter	0.1.69		37f6a7ca2baf8561a37a745e956d29d1ee89e236
com.ning.billing	killbill-osgi-bundles-meter	0.1.69	jar-with-dependencies	60eb1561c24195c522eee37d589719df390ffc04
com.ning.billing	killbill-osgi-bundles-meter	0.1.69	jar-with-dependencies-sources	1ae0dba7d4d284471481820958e4ef8329327539
com.ning.billing	killbill-osgi-bundles-meter	0.1.70		c20ff44eb0296a15e7c0f03d558596ca47d15463
com.ning.billing	killbill-osgi-bundles-meter	0.1.70	jar-with-dependencies	5ed76734b2f60a0a3033b59d93e50f5b23dad497
com.ning.billing	killbill-osgi-bundles-meter	0.1.70	jar-with-dependencies-sources	80dbc46d8206fe3b51b34b992c02459e86fec404
com.ning.billing	killbill-osgi-bundles-meter	0.1.71		9db654eba9c31dcdd2d080acca73de29e1a0fb25
com.ning.billing	killbill-osgi-bundles-meter	0.1.71	jar-with-dependencies	284cf8dd242fa99d6b6ee996aae52e9e3b311d56
com.ning.billing	killbill-osgi-bundles-meter	0.1.71	jar-with-dependencies-sources	28a7d07542fe2ad181357d0423253059b5f093a5
com.ning.billing	killbill-osgi-bundles-meter	0.1.72		f60d4c3c282e4bb632273a4583fe7a8eb8aebc2a
com.ning.billing	killbill-osgi-bundles-meter	0.1.72	jar-with-dependencies	f86c2ef4dcf76c983e7d03c2115763d886e4fa39
com.ning.billing	killbill-osgi-bundles-meter	0.1.72	jar-with-dependencies-sources	cd434f3e528ed185d2ba1fadfcfe758b3b961b40
com.ning.billing	killbill-osgi-bundles-meter	0.1.73		17a86b00a14fee72e61b7807e904cc7109bf0b70
com.ning.billing	killbill-osgi-bundles-meter	0.1.73	jar-with-dependencies	0f96a2618029f0515955f2f81c4c305b937d3946
com.ning.billing	killbill-osgi-bundles-meter	0.1.73	jar-with-dependencies-sources	9e8cb64225af20299a528d4f5e8b3664bd80339c
com.ning.billing	killbill-osgi-bundles-meter	0.1.74		2de6299db8824c9e22b60b194cc4da297c600b50
com.ning.billing	killbill-osgi-bundles-meter	0.1.74	jar-with-dependencies	690a4a77d0f6d0c963b131cdbd6c0399c9a0f26c
com.ning.billing	killbill-osgi-bundles-meter	0.1.74	jar-with-dependencies-sources	07e1ae2b56c87f7aed2e034e5453877c97e0feaa
com.ning.billing	killbill-osgi-bundles-meter	0.1.75		78ea2e2eed8e7182ca4169aeb4c1b2c5e7c20c9e
com.ning.billing	killbill-osgi-bundles-meter	0.1.75	jar-with-dependencies	c5c6df4979f8c4861b27ca12987a6d98cdb8e85b
com.ning.billing	killbill-osgi-bundles-meter	0.1.75	jar-with-dependencies-sources	f4b13a729745801c6dc71897ce66a46a415a2836
com.ning.billing	killbill-osgi-bundles-meter	0.1.76		33d109007a1976739aef96a176771f54cfcca27e
com.ning.billing	killbill-osgi-bundles-meter	0.1.76	jar-with-dependencies	43df65702b7e96dcc46973ad0830fc5b7e66577c
com.ning.billing	killbill-osgi-bundles-meter	0.1.76	jar-with-dependencies-sources	67c40857bce791e9dd9dd22433ac7b8f4a463fba
com.ning.billing	killbill-osgi-bundles-meter	0.1.77		3e21a52ad8650a8c57dfac658dec2db3c397da69
com.ning.billing	killbill-osgi-bundles-meter	0.1.77	jar-with-dependencies	e719039a41d9bf6e5e019d4c871e1fc33c861562
com.ning.billing	killbill-osgi-bundles-meter	0.1.77	jar-with-dependencies-sources	937a83c3f50f53d0d077ba5770f40a569a98d4dd
com.ning.billing	killbill-osgi-bundles-meter	0.1.78		faf916392393f553f81a1e51fa40ac60e7d990fb
com.ning.billing	killbill-osgi-bundles-meter	0.1.78	jar-with-dependencies	c8c19fd7779c65068f54f644890fbe7404212ab8
com.ning.billing	killbill-osgi-bundles-meter	0.1.78	jar-with-dependencies-sources	037d90d433a5fcb6bacbf9b3a7a2b145d4d60aa2
com.ning.billing	killbill-osgi-bundles-meter	0.1.79		fa49dd499f53b6581e8c933ebc346f1281907a57
com.ning.billing	killbill-osgi-bundles-meter	0.1.79	jar-with-dependencies	7b5071a40d3c8ebd67107da171ce939a923cc2f7
com.ning.billing	killbill-osgi-bundles-meter	0.1.79	jar-with-dependencies-sources	b5366a5e614f9c3d57c15341ec44b979aa65e6cf
com.ning.billing	killbill-osgi-bundles-meter	0.1.80		d6f0e71a87f8c5ac8c9e2233db228f21b3d387d9
com.ning.billing	killbill-osgi-bundles-meter	0.1.80	jar-with-dependencies	9aaf40f61b9278dcea97928cc5567e778148ae72
com.ning.billing	killbill-osgi-bundles-meter	0.1.80	jar-with-dependencies-sources	2e383294a25492713c7d363d12b9fc5ae8657d58
com.ning.billing	killbill-osgi-bundles-meter	0.2.0		5b8cb00984f57b183e38d718dc4d9523400cf3e8
com.ning.billing	killbill-osgi-bundles-meter	0.2.0	jar-with-dependencies	2b1602af421dc100d6ea046c276cd19a5cefc8a4
com.ning.billing	killbill-osgi-bundles-meter	0.2.0	jar-with-dependencies-sources	91ff7ce47a52ec4d1cb063a23c2158ce6cf5edf6
com.ning.billing	killbill-osgi-bundles-meter	0.2.1		72a55cb842a7707341339e8b961ddc6bf4700746
com.ning.billing	killbill-osgi-bundles-meter	0.2.1	jar-with-dependencies	ab42315c839dab03df5f329e05747dee98e79598
com.ning.billing	killbill-osgi-bundles-meter	0.2.1	jar-with-dependencies-sources	bd73a00a8d510591814ba871a411fcfad2121c56
com.ning.billing	killbill-osgi-bundles-meter	0.2.2		1bfdbea5ba5c571191191f082883228403ba6700
com.ning.billing	killbill-osgi-bundles-meter	0.2.2	jar-with-dependencies	d5a131efac21a581df2e1b5033df5e01f624255c
com.ning.billing	killbill-osgi-bundles-meter	0.2.2	jar-with-dependencies-sources	efd6cf23e084bb6a1e02de49373129eb6d816c9c
com.ning.billing	killbill-osgi-bundles-meter	0.3.0		18b35462baf4a3e1f804024daf67b8b27effbeeb
com.ning.billing	killbill-osgi-bundles-meter	0.3.0	jar-with-dependencies	bca135c28b71cea4d429e87951c028b355ce66a3
com.ning.billing	killbill-osgi-bundles-meter	0.3.0	jar-with-dependencies-sources	80d72dbe500925cd9c445be4a31fc3bde15aeb57
com.ning.billing	killbill-osgi-bundles-meter	0.3.1		7ba9e91cf92139b5841c57470b29543c84232e18
com.ning.billing	killbill-osgi-bundles-meter	0.3.1	jar-with-dependencies	236a35afe84a30b476703615bfaae3e467cb8c91
com.ning.billing	killbill-osgi-bundles-meter	0.3.1	jar-with-dependencies-sources	258ce6df3c46fef1bc32e0387d3b144db330de69
com.ning.billing	killbill-osgi-bundles-meter	0.3.2		db387ad2939c09342e818145643f829156e4ea25
com.ning.billing	killbill-osgi-bundles-meter	0.3.2	jar-with-dependencies	7f9523be6fa0a8694742022f18027a35f8fa0d76
com.ning.billing	killbill-osgi-bundles-meter	0.3.2	jar-with-dependencies-sources	36d83e62bc0b2e37d85942777774425000600749
com.ning.billing	killbill-osgi-bundles-meter	0.4.0		85318e16750a2ed5dd6d345a04064407fb62d3c0
com.ning.billing	killbill-osgi-bundles-meter	0.4.0	jar-with-dependencies	db7cb10cfb9a2e0c007a7c8296d794daadf33e56
com.ning.billing	killbill-osgi-bundles-meter	0.4.0	jar-with-dependencies-sources	503993568078f8bf59568a7534ed39f13bc6fbdd
com.ning.billing	killbill-osgi-bundles-meter	0.4.1		9c04618587034581876fc64dfb2c3e62423716fc
com.ning.billing	killbill-osgi-bundles-meter	0.4.1	jar-with-dependencies	d2a7309309d728025b01fb8a718ee648ad555bb8
com.ning.billing	killbill-osgi-bundles-meter	0.4.1	jar-with-dependencies-sources	154f3958ab1fe7c879228c9f7b5fc8634467e20c
com.ning.billing	killbill-osgi-bundles-meter	0.4.2		8eae06f7fccec114a143cd5f7c1e81d96c08465e
com.ning.billing	killbill-osgi-bundles-meter	0.4.2	jar-with-dependencies	44f3d8d42c397aeb19ab2766faa63755000ca3d0
com.ning.billing	killbill-osgi-bundles-meter	0.4.2	jar-with-dependencies-sources	7cb6156d2fa6905517d296e6e11c3753d1c53fa6
com.ritense.valtimoplugins	hugging-face	5.0.0		N/A
com.ritense.valtimoplugins	hugging-face	5.0.0	plain	9d3a35cd207ba8278eb4f8572dd4544e268b9c77
com.ritense.valtimoplugins	hugging-face	5.0.1		N/A
com.ritense.valtimoplugins	hugging-face	5.0.1	plain	498f5d2a259f86cece8a2a1cf0c2467c5384c889
com.ritense.valtimoplugins	hugging-face	5.2.0		N/A
com.ritense.valtimoplugins	hugging-face	5.2.0	plain	d3a2d4cdf9eda7b2f9192fb08e68ae8c324bf5ec
com.twelvemonkeys.imageio	imageio-core	3.0		bcdd19a02c86631ff8dc0398f90ced98dfdddd1f
com.twelvemonkeys.imageio	imageio-core	3.0-rc5		1a15c95248d2000f18994d812d8d6b98899a92d4
com.twelvemonkeys.imageio	imageio-core	3.0-rc7		e877214cbaacb8989981a425362feb67ba31b5b1
com.twelvemonkeys.imageio	imageio-core	3.0.1		f5e5dddfb6d84e586c693eb5a4c3df28f1c3afff
com.twelvemonkeys.imageio	imageio-core	3.0.2		988f68e93c53862dd7f3d4ba0f015d49d6c236b1
com.twelvemonkeys.imageio	imageio-core	3.1.0		3cb0f019c81842f86c9fd963cf4968a3a7b99638
com.twelvemonkeys.imageio	imageio-core	3.1.1		0dbdf29da53ac89753d9abfc0f38802f6483821e
com.twelvemonkeys.imageio	imageio-core	3.1.2		1884ff4e14912aabac3a71a209a7cc4d1b634549
com.twelvemonkeys.imageio	imageio-core	3.10.0		28c71789037373fb60668ffea885dd41976a02f6
com.twelvemonkeys.imageio	imageio-core	3.10.1		fc32667ccd712ed992083d16ab998fdf71a0715d
com.twelvemonkeys.imageio	imageio-core	3.11.0		1f619d71c30d58ebfc85c86b9296028d910ee7fc
com.twelvemonkeys.imageio	imageio-core	3.12.0		4a57990b52fd36fe60c356a3e5fd57054a85a502
com.twelvemonkeys.imageio	imageio-core	3.2		8ef73312392e6898e03d2a4c2c966bc6f65bb0cb
com.twelvemonkeys.imageio	imageio-core	3.2.1		810f8c508a0666baddbcc0f7a19baa3a54db51ac
com.twelvemonkeys.imageio	imageio-core	3.3		9e7adfe409a29d6d97d40d454eb6d301ed69e35e
com.twelvemonkeys.imageio	imageio-core	3.3.1		c1e5a9a28264e845996ab3e21404c754d44977f4
com.twelvemonkeys.imageio	imageio-core	3.3.2		8def41c756831dde3c23f2d525e5667cfbfa1847
com.twelvemonkeys.imageio	imageio-core	3.4		740447711e6047adb96ea53a8b869eaf95952ad6
com.twelvemonkeys.imageio	imageio-core	3.4.1		e6a2ab00c5b39c70c024e85ed277698177cbf3e0
com.twelvemonkeys.imageio	imageio-core	3.4.2		bde8b4379eab4f341ba95c14ebf2dcdc5d670da3
com.twelvemonkeys.imageio	imageio-core	3.4.3		5f7fadb378cc87c7f412f329cded79cb13a281be
com.twelvemonkeys.imageio	imageio-core	3.5		6eb2fb39fdc880d4265846b0cd01b44eee99012f
com.twelvemonkeys.imageio	imageio-core	3.6		8f67339d83bedfe3ec76151d933a9f1d9a3c0fdb
com.twelvemonkeys.imageio	imageio-core	3.6.1		23192c1a0f6cec57f748789d55a9fbcc3e23e88d
com.twelvemonkeys.imageio	imageio-core	3.6.2		738995a3cb42bfc584023fefbdbe0d75f9147419
com.twelvemonkeys.imageio	imageio-core	3.6.3		e96eda49bb259426a9df6917bf93f9a994596ac1
com.twelvemonkeys.imageio	imageio-core	3.6.4		5e2dd24f4d6636efe04683133ffa400d78841a80
com.twelvemonkeys.imageio	imageio-core	3.7.0		5da15caa7f9afdba07af92c004e80251f3ed32f1
com.twelvemonkeys.imageio	imageio-core	3.7.1		673a21eb5d018d76d143566699dd4c4b03f396ec
com.twelvemonkeys.imageio	imageio-core	3.8.0		4dc1ed409a66ea1a9f645c924e67d2b32a98e122
com.twelvemonkeys.imageio	imageio-core	3.8.1		53f65a35cb1856b4057154037569513eae3947d4
com.twelvemonkeys.imageio	imageio-core	3.8.2		69fefec141774eca26e33cbeea47f77873cba6a5
com.twelvemonkeys.imageio	imageio-core	3.8.3		26ec98001a730f7834fc03b56d1727f711014f25
com.twelvemonkeys.imageio	imageio-core	3.9.0		e8b5c05509c1b0cac916f75334cd3e91b84cb175
com.twelvemonkeys.imageio	imageio-core	3.9.1		975e39aed2d4847446875555061b0e1f1b9ca4ad
com.twelvemonkeys.imageio	imageio-core	3.9.2		6ef686c008566d4c6f9ea73de144f62348e3ae2c
com.twelvemonkeys.imageio	imageio-core	3.9.3		ad45014925448554978b553c935091172712308d
com.twelvemonkeys.imageio	imageio-core	3.9.4		e33aabf2d21a2f66817a258abfcd9f5b1e898117
de.dentrassi.eclipse.neoscada.ide	org.eclipse.scada.configuration.arduino	0.2.0		5a71236ca46ea352be9b9d7391e6c29b82d91e2a
fr.openwide.nuxeo.commons	owsi-nuxeo-automation-features	1.6.0		e4d5f78f275d26b5ec7f590f74faa757a44a126f
io.antmedia.app	ConsoleApp	1.3.6.1		N/A
io.antmedia.app	ConsoleApp	1.4.0		N/A
io.antmedia.app	ConsoleApp	1.5.0		N/A
io.antmedia.app	ConsoleApp	1.5.1		N/A
io.apiman	apiman-manager-api-rest	1.0.0.Beta1		834cd024297f361d106054b4923d2129a45ec112
io.apiman	apiman-manager-api-rest	1.0.0.Beta2		aff08d592e900ba5c4377ded22fdc8d26244b631
io.apiman	apiman-manager-api-rest	1.0.0.Final		72a346d5965ca09f158a7c5a2d45432c7e7ddf08
io.apiman	apiman-manager-api-rest	1.0.1.Final		71d56780ad66b7d868873ea51b7be5ccaec9c245
io.apiman	apiman-manager-api-rest	1.0.2.Final		f5b93b1fc2754665e993954c6b54d3e62b96cca9
io.apiman	apiman-manager-api-rest	1.0.3.Final		175f82bb3acd9fb8e5d14cc0c99b2e9e018b5789
io.apiman	apiman-manager-api-rest	1.1.0.Final		5f3d5cdb6a1a4f45be35026671773818ff604b70
io.apiman	apiman-manager-api-rest	1.1.0.RC1		022235dc0d14b8e2e6f32e51ee6fe79c10da4e46
io.apiman	apiman-manager-api-rest	1.1.0.RC3		289477b41636f006e2bce988ccc8dce41d93a4d1
io.apiman	apiman-manager-api-rest	1.1.1.Final		dab581c349682f8937058d772468259e4fba0330
io.apiman	apiman-manager-api-rest	1.1.2.Final		b7cfcf889a8a39542bd2213252980b6e6895a846
io.apiman	apiman-manager-api-rest	1.1.2.Preview1		e8bdc97a6b2fc39ce31294edb7e4864058b6b46f
io.apiman	apiman-manager-api-rest	1.1.2.Preview2		3a147943bcd80a745684018f61883b496597b368
io.apiman	apiman-manager-api-rest	1.1.3.CR1		17d41a48500670e11a31722cb65f3bebe7501128
io.apiman	apiman-manager-api-rest	1.1.3.Final		f2fbf09243cadcee756097dd76888c1758ac6c91
io.apiman	apiman-manager-api-rest	1.1.4.Final		dcd7ee8a0216b494bdf6182646e13d1661b0c807
io.apiman	apiman-manager-api-rest	1.1.5.Final		c67eafcd5fff7f37e999932e2fb9e75a1e746120
io.apiman	apiman-manager-api-rest	1.1.6.Final		4eb838b8a74023ba75ccdd4154b69e3f5ca62552
io.apiman	apiman-manager-api-rest	1.1.7.Final		40ef81b146a8f658ce5424acb01554a5812a6e6c
io.apiman	apiman-manager-api-rest	1.1.8.Final		4d082d36ab2f7b8b40a96bdaad3c5aeb2c30b03b
io.apiman	apiman-manager-api-rest	1.2.0.Alpha1		1230ad61b3ff9dbf07c17fb916cd736093c358b6
io.apiman	apiman-manager-api-rest	1.2.0.Alpha2		7559f83eb8b446b4707ad3178a45b54c438cd5e6
io.apiman	apiman-manager-api-rest	1.2.0.Alpha3		aab40fb7d12b8cf50db05d8ed5db060a5e119dfd
io.apiman	apiman-manager-api-rest	1.2.0.Beta1		40b6a08dd5ae95f61a91a7ca12c0f919303af005
io.apiman	apiman-manager-api-rest	1.2.0.Beta2		8d8e17c6622cd673d2782014dea143b01b4e45be
io.apiman	apiman-manager-api-rest	1.2.0.Beta3		95cc34defd794b1ef8b0d804e59aa96c225556d2
io.apiman	apiman-manager-api-rest	1.2.0.Final		a7b878846531619d1e899b8afa380f5244d222e0
io.apiman	apiman-manager-api-rest	1.2.1.Final		d09fe45f3714be1f953c848da438875e441e41e8
io.apiman	apiman-manager-api-rest	1.2.2.Final		3e214d9469de5bc386818d028709fb3e651aabc4
io.apiman	apiman-manager-api-rest	1.2.3.CR1		1fc54702b93c873111a082ac2d580d4f8792a2d3
io.apiman	apiman-manager-api-rest	1.2.3.Final		e819b720f9676c3a8b20efea0519c74201cf7614
io.apiman	apiman-manager-api-rest	1.2.4.Final		716d15b1e50c2babcf2440fccab32640325fd978
io.apiman	apiman-manager-api-rest	1.2.5.Final		9bb405dd5bd2490e853c5800a591377de88fb832
io.apiman	apiman-manager-api-rest	1.2.6.Beta1		e500e9fb9a7b261b4001ede5f7fe96b2009f781f
io.apiman	apiman-manager-api-rest	1.2.6.Beta3		91e4d8136f4376994ab4d9a5dbef76f0c95596e4
io.apiman	apiman-manager-api-rest	1.2.6.Final		bf6e0a77366ed59ad1c0f5d370450b000f37dce7
io.apiman	apiman-manager-api-rest	1.2.7.Beta1		a7dbdb4567201efea6f2ede8152ecdfb6d49e72a
io.apiman	apiman-manager-api-rest	1.2.7.Final		d8c42565517efe797b63f2984ae656d8fc31c33e
io.apiman	apiman-manager-api-rest	1.2.8.Final		aa23840c1db7c434c96567b2bba15eae8f823682
io.apiman	apiman-manager-api-rest	1.2.9.Final		aa5af082af8e53748ea93e87f6bc9c6844b24e95
io.apiman	apiman-manager-api-rest	1.3.0.Final		b334e878d501203d3b428ab11873bca19299741c
io.apiman	apiman-manager-api-rest	1.3.1.Final		67b35c62acedd40198a96114f2ac303f77c95935
io.apiman	apiman-manager-api-rest	1.3.2.Final		96f0795717dc3fc6b0b24a4dd535312f243d19c3
io.apiman	apiman-manager-api-rest	1.3.3.Final		74539e064d0f7b42e41ada0131d2285899574ed1
io.apiman	apiman-manager-api-rest	1.3.4.Final		6f4e01413f818b8747c7b7931c8cb87a3981736b
io.apiman	apiman-manager-api-rest	1.3.5.Final		bea53ea2d63bd7eec9f184bb9adc4dce66675550
io.apiman	apiman-manager-api-rest	1.4.0.Final		d4b06fd0b9a87379c50b2acaab49a9c8404a4cbc
io.apiman	apiman-manager-api-rest	1.4.1.Final		092de98dbc4e25023c78b488bd60bda20e63958b
io.apiman	apiman-manager-api-rest	1.4.2.Final		0d44e2efea82db1ec54988fd8dea640799d039b6
io.apiman	apiman-manager-api-rest	1.4.3.Final		d3257e80634c09244bb3b2a08899321baddfe481
io.apiman	apiman-manager-api-rest	1.5.0.Final		212301dc77a01d0ed359eed78d68b2e750c25fd6
io.apiman	apiman-manager-api-rest	1.5.1.Final		ebcdedaafb30363f362fd0c40a053af869188056
io.apiman	apiman-manager-api-rest	1.5.2.Final		ea9150ab3bf346410e0b7c3207f1fb06797b0df5
io.apiman	apiman-manager-api-rest	1.5.3.Final		fe1d9c1f4dd9750d236422003141ff6c5f76e7fe
io.apiman	apiman-manager-api-rest	1.5.4.Final		f97f13b514c771c2eaf0b483356944d9b9108ffc
io.apiman	apiman-manager-api-rest	1.5.5.Final		1fb9b149a528e2a852d0a549dea7a02378627cfa
io.apiman	apiman-manager-api-rest	1.5.6.Final		3873d57b8da336b0cd1a6e211ec92eec7fed222e
io.apiman	apiman-manager-api-rest	1.5.7.Final		b5a912d19ff814fae2369c5a27793d641bfb1b14
io.apiman	apiman-manager-api-rest	2.0.0.Final		4dc021983a1e09a33b33132a67bb9a4e0acb9006
io.apiman	apiman-manager-api-rest	2.1.0.Final		9ed8cf71f55c2af7d49efab24a8c553b1d583bf1
io.apiman	apiman-manager-api-rest	2.1.1.Final		25cd9ceb04e1a03ef95038392abb69e0f7b3b8d0
io.apiman	apiman-manager-api-rest	2.1.2.Final		bccd851e5ca4c2be796b4e32411051c9387671df
io.apiman	apiman-manager-api-rest	2.1.3.Final		fe8076ae8903a45ede5ef33c6df72621cdf84f55
io.apiman	apiman-manager-api-rest	2.1.4.Final		d574df7a1478198c6f740c2ee51280ef6c46fc86
io.apiman	apiman-manager-api-rest	2.1.5.Final		940914a00f75bb96eaf0c63fe7418a30b47fdf30
io.apiman	apiman-manager-api-rest	2.2.0.Final		9591d740b8b98e1d11200fef4e3393e63f46a902
io.apiman	apiman-manager-api-rest	2.2.1.Final		072ffca358e75adde6dd701a2687f6f46ad94afc
io.apiman	apiman-manager-api-rest	2.2.2.Final		9ec6676887daa717d0e0bc4d84d71b8c072630c4
io.apiman	apiman-manager-api-rest	2.2.3.Final		85f511d0f92421092bb848fe0d6c51176c3fcb13
io.apiman	apiman-manager-api-rest	3.0.0.Final		559819302c84d43742cb688531743a6e7723bbc3
io.apiman	apiman-manager-api-rest	3.0.0.RC6		a59c8ec7cb3c2083a4b8c91478cbb97f6677b13e
io.apiman	apiman-manager-api-rest	3.1.0.RC2		d58d372a34fcc15b531f523a54b46c2258489d4e
io.apiman	apiman-manager-api-rest	3.1.0.RC4		d17252a1349fb56f21ac86b5b041f6f097535969
io.apiman	apiman-manager-api-rest	3.1.0.RC6		db93de20a284a40fa53683f33f0453f5056d7853
io.apiman	apiman-manager-api-rest	3.1.1.Final		33bfbbcba8e310d37b1ae59a46c6ddab37a7c72e
io.apiman	apiman-manager-api-rest	3.1.2.Final		040c6ac5a4270c1f683dd8db9d5f1a86ce2f9e48
io.apiman	apiman-manager-api-rest	3.1.2.RC1		326357ad3ecc1eb0c8415a15cc4b08457925dcf8
io.apiman	apiman-manager-api-rest	3.1.3.Final		7591c57fb36ae83d46f3f24955a35c535711812f
io.arrow-kt	arrow-match-iossimulatorarm64	2.0.0-alpha.4		N/A
io.arrow-kt	arrow-match-iossimulatorarm64	2.0.0-alpha.4	metadata	d11f51d6b510d3412c42d17b89a0f8e7cc2fd2f7
io.funktional	rumpel_sjs1_3	0.0.1		8b5874a1899879da6c892a5f528cf5c5f0a1cf72
io.funktional	rumpel_sjs1_3	0.0.2		223667fd95b1fbde7ff05b46ce25ff0cd968d07c
io.funktional	rumpel_sjs1_3	0.0.3		9ea090303340d2aba88ea6b1d679252fa12debc7
io.github.harvies.charon	charon-elasticjob-lite-spring-boot-starter	0.0.6		27c3c2b30eba865709eede10f3474f4b83e49a2f
io.github.harvies.charon	charon-elasticjob-lite-spring-boot-starter	0.0.7		a05dc96256aea632a697912e903ffeaab7c35cd2
io.github.harvies.charon	charon-elasticjob-lite-spring-boot-starter	0.0.8		6e29012a95626aeee0661e032babd99339df266a
io.github.reactiveclown	openai-webflux-client-spring-boot-starter	0.9.0		b0a23bf52c82ad0add1a32d172f888c989f3c8ef
io.github.reactiveclown	openai-webflux-client-spring-boot-starter	0.9.1		886ea4bd269a6a7deee4ad8d97efe20a64ee7f26
io.github.vincentvibe3	Anitraklib-jvm	0.1.0-alpha		dfbbb3a96d28597f9796cfc7b46f64e74b677736
io.github.vincentvibe3	Anitraklib-jvm	0.1.1-alpha		bf0386121d492a0603febdd258a1c07ca3a3b2bc
io.github.vincentvibe3	Anitraklib-jvm	0.1.10-alpha		b13902c0ceae9a46a2a0e60ca48f3461bad3ddf2
io.github.vincentvibe3	Anitraklib-jvm	0.1.2-alpha		a7f027383ebefeddcf55d62787c70e555ec83e89
io.github.vincentvibe3	Anitraklib-jvm	0.1.3-alpha		a385b3ab6c33c35ffbb78e648229e55360dc66b4
io.github.vincentvibe3	Anitraklib-jvm	0.1.4-alpha		bd6fa3204f53f6b61308cce0b13c095ec14b966c
io.github.vincentvibe3	Anitraklib-jvm	0.1.5-alpha		afb96df0ef31cc273eb1639e82546306c6dcec91
io.github.vincentvibe3	Anitraklib-jvm	0.1.6-alpha		13c91d24e0361c6d283c64ca3c2396172de5a878
io.github.vincentvibe3	Anitraklib-jvm	0.1.7-alpha		1ff924b328c819a32524a1eed6047889a3223eea
io.github.vincentvibe3	Anitraklib-jvm	0.1.8-alpha		2b660301c8af8c553a86743e049c0c28ec37bc2a
io.github.vincentvibe3	Anitraklib-jvm	0.1.9-alpha		35cb751975cc969cb10bd5443ca9ab5d127bfef0
io.ktor	ktor-http-ios_debug_macos_x64	1.0.0		N/A
io.ktor	ktor-http-ios_debug_macos_x64	1.0.0-rc		N/A
io.ktor	ktor-http-ios_debug_macos_x64	1.0.1		N/A
io.micronaut.jsonschema	micronaut-json-schema-generator	1.4.0		9a3347440edc31f486389ac40bcaea42bb980e40
io.micronaut.jsonschema	micronaut-json-schema-generator	1.5.0		1039423a6f8531764797dcb9b568a2180d161c6d
io.micronaut.jsonschema	micronaut-json-schema-generator	1.5.1		2ab9ab4a7d45e8223c07e984a34996f5e27cab3b
io.micronaut.jsonschema	micronaut-json-schema-generator	1.5.2		979a252cd70f41a6b2c68fc41280ba53a0aa11de
io.openapiprocessor	openapi-processor-api	2021.1		5858b62df7063a26658899458cbe7d32efcf7cb8
io.openapiprocessor	openapi-processor-api	2023.1		30e708bd2dbbe8aad3a2d8a9864ffe523dce4b8f
io.openapiprocessor	openapi-processor-api	2024.1		d11f8d8145a196be3d774fb649e972d17c0f2eee
io.openapiprocessor	openapi-processor-api	2024.2		068bff698d4bdd7ee36873edd1d2e28e68e6c01d
io.testerra	driver-ui-desktop	1,11		5314db92e195cac502345f2fb584551e2089cd86
io.testerra	driver-ui-desktop	1.0-RC-31		af520d35e65ba263e085ec04768fd3d11d4496f3
io.testerra	driver-ui-desktop	1.0-RC-32		399bb95531f13b9d8d8d7f7f873b9480e873d8bd
io.testerra	driver-ui-desktop	1.0-RC-33		4f84eeea1e9dfd4cd3ae269fa3402bcbd3fc10fb
io.testerra	driver-ui-desktop	1.0-RC-34		f9e2114aa160462343d1bbc4b70636d64526bed8
io.testerra	driver-ui-desktop	1.0.0		277a6c52587ff500087a7a03905a2d28a2086b0b
io.testerra	driver-ui-desktop	1.1		10b772f20b4f903ec22c9b82c0d4976df76775a7
io.testerra	driver-ui-desktop	1.10		aa7c8c2103d3c8a7a1a9613c199ffa61fc17e3d4
io.testerra	driver-ui-desktop	1.11		6411389f451f46807921ebad73cfc1618b7329f6
io.testerra	driver-ui-desktop	1.12		d656587fb357593b3cae98292a45b65c989434e8
io.testerra	driver-ui-desktop	1.13		3fec38523912114aa80fa258f52556182e1e0b9a
io.testerra	driver-ui-desktop	1.2		c7cc3e0fade9f51d18d4993e2325751b4cefddd4
io.testerra	driver-ui-desktop	1.3		9b1fe81fe0e6b76da952e67b2d0594542120d191
io.testerra	driver-ui-desktop	1.4		625369de04a0241c19693731552c64104381d9d5
io.testerra	driver-ui-desktop	1.5		df9422b5f4447437644576048cb8a4d0e6ac4b3e
io.testerra	driver-ui-desktop	1.6		4e897eed6f5eede5cc074e775f7381429aea4e60
io.testerra	driver-ui-desktop	1.7		a52ae5bf0d151cee065dd5cfe08396c3353cc120
io.testerra	driver-ui-desktop	1.8		9f36e69ca1a0b0616074395570ff2f3a9322e7e8
io.testerra	driver-ui-desktop	1.9		99483d3ca44a1b57570023d60de906a795d62110
io.testerra	driver-ui-desktop	2.0		1c3cf7fb978f6f9feecf0e6c866cfefdc38a24b8
io.testerra	driver-ui-desktop	2.0-RC-10		32cfcfdd00587a26529943715ac4ce589c0cd8cc
io.testerra	driver-ui-desktop	2.0-RC-11		024c30f0fd96b2533757895531073313c80d85c8
io.testerra	driver-ui-desktop	2.0-RC-12		39cac6732d3382e2e20e2553d3dca963dcc4faa3
io.testerra	driver-ui-desktop	2.0-RC-13		a126763a82a9042170e08b62f83607c8c4e51bad
io.testerra	driver-ui-desktop	2.0-RC-14		76590b9ea221425e044d03cf86febcacc1535cd7
io.testerra	driver-ui-desktop	2.0-RC-15		b987dc1d3e5bccfa6179ce279660094bcccb3c6f
io.testerra	driver-ui-desktop	2.0-RC-16		5288454674744d34e2094fe4352360083aaa2be8
io.testerra	driver-ui-desktop	2.0-RC-17		2570e487a46db6f5142e0d84d13655c2b7565af8
io.testerra	driver-ui-desktop	2.0-RC-18		5830f5753ddebe487238cb840bb24a48280f8b21
io.testerra	driver-ui-desktop	2.0-RC-19		a619b17c62af50010620552af0995abb3365ac30
io.testerra	driver-ui-desktop	2.0-RC-20		4811d809f121f0eae567dad20bf5ac43ae7bbe6f
io.testerra	driver-ui-desktop	2.0-RC-21		a3b126aedebe5f5aebe44840059967c04ef276fa
io.testerra	driver-ui-desktop	2.0-RC-4		cf4fc424317d230f01a813562bc01b0d77171a65
io.testerra	driver-ui-desktop	2.0-RC-5		f954c030f1250fded84b989472bd0192518814c9
io.testerra	driver-ui-desktop	2.0-RC-6		69a5e8cbf71b9ee673c6ae65456da2ba755ab2ba
io.testerra	driver-ui-desktop	2.0-RC-7		d94f293d46cead16a19875164f72b2a200e988ba
io.testerra	driver-ui-desktop	2.0-RC-8		b7ddfec0e85e0c00b4ada455f43cbcd9aedb8868
io.testerra	driver-ui-desktop	2.0-RC-9		a372ad4a9bb83b04863de18c07569b3225eb4613
io.testerra	driver-ui-desktop	2.1		1686da3b62fae066be2c8f6b3706fef26c9d3b48
io.testerra	driver-ui-desktop	2.10		8f88de3e36efd93c82aa63b3b538c3db6030e519
io.testerra	driver-ui-desktop	2.2		62f013f5a440f43c64cbce74795458c336c440e6
io.testerra	driver-ui-desktop	2.3		8a8a6f186864ed72d718e5775fe252672b1f0ffd
io.testerra	driver-ui-desktop	2.4		b361c474a4de889e52ec4369726ec2dbf25d73c0
io.testerra	driver-ui-desktop	2.5		a05b6d04dc32bcfec26b100e994c67e93bd4208d
io.testerra	driver-ui-desktop	2.6		606b6ef5f94d2b44d9c22c4ca275d0dd24b52db1
io.testerra	driver-ui-desktop	2.7		d4943577bd467633600e2d60b4096e2eff78e671
io.testerra	driver-ui-desktop	2.8		7054cb9df611368657f2928c9669983bf84571af
io.testerra	driver-ui-desktop	2.9		299c84e32effd5624ae37c58e034140b1374e423
net.databinder	dispatch-core_2.9.1	0.8.10		6626e502c12ee7c86091f5c9c362ec1712614b84
net.databinder	dispatch-core_2.9.1	0.8.5		8e6184dc8558a28bbf58b7090d9d5971a14b3904
net.databinder	dispatch-core_2.9.1	0.8.6		4968026e02f909ab24e7d85a49a36656a28726bf
net.databinder	dispatch-core_2.9.1	0.8.7		c8e1f4aa9ee535cea6039e52d65ead44fae0870a
net.databinder	dispatch-core_2.9.1	0.8.8		a11abfd65cecee6351892d82e1fc9ed516182a75
net.databinder	dispatch-core_2.9.1	0.8.9		58f1b90ce85e237f5da01c4ff9c0221a738bf233
net.kemitix.thorp	uishell_2.13	0.8.0		6600064918c1a091d7d3b066ffafc2b51d2a065e
net.kemitix.thorp	uishell_2.13	0.8.1		c73639ef4a089e038d77f7e2d839dfb59cadc884
net.kemitix.thorp	uishell_2.13	0.9.1		cab38f7cb4abc367167612767174dd23f9435bde
org.apache.dubbo	dubbo-rpc-thrift	2.7.0		d00cbe10cee0c595c591bd19741b04aaa26c0e73
org.apache.dubbo	dubbo-rpc-thrift	2.7.1		de835c8d20d1f996398cf2e0cb79c3809658c3c1
org.apache.dubbo	dubbo-rpc-thrift	2.7.10		19f9aabf9e401535548b02b947a8d55e4ddc6964
org.apache.dubbo	dubbo-rpc-thrift	2.7.11		576e22094db345a082a6b1f96349a7e4abbc2d8b
org.apache.dubbo	dubbo-rpc-thrift	2.7.12		013a46f0eca0506e3994e152dddaff242b79e720
org.apache.dubbo	dubbo-rpc-thrift	2.7.13		5a9370e2925cdd934fd3cadc2b1eee9a4fcb382e
org.apache.dubbo	dubbo-rpc-thrift	2.7.14		065d100799d06e6ffd77a0920749e8c81c7bff51
org.apache.dubbo	dubbo-rpc-thrift	2.7.15		a1349cf5454528e32777de1944f0d793217e89bc
org.apache.dubbo	dubbo-rpc-thrift	2.7.16		432313cbd2274b0fc1c53883ce288e070d3462c6
org.apache.dubbo	dubbo-rpc-thrift	2.7.17		33b278c53e74b1431011ec28de8e15c467dbb4da
org.apache.dubbo	dubbo-rpc-thrift	2.7.18		3a9b8700730fdcd967627455e429f53781712127
org.apache.dubbo	dubbo-rpc-thrift	2.7.19		d650a5cfac078a1a863906b505ecd95c7f2bcb42
org.apache.dubbo	dubbo-rpc-thrift	2.7.2		25417dd43b30b7834aca290a898ba94303d64718
org.apache.dubbo	dubbo-rpc-thrift	2.7.20		4d14124a799512a4fcd01fb5e5ceea668eef14a9
org.apache.dubbo	dubbo-rpc-thrift	2.7.21		5d8f4a1b2730863b884f880362c564d13d59efc0
org.apache.dubbo	dubbo-rpc-thrift	2.7.22		db19d877a911997fecc33f2d476d7c1971ef0465
org.apache.dubbo	dubbo-rpc-thrift	2.7.23		1cc0bcb23a5b93adcc55d4e5a10415c1f3d7bf87
org.apache.dubbo	dubbo-rpc-thrift	2.7.3		a6b28f8faac3ef9e9c7fde6038130411d1bd2f3f
org.apache.dubbo	dubbo-rpc-thrift	2.7.4		fec5383481fb4e576bb69c371b353a5e1bdb1291
org.apache.dubbo	dubbo-rpc-thrift	2.7.4.1		cf072b688d20b4802534507bb0c535ac5dc83dfd
org.apache.dubbo	dubbo-rpc-thrift	2.7.5		0582e1c20c6bc2702fab9bbc16365aaf3817937b
org.apache.dubbo	dubbo-rpc-thrift	2.7.6		338e12689207c3fe822d3a399000a2a1777f7cb6
org.apache.dubbo	dubbo-rpc-thrift	2.7.7		a2f403552866c295becc4f5e918ee81d60aa3e1a
org.apache.dubbo	dubbo-rpc-thrift	2.7.8		0c6302db5668278acd2d6fe8e61666d1be0e0e2a
org.apache.dubbo	dubbo-rpc-thrift	2.7.9		21ad33334db21e88fa534e31bd77ea50cdcc565c
org.apache.tamaya.ext	tamaya-resolver	0.1-incubating		da79e0a476c9dbd291a6a4a5dcff988a4c2981e4
org.apache.tamaya.ext	tamaya-resolver	0.2-incubating		3b08b33ab34947d79d84307be1113fbc6c4c5683
org.apache.tamaya.ext	tamaya-resolver	0.3-incubating		91dece9570717fdae6c4db776f909a7df5ffa2ae
org.apache.tamaya.ext	tamaya-resolver	0.4-incubating		128ec01582a9e9f5f3ccdb8f3ab5a437854ed957
org.apache.tuscany.sca	tuscany-binding-sca-jms	1.4		25032c7e55978632cc737fea77631c095467b035
org.apache.tuscany.sca	tuscany-binding-sca-jms	1.5		a7366fa6e75e7ca0128db5d224b953da100dfc1c
org.apache.tuscany.sca	tuscany-binding-sca-jms	1.6		d1604b6efe08575600e60dced593f181cfe3e102
org.cert.netsa	mothra_spark-2_2.11	1.6.0		cbf41b0b3ce1b9f58977a54bb9f152a920557180
org.codehaus	savana	1.0		0e8b7955cfa7689722c65512b03698bc4c487ea5
org.codehaus	savana	1.1		0394e1e7f362d953deae224d7bef34f9213a2ff1
org.codehaus	savana	1.2		1baad5d870daa64cf98d19654d3352da2c63f979
org.codehaus.mojo	nb-repository-plugin	1.0		92be92c993f860aa95246d9e3e4a59a071885429
org.codehaus.mojo	nb-repository-plugin	1.0.1		c97de57fa8d94442cd79b48d281dc34139ec569f
org.codehaus.mojo	nb-repository-plugin	1.1		46b830ea24a3b5640cf89b3fac501c8e30064a82
org.codehaus.mojo	nb-repository-plugin	1.2		dc2c734d8a22c2ef3820a874c9bb0176c8dd42dc
org.codehaus.mojo	nb-repository-plugin	1.3		645c5e7a06a53774ac6a708685de3a4673629688
org.fomkin	korolev-akka_2.13	0.16.0		5436e65cbebd2cdc38816a0de259633f61de357c
org.fomkin	korolev-akka_2.13	0.16.0-RC1		85c9c3e0fe1cd12d277789a77d41bc4aff2ce392
org.fomkin	korolev-akka_2.13	0.16.0-RC2		3835174698447e39103c2ad8106f9aaead0f8516
org.fomkin	korolev-akka_2.13	0.16.1		a732dfc21f1c94bcc7050cf2dd9b1ee5482676fd
org.fomkin	korolev-akka_2.13	0.16.2		13fd74acb39e987879583ff018b530de773bf6b3
org.fomkin	korolev-akka_2.13	0.16.3		33bf8ecd9af1e9923149e31b6d01f41dee587b84
org.fomkin	korolev-akka_2.13	0.16.4		706a565a781880237fb56fd45248ac9f53bfa8ed
org.fomkin	korolev-akka_2.13	0.16.5		cbbb265422279b33fddfedb4894ec0ce31c358c4
org.fomkin	korolev-akka_2.13	0.17-M1		014bf03ea65bd3cab1adab153a32f45e47330710
org.fomkin	korolev-akka_2.13	0.17-M2		b36bfa4a0ed4dd445262a051242334b5e9583913
org.fomkin	korolev-akka_2.13	0.17-M3		27b73ee2803eee350a62fbbbf5241c76d6c9d6bd
org.fomkin	korolev-akka_2.13	0.17.0		96fb448ba46f61b33445efd3ab474d3953b8c098
org.fomkin	korolev-akka_2.13	0.17.1		118f33f177f204534423b6a26485671c316e24db
org.fomkin	korolev-akka_2.13	0.17.2		afb75fe267ab35ce0a50abd41ed079892f8ddc63
org.fomkin	korolev-akka_2.13	1.0.0		eb186906ffa86f784fd27c863c7c76959fd535fa
org.fomkin	korolev-akka_2.13	1.0.0-RC1		8a602136d1f616503ac1e6731db68f350a93bf37
org.fomkin	korolev-akka_2.13	1.0.0-RC2		8c7b5ea0fa9d8dab0b067c82279073bbf6f69e67
org.fomkin	korolev-akka_2.13	1.0.1		f60bf014029578f7aa6ff5b05bfe2969ec46153b
org.fomkin	korolev-akka_2.13	1.1.0		084e061d7748f0750eb5cd9cd1f540e5d5c1ee5f
org.fomkin	korolev-akka_2.13	1.16.0-M1		29a19691d83afb6245778c47d33f7bc745494842
org.fomkin	korolev-akka_2.13	1.16.0-M4		c75db1f92ef11a397ebbc35fcb25c0f675d0a8f5
org.fomkin	korolev-akka_2.13	1.16.0-M5		a7e4bea958005ec8c414f73cd40a590a2e26d8c8
org.fomkin	korolev-akka_2.13	1.2.0		e9f3d2b4e7f14d8b0417bd0e14137c52281dacf0
org.fomkin	korolev-akka_2.13	1.3.0		b9121bd6256183f79a88f335e06296bcdf79d26f
org.fomkin	korolev-akka_2.13	1.4.0		5cde8f30f7b4fe7ba7ed012a55ea872f959c0f85
org.fomkin	korolev-akka_2.13	1.5.0		1bb34eb0b9d2b7f37d77e1d2664cc056491ce51d
org.fomkin	korolev-akka_2.13	1.5.0-M1		e82e422f4c05da6dd5444c569ff47cd1bffba236
org.fomkin	korolev-akka_2.13	1.5.0-M2		8e1a8f61ee348cfb9370b3e4a2ed1bb069086fe8
org.fomkin	korolev-akka_2.13	1.5.0-M3		6b31d39a368478995f57de91cf95a3540eebe190
org.fomkin	korolev-akka_2.13	1.5.0-M4		6413f9649e5c523d55c79f1db13854a2bc9d1e2f
org.fomkin	korolev-akka_2.13	1.5.0-M5		b3dd0b4944b20233691f4918431609080d670a88
org.fomkin	korolev-akka_2.13	1.6.0		fd1b8ae44eb89a65865c289a8cb265a818f7583c
org.fomkin	korolev-akka_2.13	1.6.0-M1		addb9b955369a621c695d79d3c3070f49c41d25f
org.fomkin	korolev-akka_2.13	1.6.0-M2		4ec450998d249df16d263740a6759d5aec783118
org.fomkin	korolev-akka_2.13	1.6.0-M3		38e5e4c0ba28346b148905042312cda6d8206345
org.fomkin	korolev-akka_2.13	1.6.0-M5		e1fdb083cd52ef747c8c75f1cc2316e84d868df6
org.fomkin	korolev-akka_2.13	1.6.0-M5.1		a502338b50f3bbba48af57a82e91d9a21bb03ec9
org.fomkin	korolev-akka_2.13	1.6.0-M6		daed211fd643895d8670eca5c33450ff1fd025dd
org.fomkin	korolev-akka_2.13	1.6.0-M7		d17d5858f9696bdbfcf43b6c39d789e808ade343
org.fomkin	korolev-akka_2.13	1.6.0-M7.1		180906ddf051df5542ca863b7cb1a8d5a976540e
org.fomkin	korolev-akka_2.13	1.6.0-M7.2		da2d607fe2ea120b000e08f962d562685e38b144
org.fomkin	korolev-akka_2.13	1.6.0-M8		16313c7459d9a03c41247c01ded01e8df44f0808
org.fomkin	korolev-akka_2.13	1.6.0-M8-8-g20abb89		619301fd454bc4477c9c042746adf31b4b4f944e
org.fomkin	korolev-akka_2.13	1.6.0-M9		209bae8458ef611b8daba2a99d0fc3f11003cc2c
org.fomkin	korolev-akka_2.13	1.7.0-M1		ff1284162089b19eefd70b937b5b8d62553f01e8
org.fomkin	korolev-akka_2.13	1.7.0-M1.4		7782324f6332b9ee10187c8f44a0daa69a2b6691
org.geomajas.plugin	geomajas-layer-googlemaps	1.14.0		a15d41d5aa74dcccd5445092d0cf20aa3ed43c77
org.geomajas.plugin	geomajas-layer-googlemaps	1.15.0		0791c29790ce01bfb5d7f3d7d0a828e286eeff88
org.geomajas.plugin	geomajas-layer-googlemaps	1.15.1		2fdc0a7a39fc3d32d6e3da41162ce02f3e21ba78
org.geomajas.plugin	geomajas-layer-googlemaps	1.16.0		489e5e4ed0a4ed90cf7af7d28209f58e95c1874c
org.geomajas.plugin	geomajas-layer-googlemaps	1.16.1		f94233da32ae1a86a0072e51af2d922aae1c2f47
org.geomajas.plugin	geomajas-layer-googlemaps	1.16.2		f94d3801fbe63010f53da91387f04024333a7844
org.geomajas.plugin	geomajas-layer-googlemaps	1.16.5		c8fa06eb751831fa26fe1a28f4dfda352749aaeb
org.geomajas.plugin	geomajas-layer-googlemaps	1.17.0		285237324aa60dd4ed8f541e44eb0bc852920020
org.geomajas.plugin	geomajas-layer-googlemaps	1.18.0		8f9ef91b63e1eb7ff4104a0860ccab50967592d6
org.geomajas.plugin	geomajas-layer-googlemaps	1.18.1		15f6cb642eca6e6498123aedec83559d0bbcfe81
org.geomajas.plugin	geomajas-layer-googlemaps	1.18.2		77c32db16f38ac43db033206c74d42a8186b1da2
org.geomajas.plugin	geomajas-layer-googlemaps	1.18.3		4e972c49042c983d60d3dd02a877c1add049c4ca
org.geomajas.plugin	geomajas-layer-googlemaps	1.18.5		8e7c5a0daa94a25f06b03c878de6197ac6c0c94e
org.jasig.cas	cas-server-core-audit	4.2.0		764521bb3699a51eeb8661bd367ef73099bd53f6
org.jasig.cas	cas-server-core-audit	4.2.0-RC1		8d8f5143f762efd8f86c803c429ea3cad75c1837
org.jasig.cas	cas-server-core-audit	4.2.0-RC2		e8c97d6662304b44d9315d583664d3a15cd6a14a
org.jasig.cas	cas-server-core-audit	4.2.0-RC3		0625b96e546b577a35d9dc2c8b6110a7aba3fd59
org.jasig.cas	cas-server-core-audit	4.2.1		570fc507d6916125629940e5d689eb7482051f11
org.jasig.cas	cas-server-core-audit	4.2.2		4befdabe0a1f58fe75efccd0d56c8894fd689f50
org.jasig.cas	cas-server-core-audit	4.2.3		555bb9547d6c1893355d4948f0ee62e3c8f63023
org.jasig.cas	cas-server-core-audit	4.2.4		02fdaf4f4615258c292e825c299199a923977f15
org.jasig.cas	cas-server-core-audit	4.2.5		58abee121a1837411c748a8bc4edbb8a1b1ae49b
org.jasig.cas	cas-server-core-audit	4.2.6		fc2801d62632757960a97affce6a93c2e2cda7ad
org.jasig.cas	cas-server-core-audit	4.2.7		5c7a9cc7f582cef51456498549815401b21795e3
org.kasource.kajmx	ka-jmx-web-tomcat	0.1		N/A
org.kasource.kajmx	ka-jmx-web-tomcat	0.2		N/A
org.mapsforge	vtm-themes	0.10.0		ce5c46b4a9d382f6d8d5f4a32ff4c311aed0a44e
org.mapsforge	vtm-themes	0.11.0		f875480ffa7420162897ab1897482aa9eb7745e6
org.mapsforge	vtm-themes	0.11.1		63e2905ba64609a439318de43f450470f2c64891
org.mapsforge	vtm-themes	0.12.0		7ef90dc02435f89cde326feb97a00900dba57602
org.mapsforge	vtm-themes	0.13.0		23416dc683e334a9ccc5e9cf163d57394f4a4806
org.mapsforge	vtm-themes	0.14.0		053edf3ebe7521dcb7930a55e593748c5c0a01bb
org.mapsforge	vtm-themes	0.15.0		0bdb720c29cf47fdc8adb99fdcc68b559d916706
org.mapsforge	vtm-themes	0.16.0		512349ad796632f2f5377bc7dbca9927cadc5954
org.mapsforge	vtm-themes	0.17.0		fab8befb093e4d7425228a8bc6a36342f2c185fc
org.mapsforge	vtm-themes	0.18.0		c48c796d919b5b76777412010497b1082969da64
org.mapsforge	vtm-themes	0.19.0		ad302310a2fffc569f9730f481251cfbe007ac26
org.mapsforge	vtm-themes	0.20.0		a1cc4456805d7641bf5faa616732ada9c2f34c07
org.mapsforge	vtm-themes	0.21.0		f2f084f9bba004e8348fcba504f136fe17a8550e
org.mapsforge	vtm-themes	0.22.0		0845a2fd12541ec7516a8cab9f7ee1d297afeb23
org.mapsforge	vtm-themes	0.23.0		977253a0ddb4b613a645fcdc405dc817d59c120e
org.mapsforge	vtm-themes	0.24.0		45305e4615b695bdcce6446c2446a5b7db4dbac4
org.mapsforge	vtm-themes	0.25.0		0e06fa753c596e8490c53aefd5047b711d3d2c67
org.mapsforge	vtm-themes	0.6.0		1f5f730b2322b686f7046310813e289814bcb86a
org.mapsforge	vtm-themes	0.6.0-rc1		1d608c4ba879e4d7898371d7dc5b247fbe10fc70
org.mapsforge	vtm-themes	0.6.0-rc2		c5ccd6e4e1c387427ebeffd69435bd5610174ede
org.mapsforge	vtm-themes	0.6.0-rc3		d52953c91cdab43f7787551f25e65c5ff63a45a7
org.mapsforge	vtm-themes	0.7.0		531ffb4512b882d0eca1f98a2069faad3731e2e8
org.mapsforge	vtm-themes	0.7.0-rc1		17cb00b22fb4a460a5b55468273f2be1198fc56a
org.mapsforge	vtm-themes	0.7.0-rc2		07be35a0ee23abc4f205ce0c121953e17d7bd81f
org.mapsforge	vtm-themes	0.8.0		64bdfd1d8ef7f026a169a810e651d1bebcd81c23
org.mapsforge	vtm-themes	0.8.0-rc1		8a9fb2261999d51719966d9d9f9ad837bbfe7a40
org.mapsforge	vtm-themes	0.9.0		086226747228d466329c81ba777d0c67b76adf3a
org.mapsforge	vtm-themes	0.9.1		70491dab64d010eb00c371bdfcf60c0cd9a8bdbc
org.mapsforge	vtm-themes	0.9.2		ea4ea0df76112301acaac694120f346f64ef6ad6
org.morphir	morphir-sdk-spark_2.11	0.10.0		4134fb5ba6be3d2231a81bfbcdc0d03be5199002
org.morphir	morphir-sdk-spark_2.11	0.11.0		9d144b98fa38739e8db93a2bf0374b9f01427532
org.morphir	morphir-sdk-spark_2.11	0.12.0		05afe9e4f0ee6638c0e7757884053fc037c6f911
org.morphir	morphir-sdk-spark_2.11	0.13.0		8b72115f4f699d337d88ac63b3f07ac1c828a7d5
org.morphir	morphir-sdk-spark_2.11	0.14.0		af80e9e411c6e0f4b7b069b0b79a03deac967785
org.morphir	morphir-sdk-spark_2.11	0.15.0		91e3ad0a06c4d21e4f6bf1eae7e10701be1c103e
org.morphir	morphir-sdk-spark_2.11	0.16.0		770ebf023bfcc46323b8c2bdd41a2430b3420286
org.morphir	morphir-sdk-spark_2.11	0.17.0		232f20bbe54b8660eb4c8205a5d09e59e6f0370e
org.morphir	morphir-sdk-spark_2.11	0.18.0		2d9be9c1567e1c66b218cc8939a0958ee73e97c6
org.morphir	morphir-sdk-spark_2.11	0.18.1		0b047ae6b83bc7841d98c1cf94538f73c3619fad
org.morphir	morphir-sdk-spark_2.11	0.18.2		777284c3d13ab3bfbcf40acb17b4bf2e0c832256
org.morphir	morphir-sdk-spark_2.11	0.18.3		cc3bb0db7f50e080082c139b6c69c04faa031093
org.morphir	morphir-sdk-spark_2.11	0.7.0		6c449e13d2c2a79dc227148bfb7c385630fa9ae7
org.morphir	morphir-sdk-spark_2.11	0.7.1		39ded5c443dc2cc9cc2c1f4d2bdddc783d2a8b47
org.morphir	morphir-sdk-spark_2.11	0.8.0		166611951140f94bc0299959a8daae9695dcc4a2
org.morphir	morphir-sdk-spark_2.11	0.8.1		b439cac7d436408b31666602f2d2aac819fd8be6
org.morphir	morphir-sdk-spark_2.11	0.8.2		f99d2534cb2497b250a64333a797204df5ad15a9
org.morphir	morphir-sdk-spark_2.11	0.9.1		55fd0bca1b8d60d15c21bc4197ffd14c26635612
org.mvnpm	path-exists	1.0.0		c0c3fe9601d4bbe2b8332c315cbdd12d2e2958ee
org.mvnpm	path-exists	2.1.0		8503be48b04fc5e031ee449dec17568db595edbf
org.mvnpm	path-exists	3.0.0		b74161e513d9650d219dce4590be45780680d1d7
org.mvnpm	path-exists	4.0.0		ff50f671b2bce90483649e200e49ff0546c3483a
org.mvnpm	path-exists	5.0.0		c98bbdc0748068a2134bd20c6ea13ad3fb6ccb55
org.mydotey.codec	codec-utils-parent	1.0.4		N/A
org.mydotey.codec	codec-utils-parent	1.0.5		N/A
org.springframework.cloud.fn	spring-sftp-supplier	5.0.0		1f2be10219f9d21d5e879a158686fcd6fbd8ab11
org.springframework.cloud.fn	spring-sftp-supplier	5.0.1		f3db7b56c1736af406cef6a343d3a4a71a413036
org.springframework.cloud.fn	spring-sftp-supplier	5.0.2		5e978fd84286a180dc2ea90b39e97e6aac906a6a
org.springframework.cloud.fn	spring-sftp-supplier	5.1.0		c08aa606dec8c3a87777b5d0a7f6167d14e92896
org.webjars.bower	oi.multiselect	0.1.6		bdd83006eca61cd5defb67ef4317b3c98ca3ed5b
org.webjars.bower	oi.multiselect	0.2.12		4aaa2c880e21a64db9539e0bd32337d7a29884c3
org.webjars.bower	oi.multiselect	0.2.20		7ae4cd591b56e45350bc17de0d2c12ad9c01e125
org.webjars.npm	steno	0.4.4		f0f8b3fd1a4dbd4dd38a66e9c3982b3bc3e11915
top.jiaojinxin	jln-response-code	0.1.5		f72551fb87d6edac9a4389a6c942bd63014cfd4a
top.jiaojinxin	jln-response-code	0.1.6		077a72d662bce1a604574a18728e3f83b4ee6e87
top.jiaojinxin	jln-response-code	0.1.7		8504f8c7097363edc35648f782df7421e5c8b749
tz.co.asoft	klip-api-iossimulatorarm64	3.0.15		N/A
tz.co.asoft	klip-api-iossimulatorarm64	3.0.15	metadata	0b41d591c2f8e264ed4116a5477a13e97a804899
xyz.kamyar	sbt-jni-macros_2.13	1.4.2		cc12dac52605be63b437b6aaf3e8c73cc1af6811
xyz.kamyar	sbt-jni-macros_2.13	1.4.3		75bce5b7e7e9fbfc836b8f7e82fe30d76db7f8e8
