activemq	activemq-axis	1.1-G1M3		7f74f779ae5dab9184a0affcf2c439e3fce3a4e5
activemq	activemq-axis	1.2		ff15797af4c28044623daf1924444e39fd51ef7c
activemq	activemq-axis	1.3		b11a2bb51fd385652ef7f99756493b2380e1b67a
activemq	activemq-axis	1.4		3b46d35d53a2cb797b4491e01c6b87ec1f09bc9e
activemq	activemq-axis	1.5		96aa9ea77348bb80c4fe67868abff1506baceab0
activemq	activemq-axis	2.0		229d7da62c1a689e2b8de06a37dd2253621dd5bf
activemq	activemq-axis	2.1		887d683cfd87d4fe41231dd0397a2f421835cebc
br.com.damsete.arq	damsete-arq-main	0.0.1		2bacbe24dfdab5187adc3d9f380ee7d4526bc83b
br.com.damsete.arq	damsete-arq-main	0.0.10		b88c2dae9db481cc9b55796b32f5e30e15af525f
br.com.damsete.arq	damsete-arq-main	0.0.11		aca5f02655701377467edb33010583494a5c0995
br.com.damsete.arq	damsete-arq-main	0.0.12		9af6dea49ef554ea5a4a9ecb772e25f5329a83ef
br.com.damsete.arq	damsete-arq-main	0.0.2		621cefc9671cfa38cb1a6b4b7c99ea85d8874109
br.com.damsete.arq	damsete-arq-main	0.0.3		5ed4c3e7d629433377830dbbbec0ffb4ce68972f
br.com.damsete.arq	damsete-arq-main	0.0.4		dbe1b1d704e9fc01b818338979b7de78b7c2189c
br.com.damsete.arq	damsete-arq-main	0.0.5		324813104dd541ab034822b495ffc68b1344028b
br.com.damsete.arq	damsete-arq-main	0.0.6		140dbaa4f034f7ab66d64b573c75143ca2fd08df
br.com.damsete.arq	damsete-arq-main	0.0.7		b8dda00aab32fa9b18f408ec2514af19c162aa41
br.com.damsete.arq	damsete-arq-main	0.0.8		3bde87af327a72d4c1bb71b6db094d70946683d4
br.com.damsete.arq	damsete-arq-main	0.0.9		ef9fa05ff0a5f935d2956779b569e929b5ea00dd
ca.gosyer	accompanist-flowlayout-android	0.20.1		N/A
ca.gosyer	accompanist-flowlayout-android	0.24.4		N/A
ca.gosyer	accompanist-flowlayout-android	0.25.0		N/A
ca.gosyer	accompanist-flowlayout-android	0.25.1		N/A
ca.gosyer	accompanist-flowlayout-android	0.25.2		N/A
ca.gosyer	accompanist-flowlayout-android	0.30.1		N/A
cafe.adriel.voyager	voyager-core	1.0.0		b049e0d8717ed57e8fc93af8d6bfa85d104576dd
cafe.adriel.voyager	voyager-core	1.0.0-beta01		N/A
cafe.adriel.voyager	voyager-core	1.0.0-beta02		N/A
cafe.adriel.voyager	voyager-core	1.0.0-beta03		N/A
cafe.adriel.voyager	voyager-core	1.0.0-beta04		N/A
cafe.adriel.voyager	voyager-core	1.0.0-beta05		N/A
cafe.adriel.voyager	voyager-core	1.0.0-beta06		N/A
cafe.adriel.voyager	voyager-core	1.0.0-beta07		N/A
cafe.adriel.voyager	voyager-core	1.0.0-beta08		N/A
cafe.adriel.voyager	voyager-core	1.0.0-beta09		N/A
cafe.adriel.voyager	voyager-core	1.0.0-beta10		N/A
cafe.adriel.voyager	voyager-core	1.0.0-beta11		N/A
cafe.adriel.voyager	voyager-core	1.0.0-beta12		N/A
cafe.adriel.voyager	voyager-core	1.0.0-beta13		N/A
cafe.adriel.voyager	voyager-core	1.0.0-beta14		630b4e0a8042b96d0a98495424b31096e7356d18
cafe.adriel.voyager	voyager-core	1.0.0-beta14	all	6f2a5802356a04eed802058ccf66de9bca9348dc
cafe.adriel.voyager	voyager-core	1.0.0-beta15		4b41e6ccffd62262d4837e8858a593c90f5d8e3a
cafe.adriel.voyager	voyager-core	1.0.0-beta15	all	a899ce63f8dbc9246359cd317b7d12b473e7211c
cafe.adriel.voyager	voyager-core	1.0.0-beta16		7a45074426b28c9aba47bd2c0420efd51be44083
cafe.adriel.voyager	voyager-core	1.0.0-beta16	all	03491c73a8c71f800782fae702ea052c07ddd62c
cafe.adriel.voyager	voyager-core	1.0.0-rc01		24f2bd646c088f64a5d8e57702e37e62301e5cd6
cafe.adriel.voyager	voyager-core	1.0.0-rc01	all	44a36ba4aeb453d3dd91256a728ffa40c0790fee
cafe.adriel.voyager	voyager-core	1.0.0-rc02		8ec426a9adc664d9b865df31f62f23a2c84209c8
cafe.adriel.voyager	voyager-core	1.0.0-rc02	all	269ff5a87d28181b9a7507e06099c458397f0d11
cafe.adriel.voyager	voyager-core	1.0.0-rc03		a8dafc67cc375b15dada845eba8b84249843f1ff
cafe.adriel.voyager	voyager-core	1.0.0-rc04		7137b94e612f6da999f0ceacfba6376398155c7f
cafe.adriel.voyager	voyager-core	1.0.0-rc05		a90d951d30165c0b40bf07f59fd1d0508f8ae0b9
cafe.adriel.voyager	voyager-core	1.0.0-rc06		4abe660d937fdec876b9f827361b656f59e57347
cafe.adriel.voyager	voyager-core	1.0.0-rc07		ca286e289a5baf03c690b7d184ab2a0cf36e00e1
cafe.adriel.voyager	voyager-core	1.0.0-rc08		f66b92a35b7cdaebacaf3c8d4bdd2b8c03e90d1b
cafe.adriel.voyager	voyager-core	1.0.0-rc09		68ec915a5f81bb0523ba6469d172e917828b0a10
cafe.adriel.voyager	voyager-core	1.0.0-rc10		68ec915a5f81bb0523ba6469d172e917828b0a10
cafe.adriel.voyager	voyager-core	1.0.1		b049e0d8717ed57e8fc93af8d6bfa85d104576dd
cafe.adriel.voyager	voyager-core	1.1.0-alpha01		1c8af7487c9847b8f4620c09cfe6b8748858334d
cafe.adriel.voyager	voyager-core	1.1.0-alpha02		1c8af7487c9847b8f4620c09cfe6b8748858334d
cafe.adriel.voyager	voyager-core	1.1.0-alpha03		0c39307bcdfb35832891565e332e38650e748a2b
cafe.adriel.voyager	voyager-core	1.1.0-alpha04		36e981309b06b311a69114d41a2879d985f13057
cafe.adriel.voyager	voyager-core	1.1.0-beta01		293c40cadfbbbbccff2d3577c5443f6a888d2f70
cafe.adriel.voyager	voyager-core	1.1.0-beta02		293c40cadfbbbbccff2d3577c5443f6a888d2f70
cafe.adriel.voyager	voyager-core	1.1.0-beta03		b00528ed44c91f45c8904f963472d40db1b603fb
cc.kkon	jwt-hmac-sm3	0.1.1		41ab50ced5fa02e1e4e7d6eeae9a7c37a15f77ab
co.early.fore	fore-compose-android	2.0.0		N/A
co.early.fore	fore-compose-android	2.0.0-rc.3		N/A
co.touchlab.skie	configuration-annotations-1.8.20-iosarm32	0.10.0		N/A
co.touchlab.skie	configuration-annotations-1.8.20-iosarm32	0.10.0	metadata	016a6b427f4381eff8d857c785ac08e81afe0def
co.touchlab.skie	configuration-annotations-1.8.20-iosarm32	0.10.1		N/A
co.touchlab.skie	configuration-annotations-1.8.20-iosarm32	0.10.1	metadata	cb4b4acb871167053ca359b3d213d2a14ae9e57f
co.touchlab.skie	configuration-annotations-1.8.20-iosarm32	0.10.2-preview.2.1.20		N/A
co.touchlab.skie	configuration-annotations-1.8.20-iosarm32	0.10.2-preview.2.1.20	metadata	62c730df1dbe7c2b1d58d653bfd06b4b600d9965
co.touchlab.skie	configuration-annotations-1.8.20-iosarm32	0.9.0		N/A
co.touchlab.skie	configuration-annotations-1.8.20-iosarm32	0.9.0	metadata	cf5622745e7ceac1573f7db69da175626541ee7f
co.touchlab.skie	configuration-annotations-1.8.20-iosarm32	0.9.0-RC.1		N/A
co.touchlab.skie	configuration-annotations-1.8.20-iosarm32	0.9.0-RC.1	metadata	aea520bc0a494a834457fa90abc34b6e5949369f
co.touchlab.skie	configuration-annotations-1.8.20-iosarm32	0.9.0-RC.3		N/A
co.touchlab.skie	configuration-annotations-1.8.20-iosarm32	0.9.0-RC.3	metadata	0625b7516d1997014fcf6f9ec39c46bab50d8035
co.touchlab.skie	configuration-annotations-1.8.20-iosarm32	0.9.0-RC.4		N/A
co.touchlab.skie	configuration-annotations-1.8.20-iosarm32	0.9.0-RC.4	metadata	2a0d4c4a7dc56792ddbf59f223df65d8588ed358
co.touchlab.skie	configuration-annotations-1.8.20-iosarm32	0.9.0-RC.5		N/A
co.touchlab.skie	configuration-annotations-1.8.20-iosarm32	0.9.0-RC.5	metadata	49b0d46bf44344ed0046237f1b0c052682aa8318
co.touchlab.skie	configuration-annotations-1.8.20-iosarm32	0.9.1		N/A
co.touchlab.skie	configuration-annotations-1.8.20-iosarm32	0.9.1	metadata	2c0520d062b88dd6f038fba49c3472adf40daeb5
co.touchlab.skie	configuration-annotations-1.8.20-iosarm32	0.9.2		N/A
co.touchlab.skie	configuration-annotations-1.8.20-iosarm32	0.9.2	metadata	da42746740d878d5db6be8a0fd6e2913efac6d3b
co.touchlab.skie	configuration-annotations-1.8.20-iosarm32	0.9.3		N/A
co.touchlab.skie	configuration-annotations-1.8.20-iosarm32	0.9.3	metadata	6f811271657d435a627f3168efc65ef620449bc7
co.touchlab.skie	configuration-annotations-1.8.20-iosarm32	0.9.4		N/A
co.touchlab.skie	configuration-annotations-1.8.20-iosarm32	0.9.4	metadata	3c022c4911ae8317b3368dadfaf7fe6687b597d8
co.touchlab.skie	configuration-annotations-1.8.20-iosarm32	0.9.5		N/A
co.touchlab.skie	configuration-annotations-1.8.20-iosarm32	0.9.5	metadata	3235373f6162a6e5ab64b830d01f016b7a775407
codes.quine.labo	lite-gestalt_sjs1_2.13	0.4.0		e5c2986ae5f64221844d5d7b552d8f331486b541
com.crosstreelabs	junited.hsqldb	0.1.0		2527cbe63e0ba5ef8ccb1e3ed2b29bf03a3ad3c0
com.crowdproj	kotlin-cor-linuxarm64	0.5.7		N/A
com.crowdproj	kotlin-cor-linuxarm64	0.6.0		N/A
com.decathlon.vitamin.compose	foundation	0.1.0		N/A
com.decathlon.vitamin.compose	foundation	0.1.0-alpha01		N/A
com.decathlon.vitamin.compose	foundation	0.1.0-alpha02		N/A
com.decathlon.vitamin.compose	foundation	0.1.0-alpha03		N/A
com.decathlon.vitamin.compose	foundation	0.1.0-alpha04		N/A
com.decathlon.vitamin.compose	foundation	0.1.0-alpha05		N/A
com.decathlon.vitamin.compose	foundation	0.1.0-beta01		N/A
com.decathlon.vitamin.compose	foundation	0.1.0-beta02		N/A
com.decathlon.vitamin.compose	foundation	0.2.0		N/A
com.decathlon.vitamin.compose	foundation	0.2.0-alpha01		N/A
com.decathlon.vitamin.compose	foundation	0.2.0-alpha02		N/A
com.decathlon.vitamin.compose	foundation	0.3.0		N/A
com.decathlon.vitamin.compose	foundation	0.3.0-beta01		N/A
com.decathlon.vitamin.compose	foundation	0.3.0-beta02		N/A
com.decathlon.vitamin.compose	foundation	0.3.0-beta03		N/A
com.decathlon.vitamin.compose	foundation	0.3.0-beta04		N/A
com.decathlon.vitamin.compose	foundation	0.3.1		N/A
com.decathlon.vitamin.compose	foundation	0.3.2		N/A
com.decathlon.vitamin.compose	foundation	0.4.0-beta01		N/A
com.ekezet.hurok	test	2.0.0		5d0e36eb2a5f830835713d8292e372834aad8791
com.github.alonsodomin.colog	colog-standalone_2.13	0.1.1		5bfb14dfa14586d3f613576cbcde7165d0ef8f7c
com.github.simonalong	butterfly-sequence	1.0.0		4800d846887e5c0ba5819f1b209e056618afad64
com.github.simonalong	butterfly-sequence	1.0.1		31664fc2043cdf309808a09137c7caf4da8f23e9
com.github.simonalong	butterfly-sequence	1.0.2		f4e8824af913fc8ea5795719a3097dfcb98bca85
com.github.simonalong	butterfly-sequence	1.0.3		ee9b5041b59a979692ea84255f62e7479be1707e
com.github.simonalong	butterfly-sequence	1.0.4		9f5fc8f318441680a498a66bd7a97ef9e8060067
com.github.simonalong	butterfly-sequence	1.0.5		1158ff69fbf206407a0a132e121f26b6e71339ea
com.github.simonalong	butterfly-sequence	1.0.7		a1ba541bf24c31b06c2f4de29355645e72a29761
com.github.simonalong	butterfly-sequence	1.0.8		852b7be061fdbd94b73909ec3a4055d26bb743ee
com.github.simonalong	butterfly-sequence	1.0.9		8f1e27710c41bca0e0a313555d718247958bd54f
com.github.simonalong	butterfly-sequence	1.1.1		cc6811fa8aec6243b2c59767083c767b53abc538
com.github.simonalong	butterfly-sequence	1.1.2		8557ff8c8ad352577572a5ffd8b6e4a54c0141b3
com.github.yoojia	plav	1.0		N/A
com.github.zomin	layering-cache-aspectj	1.0.0		67e8cf6b296a2d77958c8de90c953d33bc80cfd8
com.github.zomin	layering-cache-aspectj	1.0.1		ec7e3a21dc4b83365c6cfa2c9b4a7303c3063e55
com.github.zomin	layering-cache-aspectj	1.0.10		8f30cddf504b4db8d045ba18b28ddea7c2b4464c
com.github.zomin	layering-cache-aspectj	1.0.11		77d187a8af14748fd6968bed9927d9177e04d6fc
com.github.zomin	layering-cache-aspectj	1.0.12		0bce500ea0f457684f2706e6fad4c37f71bb0792
com.github.zomin	layering-cache-aspectj	1.0.12.1		b470f7e7fc66a63a09fc40fa5640adf137cca529
com.github.zomin	layering-cache-aspectj	1.0.12.2		38d1648fe031143dd759a6e28500facbb1203796
com.github.zomin	layering-cache-aspectj	1.0.12.3		ba0d62ac56314714a478145adbe5ac18132c98c4
com.github.zomin	layering-cache-aspectj	1.0.13		755b3dfac690b0535ef68c67b268af4189d33ae3
com.github.zomin	layering-cache-aspectj	1.0.2		73198229817a591c1d7ab47bf7ec3b3d242e8009
com.github.zomin	layering-cache-aspectj	1.0.3		N/A
com.github.zomin	layering-cache-aspectj	1.0.4		93d76220a634eb080e20e93f212f82d291f7ebfd
com.github.zomin	layering-cache-aspectj	1.0.5		841b4a81bb8078cdce49ef7353e7a6668fc79831
com.github.zomin	layering-cache-aspectj	1.0.6		d52f478313141c772b1c444ba916c756a0b16475
com.github.zomin	layering-cache-aspectj	1.0.7		44dd13078b23c2d62ac8473b9f8b7f903b9db5f4
com.github.zomin	layering-cache-aspectj	1.0.8		688549133b9b1c912945de1f6349c7fb1d6e5fbc
com.github.zomin	layering-cache-aspectj	1.0.9		0dd8a79d064a891d8ae7e35a724eb5e27ff068cd
com.gitlab.summer-cattle	cattle-cloud-strategy-sentinel-skywalking	1.0.0-M1		ee0664c8628d18861a54fcb0c4ec4fa3002c0f97
com.indoorvivants	bindgen-interface_2.12	0.0.10		42cd8e26839fb75528d122a175077067a2fa4544
com.indoorvivants	bindgen-interface_2.12	0.0.11		ef39119138f4f88c7941decd9aa113b4e8bda9ae
com.indoorvivants	bindgen-interface_2.12	0.0.12		d5344f388933014aefb5f7f95e192622ed3a11d1
com.indoorvivants	bindgen-interface_2.12	0.0.13		be14d67c85e5f1fdf49660e5e9f3198040f6795a
com.indoorvivants	bindgen-interface_2.12	0.0.14		3ed2c4ae5f16ef295715db080591b69004f3949f
com.indoorvivants	bindgen-interface_2.12	0.0.15		b57f4dea4b2b49270fe4256c4378dc479a6abb42
com.indoorvivants	bindgen-interface_2.12	0.0.16		dafd86489f4bc2d95d446df70d69d45df272ef65
com.indoorvivants	bindgen-interface_2.12	0.0.17		40073af5a2b8650523d7a4d56ccecfc5eaf8dd62
com.indoorvivants	bindgen-interface_2.12	0.0.18		030245012fa28bc5e29c6061f54b07b1a373dde3
com.indoorvivants	bindgen-interface_2.12	0.0.19		5f86bcbae0906e208b4aad74b05270a67977a9b3
com.indoorvivants	bindgen-interface_2.12	0.0.2		84bc3ad95bdee3ca2a82fcb2a859a4bc2db42b20
com.indoorvivants	bindgen-interface_2.12	0.0.20		74a04b7e5c0e17887e72984abbc225e18f6534d9
com.indoorvivants	bindgen-interface_2.12	0.0.21		5d9a72704f05b1bf4c53db62a36f6b271fde8fd4
com.indoorvivants	bindgen-interface_2.12	0.0.22		8912474d5902c181677d9bf09081f42ae43c869c
com.indoorvivants	bindgen-interface_2.12	0.0.23		633a8d0d65d992ce9c209a6196eb5530f18f408c
com.indoorvivants	bindgen-interface_2.12	0.0.24		c7427bdf2eaadf6d3b09601e848748e51388bb4a
com.indoorvivants	bindgen-interface_2.12	0.0.3		c4b506248572bcfe3b24c7ca603b36c5649ce3ee
com.indoorvivants	bindgen-interface_2.12	0.0.4		0e319eb1832aa14cf16a93de4f395b913a2a494c
com.indoorvivants	bindgen-interface_2.12	0.0.5		6ec5465d77c4360676d378c0614d3ef6228c281f
com.indoorvivants	bindgen-interface_2.12	0.0.6		5f6c91790531a37cc6192fae86bf18cf1aec5f1b
com.indoorvivants	bindgen-interface_2.12	0.0.7		654559d9738a7cc529792d7f4a36996d17eb84ab
com.indoorvivants	bindgen-interface_2.12	0.0.8		cf68e261d0bbea0b2009ec750c324f658490cfd0
com.indoorvivants	bindgen-interface_2.12	0.0.9		9f5cd184054888a70969552c82ee5b341ef9a423
com.indoorvivants	bindgen-interface_2.12	0.1.0		f6a6496ea3d116a6bf0372674731125b859759f0
com.indoorvivants	bindgen-interface_2.12	0.1.1		4a2071df776985a6c6584371de67475a61e37a5e
com.indoorvivants	bindgen-interface_2.12	0.1.2		62ba1c9cf9d11ad2846d900395449c3cc9fdb5ca
com.indoorvivants	bindgen-interface_2.12	0.1.3		bbb440710778fbdff57c1111c905e40acbf71057
com.indoorvivants	bindgen-interface_2.12	0.1.4		4d4e079df431b61e1cfd3a0b2ebf99637993587b
com.indoorvivants	bindgen-interface_2.12	0.1.5		a6913d488c574bfa6b2eff1cdcd615e95ec2519d
com.indoorvivants	bindgen-interface_2.12	0.2.0		db50d5417e043397057e6355aa42b2474ff97e78
com.indoorvivants	bindgen-interface_2.12	0.2.1		3d5137c7d139d73283930438d74abd3c68e92b42
com.indoorvivants	bindgen-interface_2.12	0.2.2		215872bafa910003b460164c7e756d806d3dff20
com.indoorvivants	bindgen-interface_2.12	0.2.3		37dee061a4da254e1c669838a993ec7eb08bcb8d
com.juul.khronicle	khronicle-core-wasm-js	0.2.0		N/A
com.juul.khronicle	khronicle-core-wasm-js	0.3.0		N/A
com.juul.khronicle	khronicle-core-wasm-js	0.4.0		N/A
com.juul.khronicle	khronicle-core-wasm-js	0.4.1		N/A
com.juul.khronicle	khronicle-core-wasm-js	0.5.0		N/A
com.juul.khronicle	khronicle-core-wasm-js	0.5.1		N/A
com.lihaoyi	ammonite-api_2.12.1	1.6.9-5-c438738		ee6253e0b87a7d8e17b22e6eb9b2e2a5d266e113
com.xemantic.template	xemantic-project-template-jvm	0.2.0		57ada3a12b78e1d247176c3b17415e8e0adf91c4
commons-dbcp	commons-dbcp	1.0		ecc6728d3336e1256183c00f4778d81563aa56a5
commons-dbcp	commons-dbcp	1.0-dev-20020806		c269662c825c87a6140a5633abc98a978652cd6c
commons-dbcp	commons-dbcp	1.1		7b675402d2c5a162e739d784627500955a7bae1a
commons-dbcp	commons-dbcp	1.1-RC1		41c45d5aca3a8f353708f7d05d50dbc164f7660f
commons-dbcp	commons-dbcp	1.1-RC2		b85461b7eb65df01c4977ba10259ea8c269ea023
commons-dbcp	commons-dbcp	1.2		1566f2d051d9d0e77d9f03901d1cb5d206be99fc
commons-dbcp	commons-dbcp	1.2.1		ad0d73bf609b4e39daa3af48f1a432907216f65e
commons-dbcp	commons-dbcp	1.2.1-nojdbc3		N/A
commons-dbcp	commons-dbcp	1.2.2		4fd4c6110e9bca3a655b717eb2e5920febb8403d
commons-dbcp	commons-dbcp	1.3		b295a6a7d6220d04948493594991dc761ffbdd1e
commons-dbcp	commons-dbcp	1.4		30be73c965cc990b153a100aaaaafcf239f82d39
commons-dbcp	commons-dbcp	20030818.201141		e3d318dab833e49b217d1a0ad642b818323f1d15
commons-dbcp	commons-dbcp	20030821.193421		445d9540a0a281b49a24399d363fc0600bbee208
commons-dbcp	commons-dbcp	20030825.184428		90aa2b7c1bbcb86616aebc744d07965e288996ab
dev.dsf	dsf-common-documentation	1.0.0		88f88522deae19dd087ebae61f5543f9fd02104f
dev.dsf	dsf-common-documentation	1.0.0-M1		7d5bfa8e74fd485fce3ecc77229713d878179a0b
dev.dsf	dsf-common-documentation	1.1.0		5ff4d14e57e3ecb2ab2602219a64ddcc606093dc
dev.dsf	dsf-common-documentation	1.2.0		1d852145cd725e10388848a14d17d55ceb064221
dev.dsf	dsf-common-documentation	1.2.0-RC1		3cd067a79ff7c0c3594f655be0029d48c999ba57
dev.dsf	dsf-common-documentation	1.3.0		5a09dbc20f1a20a61d2646b69874adfccf486b32
dev.dsf	dsf-common-documentation	1.3.1		b6e54ae65b7b5cab31b3314608874a48e121df7b
dev.dsf	dsf-common-documentation	1.3.2		726947adf324208f090a77419036a0f738e30e65
dev.dsf	dsf-common-documentation	1.4.0		1d844c6d57f4c970be69a1f4aaee0410f490ab98
dev.dsf	dsf-common-documentation	1.5.0		1df9f200fb5780c3665f417e404b1493885d76a8
dev.dsf	dsf-common-documentation	1.5.1		ceb0dbbbbd5881799689dd86fd809ea77084e393
dev.dsf	dsf-common-documentation	1.5.2		ddfa117b608787836259811b7e131022bcae325d
dev.dsf	dsf-common-documentation	1.6.0		a466eb7771c1afb30bc192e6e6ba73e5c247aba3
dev.dsf	dsf-common-documentation	1.7.0		cb45c9ed0d086cc0ace9ee934fd18ae0ca2a2225
dev.dsf	dsf-common-documentation	1.7.1		f0d4ca33a33baaa427f719386a9f5be0a1d6ed05
dev.teogor.xenoglot	xenoglot-core-tvosx64	1.0.0-alpha02		N/A
dev.teogor.xenoglot	xenoglot-core-tvosx64	1.0.0-alpha02	metadata	37838f9354267088afb0db9b0a3e97fa92ef59e8
edu.gemini	gsp-graphql-sql_sjs1_3	0.13.0		9a96450eee1c2d4699549f7824112fb7380aa166
edu.gemini	gsp-graphql-sql_sjs1_3	0.14.0		750746160be2a21f3b77bbfbbd0095bd5959efce
es.usc.citius.hipster	hipster-all	1.0.0		9cbec52e322150a546a4e7a025930021b0fbe5c6
es.usc.citius.hipster	hipster-all	1.0.0-rc1		6aaca79002bdbf5953a349651cc0a85dd7e3579f
es.usc.citius.hipster	hipster-all	1.0.0-rc2		a719d6a0a14db28d0a6802517139002315ed394b
es.usc.citius.hipster	hipster-all	1.0.1		6e327e49710b3badf10e1fdbf9ef1e52645a1289
fr.opensagres.xdocreport	fr.opensagres.xdocreport.converter.odt.odfdom	0.9.2		7214b20d7aca119afda75359cca6b6addd993fb9
fr.opensagres.xdocreport	fr.opensagres.xdocreport.converter.odt.odfdom	0.9.3		d77fa1def6e12be6d4bee9bc6cd3e1879d43be5f
fr.opensagres.xdocreport	fr.opensagres.xdocreport.converter.odt.odfdom	0.9.4		a080fdc0919a56b8fa0210e243c8cd18b6dbded3
fr.opensagres.xdocreport	fr.opensagres.xdocreport.converter.odt.odfdom	0.9.5		e3bcdc58b59942d5a599904caaf8e3253a6e8882
fr.opensagres.xdocreport	fr.opensagres.xdocreport.converter.odt.odfdom	0.9.6		11644bbca7485a4d68b17198a5fc4afc5367c4fb
fr.opensagres.xdocreport	fr.opensagres.xdocreport.converter.odt.odfdom	0.9.7		5d0c6edb497ac0d4067ae3395926274bf454cf9f
fr.opensagres.xdocreport	fr.opensagres.xdocreport.converter.odt.odfdom	0.9.8		b404542e6f1177e966ca0148dbc5aed3ea543902
fr.opensagres.xdocreport	fr.opensagres.xdocreport.converter.odt.odfdom	1.0.0		f6072bda0cef92cd168f1d98a0121bf0c16df42a
fr.opensagres.xdocreport	fr.opensagres.xdocreport.converter.odt.odfdom	1.0.1		f70369e76808666605ce95e80c8a0f01e78169e5
fr.opensagres.xdocreport	fr.opensagres.xdocreport.converter.odt.odfdom	1.0.2		755bf0cab88130ba0a49a24c183285764698663d
fr.opensagres.xdocreport	fr.opensagres.xdocreport.converter.odt.odfdom	1.0.3		b9c4de7d70a0b3da4924d4265ae22e80dd31e73d
fr.opensagres.xdocreport	fr.opensagres.xdocreport.converter.odt.odfdom	1.0.4		f478a440bb07739e2eaffa075fd901ce31ec1aaa
fr.opensagres.xdocreport	fr.opensagres.xdocreport.converter.odt.odfdom	1.0.5		935321175a3d1decc3a3814ce97649c53cbcaf90
fr.opensagres.xdocreport	fr.opensagres.xdocreport.converter.odt.odfdom	1.0.6		07bc00ee6da679ca4cc320b25f7da29e43c82803
fr.opensagres.xdocreport	fr.opensagres.xdocreport.converter.odt.odfdom	2.0.0		59eb478ee70e8aac3b24dc08c298d1dcd08fb3d1
fr.opensagres.xdocreport	fr.opensagres.xdocreport.converter.odt.odfdom	2.0.1		ba49a1bf329cf508d0d2b83e7094fe5b4a80c1c2
fr.opensagres.xdocreport	fr.opensagres.xdocreport.converter.odt.odfdom	2.0.2		b50ef3262e062b065e107b48ea26dc042d8a644f
fr.opensagres.xdocreport	fr.opensagres.xdocreport.converter.odt.odfdom	2.0.3		e483dc408522514c5f3a531b34bd4f79cf58a014
fr.opensagres.xdocreport	fr.opensagres.xdocreport.converter.odt.odfdom	2.0.4		94247e56e58221b51ff5d5675c5a45b0373e7ca7
fr.opensagres.xdocreport	fr.opensagres.xdocreport.converter.odt.odfdom	2.0.6		611e8a6185f81b000d000b63326078977aa5560a
fr.opensagres.xdocreport	fr.opensagres.xdocreport.converter.odt.odfdom	2.1.0		080726c2643a19a6a92d5f296bd99b955f280937
io.clevermaps.client-sdk	client-sdk	1.0.0.0		7cb280b6c802b90c8c377c4171756f04e39ffa6b
io.clevermaps.client-sdk	client-sdk	1.0.0.10		c6c6d9db1d3882e2f3ee92a43f1e84d9e555dde2
io.clevermaps.client-sdk	client-sdk	1.0.0.11		025e282b0db0dd955f0c7a29deb94b52812f8bb6
io.clevermaps.client-sdk	client-sdk	1.0.0.12		d6d314d69ff7f9ff24f9409ac11018389f8181b8
io.clevermaps.client-sdk	client-sdk	1.0.0.18		027f3fcc44be8289edc43c2ad95ec4e0667950d6
io.clevermaps.client-sdk	client-sdk	1.0.0.2		4e5d431365eb2d2ad33c6db0d645ba92583cdd61
io.clevermaps.client-sdk	client-sdk	1.0.0.5		14bc5a6242d54e13abd6693e3980df07d566e7b5
io.github.cdklabs.cdk_cloudformation	spot-elastigroup-group	1.0.3-alpha.1		e804b74b5c1b812ef8eec172af449a9cf78ab26a
io.github.cdklabs.cdk_cloudformation	spot-elastigroup-group	1.0.3-alpha.2		b0deb0336a3895a77d72b4ea0e54fb318f79abf1
io.github.cdklabs.cdk_cloudformation	spot-elastigroup-group	1.0.3-alpha.3		1405a76136fd30c66dce3721626e67cda0b92e3e
io.github.cdklabs.cdk_cloudformation	spot-elastigroup-group	1.0.3-alpha.4		2c3c5e342b69682993c1f2b57816d880589ffbb1
io.github.cdklabs.cdk_cloudformation	spot-elastigroup-group	1.0.3-alpha.5		35b5a28dfd9cbe406f426dabffb8ce9277c2e916
io.github.cdklabs.cdk_cloudformation	spot-elastigroup-group	1.0.3-alpha.6		1af942829037a2f11caaf32c0ab98cbcfd5ac895
io.github.cdklabs.cdk_cloudformation	spot-elastigroup-group	1.0.3-alpha.7		24b3c14c07cc2de88f8f3add91e6d18f8943336a
io.github.cdklabs.cdk_cloudformation	spot-elastigroup-group	1.0.4-alpha.7		2924a2b6c9aba6abf10ce6dffe1b834713487413
io.github.cdklabs.cdk_cloudformation	spot-elastigroup-group	1.0.5-alpha.7		bb15987b5132e2ce3902013f0ede9856220f49da
io.github.digitalchickenlabs	octoquad-ftc	1.0-A		N/A
io.github.digitalchickenlabs	octoquad-ftc	1.0-B		N/A
io.github.digitalchickenlabs	octoquad-ftc	1.0-C		N/A
io.github.digitalchickenlabs	octoquad-ftc	2.0-A		N/A
io.github.pluginloader	text	1.0.0		4186cab56c8b758ca65a287b64d3f6ae406a9ae6
io.github.pluginloader	text	1.0.1		db9fe0b22bb39ad213923480c2cdd1f285757eef
io.github.pluginloader	text	1.1.0		8835c208e405c9a5142c2f8909630e07c82bfe84
io.github.scottweaver	zio-2-0-testcontainers-cassandra_3	0.10.0		f194bbbd211afdb873e9028f41621c85e73bc2bc
io.github.scottweaver	zio-2-0-testcontainers-cassandra_3	0.5.0		18747c2d2980af8ba420019e0da87adb1cd0b538
io.github.scottweaver	zio-2-0-testcontainers-cassandra_3	0.6.0		3935f100515ed63cbdf12e6b10948e24babc9c16
io.github.scottweaver	zio-2-0-testcontainers-cassandra_3	0.7.0		5a45defb423a244dddbfcbc2205fc7d31d1fb7a9
io.github.scottweaver	zio-2-0-testcontainers-cassandra_3	0.8.0		bc760475c8001b867be716358d8447e00d6fdb4f
io.github.scottweaver	zio-2-0-testcontainers-cassandra_3	0.9.0		886545e6f444ab9ada39aea37ac7e5eb3a486bd2
io.github.shadmanadman	kmp-webview	1.3.0		7ffd0c8f96a4c73b9040fbb9f976b9066e916842
io.github.shadmanadman	kmp-webview	1.3.1		cb3c65fd40e7550d1141650c10f9590545ecb1e4
io.github.shadmanadman	kmp-webview	1.8.3		4eec86a27ca622a3ba142546a78cdbd42d580c29
io.github.spyrosmoux	opensearch-analysis-greeklish	2.11.0.1		6fc70a2aad9c5d5932de9a60a80a6a7140f39c58
io.github.spyrosmoux	opensearch-analysis-greeklish	2.8.0.1		93c714bddafa7280caa38d0cfd686be37b6f8eb2
io.github.tompee26	arctic-tern-nest	0.0.1		N/A
io.github.tompee26	arctic-tern-nest	0.0.2		N/A
io.github.tompee26	arctic-tern-nest	0.0.3		N/A
io.github.tompee26	arctic-tern-nest	0.0.4		N/A
io.github.tompee26	arctic-tern-nest	0.0.5		N/A
io.github.tompee26	arctic-tern-nest	0.0.6		N/A
io.github.tompee26	arctic-tern-nest	0.0.7		N/A
io.github.tompee26	arctic-tern-nest	0.0.8		N/A
io.github.tompee26	arctic-tern-nest	0.0.9		N/A
io.github.uptane	libats-metrics_2.13	2.1.1		5949855b39a4f68501c95ebdb2715bebd8597110
io.github.uptane	libats-metrics_2.13	2.1.2		8fd1cdfde19054e3fc32ba65f146c24b1c0e1971
io.github.uptane	libats-metrics_2.13	2.2.0		079f2c8b781590db9f7393729ab2c3957f5f4443
io.github.uptane	libats-metrics_2.13	2.3.0		465d4badffce90f033e69115db7edf034600214b
io.github.uptane	libats-metrics_2.13	2.3.1		5ad4dbc2f2a437f7bf2e2325f5c0383be284a548
io.github.uptane	libats-metrics_2.13	2.4.0		bddd3db7296aad353df0a97bfe020892b5dfa9c4
io.github.uptane	libats-metrics_2.13	2.4.1		e1fe64da94447c1c2f8d96043e2a772babac00c4
io.github.uptane	libats-metrics_2.13	2.5.0		57819f3f3ca5b461f816a72e846bdadac7cbb64a
io.github.uptane	libats-metrics_2.13	2.5.1		a077c350ad7eb803509e1658173451b5f45dfc62
io.github.uptane	libats-metrics_2.13	2.5.2		5a4905b94b361d3ad6e95f2153f4af68ed9d1b8b
io.github.uptane	libats-metrics_2.13	2.6.0		fe3cdf7ef37700d0b134c3e195cf3357ef507641
io.github.uptane	libats-metrics_2.13	2.6.1		cf0dd15b31962b8fbddd17645d0803b5490698b2
io.github.uptane	libats-metrics_2.13	2.6.2		1abcc6395dedd8eb9d69841acef8be7b67125c60
io.github.uptane	libats-metrics_2.13	2.6.3		516269312c6b68cf7be766d7fd423f93cfc2bf8a
io.github.uptane	libats-metrics_2.13	2.6.4		1770c376bc35bdad4cc2c727a0c9c9a07411ab34
io.github.uptane	libats-metrics_2.13	2.6.5		8053f1b22298a117a59a3fe8040ba6abbcd68dac
io.github.uptane	libats-metrics_2.13	2.6.6		042cdeef53d7dfa3194461e3cccc283ac08ad5ae
io.github.uptane	libats-metrics_2.13	2.7.0		a0afebc8df4cdc386898f8f346fe92710f2f84bc
io.joynr.java.messaging	messaging-common	0.10.0		da81710ea8d9f155e873fe367d624d1e33b305a5
io.joynr.java.messaging	messaging-common	0.10.1		6e90190c106e9a64447cf4ab23424a919f984c81
io.joynr.java.messaging	messaging-common	0.11.0		fba8b454cf58766a004fbf7bb155fb0f06eb4430
io.joynr.java.messaging	messaging-common	0.11.1		ab7bae3a8d85e6536f70fa54cd52911a8ee4af42
io.joynr.java.messaging	messaging-common	0.12.0		ded4cb79e50ed14d5f5b59e588c0e6a366e4a728
io.joynr.java.messaging	messaging-common	0.12.1		0669e5835c3c75d33cabe9f3ea0be1ed8b9d03b9
io.joynr.java.messaging	messaging-common	0.12.3		6f6bec1378e1aca13d8511c47909b14b7500f575
io.joynr.java.messaging	messaging-common	0.13.0		ab39558a893d477a618b158e0f87b86e352fd62d
io.joynr.java.messaging	messaging-common	0.14.0		d3c2048e3354bd4682e0d0448ab207f903545475
io.joynr.java.messaging	messaging-common	0.14.1		e016d7f3021a102058d26a26d086fe0b2e0a94a7
io.joynr.java.messaging	messaging-common	0.14.2		db037b787e3eed9cbbe2adff52f5eee783398f9c
io.joynr.java.messaging	messaging-common	0.14.3		bda7fdb7268a2d9a06555cf9f0cb7fe7f388815a
io.joynr.java.messaging	messaging-common	0.15.0		4fc68385de08ba41f752cccf30d4367b31a3df86
io.joynr.java.messaging	messaging-common	0.15.1		b658916d39f1d5852383f6280a0eb2ce66693015
io.joynr.java.messaging	messaging-common	0.16.0		6b952203a8677f2ab30bf9d5c559aad0db89b924
io.joynr.java.messaging	messaging-common	0.17.0		a5536cde43969c864dd11f2cd52c2ed8602b7672
io.joynr.java.messaging	messaging-common	0.17.1		37db264919f2fc55d13d5c6a2f8f82e94e350df1
io.joynr.java.messaging	messaging-common	0.17.2		ab0e3cdd988d01f7a5240a80a89d80b4dc865a0b
io.joynr.java.messaging	messaging-common	0.18.0		3a7962acb922bcf45a725fbabe82158d8419e607
io.joynr.java.messaging	messaging-common	0.18.1		8b44cee7aafd46599a4886db30f4637b01d43932
io.joynr.java.messaging	messaging-common	0.18.2		9c222e6620aade921b3d60bcac4495658a88997a
io.joynr.java.messaging	messaging-common	0.18.3		c3d5f551cead65f07156d3a4a6557fba327a72dc
io.joynr.java.messaging	messaging-common	0.18.4		935e46139c252253ef5f7a97631be743d3f9ffb9
io.joynr.java.messaging	messaging-common	0.18.5		8a1520debdd6502e0560993325cc1062778bef26
io.joynr.java.messaging	messaging-common	0.19.0		dbe7b8fc081cc7a3e3b2ea603c69bf47fbe791e7
io.joynr.java.messaging	messaging-common	0.19.1		32e41f8657fee4c253e5c5ac9108456b9142cd15
io.joynr.java.messaging	messaging-common	0.19.3		54c0ef3240f1caa18118ba398dc828762883ab03
io.joynr.java.messaging	messaging-common	0.19.4		b365e8b58346e5421d18d103ce883eca6b371d10
io.joynr.java.messaging	messaging-common	0.19.5		2334e9fbc2ffdcb9b226305f57ac5dd6b49d9000
io.joynr.java.messaging	messaging-common	0.20.0		73864674d379dc2f2c6b88324aae3c0e629b1b91
io.joynr.java.messaging	messaging-common	0.20.1		662aae28c43f906b3a2548b441c0bcecfb116541
io.joynr.java.messaging	messaging-common	0.20.2		6ca0b9198e6af8097db5c06e5b61661af3f88bf7
io.joynr.java.messaging	messaging-common	0.20.3		bf7a66fbccbfb9c373f7a32326d27a8206e285ca
io.joynr.java.messaging	messaging-common	0.21.0		6e3e620d7af8b0a16f594e1ffdcdbb7fab948f53
io.joynr.java.messaging	messaging-common	0.21.1		ca213eb917ac81bc18396e67c79a4991e1ce505d
io.joynr.java.messaging	messaging-common	0.21.2		ec33a6473834e79d91ce0123b63ee91732c6a5e0
io.joynr.java.messaging	messaging-common	0.21.4		2e684a5969d43e621061a255256139192d9cf1f0
io.joynr.java.messaging	messaging-common	0.22.0		a519f529e93e79785ba993def019d9def3d4536a
io.joynr.java.messaging	messaging-common	0.22.1		81d2ec529da6eed9e9f47f842897fd2bb49a860e
io.joynr.java.messaging	messaging-common	0.22.2		3a41922303c3d811c18b50da4287fc250a022ad8
io.joynr.java.messaging	messaging-common	0.22.3		11fbd10354a3fe756a6ca68ef4f672f460bde502
io.joynr.java.messaging	messaging-common	0.22.4		6ad18bdb76ff1808b692c1d60cb2e12a1aa8c69c
io.joynr.java.messaging	messaging-common	0.23.0		cf481a58c328bd99f58acfa3e6e904cf046c898f
io.joynr.java.messaging	messaging-common	0.23.1		587f70051954e92c334115b3a062ee87946df596
io.joynr.java.messaging	messaging-common	0.23.2		f6aa669a82401b2144ca61351cfac9c4b7f4f77e
io.joynr.java.messaging	messaging-common	0.24.0		30f7a161be79825bd375c8781d7cd4fc564cd7e2
io.joynr.java.messaging	messaging-common	0.24.1		4228f21671790a1f9c6ec21cff7995a44e7d89bc
io.joynr.java.messaging	messaging-common	0.25.0		ed74c60262c4ed46f00d4d0b5fe6e43a94a1b31c
io.joynr.java.messaging	messaging-common	0.25.1		934b7bd8a582cc06c142c062a45ba9dca65746e0
io.joynr.java.messaging	messaging-common	0.25.2		b519b98931d3afbc2c75623ca5f49c85ffdd3a1b
io.joynr.java.messaging	messaging-common	0.26.0		6ffc8ebec60c93505cfd424e40fd2253abca674f
io.joynr.java.messaging	messaging-common	0.27.0		78044ece5735372519051ae37a65d6948cffe1e3
io.joynr.java.messaging	messaging-common	0.27.1		87052bdf97131469e8dd5eeaea9c678509a0d5b4
io.joynr.java.messaging	messaging-common	0.27.2		3960b2682b66e43a7f6bae95eaf8a9ee2c1fa35b
io.joynr.java.messaging	messaging-common	0.27.3		7513a3e7210bce25cd7d52ce42b02f6324520f77
io.joynr.java.messaging	messaging-common	0.27.4		81083d521f44f20f0e47fca9de3547807c80e775
io.joynr.java.messaging	messaging-common	0.27.99		65c0ebb1bdfed047b745ec506bd2dffdccabaf1f
io.joynr.java.messaging	messaging-common	0.28.0		d5658848c1a22a70dd38dced3f79cb240d73f4dd
io.joynr.java.messaging	messaging-common	0.28.1		52f4e57ad8dbc3c6adec2a0193e92e93124b2bb7
io.joynr.java.messaging	messaging-common	0.29.0		85ea18a0d177a97859d9c92fbf793cc9f02202fb
io.joynr.java.messaging	messaging-common	0.29.1		88011526206b73785e4e92d1e92ca26750f1a0be
io.joynr.java.messaging	messaging-common	0.29.2		63078b107bf4cb59010c38c442f45d10145fef83
io.joynr.java.messaging	messaging-common	0.29.3		30a7ad8b4e8e6a95dc5e0d00524fffea23466077
io.joynr.java.messaging	messaging-common	0.30.0		3486aa44274fd36cda9834f294201f775769e0c1
io.joynr.java.messaging	messaging-common	0.30.1		05f7ac5b13ff0138d63eda1e92949185ca621b79
io.joynr.java.messaging	messaging-common	0.31.0		cce57715cdb635678eca6c5ab8e97f84c29aa27a
io.joynr.java.messaging	messaging-common	0.31.1		158d2022b6fb2f24d82e50b931142b0b59fb2e52
io.joynr.java.messaging	messaging-common	0.32.0		77b42a731ff8385d7b592af0ccc7b128f2e46357
io.joynr.java.messaging	messaging-common	0.32.1		f678ad348ab4d79679e6d8082c90e6413464afd7
io.joynr.java.messaging	messaging-common	0.32.2		5206a371efa63a81b3923c6aeb51dbf1758a34b1
io.joynr.java.messaging	messaging-common	0.33.0		575af5673a61adf59a0afb1a84a6832c178e6f8e
io.joynr.java.messaging	messaging-common	0.33.1		a466244dbcfcc919d5209d6b79b5cb1db4353dcf
io.joynr.java.messaging	messaging-common	0.6.0		096bf6c6bf48231c0437fa690c0c865dd730e534
io.joynr.java.messaging	messaging-common	0.7.0		4d1e1cc338aa388a22e8875120ed276b6a277e58
io.joynr.java.messaging	messaging-common	0.7.1		20c6f5515671316c9c0c93cb82c90beb9ef64f1a
io.joynr.java.messaging	messaging-common	0.7.2		dc83f8127186dad329131f46dd590ba50eb3d43a
io.joynr.java.messaging	messaging-common	0.7.3		dbdd43c8183608e8e0f4d81043ba15ab0394c7e7
io.joynr.java.messaging	messaging-common	0.8.0		01854a8d7fcf5a1f03853f58e99006d3b12b613c
io.joynr.java.messaging	messaging-common	0.9.0		739a2e557d97b6c00d6beb1bc35f1578dd899b75
io.joynr.java.messaging	messaging-common	0.9.1		f1e5834f2feb546e86713cbcdc1704ebb21f576a
io.joynr.java.messaging	messaging-common	0.9.2		1a5fd0251878d29d9d00811eaec9aa68b74b773c
io.joynr.java.messaging	messaging-common	0.9.3		dc21826ba8a97392f724d0055b4f683d80eacb91
io.joynr.java.messaging	messaging-common	0.9.4		e22a13be07f10e31b64b0c1f7d31d9ea4554b53d
io.joynr.java.messaging	messaging-common	1.0.0		fbface99a4be2bf62850be9bd3a5e2b1fcc34425
io.joynr.java.messaging	messaging-common	1.0.1		1758a375cae92282c1c981dd8b6d5e8d0b1ffb22
io.joynr.java.messaging	messaging-common	1.0.2		eabdba278724b13e294dec2fbea0097b6409b5d5
io.joynr.java.messaging	messaging-common	1.0.3		7465b78603b924d0c52313862147e08217ded9ba
io.joynr.java.messaging	messaging-common	1.0.4		7723613007c2defb72c89e34292223a23dc9a5d8
io.joynr.java.messaging	messaging-common	1.0.5		9d372e7f643c68404afa5eefbe97e67b92fc8178
io.joynr.java.messaging	messaging-common	1.1.0		021521c63106bd8b50767b4580c33568959498c7
io.joynr.java.messaging	messaging-common	1.1.1		009802ac1fa9d823b50e504225326334a4eeab62
io.joynr.java.messaging	messaging-common	1.1.2		39b498b6a19bbac2a753482b29250b06620da100
io.joynr.java.messaging	messaging-common	1.10.0		f1fdeefa69e8a94f2ea473f2fe25ded03cc432db
io.joynr.java.messaging	messaging-common	1.10.1		eccc15dcfb128e152bd150573d13bb0818e53748
io.joynr.java.messaging	messaging-common	1.11.0		12898d797d4c6496f98c7f9981b13de71576bb88
io.joynr.java.messaging	messaging-common	1.11.1		565f857b7628178259279d72476acb5c703b3718
io.joynr.java.messaging	messaging-common	1.11.2		dab92a1876c1b4d2b693b0c0ce0f0ec45a05cdb9
io.joynr.java.messaging	messaging-common	1.11.3		ba6422bc198522270c349b2c823a0ccecfb66d16
io.joynr.java.messaging	messaging-common	1.11.4		bbb75caea9e0d84cf78d9d1d47daddea093a1a8c
io.joynr.java.messaging	messaging-common	1.11.6		6f30397ad5ff3379327f9d6610c533c7af8829fc
io.joynr.java.messaging	messaging-common	1.12.0		43d9112a3794bb62a424b6d9e7d403e4f5337104
io.joynr.java.messaging	messaging-common	1.13.0		72367c251be84c298d8900e1ddf260e01b8e0f48
io.joynr.java.messaging	messaging-common	1.14.0		37ade56f531de93891151365770b79c8de54c84a
io.joynr.java.messaging	messaging-common	1.14.1		997aa3b53e7437c02b7c7a75578b4b7a3b28ed1f
io.joynr.java.messaging	messaging-common	1.14.2		46a8969539d3532a25df6670e1d9e9c4424d5a16
io.joynr.java.messaging	messaging-common	1.14.3		25366340766f450e457fd06f9c33acdb959eabc1
io.joynr.java.messaging	messaging-common	1.14.4		79a967d32c32fe6cd5597421dcd610af6891bfec
io.joynr.java.messaging	messaging-common	1.14.5		bfa0d8f69ab1fd46b6c23286cd7442025f27c5f7
io.joynr.java.messaging	messaging-common	1.14.6		338a120c28011fb637f040ebfc5d6fba5fc1188a
io.joynr.java.messaging	messaging-common	1.14.7		1001db1c79c14d89bf1a984933da11633c89e05c
io.joynr.java.messaging	messaging-common	1.15.0		eac6833b816497a0cd75d1f4632dd556e227480e
io.joynr.java.messaging	messaging-common	1.15.1		3438fcc7695892cddaaeecb0d988fdc39ef2d61f
io.joynr.java.messaging	messaging-common	1.15.10		a18de794aa1aaf9fb98faf01762b990c52bfc4db
io.joynr.java.messaging	messaging-common	1.15.11		de9649e72ae9c8472715b1f154131c84b15c65f9
io.joynr.java.messaging	messaging-common	1.15.12		659df498c68424df9f54ff0d209f9fa91cade84f
io.joynr.java.messaging	messaging-common	1.15.2		808d7ea003cc1d7f5ef3ab476656648c04ccbcc1
io.joynr.java.messaging	messaging-common	1.15.3		5d8c8b13e6eb519705db914d75d079d704c3cddb
io.joynr.java.messaging	messaging-common	1.15.4		67fdaea19463394ea9214e6226c0533d511a0118
io.joynr.java.messaging	messaging-common	1.15.5		840c61ff7ab5b70964d9bea3f45ba5d99678eaf0
io.joynr.java.messaging	messaging-common	1.15.6		314d21cd9a85bd13f7e447c6e461aa817e052e0d
io.joynr.java.messaging	messaging-common	1.15.7		4f8a90d9c482e0a4be7ef476d64ef6469e8fcea8
io.joynr.java.messaging	messaging-common	1.15.7.1		57298b6c0726cceb8a2adfe1a87e1309fdfd6a28
io.joynr.java.messaging	messaging-common	1.15.8		96d10638b240e181f7687ef0693fe4156e01d025
io.joynr.java.messaging	messaging-common	1.15.9		99d40adafb01d7cc264079d53393a5ff2b1409ce
io.joynr.java.messaging	messaging-common	1.16.0		65656f72a1f358e383f3c138431a9a5cb2c1cc10
io.joynr.java.messaging	messaging-common	1.16.1		e4e4021f8de8252508d11b80d8a4ef07f63793cc
io.joynr.java.messaging	messaging-common	1.16.2		6a1f1baa47933def7a3404478df6c93afb95f344
io.joynr.java.messaging	messaging-common	1.16.3		1cf01200194058bb9a4f407232e163722f3b83dd
io.joynr.java.messaging	messaging-common	1.17.0		7e58fb79e49b90908ed2ab2acf258de89e68e695
io.joynr.java.messaging	messaging-common	1.17.1		cbc7a2cfa9ae9fbeb3f94dbb5ad8e61ea4411144
io.joynr.java.messaging	messaging-common	1.17.2		d042b358c8b81337f2cc817012c5202a6baf08d2
io.joynr.java.messaging	messaging-common	1.17.3		499bc4cceb556fc39fcddcd22a235e2528cf8964
io.joynr.java.messaging	messaging-common	1.17.4		cf0a4d5d5a5b34ab97d595d4f565579080f2ca13
io.joynr.java.messaging	messaging-common	1.17.5		02e24c26b69bbe078063cb841693843fdbe5dfef
io.joynr.java.messaging	messaging-common	1.17.6		1cb5592a8aaf2fca78343ddec83bd61a42156a3c
io.joynr.java.messaging	messaging-common	1.17.7		e6b426e8c051508914f8bcb03c1a3589d2007199
io.joynr.java.messaging	messaging-common	1.17.8		a5e91030d2411a4254e62d90a9f0cbe5fbfdbafb
io.joynr.java.messaging	messaging-common	1.18.0		b6bc88e40a8f3d20cc3a62648ed8643d69c9167b
io.joynr.java.messaging	messaging-common	1.18.1		be7ccfb69ef5f404027d99acb09b1e234e7fb809
io.joynr.java.messaging	messaging-common	1.18.2		8f7d6c6c72be980ecca5be6894708b94965c7ce8
io.joynr.java.messaging	messaging-common	1.18.3		2cb216fcef6f99c4fd6be9149a4f8bdaad7475b1
io.joynr.java.messaging	messaging-common	1.18.4		e0ed171c29c34b4fa49aa65753f8c3e88e7f4654
io.joynr.java.messaging	messaging-common	1.19.0		55b641a44bb8c6ab1861cc7786cdcd3f218fa8eb
io.joynr.java.messaging	messaging-common	1.19.1		6f5b6b4d8b20839239d8fa3bd9a7e3fbfe5e4d3b
io.joynr.java.messaging	messaging-common	1.19.10		796e1c36c63571ac35bb62d6d8c9eb1bd1d4f6ed
io.joynr.java.messaging	messaging-common	1.19.11		06c5c407c3e2c3329c04269dd22ff5ad4ae749af
io.joynr.java.messaging	messaging-common	1.19.12		e52b305b214f1ba6f17ba59fab13055e96586760
io.joynr.java.messaging	messaging-common	1.19.13		8ec2dfa1ef5c58a9d7e9ad0a15257d93655f1ce1
io.joynr.java.messaging	messaging-common	1.19.2		0b649a0f6615520f4a84d5656d053c1888c379dc
io.joynr.java.messaging	messaging-common	1.19.3		36244f51dbb6ecc470e8d6fc599b83cb44c0cbba
io.joynr.java.messaging	messaging-common	1.19.4		55d720a5b73b86046201eb0e6356cf8bec00edc9
io.joynr.java.messaging	messaging-common	1.19.5		6062144cb63bc29ebc82969fb5891cb46d7728fc
io.joynr.java.messaging	messaging-common	1.19.6		73948afa2730e2b494daa972e68333f2a9da3688
io.joynr.java.messaging	messaging-common	1.19.7		37cbd03cc34c42006b0163b68b96a1114473dcb6
io.joynr.java.messaging	messaging-common	1.19.8		89697be029eefd0e8825f902e1428881ab7a61fa
io.joynr.java.messaging	messaging-common	1.19.9		ee4bb46f163d499ce74a9a42904ee4fe9f348e2c
io.joynr.java.messaging	messaging-common	1.2.0		0eed58c70cf4d7403adcc4f592e22a5179fc5389
io.joynr.java.messaging	messaging-common	1.20.0		850cc78f2132c5de7bcad3d4f224436c8a08a770
io.joynr.java.messaging	messaging-common	1.20.1		6de65df58043c30f9866bd226d43119661f04de4
io.joynr.java.messaging	messaging-common	1.21.0		a58a7fa15b105328f278aeff37473c5cbe241f03
io.joynr.java.messaging	messaging-common	1.21.1		81cf8ca42e422c3ea37004c49dc80725e21cbc49
io.joynr.java.messaging	messaging-common	1.21.2		241840b325c02d95e9c32ec73774cd40ee7a3fdb
io.joynr.java.messaging	messaging-common	1.21.3		0390cdfcfa61cf7a6f20b6e55bb4e2ce8fa08f8c
io.joynr.java.messaging	messaging-common	1.21.4		18de26ad2694c60dab11e3c36acd8b041a1d5fce
io.joynr.java.messaging	messaging-common	1.21.5		94303dcec341e529f1273e819d5153075d98dfc4
io.joynr.java.messaging	messaging-common	1.21.6		e6b1cbe1ea4615fbf553f41b1238849819bd62ad
io.joynr.java.messaging	messaging-common	1.21.7		d7a26777f94baa6f5767116dca9619ccb192f0a3
io.joynr.java.messaging	messaging-common	1.21.7.1		2826e4d7f6c4ffc568ee40714f2511dc07f24a1b
io.joynr.java.messaging	messaging-common	1.21.8		89c46cf6a53044b0faf03f3587a1f705f1ef355f
io.joynr.java.messaging	messaging-common	1.21.9		567aa353d1e0a7011437e55e39fead42dd20455c
io.joynr.java.messaging	messaging-common	1.21.9.1		2bc17faf4626fe74a31224a9dc006a7901ae80a1
io.joynr.java.messaging	messaging-common	1.22.0		1cbabb3215cedfd902231d523a0d5e7615e88131
io.joynr.java.messaging	messaging-common	1.23.0		a9dcb2d22f4327e512dafeec25e9aafb19d67657
io.joynr.java.messaging	messaging-common	1.23.0.1		81bcb37f86667a1ca8d7952dcba7745be558eee3
io.joynr.java.messaging	messaging-common	1.23.1		50431a13e4eed4f0c8d55b195642571088f3d906
io.joynr.java.messaging	messaging-common	1.23.1.1		a30b79bec9f27a08d05229cc65a3f6ac0eb6845b
io.joynr.java.messaging	messaging-common	1.23.1.2		4e4db70fa8c46800d9dfd9d4df8c3cce849819a4
io.joynr.java.messaging	messaging-common	1.24.0		404829c05c0125c6ba3b942f3cc83e7184075bc2
io.joynr.java.messaging	messaging-common	1.24.0.1		4bc5b47a99f661f8efd41f28658cbcbb6a960a07
io.joynr.java.messaging	messaging-common	1.24.2		03d11631de56252efb74f79cb281171bb012f51b
io.joynr.java.messaging	messaging-common	1.24.2.1		7d302c8d8bd7fe32baea0cfa2c5bb7f723e3784c
io.joynr.java.messaging	messaging-common	1.24.2.2		428cca046eadea08704744ab91248e7b92e4bb39
io.joynr.java.messaging	messaging-common	1.24.3		7462dbd3595e52ab34740db0fd6e5e7aff9efdd9
io.joynr.java.messaging	messaging-common	1.24.4		1447bd0d3844566397a436d4caa779ad26c7f601
io.joynr.java.messaging	messaging-common	1.25.0		74c7973b0b4f78b854d9f2c7bd9bca45e0c467d3
io.joynr.java.messaging	messaging-common	1.25.2		4c20653baf8bd954e83d3e042bb1b04e10c53dee
io.joynr.java.messaging	messaging-common	1.26.0		e0a8c6528d4d46f4384b7b31ec443d8fc2f30b70
io.joynr.java.messaging	messaging-common	1.3.0		a658bc6f2bbc46eb9c7bd7c15fa2c544b82ee0ff
io.joynr.java.messaging	messaging-common	1.3.1		5281c3ca1f77a3bfde58d0df94840a1644f585e9
io.joynr.java.messaging	messaging-common	1.3.2		46112be7beb1c028b83fa66595793ec364b400d9
io.joynr.java.messaging	messaging-common	1.4.0		d0254d7e6d0fc7370ae463b302bd4abcc9153fe2
io.joynr.java.messaging	messaging-common	1.5.0		6efd0c7c4deed78f586d44bdf4929b506a847259
io.joynr.java.messaging	messaging-common	1.6.0		4fc8c803b522616b6130a299d873c9b14693ca77
io.joynr.java.messaging	messaging-common	1.6.1		8f096a0a653cd5fb86e70fd5a49f55dfca3a6483
io.joynr.java.messaging	messaging-common	1.6.2		ee22fe970fa179802bf499e9fb6670b237a08c81
io.joynr.java.messaging	messaging-common	1.6.3		906bf941cc66a76a6bf2bba2191b50e7c73eb75c
io.joynr.java.messaging	messaging-common	1.6.4		cb176ff5a97d7c676560060bb4a84a51a2634924
io.joynr.java.messaging	messaging-common	1.6.5		f8f4d84d302799b7a11bc39b89a842579c4127fa
io.joynr.java.messaging	messaging-common	1.7.0		2656e9a774f61e960ef22a69fe2e3e69591111bf
io.joynr.java.messaging	messaging-common	1.7.1		786ce581331e57a0ec6126befb6054cac32925e6
io.joynr.java.messaging	messaging-common	1.7.2		25d9d995ef68d887e8d3bb5f286ea47cab5f8f79
io.joynr.java.messaging	messaging-common	1.7.3		544477bcaf867caa330f9a1fcb7778516411e1d9
io.joynr.java.messaging	messaging-common	1.8.0		be9de8d6fb54de48d665f019d7def893eb2fd964
io.joynr.java.messaging	messaging-common	1.8.10		c18037c1c669850a8e6376917f90c903dba78cd2
io.joynr.java.messaging	messaging-common	1.8.11		6219c8226bded145de86be0b20daf0ea51413564
io.joynr.java.messaging	messaging-common	1.8.12		a38f8e919b80c0567a9c91ba675736c078a93002
io.joynr.java.messaging	messaging-common	1.8.12.1		2ee2a12f5b303d8c121e927ab560451a83ac49c3
io.joynr.java.messaging	messaging-common	1.8.2		3c052515cd0c65a15b31cbf106c096b68161a4f8
io.joynr.java.messaging	messaging-common	1.8.2.1		11afc183e2ee32fc09536477cf730c1d3ed8c986
io.joynr.java.messaging	messaging-common	1.8.3		18c5bec23a343e4b3904adc962ce530bf8525342
io.joynr.java.messaging	messaging-common	1.8.4		ff390add481c45015e765170814ec87c3ab5fb94
io.joynr.java.messaging	messaging-common	1.8.5		cc33119f84bc625da2fe6d619f7d204b8d6eb7a1
io.joynr.java.messaging	messaging-common	1.8.6		3f93e712db4e1e23c4ed1409e4a795f5fe0c2701
io.joynr.java.messaging	messaging-common	1.8.7		9091760c2b9cd3f137480c9fc9996329ed3dc5a2
io.joynr.java.messaging	messaging-common	1.8.8		37edd6e61cfac85d02eea330bc3d719570afc778
io.joynr.java.messaging	messaging-common	1.8.9		366988dd72325ba8f63388f05fbdc4465324a6ea
io.joynr.java.messaging	messaging-common	1.8.9-paho		752cf8d6837701b76ae98cb3f5538c093bcab8f4
io.joynr.java.messaging	messaging-common	1.9.0		29304f75246521b7200f8edf99eb4c542dee759e
io.joynr.java.messaging	messaging-common	1.9.1		000c6b200c78a438563d4c6b9c8a1a1514a1f83a
io.joynr.java.messaging	messaging-common	1.9.2		d4857fff3a6706c5ae1573791d238ad1242237a8
io.ktor	ktor-server-hsts-androidnativearm64	3.0.0		7ab3cf2ce807d4fe89b6b8375e2121d8b470cc4e
io.ktor	ktor-server-hsts-androidnativearm64	3.0.1		6265bcc5741f434cc9ea9e9f9b6f7562d1fa1d3e
io.ktor	ktor-server-hsts-androidnativearm64	3.0.2		9ac4a28b6d6982e4abe26cf70a0cb581f2e1285a
io.ktor	ktor-server-hsts-androidnativearm64	3.0.3		236087ee15f55d590c390e85d9d16ac87fedbeca
io.ktor	ktor-server-hsts-androidnativearm64	3.1.0		c8666aa89a12755e26ce632038d9c1eaa56582d8
io.ktor	ktor-server-hsts-androidnativearm64	3.1.1		a6f73a701c686f4f0b3deb741386afd457f1c987
io.ktor	ktor-server-hsts-androidnativearm64	3.1.2		172e44830bfeb3f400ad7e966c8eaff6a24e4c3b
io.micronaut.configuration	micronaut-picocli	1.0.0		9c743779d79ecb2c521ab350995a011474ebe949
io.micronaut.configuration	micronaut-picocli	1.0.0.RC3		dcc73426bbdf2dffcf8ba0e0c2ec6038965e535e
io.micronaut.configuration	micronaut-picocli	1.0.1		52fe51b1d772d3328fb3f617da86d829b4e8e634
io.micronaut.configuration	micronaut-picocli	1.0.2		d1d98030acd51781f6fd9a4d788bc062464fb888
io.micronaut.configuration	micronaut-picocli	1.0.3		d0afbce089194db5ce0ddadb180358d3ada8aa3b
io.micronaut.configuration	micronaut-picocli	1.0.4		50e02ca7a61d4b83afa290e18bbb1b4932a20894
io.micronaut.configuration	micronaut-picocli	1.0.5		32f6c0e80fc8d1ccd68735fa68a6306cab6e9ad0
io.micronaut.configuration	micronaut-picocli	1.1.0		06e2c38c0d031604828e1c5436813dc40feafeee
io.micronaut.configuration	micronaut-picocli	1.1.0.M1		6600233543b2a363c209845760cab53d36df3ff1
io.micronaut.configuration	micronaut-picocli	1.1.0.M2		c378ae48411ce8f5a0be88cc85c6a70e613690c8
io.micronaut.configuration	micronaut-picocli	1.1.0.RC1		a1b81c6ba5790e24636bc16f0e3e3183c07b4342
io.micronaut.configuration	micronaut-picocli	1.1.0.RC2		b3e46247f172eb0f8f27587b69675ef3d9f87ac5
io.micronaut.configuration	micronaut-picocli	1.1.1		279b87e176c7d5eea99c731e45a2ca1c3dfe1f69
io.micronaut.configuration	micronaut-picocli	1.1.2		aeea011118ba5c7c394d149f4f93a0bbd568dddd
io.micronaut.configuration	micronaut-picocli	1.1.3		97be66557956f1126c1b523f56ec5f1d59c148c2
io.micronaut.configuration	micronaut-picocli	1.1.4		cc2c0624c7e78e9b203d792436cca3880dc16e1b
io.micronaut.configuration	micronaut-picocli	1.2.0		5dee143d153a54d547d2782f4718958ed5f2e6fe
io.micronaut.configuration	micronaut-picocli	1.2.0.RC1		adbfabb3a406403b62cd26bd6c0d714dadd562f0
io.micronaut.configuration	micronaut-picocli	1.2.1		b1a0827fef747b216fb1dc579123c068583de4cd
io.quarkiverse.loggingsentry	quarkus-logging-sentry-docs	1.0.0		d75a571f770487819ef8a5a0cd5ae5a2198de3be
io.quarkiverse.loggingsentry	quarkus-logging-sentry-docs	1.0.1		5c6dddbcafd26db0f9658dd818a8a13b52abd10b
io.quarkiverse.loggingsentry	quarkus-logging-sentry-docs	1.0.2		1272345eb187ae02127bdcbd869318ea7aa4f51e
io.quarkiverse.loggingsentry	quarkus-logging-sentry-docs	1.1.0		d2ed01545d84402a80a2a093ff7f176136424677
io.quarkiverse.loggingsentry	quarkus-logging-sentry-docs	1.1.1		362d6801280036927656d8a69aaebebcf70b0191
io.quarkiverse.loggingsentry	quarkus-logging-sentry-docs	1.2.0		51313d0c42fc8fedda046bad7ad05f9d2f96d8a0
io.quarkiverse.loggingsentry	quarkus-logging-sentry-docs	1.2.1		06123963080b6ecd195ece2cc4a2888b948c6c00
io.quarkiverse.loggingsentry	quarkus-logging-sentry-docs	1.2.2		b4b9a91afcc72c3931c2bdceb623bf4134dfb94a
io.quarkiverse.loggingsentry	quarkus-logging-sentry-docs	2.0.0		a4cbf1be404ed90fb422ea3bab5817cb884df073
io.quarkiverse.loggingsentry	quarkus-logging-sentry-docs	2.0.1		f8f137a563f1105b10add7c32d81e6aec8f28c75
io.quarkiverse.loggingsentry	quarkus-logging-sentry-docs	2.0.2		7d09ab7085afafa25c14763f921b9c98da1dbb3d
io.quarkiverse.loggingsentry	quarkus-logging-sentry-docs	2.0.3		36683cb6814120a4c07eded0f703d02c75d9fb0e
io.quarkiverse.loggingsentry	quarkus-logging-sentry-docs	2.0.4		ef0325962d3f1de0a54d3cdfa78951903dd1eff4
io.quarkiverse.loggingsentry	quarkus-logging-sentry-docs	2.0.5		60bfd2038f3b01cef05337277d2c4cb1c16dd843
io.quarkiverse.loggingsentry	quarkus-logging-sentry-docs	2.0.6		23ac31fc91211a2899aa59cd4684d922f4dce4b7
io.quarkiverse.loggingsentry	quarkus-logging-sentry-docs	2.0.7		d569981545fb4b92a3aadd6d867d33bbb0230f14
io.quarkiverse.mcp	quarkus-mcp-server-cli-adapter-deployment	1.1.0		eba5daffabc7821c407931040fa7c8118807a6fe
io.quarkiverse.mcp	quarkus-mcp-server-cli-adapter-deployment	1.1.1		bd773ec86e23c3f4bd45a97c3cf391644274b81b
io.thorntail	jaxrs-validator	2.0.0.Final		e473ec0335a88c57fffa91fbc88f799a09a7c660
io.thorntail	jaxrs-validator	2.1.0.Final		26d898a56a1d632a12aa087bb165069d5db19b2b
io.thorntail	jaxrs-validator	2.2.0.Final		de9025033cb3571bc12981baad1caef47a132e27
io.thorntail	jaxrs-validator	2.2.1.Final		f9a9b968406821da1c8363a085fd40975ec1f584
io.thorntail	jaxrs-validator	2.3.0.Final		298accfc4407bb6340f4c808325bf337709d7101
io.thorntail	jaxrs-validator	2.4.0.Final		e3ef2c9034290a74fb0168c1495a48e93a2fa560
io.thorntail	jaxrs-validator	2.5.0.Final		4c3aca27b5d13af95a05c760dc30ef9432fe3c40
io.thorntail	jaxrs-validator	2.6.0.Final		e4673e2f444bbfc54519e24126b11a8326ce4018
io.thorntail	jaxrs-validator	2.7.0.Final		0e52ad90cfad5c000a1f68bbf31560395a98e503
maven-plugins	maven-dbunit-plugin	1.8		dca424c304b69cbc02e5e0b66fbff704bb0133ae
maven-plugins	maven-dbunit-plugin	1.9		a229a54f603f93a6fed0d686352e2601995e882f
maven-plugins	maven-dbunit-plugin	20030413.024213		e190ea9a221c772dc1e45f785c5bd07951568567
maven-plugins	maven-dbunit-plugin	20030818.022735		1219392433ccda7baf4b414f7490f8a5249af0c5
ml.combust.bundle	bundle-ml_2.12	0.14.0		7f0552ef51feca7c9208eadb654dd9a63ed86e94
ml.combust.bundle	bundle-ml_2.12	0.15.0		7949aeba3c6b059a17634306d9dd57335b99f477
ml.combust.bundle	bundle-ml_2.12	0.16.0		f047ae089ea0bba299b324a9e51ac6423abf51b5
ml.combust.bundle	bundle-ml_2.12	0.17.0		46e829150241aa7376d0e084b42892725e72daa3
ml.combust.bundle	bundle-ml_2.12	0.18.0		98c557a8435c04d07d792a17690389f1c8fe33a2
ml.combust.bundle	bundle-ml_2.12	0.18.1		bd8bb404d9163653421a154599886680da6d58ab
ml.combust.bundle	bundle-ml_2.12	0.19.0		06d0420d8f2ee17146827e68078484b96c5cd554
ml.combust.bundle	bundle-ml_2.12	0.20.0		d1307df785ed2c0541c906846fc0e5604a1cd55c
ml.combust.bundle	bundle-ml_2.12	0.21.0		2313c4262898eb8c295572909a6683be52e50709
ml.combust.bundle	bundle-ml_2.12	0.21.1		9039bbed0dc43395a3556c0c725d3eb8d89900c0
ml.combust.bundle	bundle-ml_2.12	0.22.0		86b0ce89c99f99fd5cb593f2a0ab3ea4999766f9
ml.combust.bundle	bundle-ml_2.12	0.23.0		20f862aba471df777aeb38a2d7b98c283bf79383
ml.combust.bundle	bundle-ml_2.12	0.23.1		3d6625ec8ba1af9f59c94b21fc0a6a3be93c6bd4
ml.combust.bundle	bundle-ml_2.12	0.23.2		1bb11bca7e627845dd8c43de86b6c82a41a5659c
ml.combust.bundle	bundle-ml_2.12	0.23.3		22b5a1f5a860a0a2a99b4a11c6a0920add46b368
net.apexes.commons	apexes-commons-android	0.0.2		538a2aa1f1f02af89554289524654f83df21be45
net.apexes.commons	apexes-commons-android	0.0.3		8bf85b321a78f97794e3c47a3f3e0d5c96507cda
net.apexes.commons	apexes-commons-android	0.0.4		285d48dc76dc841f2d550eed7484ab37b7c647d6
net.apexes.commons	apexes-commons-android	0.0.5		e2d552a0318a509ef4a18df47b90f727bdbafc28
net.apexes.commons	apexes-commons-android	0.0.6		ed91eb437ccc70afba081d4fa984c96da6dcf6c4
net.apexes.commons	apexes-commons-android	0.0.7		034cf2b9d45ddc747b4c2ba17b0ab113dea72777
net.apexes.commons	apexes-commons-android	1.0.0		83d07a5e165458c9bf76eb6c54aad8f21384e583
net.apexes.commons	apexes-commons-android	1.1.0		2e875ba52bdfb624ac36fa73f977d9a1121aaaa0
net.apexes.commons	apexes-commons-android	1.1.1		8f4ed738ff37f0ae68becbcf35304b3f68a594b0
net.apexes.commons	apexes-commons-android	1.1.2		cba966e2b4ec47c41f72eeedacf833895ade5bbb
net.apexes.commons	apexes-commons-android	1.1.3		8f07f03d07250667cac5c619c0847014a0af0dd3
net.apexes.commons	apexes-commons-android	1.10.0		39d3d5ad34bf06b9714cb3a3ca7951e994e84633
net.apexes.commons	apexes-commons-android	1.11.0		ab5dd56dc486f870855029df35682c6df8213837
net.apexes.commons	apexes-commons-android	1.12.0		608121c3277aba3c3f01c20216c688f442678d25
net.apexes.commons	apexes-commons-android	1.2.0		b3c109ed1bb77e133f33a4624012b0baaff3857c
net.apexes.commons	apexes-commons-android	1.2.1		5e31951f5cf3ad3bf5cb06279b27eb7f8926b50f
net.apexes.commons	apexes-commons-android	1.2.2		d3dc889deb15b463d0f5a7fab0b6e28ad138fcdf
net.apexes.commons	apexes-commons-android	1.2.3		3b4a66497656bfdbe1651c3c0a5ec67668d662b7
net.apexes.commons	apexes-commons-android	1.2.4		b92580bcc7438c9788528191ec969d3f4a7b23a6
net.apexes.commons	apexes-commons-android	1.2.5		60d7850ac98ee7aa5521f37693b1e248ec9170bb
net.apexes.commons	apexes-commons-android	1.3.0		ba7280bbfc558cf1777337c25f2b25b2fb3262ed
net.apexes.commons	apexes-commons-android	1.3.1		1f902f6d1d18067fa0b679b62313f36600c2e514
net.apexes.commons	apexes-commons-android	1.4.0		35d1d80b5dfdae14a09df3b3e13899d72c41eb2e
net.apexes.commons	apexes-commons-android	1.4.1		a7d03227e1c0d1788c9f160802dd0b3eac17a704
net.apexes.commons	apexes-commons-android	1.5.0		5e5b3f85ae1f94320934bdcf4b327fb73cb05cd1
net.apexes.commons	apexes-commons-android	1.5.1		def136ca58192242df06e1c2fe5dc0c3b6114196
net.apexes.commons	apexes-commons-android	1.6.0		2432a12d6dff3a3fdd51ed9840efe84c5b2515e6
net.apexes.commons	apexes-commons-android	1.6.1		a0c53ea394eaeeb9897a6edcc9381b7837f48974
net.apexes.commons	apexes-commons-android	1.7.0		d58e2629b05276af50cb64d0781c9025ccd3f53c
net.apexes.commons	apexes-commons-android	1.7.1		e56531ec94d19be7fdf787b8044819d6b01c5199
net.apexes.commons	apexes-commons-android	1.7.2		09c161d6d37f82d3248d936064706029bf5b7c8a
net.apexes.commons	apexes-commons-android	1.7.3		b445d5b180b7fe04dfd76b27e3f67471b86f3355
net.apexes.commons	apexes-commons-android	1.7.4		8a222334e965625c6289442f4bb5e50620edb52f
net.apexes.commons	apexes-commons-android	1.7.5		b1c16fa7d1fe1960af7c27696991da32474b20d8
net.apexes.commons	apexes-commons-android	1.7.6		85465cda37b0ab28e0a03ad445cf4b97eca6db89
net.apexes.commons	apexes-commons-android	1.8.0		917fd34d193481d578447d07078928b217259b7b
net.apexes.commons	apexes-commons-android	1.9.0		f770790f7400e964abb7f1eaf55539fa0406677d
net.apexes.commons	apexes-commons-android	1.9.1		f1dd9e2058d8f14a0d8802d2e2be0f60b1814fea
net.apexes.commons	apexes-commons-android	1.9.2		717bd98336ceda63e6480e73b66cdf7bd25d48ff
net.apexes.commons	apexes-commons-android	1.9.3		771b2396a9c528ef734033856533e2fd0dfd4255
net.apexes.commons	apexes-commons-android	2.0.0		02f436b765004d58eb7b6ca6e3eba3e63ca84b53
net.katsstuff	typenbt_sjs0.6_2.13	0.5.0		90b29b26550188851fadcbb7ac0adc1e3ab03b2d
net.kut3.data	elt-util	0.1.0		414b0e64baeb6a7c144e472dc0d3479c7624724d
net.kut3.data	elt-util	0.2.0		86284c32709a06fbc0cc9421793d53437278b7b4
net.liftmodules	fobo-font-awesome_3.0_2.11	1.4		09ab8cfc4fbc89845ad781e34ad92f9a09865ada
net.liftmodules	fobo-font-awesome_3.0_2.11	1.5		82572c33fb3a3b00f4292762c9ca7233cb75dcd8
net.liftmodules	fobo-font-awesome_3.0_2.11	1.5.1		00f3350ec74bac56f46c9d02a15dfd9dcbe76b23
net.liftmodules	fobo-font-awesome_3.0_2.11	1.6		2b09abca77a07ba0d5eb80b7b4d75c51ea6d5552
net.liftmodules	fobo-font-awesome_3.0_2.11	1.7		6849be0dec43245230d97ec4b2ec6458afff60ac
net.mamoe	mirai-api-http	2.10.0		051290f66ae3f7189bd6771eda0f901aad6978a6
net.mamoe	mirai-api-http	2.3.3		324d9c7c373879e1538bfd2aa889e77afddeb85e
net.mamoe	mirai-api-http	2.4.0		d3846bcfa459794159fec70de181002b85c3d6ab
net.mamoe	mirai-api-http	2.5.0		ec78d6de1dc1b887ce18c04180d0b8a215956fe3
net.mamoe	mirai-api-http	2.5.1		39865c4c526c524833d3b7c06e93b202f0f24637
net.mamoe	mirai-api-http	2.5.2		0900b196b982f8cca299807c22085918f7b33706
net.mamoe	mirai-api-http	2.6.0		5bd1828af174ac92dd7523d581d6dd1aaa31f973
net.mamoe	mirai-api-http	2.6.1		ad3229cc4c5ec3b24188c96448999c985549279f
net.mamoe	mirai-api-http	2.6.2		7f8b2847f034c88f86d3f71f55b3ace8c5b6f040
net.mamoe	mirai-api-http	2.7.1		91f9485746fd10cbfffd349328b0676394e19e98
net.mamoe	mirai-api-http	2.8.0		1b26cd02a520d6916919c3af4410a337b45e7cd2
net.mamoe	mirai-api-http	2.9.1		4867c458229dfe7b1bb494f2d38a13d37e3cb509
net.ozwolf	dropwizard-raml-test-service	1.0.0		62ec8ac78e76250e19ab7bdcabc3eb9d033c1e24
net.ozwolf	dropwizard-raml-test-service	1.0.1		9ad8915c6b7642131ca0410cbe78043681ad9daf
net.ozwolf	dropwizard-raml-test-service	1.0.2		a75611d1c7ef20fc60c3aef97afd3f0f5f7645ca
net.ozwolf	dropwizard-raml-test-service	1.0.3		6ddaa589d4cd0c5bed608e9c8bac2551783ebdad
net.ozwolf	dropwizard-raml-test-service	1.1.0		6e2872d64f917d9f463c8c76560402ac41a053e7
net.ozwolf	dropwizard-raml-test-service	1.1.1		2c9cc22422a96539fa32227ed81f40fd70c103e9
net.ozwolf	dropwizard-raml-test-service	2.0.0		af737d0ac6af74c574da769eb0d55eb31b278876
net.ozwolf	dropwizard-raml-test-service	2.1.0		172a29992c1e1d130b8e45c3caa472999ebe565a
net.ozwolf	dropwizard-raml-test-service	2.2.0		3196205c32695eeffa25d723fbe36251c1bce2af
net.ozwolf	dropwizard-raml-test-service	2.2.1		078bfcbce055311da6c6a0ecd8c6c31c22604c72
net.ozwolf	dropwizard-raml-test-service	2.3.0		aa3b27eb8aaacbef964d12619cab034051a26e24
net.ozwolf	dropwizard-raml-test-service	2.3.1		a83c8dd316601a5578cfb2612004c301468c1b7e
net.ozwolf	dropwizard-raml-test-service	3.0.0		ffcce874b3944900a6e9dd2d7d7cb11a89b7b908
net.ozwolf	dropwizard-raml-test-service	3.0.1		a73d2c00f3b4a2a22d0074e98b17ab463d1c2ba2
org.apache.ignite	ignite-visor-console	1.0.0		310172c3891d923ddfb746fecec72f990501185d
org.apache.ignite	ignite-visor-console	1.0.0-RC1		fdfd5f02fd2cf40336647b7d562b19a7fbf761cc
org.apache.ignite	ignite-visor-console	1.0.0-RC3		7c462c8d84f2e03cff6702df81061cc4f60be286
org.apache.ignite	ignite-visor-console	1.1.0-incubating		a27608ab88b6825d043daa646e424c55d1190465
org.apache.ignite	ignite-visor-console	1.2.0-incubating		b69df29238e1b4dc146fc5ab21a4fd1859769ea2
org.apache.ignite	ignite-visor-console	1.3.0-incubating		73ef62c27e4b7703bee18281d8c4a7a61b94ad8c
org.apache.ignite	ignite-visor-console	1.4.0		4b1d7144b29c6c96f87611cf27b85d3871c2fb90
org.apache.ignite	ignite-visor-console	1.5.0-b1		3d25b81013be5edabe36d8c9a565b359e41bb62c
org.apache.ignite	ignite-visor-console	1.5.0.final		b857de170a0ebcf20ae77b600b65334b742bff3c
org.apache.ignite	ignite-visor-console	1.6.0		0b3875d0d523a519ef5212d4b1015c0acb16cd58
org.apache.ignite	ignite-visor-console	1.7.0		9fd289d10c1bb3d0f01359a02e353b67e4d111b9
org.apache.ignite	ignite-visor-console	1.8.0		9c7427d01ebc14f01de80854036e9985eea68990
org.apache.ignite	ignite-visor-console	1.9.0		6cea768ca897209ecb316285c580ff4cc2a57a80
org.apache.ignite	ignite-visor-console	2.0.0		539936fa2e3a731b5de1bf4010defdda57e25f05
org.apache.ignite	ignite-visor-console	2.1.0		b617c7567191be48d8cc20a72caa3a5cb1492ab0
org.apache.ignite	ignite-visor-console	2.10.0		192039c2ea3be6097d4bca94fc102b6324500bff
org.apache.ignite	ignite-visor-console	2.11.0		30e505b168c9f77db829b062a5b1789115d067fe
org.apache.ignite	ignite-visor-console	2.11.1		fcbd18bea7015f679ca907631ef9e5f4605c37a5
org.apache.ignite	ignite-visor-console	2.12.0		0075e923349d6657031f4ee4dd396a42614ec6bf
org.apache.ignite	ignite-visor-console	2.13.0		f707d752a3c3498595cd6013d493d962177180c8
org.apache.ignite	ignite-visor-console	2.14.0		a6baf432bcebb69fe1a676e5b52b123e9e726900
org.apache.ignite	ignite-visor-console	2.2.0		7d820efd22005755193688dffaa1423fb2593ed3
org.apache.ignite	ignite-visor-console	2.3.0		801c1a816234cb217c11c3911e9e71f9d84debe2
org.apache.ignite	ignite-visor-console	2.4.0		371085848b177fc05bf02ae681cfbd4ab1f81aaa
org.apache.ignite	ignite-visor-console	2.5.0		a9c2d27f221e3c783621ce95ff8db0ae269a59f9
org.apache.ignite	ignite-visor-console	2.6.0		92661d90a6b4194887d230456a883915a0ae28b9
org.apache.ignite	ignite-visor-console	2.7.0		0adc98eb3f34aaeffc37491cb45209c7efa04b28
org.apache.ignite	ignite-visor-console	2.7.5		27d383b27e1516c22e3964ecb4e43969093f36a9
org.apache.ignite	ignite-visor-console	2.7.6		b7f3b3bdedfe33390aefe43ff56fb548a5d30071
org.apache.ignite	ignite-visor-console	2.8.0		5780524908cde780748c2c896f7b55be75616b2a
org.apache.ignite	ignite-visor-console	2.8.1		b3f78a702275fadf5ced0908f9cbfb7c05ad0994
org.apache.ignite	ignite-visor-console	2.9.0		e857c2456aae86e1445f486189ae6024a4cb5f06
org.apache.ignite	ignite-visor-console	2.9.1		1804ea1589e11c482212f6b9a1088734859fe909
org.apache.uima	uima-assembly-single-project	2		6aa6ee6d5c927de84e88fad17ddecbcfde0bbef4
org.bytedeco	libfreenect-platform	0.5.7-1.5		8a8ae2de6b07e5fba7177374c62a370bb5bdf257
org.bytedeco	libfreenect-platform	0.5.7-1.5.1		024c55dba853cbc322558b0081783e05c25a9bbe
org.bytedeco	libfreenect-platform	0.5.7-1.5.2		75109ca2f6f12e90ff3597d61dce7e7c0c43a298
org.bytedeco	libfreenect-platform	0.5.7-1.5.3		d83868c9c55df5d25a93ffc579ca9d8c3b56d32b
org.bytedeco	libfreenect-platform	0.5.7-1.5.4		264087dc8b4dcd3a02c0340b1653a1cc1386719d
org.bytedeco	libfreenect-platform	0.5.7-1.5.5		417084ba35c5099222a06e6b69b322eb2732bcb8
org.bytedeco	libfreenect-platform	0.5.7-1.5.6		2b25ebad463e22247ce95f131ed155f46bf83181
org.bytedeco	libfreenect-platform	0.5.7-1.5.7		4fbdf8a3548639d6278ce8b6ec7054286cd9bbec
org.bytedeco	libfreenect-platform	0.5.7-1.5.8		03dca5d790ff061c988a72d1ea13f0200295995e
org.bytedeco	libfreenect-platform	0.5.7-1.5.9		c757108e09de1a87802637919e49b5500589630f
org.codehaus.sonar-plugins	sonar-php-pmd-plugin	0.2		6362c6bfbe78bddfbe134371456967aa7bc7a598
org.danbrough.ktor	ktor-serialization-kotlinx-json-iosx64	2.2.3		566ff81f124e876736272bbd09d29f8991a01659
org.danbrough.ktor	ktor-serialization-kotlinx-json-iosx64	2.2.3	metadata	f1c253397adda6f1097ea0e3e6fa9b6ee633910c
org.filesys	jfileserver	1.0.0		132db45fb54b1b17205d4604521ea45fd47e2141
org.filesys	jfileserver	1.1.0		cda1366b008cdb9b0678fb1a87936ea2d1da7d7c
org.filesys	jfileserver	1.1.1		5ef2967cdd872995fede058e95542d1281bcaba0
org.filesys	jfileserver	1.1.10		354718c992368cd2108c1df081b830e447e9db57
org.filesys	jfileserver	1.1.11		07c3a4e04f1ee0ae666784def4b19d9fed4fd372
org.filesys	jfileserver	1.1.3		2f8e25e9c6a8f778ca63ece0c6d67fa1807cd47d
org.filesys	jfileserver	1.1.4		0c1a5fd1e54f7613f4025292d88d94c44fc64cdd
org.filesys	jfileserver	1.1.5		43a851592e26bec47f1f7be982b0a44ae0360522
org.filesys	jfileserver	1.1.6		91d85120e2c9cf30ad08e89aa7fa13943491a7a3
org.filesys	jfileserver	1.1.7		d1a2353b12fe87d628f0dd62a4d984d0a4c44cac
org.filesys	jfileserver	1.1.8		f4de31f89430e86127139025332b1c62df382e5d
org.filesys	jfileserver	1.1.9		bcf84d6eb82e5fc3687008cab7eb681654e4299b
org.filesys	jfileserver	1.2.0		7896064d410eab04982a271a769320014e068e1e
org.filesys	jfileserver	1.2.1		9dc6ff12497420ab3392f3417684787dc0e20f25
org.filesys	jfileserver	1.3.0		4d5f61d6e76e949771ce88ebae35e34a9d59a10c
org.filesys	jfileserver	1.3.1		2b833459f183b65fc070c309013750f62b423ff0
org.filesys	jfileserver	1.3.10		28b1d653cce51ced5770abd42e552e59c8354afb
org.filesys	jfileserver	1.3.11		4d1021e7e38038533bd03dd7f9e939f322e32ff7
org.filesys	jfileserver	1.3.12		8cfa7d596ac81fd30014cd10388396675c1ba387
org.filesys	jfileserver	1.3.13		b028d9d77fe6965d64666758f8d66eab522a62e9
org.filesys	jfileserver	1.3.14		07ecf7081834dbfb3b9b17efb0eaeb50e2fee5d8
org.filesys	jfileserver	1.3.15		6b5436d5f123570a8a39fa432434712631887428
org.filesys	jfileserver	1.3.16		dbd2123b18cb224d0d5507cc972f0d50d3b5c390
org.filesys	jfileserver	1.3.17		336746e385a6948125eab02e0ef8a80578bacbe6
org.filesys	jfileserver	1.3.18		7537e3cbea4091a4abdb5002ba7b5956b709bc27
org.filesys	jfileserver	1.3.2		fa958f467c3b0df6747484b8374f5e2188899f64
org.filesys	jfileserver	1.3.3		a24aef102a1d827f315f1c4f916ec84702d94e59
org.filesys	jfileserver	1.3.4		ed939e5fc14675c3a9c5f4518751dd25465c6007
org.filesys	jfileserver	1.3.5		acc557c09e9f7cb880bf91639820f5e53ddf04c8
org.filesys	jfileserver	1.3.6		583fbd07888752f4a960b273543cc5a5dd73c05b
org.filesys	jfileserver	1.3.7		062bb27aedf638d2872acea517af02fb21e4b1db
org.filesys	jfileserver	1.3.8		e95a21fedf592d09cc1b81dce8c1a8347b869b55
org.filesys	jfileserver	1.3.9		9f8fdc2acf9db9842d0309fb0f650dabf4bf2d3f
org.filesys	jfileserver	1.4.0		32a53ed552bb0ed07fcd7faa65e823d2e85784d1
org.geckoprojects.rsa	com.paremus.gossip	1.0.0		95C328EFB6A598B679B66B588CE7B3775A5E27A3
org.jdon	jdonframework	6.6.4		4d77a765e5b800654c53d993d877a8f570eaf0a6
org.jdon	jdonframework	6.6.6		N/A
org.jdon	jdonframework	6.6.8		71ee3f8c43c3bcbf4185b2247e60a71751c388da
org.jdon	jdonframework	6.8		3d4ba85fbe2a426b239658ab844c8a2f379f0611
org.jdon	jdonframework	6.9		049e5ed3ca5f4c82dc01276d636dadceca2255c5
org.jvnet.ogc	wcs-range-subsetting-v_1_0	2.5.3		2760dd35a412d7f675c7a77b7b11f38ec510e9ca
org.jvnet.ogc	wcs-range-subsetting-v_1_0	2.5.4		5bb81f47996099ca22965a203a786a7bf8514f0f
org.jvnet.ogc	wcs-range-subsetting-v_1_0	2.6.0		adb4ec9873072d12f31555589db986ca779f830f
org.jvnet.ogc	wcs-range-subsetting-v_1_0	2.6.1		fd7df8bfe4c4b8f14b29d596cb8e05e245ff2010
org.openengsb.connector	org.openengsb.connector.example	2.0.0		49405bf690c040adf2a4fc6bf87a7b62181e828e
org.openengsb.connector	org.openengsb.connector.example	2.0.1		608b55ab0b08f8d1ccbb950a86b6b6ef974dcbb8
org.openengsb.connector	org.openengsb.connector.example	2.0.2		8e4d67edb984969e3ab7b1dd2278be6bd4126443
org.openengsb.connector	org.openengsb.connector.example	2.0.3		51d0fe06ec6b4191c5902b54372858a52bf2afe0
org.openengsb.connector	org.openengsb.connector.example	2.0.4		4d73258a99ec47c8a97120f5e072f9b762541366
org.openengsb.connector	org.openengsb.connector.example	2.1.0		7e7609d2da13c405b556011333f5466a58994d4f
org.openengsb.connector	org.openengsb.connector.example	2.1.1		97fe4bd73669463e9e3c76a7629e91731bb2da88
org.openengsb.connector	org.openengsb.connector.example	2.1.2		7429aec6ded0b73daa02b394f5ec246d3fdc53ea
org.openengsb.connector	org.openengsb.connector.example	2.2.0		835aa7399c567c3730a2ee6bd7989750728d525f
org.openengsb.connector	org.openengsb.connector.example	2.2.1		193e9b04e835ba822ea60cc2dd868d4a4b7241aa
org.openengsb.connector	org.openengsb.connector.example	2.2.2		f4219a8b8b27d7b95b7d2e83d8cf70d222396afc
org.openengsb.connector	org.openengsb.connector.example	2.3.0		6bd0f26863ad283623049cea4185eaf0a69676f2
org.openengsb.connector	org.openengsb.connector.example	2.3.1		51d93f2627fc8ebd2ff1a4991a01fd75715f3fac
org.openengsb.connector	org.openengsb.connector.example	2.3.2		4e2918d23b6a7c79feb7a46bf5de902fec8b2f3c
org.openengsb.connector	org.openengsb.connector.example	2.4.0		071643161d83ec98cc6c4256514f6ed16f527244
org.openengsb.connector	org.openengsb.connector.example	2.4.1		45891ec9b7158cd9b69d6336a4c31d1db91f7445
org.openengsb.connector	org.openengsb.connector.example	2.4.2		5d3c3b22930dc79d419c352bbb46b42b6a9f425b
org.openengsb.connector	org.openengsb.connector.example	2.4.3		243d7ea65f1d161939a40b9ee1cb923e62240a4f
org.openengsb.connector	org.openengsb.connector.example	2.4.4		94334df088673899f259477c11fdbad8f4b0b708
org.openengsb.connector	org.openengsb.connector.example	2.4.5		286d6325adac7d96d7633e0eb49f50b13e2afa06
org.openengsb.connector	org.openengsb.connector.example	2.5.0		a2959bd29e30c4944d7e981371eea20d36831a3e
org.openengsb.connector	org.openengsb.connector.example	2.5.1		9095f3635a6a701126fa9a2b0df4bfbdcb55e94a
org.openengsb.connector	org.openengsb.connector.example	3.0.0.M1		d04d1ca34fe6ffc567c92de6aed0ca1c9fd6857b
org.openengsb.connector	org.openengsb.connector.example	3.0.0.M2		d7b8909d7c45d0e041d042778d5dfe9522bb313d
org.openidentityplatform.openidm	openidm-policy	6.0.0		76b173d9a0fd260040c0bb6d47603ee49c3c815f
org.openidentityplatform.openidm	openidm-policy	6.0.1		a9cc839869554ab6e5a63d3349c41e1d0141fa1c
org.openidentityplatform.openidm	openidm-policy	6.0.2		8f28e870803e13afbd5e2ca6720156f3a3eb7ef4
org.openidentityplatform.openidm	openidm-policy	6.1.0		0fc188d9dc436d4da5fcdf6bf4dff178897ce5c3
org.openidentityplatform.openidm	openidm-policy	6.1.1		df7f1e4688cac34a0d06eaeb8da1c2c6a52cb66e
org.openidentityplatform.openidm	openidm-policy	6.1.2		8c49632ee22dc745516c8e250b9a7df4cbd7994e
org.openidentityplatform.openidm	openidm-policy	6.2.0		879928c3fbedc84969d70a6ecaf5a7c673b096f4
org.openidentityplatform.openidm	openidm-policy	6.2.1		710045ed8daa022c6f2f50d760dbdfa04819591d
org.openidentityplatform.openidm	openidm-policy	6.2.2		8ef6ad1bd2b31551e725307602a18d563ce0b3c1
org.openidentityplatform.openidm	openidm-policy	6.2.3		a29f74e3725ff765c38e1882ecae52eb8b5d60a9
org.openidentityplatform.openidm	openidm-policy	6.2.4		e80a16321e6cbaf8146ddb2c6e9c3e5484c546a6
org.openidentityplatform.openidm	openidm-policy	6.2.5		db43c40e65b9aea684038e57c5c63b6937e0da59
org.scalaz	scalaz-zio_sjs0.6_2.13.0-M5	0.10		8d0994d0792846bb3471c960f01ea2c31b4331e4
org.scalaz	scalaz-zio_sjs0.6_2.13.0-M5	0.11		e1f49e2c3a548e5a7e69a5defd6d4947358c71fc
org.scalaz	scalaz-zio_sjs0.6_2.13.0-M5	0.12		a89be8f71d1247723de2d391c50cd7b84115a9bb
org.scalaz	scalaz-zio_sjs0.6_2.13.0-M5	0.13		c8213b3f01db0b55a30a7ed1258f37c46ae2200b
org.scalaz	scalaz-zio_sjs0.6_2.13.0-M5	0.14		cb3b7b8ade7955c78bdf560b41de7e528a384cb6
org.scalaz	scalaz-zio_sjs0.6_2.13.0-M5	0.15		0b4ea1cc33c1f73f64b73248f1a426495aa04785
org.scalaz	scalaz-zio_sjs0.6_2.13.0-M5	0.16		766cb8922cafa389e277f8f22b8de4a3baa7af81
org.scalaz	scalaz-zio_sjs0.6_2.13.0-M5	0.17		76cfc113f7f999f1e45cda875c9e3d2746574b2f
org.scalaz	scalaz-zio_sjs0.6_2.13.0-M5	0.6.1		9ee90ec332fd8731d642e51e19a7ed74ade9873f
org.scalaz	scalaz-zio_sjs0.6_2.13.0-M5	0.6.2		d67785e3b8d3f6e5b2a578f7bf720e5de940a4f2
org.scalaz	scalaz-zio_sjs0.6_2.13.0-M5	0.6.3		9949830a9bedfa54efb7386560ccb3ad1020a6dc
org.scalaz	scalaz-zio_sjs0.6_2.13.0-M5	0.9		100b99b86d10cd93c90305b53e702f888af2493a
org.scalaz	scalaz-zio_sjs0.6_2.13.0-M5	1.0-RC1		eed00cc8719af500505566bfbd063deee352bb42
org.scoverage	scalac-scoverage-runtime_sjs1_2.13.4	1.4.3		3853b3a5749047f787eef89906025de037091cae
org.scoverage	scalac-scoverage-runtime_sjs1_2.13.4	1.4.4		0212ad3439a10085dde48fd32fa50800f0d47d40
org.scoverage	scalac-scoverage-runtime_sjs1_2.13.4	1.4.5		f19f1730a0c1ba70fb1320c4225b309687ca7a5f
org.typelevel	spire-util_native0.4_3	0.18.0		e31f608b8ee457e0b60cafee40992fa9b45ba233
org.webjars.bower	angularjs-humanize	0.0.1		392e87991813324c2aefc83f30fc9e5a2868be68
org.webjars.bower	js-data-angular	2.2.3		ba451ba502a4a261d2d23cd07d2b566bf7fd8ca9
org.webjars.bower	js-data-angular	2.4.0		28f1d14f9f47f0fccbabca8ff0043b348891155c
org.webjars.bower	js-data-angular	3.0.0		0e8cab9ac6ea4a92c1bea60aac27f86dfff5fe47
org.webjars.bower	js-data-angular	3.1.0		756f36d57f5b32e8bccc1613bbcf79ef78d2ba4a
org.webjars.bower	js-data-angular	3.2.1		467cff20f61cae1ec6ea635f4cb41632da41719c
org.webjars.npm	github-com-jcubic-tagger	0.6.2		f02ad798390b509701724a299f549a8dbe85682f
org.webjars.npm	github-com-valor-software-ng2-bootstrap	1.1.16		07d40bd9284e0a47fc785029c32a2bdea826fd2b
org.webjars.npm	github-com-valor-software-ng2-bootstrap	1.1.16-11		14f587031d188659712a42501dbce798e06c494b
org.wso2.carbon	org.wso2.carbon.sample.transport.custom2	5.2.1		fa82e7fbb512e8ec3609f53902bfcafe6722d92d
org.wso2.carbon	org.wso2.carbon.sample.transport.custom2	5.2.13		N/A
org.wso2.carbon	org.wso2.carbon.sample.transport.custom2	5.2.14		N/A
org.wso2.carbon	org.wso2.carbon.sample.transport.custom2	5.2.15		N/A
org.wso2.carbon	org.wso2.carbon.sample.transport.custom2	5.2.16		N/A
org.wso2.carbon	org.wso2.carbon.sample.transport.custom2	5.2.18		c07f0ad353a382a5f07ce36c0b0bc9bd70c9a8f0
org.wso2.carbon	org.wso2.carbon.sample.transport.custom2	5.2.2		bd1dda0505c5ef32fff8b775a86129bb76325846
org.wso2.carbon	org.wso2.carbon.sample.transport.custom2	5.2.3		55e5782a3d80cf9b58b35fa773fbfe236250efdb
org.wso2.carbon	org.wso2.carbon.sample.transport.custom2	5.2.4		d4ddb25bb7c18178cbd04c814898994af304c05f
org.wso2.carbon	org.wso2.carbon.sample.transport.custom2	5.2.5		ced06d5013fc1ca11a75aaa6993bd3e1e273e9db
org.wso2.carbon	org.wso2.carbon.sample.transport.custom2	5.2.6		1b3ab0c90c4943996122a3f3a3f70ccc6a05847f
org.wso2.carbon	org.wso2.carbon.sample.transport.custom2	5.2.7		2c6f3060f31b4177002c2a94967b12f28a01bdcc
org.wso2.carbon	org.wso2.carbon.sample.transport.custom2	5.2.8		5e8c65018415a7494db0501e06d0ba0edbc183aa
org.wso2.carbon	org.wso2.carbon.sample.transport.custom2	5.3.0		5d56861c490f0d0a074d868a230b1e589f2c2110
org.wso2.carbon	org.wso2.carbon.sample.transport.custom2	5.3.0-alpha		9075dbc9f28a9504203f0a159124cf77883d3a75
org.xbib	elx-common	2.2.1.10		da98793fbc634bf11c927f5ac9eaec2f186d2854
org.xbib	elx-common	2.2.1.13		8b1eb35835cb2b0dee3e75ee72fef6af146e5931
org.xbib	elx-common	2.2.1.17		bbbe4fd0741aff5d79ed410585bfd5ec4faf7864
org.xbib	elx-common	2.2.1.19		3b221ae9875d2b5e1bcc3eab3cdfaa46dc238186
org.xbib	elx-common	2.2.1.21		b73ac53f317dc75a206f93fa9daefb0135fc5215
org.xbib	elx-common	2.2.1.24		da63ec5774a0e8e3178f4d611997ab7fb47769f9
org.xbib	elx-common	2.2.1.7		8d8199c32d53bc39ca81b1189d129265bb9f4de3
org.xbib	elx-common	2.2.1.8		70850d9571e9a63475aed1313fb9db9da4054cc4
org.xbib	elx-common	6.3.2.1		37ccc86493df80e7c3ef441c7304b2a0c0be1981
org.xbib	elx-common	6.3.2.6		0216e5f134580bdb35a629467831862ccf367e19
org.xbib	elx-common	6.3.2.7		62c62c444dfded5eb72c7fff3ef6de195c2604d1
org.xbib	elx-common	6.3.2.8		36547a69775a3d548a0541f677e1979a8589f350
org.xbib	elx-common	7.10.2.0		0a6adc2c3dcbf001be3e2cfd1d594fd269721e65
org.xbib	elx-common	7.10.2.23		66685717e2ee5c3353fb97a40882d16e56d47874
org.xbib	elx-common	7.6.1.1		6f84c3249995723a3203a7a7c79aff9fbb43b12d
ru.bartwell	safhelper	1.0.0		N/A
ru.bartwell	safhelper	1.0.1		N/A
ru.mobiledev	slf4k-api-1.7-iosarm64	0.1		N/A
ru.mobiledev	slf4k-api-1.7-iosarm64	0.1	metadata	5fa385f412b02398e2b7152aa518daf98af7d124
se.radley	play-plugins-salat_2.10	1.2		3d5eea4ccbf94ada68f77d1e1b60c7b72299cd57
se.radley	play-plugins-salat_2.10	1.3.0		6c84c568f5c777b0a0a4851cc620de4fda9e6597
se.radley	play-plugins-salat_2.10	1.4.0		004a0bd646e000298a5adc4f5af928287876e030
se.radley	play-plugins-salat_2.10	1.5.0		8d895183b8627dec6b4939f1085811332ce1a72d
tech.ydb.dialects	spring-data-jdbc-ydb	0.9.1		69863aa6a6142b531a2d6e156e7a433219313771
tech.ydb.dialects	spring-data-jdbc-ydb	1.0.0		205c565d3588cce7c943252dbaa7de207108b7c9
tech.ydb.dialects	spring-data-jdbc-ydb	1.1.0		074d45e2b3fc85b97f6fb80714976bec0a716c27
ws.unfiltered	unfiltered-agents_2.13	0.10.0		f2692b4104661e5156094ace1197d2be4012d412
ws.unfiltered	unfiltered-agents_2.13	0.10.0-M10		03b61808164f87e6171e4b9c294d483d1a45bbe1
ws.unfiltered	unfiltered-agents_2.13	0.10.0-M11		6fa77e51edaf5b9e1c11a110a4329c676524e6ea
ws.unfiltered	unfiltered-agents_2.13	0.10.0-M4		90c14166df61cdee64a773af9c99a14da91bc31f
ws.unfiltered	unfiltered-agents_2.13	0.10.0-M5		886b5b1cba1798b3f31b351d8aba320c0aa27d46
ws.unfiltered	unfiltered-agents_2.13	0.10.0-M6		acc0bef56d9b815290afbf62dff0bb20e9a5898b
ws.unfiltered	unfiltered-agents_2.13	0.10.0-M7		fc319d8158e67b77b53451097f70d2b71d64ba1a
ws.unfiltered	unfiltered-agents_2.13	0.10.0-M8		acc5a7bac73eb23394d44636abf0b5afab2d69c7
ws.unfiltered	unfiltered-agents_2.13	0.10.0-M9		bfb6317238cb30393febf89bc4ee1ce68113bb26
ws.unfiltered	unfiltered-agents_2.13	0.10.1		12ce65b89d58eccf9b4ffd17d89bcab2c9f48c5f
ws.unfiltered	unfiltered-agents_2.13	0.10.2		ce4737b251e0f9badd45857214d2afb77f643af8
ws.unfiltered	unfiltered-agents_2.13	0.10.3		ecbcd6a9a375b706023de2495cfda15f0dc7d10a
ws.unfiltered	unfiltered-agents_2.13	0.10.4		1b21f5388276fbbb369a8708bc84d4a4056b6684
ws.unfiltered	unfiltered-agents_2.13	0.10.5		1bd28326b748665a5a982311779863046bb80fa1
ws.unfiltered	unfiltered-agents_2.13	0.11.0		ad65f3a470815c35a997f32ef4e30f11808cf83a
ws.unfiltered	unfiltered-agents_2.13	0.11.0-M1		375d4a42699d56bc694fffd58a3c007307096a62
ws.unfiltered	unfiltered-agents_2.13	0.11.0-M2		04c1bcf0d61500ebdda6ffd6995adbec91171df9
ws.unfiltered	unfiltered-agents_2.13	0.11.0-M3		cfb1ae36ad0938cde00f934bf5c6a4180204afff
ws.unfiltered	unfiltered-agents_2.13	0.11.0-M4		c9ed3444d431f4d1ff15e23c28b25c7add776129
ws.unfiltered	unfiltered-agents_2.13	0.12.0		0645df230ff985dba67e057b6b92c65679a7ffd8
ws.unfiltered	unfiltered-agents_2.13	0.12.0-M1		baf17c5e3328ad7721fa13b1d7e3662c7dd55285
ws.unfiltered	unfiltered-agents_2.13	0.12.0-M2		fe2b56c1dc2d17db539e714b8ca6e50bf8b15b75
ws.unfiltered	unfiltered-agents_2.13	0.12.0-M3		8c2b78f72ff5fc817d01016e6f5683270a6a107f
ws.unfiltered	unfiltered-agents_2.13	0.12.0-M4		a72bdd615bf3f3b644c22c89f3ac04d7283c707e
ws.unfiltered	unfiltered-agents_2.13	0.12.0-M5		771638dc674715e153dea0ac6d814cf3193e521f
ws.unfiltered	unfiltered-agents_2.13	0.12.0-M6		8084e7d48600f4e59774cefa9af37b82ccfa7e14
ws.unfiltered	unfiltered-agents_2.13	0.12.0-M7		c41bf48e4595cbf47bfed37dee9f17311ab5ffad
ws.unfiltered	unfiltered-agents_2.13	0.12.1		e40eaec02c3520b312a098f670be846331056421
ws.unfiltered	unfiltered-agents_2.13	0.13.0-M1		d48d1c1d533972be095e85fb4bc0947b957663e3
ws.unfiltered	unfiltered-agents_2.13	0.13.0-M2		0fc51bf191ff12f2a6fa9ea701221128beda3c85
ws.unfiltered	unfiltered-agents_2.13	0.13.0-M3		ae22709edfbae485922fc863d50263677b0b9708
ws.unfiltered	unfiltered-agents_2.13	0.13.0-M4		93cd0e8c50bbd1e09d0f23c18dac701d980cfd5b
