ch.admin.bit.jeap	jeap-process-archive-domain	8.4.0		61ba609e7fcec93efcfe1a598a5d7fe51d0755d5
ch.admin.bit.jeap	jeap-process-archive-domain	8.5.0		8f179e57acd0a798f531b4007424c1bd5c7ca3b5
ch.admin.bit.jeap	jeap-process-archive-domain	8.6.0		ba11d4aacbdc363fe22bb6a129f7384cac87b9c7
ch.admin.bit.jeap	jeap-process-archive-domain	8.7.0		9049cb770d352ed26c0cd7bd85a8059b2c77c746
ch.admin.bit.jeap	jeap-process-archive-domain	8.7.1		9ca4ba1b93cd948c544373e6d9f54205e884e7a5
ch.admin.bit.jeap	jeap-process-archive-domain	8.8.0		5df5d00280f3f9302dc76740672552cf04d954c2
ch.admin.bit.jeap	jeap-process-archive-domain	8.9.0		dca53fe3822ca5babd140d1987d3c93789826d29
cn.javaer.jany	jany-test	0.0.1.rc1		77bd38d586d35f35e6d0d0832c7ca5f6d2da83c6
cn.javaer.jany	jany-test	0.0.1.rc2		7fd92dbbda9d8b0ebca25b99e7c525bf39710e48
cn.javaer.jany	jany-test	0.1.0		c64bba8210780b173d47ab75a85c98c8f014ecfb
cn.javaer.jany	jany-test	0.2.0		6987f40737c57b94218a07f3d4b77a2c7ae15bcb
cn.javaer.jany	jany-test	0.3.0		24e0fa0171733e5b006ff8cba54c7d02aef4bd43
cn.javaer.jany	jany-test	0.4.0		82c42625b1c7e77fd6928abf615694228dd358e5
cn.javaer.jany	jany-test	0.5.0		8ca11ff2e0c8265df76cdb737d82ac78184323cf
cn.javaer.jany	jany-test	1.0.0		14f66e328c4a46fcc591aa74d5f6b9d81087f9bf
cn.javaer.jany	jany-test	1.1.0		495ce735ee4c86b62803f841dda76bdca0afe441
cn.javaer.jany	jany-test	1.2.0		9d65785d7077cddf0daceaceec0b06be84ead0c7
cn.javaer.jany	jany-test	1.3.0		51b06b5bc34b302ff55341296e3a37a6df39d70f
cn.loyom.boot	loyom-boot-plugin-mq	1.0.0-JDK21		N/A
cn.loyom.boot	loyom-boot-plugin-mq	1.0.0-JDK21	jdk21	40d84a85a8f3b91b772f8ff0baf93e5594f02e63
cn.loyom.boot	loyom-boot-plugin-mq	1.0.1-JDK21		N/A
cn.loyom.boot	loyom-boot-plugin-mq	1.0.1-JDK21	jdk21	4d30972a41b0c42a03afb0e28171df4370276a1d
cn.loyom.boot	loyom-boot-plugin-mq	1.0.3-JDK21		N/A
cn.loyom.boot	loyom-boot-plugin-mq	1.0.3-JDK21	jdk21	00066346090f1b614f426645f5f937c4b904b4b9
cn.tenmg	dsl	1.0.0		23e3de13d4827843ec22a6d9d03bff3f540b9ae6
cn.tenmg	dsl	1.0.1		969530df396395b11f46d4b37d287d61b6b6501b
cn.tenmg	dsl	1.1.0		65ee7c3677ee51ee5bad5a22727cf2607791d717
cn.tenmg	dsl	1.1.1		cd8ecb948fd920c4f7b12bccf03eb7d3ea907fbd
cn.tenmg	dsl	1.2.0		cf37b14692538c12ca86fa9d400cb7080640b9e8
cn.tenmg	dsl	1.2.1		edfeb4a71aaf39067ed7715c21407322aff65fa0
cn.tenmg	dsl	1.2.10		9a298d13f5b463ebafe57416d9e0f6a8ecc069b8
cn.tenmg	dsl	1.2.2		9731872c73ab9dc3a988d504626af750c7cb612b
cn.tenmg	dsl	1.2.3		adf4d214d17b0968f41bf29b4287bf8b34d90d16
cn.tenmg	dsl	1.2.4		28a2a200866ac5996c7f281a8d34c0996516977c
cn.tenmg	dsl	1.2.5		709aa86172c73fec419beef8b4feb115c60840c9
cn.tenmg	dsl	1.2.6		3a45ab98b40779238896c2664a351c13c9d53810
cn.tenmg	dsl	1.2.7		127db763b35f4f8ea0992a958f64b600d405c99c
cn.tenmg	dsl	1.2.8		8a3ea600947cf129feae8476659953d74d377df8
cn.tenmg	dsl	1.2.9		e52b59caa68969fec0087f0add589bb356f0d1df
cn.tenmg	dsl	1.3.0		f32daa226910964fed78d86a161655799d9b4ce3
cn.tenmg	dsl	1.3.1		6bb238dda7ac1f9a8d0b76e2db000b93f306a8a6
cn.tenmg	dsl	1.3.2		8fcabd1ee8f90de07a3035bbef7dfdd459b1958a
cn.tenmg	dsl	1.3.3		ea1231b1b292d0b110365d95d1d0ac78bd47ba49
cn.tenmg	dsl	1.3.4		bc32cf36b0bc3e000648c0a6d19b69c239b72be1
cn.tenmg	dsl	1.3.5		65cf23aeaeda10690e0d81a4f6afb015b0cd94d7
cn.tenmg	dsl	1.4.0		201ef5987c59f86a0c6f4505b2b633723186cac9
cn.tenmg	dsl	1.4.1		9382f29a506d065201f00b4fc603492f9b4a6448
cn.tenmg	dsl	1.4.10		27b9e55cd496c1e16bb57f46bd6a6eaddcc1e326
cn.tenmg	dsl	1.4.2		e7256dac15bfb1894fa53b8f531e9063250f4e57
cn.tenmg	dsl	1.4.3		1a71a4301d94821edb341f19e390dc9b75f7e583
cn.tenmg	dsl	1.4.4		3eaa09d04f7576cd2f1294995a4ab60bac10ee17
cn.tenmg	dsl	1.4.5		a62dabb2ea1e89d2c8aef2305545817a8e3c9984
cn.tenmg	dsl	1.4.6		067c1f03af538251f9939ad6e904c6f55971148a
cn.tenmg	dsl	1.4.7		75cfbf3415ea6aee91d93ca1c91e74ebf10322be
cn.tenmg	dsl	1.4.8		7573ae0a64c175a29b66f246fed051d1bbec5556
cn.tenmg	dsl	1.4.9		85979abb38b4dcf527b886cec7422e86ea5a8260
cocoon	cocoon-databases	2.1.11		adc15562c7ba8f49bd136b0b9f982819e0372ed0
cocoon	cocoon-databases	2.1.3		85fe062d976bdcc4f13ecbb22e2388a4055ff8d0
cocoon	cocoon-databases	2.1.4		338e1f32523bfcb6b1d812b5850c52e8ff60403f
cocoon	cocoon-databases	2.1.5.1		ea1ad5f731753f1d16b24ed10aecf3a1bf9a4823
cocoon	cocoon-databases	2.1.6		f0fcfaa80299c409c1097f212f12ebbdcbbdf67e
cocoon	cocoon-databases	2.1.7		dcb1952a09805b3e569136853b7d304120598792
cocoon	cocoon-databases	2.1.8		1310643fe3fd379de7d8324e4c132749bfa2ca06
cocoon	cocoon-databases	2.1.9		b9d7a4da0a427cfddf1c99971b8724d1f5e14383
com.avast.cloud	datadog4s-playground_2.13	0.12.0		243b5a2120541237fd4f2815b01594efdd6c534e
com.avast.cloud	datadog4s-playground_2.13	0.12.1		fc5724ed663225b7ab58222b24c52f8e8db6d5eb
com.avast.cloud	datadog4s-playground_2.13	0.13.0		7a693701b79a66f344e7215a3453e26b59818936
com.avast.cloud	datadog4s-playground_2.13	0.13.1		58b11fd1d161ed46983bd813dad89de340867037
com.avast.cloud	datadog4s-playground_2.13	0.13.2		c978d68fc3b0852597b55adbd28052f8b20b3636
com.avast.cloud	datadog4s-playground_2.13	0.14.0		8dc5d5c25480e20c73300f7f60c66ec58e67d396
com.avast.cloud	datadog4s-playground_2.13	0.30.0		24227529d2b302bb1fb5490a7321a9f6500d3b3c
com.avast.cloud	datadog4s-playground_2.13	0.30.1		9655e5f46e7ab5ed0ee77a99d15599680dcedf3e
com.avast.cloud	datadog4s-playground_2.13	0.30.2		cf6af093c9b2c311ac176409ef66bcd18cfa1320
com.avast.cloud	datadog4s-playground_2.13	0.31.0		dfea56d9dae963bdedce0c0d74b62446272f0f1d
com.avast.cloud	datadog4s-playground_2.13	0.31.1		c7a929b9731a9fc6af2667b406956696a3a51a09
com.avast.cloud	datadog4s-playground_2.13	0.31.2		e7c3d38b372f28dfa19c28ab59dcbf27bbb2ea08
com.avast.cloud	datadog4s-playground_2.13	0.31.3		60e39c180fc51136edc818fecc4966bc9a226a3d
com.avast.cloud	datadog4s-playground_2.13	0.32.0		747865347b4caad2bb33758b279cab70f8c8df76
com.fleeksoft.ksoup	ksoup-okio-ktor3	0.2.0		31bdb325ee426b7186fed5e66a443119627eb221
com.fresco-kitchenos	kitchenos-client-sdk-kos-user-iosarm64	0.0.3		N/A
com.fresco-kitchenos	kitchenos-client-sdk-kos-user-iosarm64	0.0.3	metadata	88d2b7a791a9ca35d9ae9127ddba8ffc4681536c
com.fresco-kitchenos	kitchenos-client-sdk-kos-user-iosarm64	1.26.0		N/A
com.fresco-kitchenos	kitchenos-client-sdk-kos-user-iosarm64	1.26.0	metadata	3605fcc4991febf949c73a89a5317d1558e07478
com.fresco-kitchenos	kitchenos-client-sdk-kos-user-iosarm64	1.26.1		N/A
com.fresco-kitchenos	kitchenos-client-sdk-kos-user-iosarm64	1.26.1	metadata	cdde5aa2b52932bdebbbeaab240bda43fdc831d3
com.fresco-kitchenos	kitchenos-client-sdk-kos-user-iosarm64	1.27.0		N/A
com.fresco-kitchenos	kitchenos-client-sdk-kos-user-iosarm64	1.27.0	metadata	9a05e8e17ba9e2d05103c5a975d77f8acd4a6453
com.fresco-kitchenos	kitchenos-client-sdk-kos-user-iosarm64	1.27.1		N/A
com.fresco-kitchenos	kitchenos-client-sdk-kos-user-iosarm64	1.27.1	metadata	812230ec46ae193ff949c574e6c2bc942a578f4a
com.fresco-kitchenos	kitchenos-client-sdk-kos-user-iosarm64	1.27.2		N/A
com.fresco-kitchenos	kitchenos-client-sdk-kos-user-iosarm64	1.27.2	metadata	7c538bb6292043d9983329c95283c61ab318d8cf
com.fresco-kitchenos	kitchenos-client-sdk-kos-user-iosarm64	1.28.0		N/A
com.fresco-kitchenos	kitchenos-client-sdk-kos-user-iosarm64	1.28.0	metadata	2f406f4ce00b8043c0f32d64ff0fe37b7f8e7db0
com.fresco-kitchenos	kitchenos-client-sdk-kos-user-iosarm64	1.29.0		N/A
com.fresco-kitchenos	kitchenos-client-sdk-kos-user-iosarm64	1.29.0	metadata	9a19afce997dce6a01515758f881ddccf2693bbb
com.fresco-kitchenos	kitchenos-client-sdk-kos-user-iosarm64	1.29.1		N/A
com.fresco-kitchenos	kitchenos-client-sdk-kos-user-iosarm64	1.29.1	metadata	3570efc3a635c0df45ac5dddda0a9abbc4e9775e
com.fresco-kitchenos	kitchenos-client-sdk-kos-user-iosarm64	1.29.2		N/A
com.fresco-kitchenos	kitchenos-client-sdk-kos-user-iosarm64	1.29.2	metadata	aa1ec223227017d2c52e8468568eabbf8aa8594d
com.fresco-kitchenos	kitchenos-client-sdk-kos-user-iosarm64	1.30.0		N/A
com.fresco-kitchenos	kitchenos-client-sdk-kos-user-iosarm64	1.30.0	metadata	a7ad365cb29a90ec2d42316212ccbf861f66d413
com.fresco-kitchenos	kitchenos-client-sdk-kos-user-iosarm64	1.30.1		N/A
com.fresco-kitchenos	kitchenos-client-sdk-kos-user-iosarm64	1.30.1	metadata	e7c42a7fb2628df1c9a026f7d3d32de879c4026d
com.fresco-kitchenos	kitchenos-client-sdk-kos-user-iosarm64	1.31.0		N/A
com.fresco-kitchenos	kitchenos-client-sdk-kos-user-iosarm64	1.31.0	metadata	f9fb8772c72b49833c0baa0e89bcb491a87f2412
com.fresco-kitchenos	kitchenos-client-sdk-kos-user-iosarm64	1.31.1		N/A
com.fresco-kitchenos	kitchenos-client-sdk-kos-user-iosarm64	1.31.1	metadata	5c2eed974a040104f906d31d8f263a779cea3435
com.github.adedayo.eclipse.sdk	org.eclipse.ant.core	3.4.0		d2cfa02eaa6e1f382d0e03156e7ffafbb60b9dab
com.github.h0ru5.gwt	vizgwt	1.0-alpha		dd62931f0d4720f84a4afaed7155865d2ba7d072
com.github.houbb	common-segment-core	0.1.0		24d265ff7630bb6d41180d0237cf37eecfbafaf3
com.github.jacoby6000	scoobie-contrib-doobie040-mysql_2.11	0.3.0		4a11e1dfe64b28b2ffbadcf95cb6761c17a59ce6
com.github.seratch	skinny-test_2.10	0.9.0		40bf6471cdb084aef895d28c74964daa9f1f9084
com.github.seratch	skinny-test_2.10	0.9.1		1172d4f840d1b1f2af898ce8b5f25553e9f49c31
com.github.seratch	skinny-test_2.10	0.9.10		16e89955084281db3837d3b93004a9a21ec7ac8f
com.github.seratch	skinny-test_2.10	0.9.11		e25edf83c29ba302eb40a5422c56c8b78774fda7
com.github.seratch	skinny-test_2.10	0.9.12		10d721132cfb96d78a7d1708119ff4d6f8dcec1f
com.github.seratch	skinny-test_2.10	0.9.13		287edd0a8bab6a08d2895f5788fa7c2499a49bf9
com.github.seratch	skinny-test_2.10	0.9.14		cef75fcced21a4f756eb83bc4751eab4d35021dc
com.github.seratch	skinny-test_2.10	0.9.15		64bd19e19e0f2a61f16cfbec0287bdf7198302f8
com.github.seratch	skinny-test_2.10	0.9.2		9fab06a62022997329f1232b378e9ead87e205b0
com.github.seratch	skinny-test_2.10	0.9.3		ecaa8cd5bfe86bfe69f61ce890d95c98aa9db581
com.github.seratch	skinny-test_2.10	0.9.4		21e11a2d5e2d425b295d784c351e42abac288609
com.github.seratch	skinny-test_2.10	0.9.5		c6549cb60de2febf7a957926934440440ddb2ad0
com.github.seratch	skinny-test_2.10	0.9.6		8936ded4331b85167dfb4fcc777e084793aa5930
com.github.seratch	skinny-test_2.10	0.9.7		cdc9fbc00aaddd71f976f95fb1eb63587489f1f0
com.github.seratch	skinny-test_2.10	0.9.8		95e97c70f844e6a0b9e384128b7367ea3c7c450f
com.github.seratch	skinny-test_2.10	0.9.9		55adf177c737b30bb100a0a579364c472da1bdb5
com.github.tomcat-slf4j-logback	tomcat7-slf4j-logback	7.0.100		782dbe91a9e7c4298eb9e0153710551956bc5ca7
com.github.tomcat-slf4j-logback	tomcat7-slf4j-logback	7.0.103		d3e827a20eff258bcc47f7d69968c84574644d41
com.github.tomcat-slf4j-logback	tomcat7-slf4j-logback	7.0.104		76a14922f5a5ac95c8fd26b03324ea501cd0c981
com.github.tomcat-slf4j-logback	tomcat7-slf4j-logback	7.0.105		39e129780ec14179ef3c6a525444912c5e3df887
com.github.tomcat-slf4j-logback	tomcat7-slf4j-logback	7.0.106		8dfac948bf259058a83fc93f0fff95c535db4f66
com.github.tomcat-slf4j-logback	tomcat7-slf4j-logback	7.0.107		0b984353e13f8e7049bb3a7b2209243d3956d2c3
com.github.tomcat-slf4j-logback	tomcat7-slf4j-logback	7.0.108		9980facc8b6921b465ae83f6270102e3ba831b21
com.github.tomcat-slf4j-logback	tomcat7-slf4j-logback	7.0.109		513951079e6979477834c5a480cc6e84ca75ec7a
com.github.tomcat-slf4j-logback	tomcat7-slf4j-logback	7.0.109.SP1		048dc23bc6795baf5f6a14a4bb182ea145e6d2de
com.github.tomcat-slf4j-logback	tomcat7-slf4j-logback	7.0.73		6922a7192ff836d43efa65a92ede090c457de3a9
com.github.tomcat-slf4j-logback	tomcat7-slf4j-logback	7.0.75		e49c5795fa311ff657bfb7966587490c153daa28
com.github.tomcat-slf4j-logback	tomcat7-slf4j-logback	7.0.76		b44f69a68c25e9d42f77a9b3b651b68b41f3a0a5
com.github.tomcat-slf4j-logback	tomcat7-slf4j-logback	7.0.77		683994cecdc08998a230aac9baa4f6a00f06f7d7
com.github.tomcat-slf4j-logback	tomcat7-slf4j-logback	7.0.78		47fba894069863a7a549417aa19c3bc2bced7be4
com.github.tomcat-slf4j-logback	tomcat7-slf4j-logback	7.0.79		7d8b6823d2caa04f94725e02d49e859baed4425a
com.github.tomcat-slf4j-logback	tomcat7-slf4j-logback	7.0.81		bd57a2e0d301c19962b81315d921c3c5efc1f2f0
com.github.tomcat-slf4j-logback	tomcat7-slf4j-logback	7.0.82		75e16069c84b13dbbe9cf607c11e79aac7e4acfe
com.github.tomcat-slf4j-logback	tomcat7-slf4j-logback	7.0.84		c2aa0260648902364983c4f942579cc4683bc24f
com.github.tomcat-slf4j-logback	tomcat7-slf4j-logback	7.0.85		10bc16e673e06dc705d722dd01ab61d02cd0c259
com.github.tomcat-slf4j-logback	tomcat7-slf4j-logback	7.0.86		a2978c0ef0868047b68dc5b17200a4ed4c4d462f
com.github.tomcat-slf4j-logback	tomcat7-slf4j-logback	7.0.88		c8ce82c075ad353c49d6924d6c411a03dae292cc
com.github.tomcat-slf4j-logback	tomcat7-slf4j-logback	7.0.90		d648ec7d16737fbd1b584f5b637f21999e8a0c29
com.github.tomcat-slf4j-logback	tomcat7-slf4j-logback	7.0.91		69fad4afa1525fb50d7edc12597f935a61283be0
com.github.tomcat-slf4j-logback	tomcat7-slf4j-logback	7.0.92		c6273a8386162b426ce1039ecae86968d1865e88
com.github.tomcat-slf4j-logback	tomcat7-slf4j-logback	7.0.93		65cadfd3b07907b5628fd43ebceaf06a644d11da
com.github.tomcat-slf4j-logback	tomcat7-slf4j-logback	7.0.94		eda3b0539a79d2418b60f892ee8348984278a99f
com.github.tomcat-slf4j-logback	tomcat7-slf4j-logback	7.0.96		72bd036d00f706f464aafadf970f8bded08a3830
com.github.tomcat-slf4j-logback	tomcat7-slf4j-logback	7.0.99		7145d26315c78dab15d55eab426fffc5b7c6aa0f
com.google.appengine	appengine-init	2.0.22		26edac4a144423b32efb84eb7416c9d16386fb44
com.google.appengine	appengine-init	2.0.23		e49644c0453ed31861d2422c1af638949a53861d
com.google.appengine	appengine-init	2.0.24		d59af577b6e7cd8f9f7eb3d4da1298fb402d595a
com.google.appengine	appengine-init	2.0.25		ad9caafe0ec262aa8c7a7e704d2b7b76bebbc64f
com.google.appengine	appengine-init	2.0.26		472776f7917ac4d10f0f9a83c7f83f844850fbbd
com.google.appengine	appengine-init	2.0.27		c269b2fc59a49a57ad9921e07f86e2fb4148d3d4
com.google.appengine	appengine-init	2.0.28		f0a36106e7d66e8fffa3de7a6dbce77ff8f106ea
com.google.appengine	appengine-init	2.0.29		d1f6dd0f3f6858d4868be6f78269b95cd447dab0
com.google.appengine	appengine-init	2.0.30		758b97e33204f9164fe1b5892da957af3acbf792
com.google.appengine	appengine-init	2.0.31		51119cfe8ed7847eeafbd0f19d79c33322fc01d9
com.google.appengine	appengine-init	2.0.32		f79a4de8a4ca3132514d27b0bde5e805bd3031c5
com.google.appengine	appengine-init	2.0.33		04127ede3e75b9ededfdda2dc38e8e745ec256d4
com.google.appengine	appengine-init	2.0.34		995c1741491a7232d28a2659ce9a7b767ccd1427
com.google.appengine	appengine-init	2.0.35		75a5bfd19ae13b2c4121de80634997e085f50e7d
com.iqiny.silly	silly-mybatisplus-3	1.1.18-RELEASE		a555d556e77a5d00950c9ca0712dec5889f57db2
com.iqiny.silly	silly-mybatisplus-3	1.1.19-RELEASE		30b6607622e8419fa0a168ddb0452a9f99a8ae7c
com.iqiny.silly	silly-mybatisplus-3	1.1.20-RELEASE		1d8a48a7dcc6b8396eaad33537b3e55946a90364
com.iqiny.silly	silly-mybatisplus-3	1.1.21-RELEASE		cc520449e970c31116594bcd189b0d04f032f73b
com.iqiny.silly	silly-mybatisplus-3	1.1.22-RELEASE		b176235caf946e060bbe2d1020538aa271be246d
com.iqiny.silly	silly-mybatisplus-3	1.1.23-RELEASE		8d2852cd1b1bb3acf1d53dd72618dfc1570aef6d
com.iqiny.silly	silly-mybatisplus-3	1.1.24-RELEASE		f80962b40ff054854328363763add489bd1a050c
com.iqiny.silly	silly-mybatisplus-3	1.1.25-RELEASE		f0043245dee4b4a3d8a26aae67fbe6701aa69821
com.iqiny.silly	silly-mybatisplus-3	1.1.26-RELEASE		c804a2c24e6a29e8256c900c35dadbfddfae9cc6
com.iqiny.silly	silly-mybatisplus-3	1.1.27-RELEASE		fe0a97cfdbc6cbda97110e3a79f8581c9104835e
com.iqiny.silly	silly-mybatisplus-3	1.2.0		3b69d3275589a183a7635c754b033de6099d6757
com.iqiny.silly	silly-mybatisplus-3	1.2.0-RELEASE		f0b0e78102ef7c5337848c827c7d6bd0866a7545
com.iqiny.silly	silly-mybatisplus-3	1.2.1		e863a27d6a7d16821df326b845bca92528b831af
com.iqiny.silly	silly-mybatisplus-3	1.2.10		9b18dc4b96839a2ff07c4dae08ff7820f174401a
com.iqiny.silly	silly-mybatisplus-3	1.2.2		66d9e69ab1b51ea320d93d2ea84422989e2fd454
com.iqiny.silly	silly-mybatisplus-3	1.2.3		6acd7268d8c78eb5fad62f2391c9c8efb8014557
com.iqiny.silly	silly-mybatisplus-3	1.2.4		3ea61c8a1fd63834d49d0106a34a38c67c6ebae1
com.iqiny.silly	silly-mybatisplus-3	1.2.5		37a6f9a381745d6cdaad7103d040bb7885cf3141
com.iqiny.silly	silly-mybatisplus-3	1.2.6		abd644e964d5ba82803b6186aa3a382c65d80aba
com.iqiny.silly	silly-mybatisplus-3	1.2.7		353fcc4195be55f9795f28e9b2d731724ce4ee51
com.iqiny.silly	silly-mybatisplus-3	1.2.8		ebe6380277d268e5a9ff8e14819c6606a2eaf27b
com.iqiny.silly	silly-mybatisplus-3	1.2.9		edc49f5629e7b6756c24c1d568520095bb5327af
com.lihaoyi	scalac-mill-moduledefs-plugin_2.13.5	0.10.9		e966d47d2fcb9de3a0b25e2d3d220509f90a9e70
com.lihaoyi	scalac-mill-moduledefs-plugin_2.13.5	0.10.9-alpha-1		0fdcae5c778d1be442d41ad37a6d0cc68b21372e
com.lihaoyi	scalac-mill-moduledefs-plugin_2.13.5	0.11.0		ed9661d7d117c22155c0a72902a4093bcc66d40f
com.lihaoyi	scalac-mill-moduledefs-plugin_2.13.5	0.11.0-M1		58487ea8b23a96dc22c785fcfca40d700e6a6ac0
com.lihaoyi	scalac-mill-moduledefs-plugin_2.13.5	0.11.0-M2		a91da6cd4eed962539f24d2c45e93b6cc9299608
com.lihaoyi	scalac-mill-moduledefs-plugin_2.13.5	0.11.1		cfded2020e53f24fcbea49668faa6c81c2e26d0e
com.lihaoyi	scalac-mill-moduledefs-plugin_2.13.5	0.11.2		6feeda4250f64d178d4037b8efba8fd9c92a2681
com.lihaoyi	scalac-mill-moduledefs-plugin_2.13.5	0.11.3-M1		94068ffb67b54ad5acde4be270de8f7d6b0f381c
com.lihaoyi	scalac-mill-moduledefs-plugin_2.13.5	0.11.3-M3		5d50b2eaa84a8e68b70e438d7ccccf5add59e2e6
com.lihaoyi	scalac-mill-moduledefs-plugin_2.13.5	0.11.3-M4		3f01f432f22cf1f874b26b374000f71f95c19618
com.lihaoyi	scalac-mill-moduledefs-plugin_2.13.5	0.11.3-M5		a4bbc90849b2693aa1813cec619e6c132fc97644
com.lihaoyi	scalac-mill-moduledefs-plugin_2.13.5	0.11.3-M6		098beebc703194444f3f649d5743eb75e8963537
com.lihaoyi	scalac-mill-moduledefs-plugin_2.13.5	0.11.3-M7		974e91a30cc0de4c13392e89eebbf835853d4c1a
com.loyayz	simple-sms	1.0.0		d16ca62731bf8677c530b0b212b117ab08f3b59f
com.microsoft.device.dualscreen	twopanelayout	1.0.0		N/A
com.microsoft.device.dualscreen	twopanelayout	1.0.0	html-doc	7db460007becd5836f69a8eeef6de89387505ee1
com.microsoft.device.dualscreen	twopanelayout	1.0.0-alpha01		N/A
com.microsoft.device.dualscreen	twopanelayout	1.0.0-alpha02		N/A
com.microsoft.device.dualscreen	twopanelayout	1.0.0-alpha03		N/A
com.microsoft.device.dualscreen	twopanelayout	1.0.0-alpha04		N/A
com.microsoft.device.dualscreen	twopanelayout	1.0.0-alpha05		N/A
com.microsoft.device.dualscreen	twopanelayout	1.0.0-alpha06		N/A
com.microsoft.device.dualscreen	twopanelayout	1.0.0-alpha07		N/A
com.microsoft.device.dualscreen	twopanelayout	1.0.0-alpha08		N/A
com.microsoft.device.dualscreen	twopanelayout	1.0.0-alpha09		N/A
com.microsoft.device.dualscreen	twopanelayout	1.0.0-alpha10		N/A
com.microsoft.device.dualscreen	twopanelayout	1.0.0-beta01		N/A
com.microsoft.device.dualscreen	twopanelayout	1.0.0-beta01	html-doc	f39b249a2fd7b75212d5cf14e10d0a82fa9af131
com.microsoft.device.dualscreen	twopanelayout	1.0.0-beta02		N/A
com.microsoft.device.dualscreen	twopanelayout	1.0.0-beta02	html-doc	587905d72c78367eda38f3e8a2f23ba3957fcabf
com.microsoft.device.dualscreen	twopanelayout	1.0.0-beta03		N/A
com.microsoft.device.dualscreen	twopanelayout	1.0.0-beta03	html-doc	6a26f35fd3aa3d8ea492f34cae3aea6c2990f8bb
com.microsoft.device.dualscreen	twopanelayout	1.0.0-beta04		N/A
com.microsoft.device.dualscreen	twopanelayout	1.0.0-beta04	html-doc	0ec730318054135b289c5e342b41c080761795b9
com.microsoft.device.dualscreen	twopanelayout	1.0.0-beta05		N/A
com.microsoft.device.dualscreen	twopanelayout	1.0.0-beta05	html-doc	90c18d310151a8305a199d25ba7a085ecdfeb272
com.microsoft.device.dualscreen	twopanelayout	1.0.1-alpha01		N/A
com.microsoft.device.dualscreen	twopanelayout	1.0.1-alpha01	html-doc	7316fd55ba5ab20d565d1f395c7ce7a3a2be216b
com.microsoft.device.dualscreen	twopanelayout	1.0.1-alpha02		N/A
com.microsoft.device.dualscreen	twopanelayout	1.0.1-alpha02	html-doc	8f8e46169b305d528f97482300e7943eae634157
com.microsoft.device.dualscreen	twopanelayout	1.0.1-alpha03		N/A
com.microsoft.device.dualscreen	twopanelayout	1.0.1-alpha03	html-doc	8e01a9e5d8d61d53152364296033a3bbedc2a476
com.microsoft.device.dualscreen	twopanelayout	1.0.1-alpha04		N/A
com.microsoft.device.dualscreen	twopanelayout	1.0.1-alpha04	html-doc	592b9c7ae86a93a00e5891d9b76ae25814ad45e2
com.microsoft.device.dualscreen	twopanelayout	1.0.1-alpha05		N/A
com.microsoft.device.dualscreen	twopanelayout	1.0.1-alpha05	html-doc	e432407ba263ec80fb4ac8460eca0b58f8e32067
com.microsoft.device.dualscreen	twopanelayout	1.0.1-alpha06		N/A
com.microsoft.device.dualscreen	twopanelayout	1.0.1-alpha06	html-doc	02c70f2886ded78a46fcec1bacceedba615e0c05
com.microsoft.device.dualscreen	twopanelayout	1.0.1-alpha07		N/A
com.microsoft.device.dualscreen	twopanelayout	1.0.1-alpha07	html-doc	3a478e923769d091100e651da1967cd5e0f85e3d
com.microsoft.device.dualscreen	twopanelayout	1.0.1-alpha08		N/A
com.microsoft.device.dualscreen	twopanelayout	1.0.1-alpha08	html-doc	e2d3789ee1f5207036fbadd9a3aaf90cd57231d9
com.moz.kiji.delegation.kiji-delegation.3.0.0.com.moz.kiji.platforms	cassandra-platform	3.0.0		b0c49c756638d2b0adc7ee4c929e364a2453cba5
com.outr	giant-scala-macros_sjs0.6_2.13	1.4.4		74bdb1c94522208615208bb4aee35bd3cff19ebb
com.rallyhealth	weejson-upickle-v1_2.11	1.6.0		3011f988cae5bda2adc21cc2c50dab55214a3e3c
com.rallyhealth	weejson-upickle-v1_2.11	1.7.0		3836b0101514c4183efb543e7784e1da0521ad04
com.rallyhealth	weejson-upickle-v1_2.11	1.7.1		d21874d32612bc3b6fbfbe4bf930bf28ab335edb
com.rallyhealth	weejson-upickle-v1_2.11	1.7.2		056028679c731533c0c06f92e7a4fcf154b2a403
com.rallyhealth	weejson-upickle-v1_2.11	1.8.0		a586b778bd23ccff40e4e7e85bf59b03861ebd95
com.rallyhealth	weejson-upickle-v1_2.11	1.9.0		f60c8ed8915d6063faed11546ddd1d17a719142e
com.rallyhealth	weejson-upickle-v1_2.11	1.9.1		82a36b86a61608874a781b4b5b59d371472dced9
com.rtbhouse.model	neural-network-native-ops	0.1		95ed6df8c2e1f1b315a2e0efdc8667f24551ccb8
com.rtbhouse.model	neural-network-native-ops	0.4.1		22724cd2f73bfb5776f2a5106ab0e09ca6b8d8be
com.smartertravel.metrics.aop	st-metrics	0.1.0		e29d424f7f0408cfbb3c9bfa0f2f9efb51b5f7ee
com.smartertravel.metrics.aop	st-metrics	0.1.1		ced98b11393aff889bf52b0f25700264cbd8e6c3
com.smartertravel.metrics.aop	st-metrics	0.2.0		92b0c63ef8936a7c792366c31311a7e9ee0edb60
com.smartertravel.metrics.aop	st-metrics	0.3.0		22c41d2bd2c1d80bdd93920e9788f1e39ff96146
com.smartertravel.metrics.aop	st-metrics	0.4.0		faf81be3ffb49d61827add8f8f8e87f41c092f10
com.smartertravel.metrics.aop	st-metrics	0.4.1		a9c8894560f4e107262608cd25addbf25f8002a1
com.softwaremill.sttp.client3	opentelemetry-metrics-backend_2.12	3.10.0		412b6947e0a56269e2405cc28760dd6cb03db91e
com.softwaremill.sttp.client3	opentelemetry-metrics-backend_2.12	3.10.1		6ba8f85139d25b9c118eaebb3b3e95ecbd1e3421
com.softwaremill.sttp.client3	opentelemetry-metrics-backend_2.12	3.10.2		e53714e5ddc22fa88bd6d8c0524d91dfdc2b81c5
com.softwaremill.sttp.client3	opentelemetry-metrics-backend_2.12	3.10.3		4cd3505fe7cd713c06fcf8d5aa62aa14fbfa17a3
com.softwaremill.sttp.client3	opentelemetry-metrics-backend_2.12	3.11.0		0b104ec0732fc412732a0886800401d4ff6fcd64
com.softwaremill.sttp.client3	opentelemetry-metrics-backend_2.12	3.6.2		a5d2dad8d60a48cdb439ec06766699dd79a28726
com.softwaremill.sttp.client3	opentelemetry-metrics-backend_2.12	3.7.0		628110409b767a2faec990073e26a3cc06775146
com.softwaremill.sttp.client3	opentelemetry-metrics-backend_2.12	3.7.1		1d353bfcc2d8d302ca028b541bc9c12aeba34918
com.softwaremill.sttp.client3	opentelemetry-metrics-backend_2.12	3.7.2		3ed1b0d25d223d8ff359d2ebd76fc42e5b182427
com.softwaremill.sttp.client3	opentelemetry-metrics-backend_2.12	3.7.4		86edb0a5a050135bff99fd9495cdbd07c20d47ef
com.softwaremill.sttp.client3	opentelemetry-metrics-backend_2.12	3.7.5		8a2e50f4af0a62cfdd52a374ed24618865c0c5a0
com.softwaremill.sttp.client3	opentelemetry-metrics-backend_2.12	3.7.6		a5b254c7f7e340139b1e1deccd4d5b4bc0cbcec2
com.softwaremill.sttp.client3	opentelemetry-metrics-backend_2.12	3.8.0		63f7ed00e6eee7cad6d4fd4046aae3794ff8aac5
com.softwaremill.sttp.client3	opentelemetry-metrics-backend_2.12	3.8.1		8979959fda8df4b0573762804fecd564e4c6f030
com.softwaremill.sttp.client3	opentelemetry-metrics-backend_2.12	3.8.10		c034be84d1d8b339150f764b5a16a284d2a10901
com.softwaremill.sttp.client3	opentelemetry-metrics-backend_2.12	3.8.11		f3fbf329880d4538d8e0f8a52b0f52aa8adc69ab
com.softwaremill.sttp.client3	opentelemetry-metrics-backend_2.12	3.8.12		2397038b54ef2ed853247bc3fa8d6ac6d4ceb1a5
com.softwaremill.sttp.client3	opentelemetry-metrics-backend_2.12	3.8.13		9c20b689afd6e14887155f24be6813cb873ed45a
com.softwaremill.sttp.client3	opentelemetry-metrics-backend_2.12	3.8.14		16f90b9b266e7848d6845a666db6fafdaf8370f4
com.softwaremill.sttp.client3	opentelemetry-metrics-backend_2.12	3.8.15		1a6288024eaf1e75de7c5d16f08c22669ca43829
com.softwaremill.sttp.client3	opentelemetry-metrics-backend_2.12	3.8.16		d7156e7f4bb1c70af926706bd3b55682c3f04d3b
com.softwaremill.sttp.client3	opentelemetry-metrics-backend_2.12	3.8.2		4b947d3837aa3c07c7bbd43a51099e57c3dd2fc7
com.softwaremill.sttp.client3	opentelemetry-metrics-backend_2.12	3.8.3		867baa3ce3d83732a24ff3e686bd54f8ee819f07
com.softwaremill.sttp.client3	opentelemetry-metrics-backend_2.12	3.8.5		b074884c810829ebdcfd95a528454c0c93d9bb01
com.softwaremill.sttp.client3	opentelemetry-metrics-backend_2.12	3.8.6		92d0fcdb80c1fe8d30a11f6a7fe7e68d27e7accd
com.softwaremill.sttp.client3	opentelemetry-metrics-backend_2.12	3.8.7		6dc23661a831e94552c83def7ea3a1ab4a265764
com.softwaremill.sttp.client3	opentelemetry-metrics-backend_2.12	3.8.8		cc43e0b1e054b69e3f5f7802648e96f3edf3fb80
com.softwaremill.sttp.client3	opentelemetry-metrics-backend_2.12	3.8.9		fe0250d4775beaea03bc422d1dfa8bd495ebc3d3
com.softwaremill.sttp.client3	opentelemetry-metrics-backend_2.12	3.9.0		b9138f3b602bb82a8938dbcf009d921a8804fb7a
com.softwaremill.sttp.client3	opentelemetry-metrics-backend_2.12	3.9.1		36bc1f5b134d2ebdb0012053f1afed2c649febd3
com.softwaremill.sttp.client3	opentelemetry-metrics-backend_2.12	3.9.2		b400aaf473175a7961c2ec9478f4ded58af3a70f
com.softwaremill.sttp.client3	opentelemetry-metrics-backend_2.12	3.9.3		8efd047b0736966479a22293b9792b0db535be8d
com.softwaremill.sttp.client3	opentelemetry-metrics-backend_2.12	3.9.4		f65039c62586bf8c1c4dcafa806568c33cfa3b13
com.softwaremill.sttp.client3	opentelemetry-metrics-backend_2.12	3.9.5		68d1e06123825416fb00724d3d7008bd507afcda
com.softwaremill.sttp.client3	opentelemetry-metrics-backend_2.12	3.9.6		a48770ece3a7cc99d8016b95b5382f2d7b54c789
com.softwaremill.sttp.client3	opentelemetry-metrics-backend_2.12	3.9.7		57910e762fe60edf820beab09d88f947520d8b72
com.softwaremill.sttp.client3	opentelemetry-metrics-backend_2.12	3.9.8		51cd90319cf1fa3aeabdac111dd62d5b9794d04a
com.spotify	scio-cassandra2_2.11	0.3.3		a50ffd79a4e2777303572c415f96d82bdb1bf7fb
com.spotify	scio-cassandra2_2.11	0.3.4		3f4d6d1c0f49e889c6f09c32f647dac18e623285
com.spotify	scio-cassandra2_2.11	0.3.5		a189ebf95be9f9e696d7b2b907b68de5863e8ff4
com.spotify	scio-cassandra2_2.11	0.3.6		e33545efa61de76134b1bb1fe4f7c45dc6590733
com.spotify	scio-cassandra2_2.11	0.4.0		4540e620584b14161d2b596c21a08ec6689584de
com.spotify	scio-cassandra2_2.11	0.4.0-alpha2		f0dda58bff487594b73c02dfe209d353bdc3b5c8
com.spotify	scio-cassandra2_2.11	0.4.0-beta1		8239c58374285bf30fb162840e540dcd4e3d52ea
com.spotify	scio-cassandra2_2.11	0.4.0-beta2		c8739eb8b486e4147f64a93382f08265969ca430
com.spotify	scio-cassandra2_2.11	0.4.1		9c683c5f5410762e3caa793ecb14a799837e14c7
com.spotify	scio-cassandra2_2.11	0.4.2		778784603d45aea5fa1ce9b3cf03dcc8dc824aea
com.spotify	scio-cassandra2_2.11	0.4.3		a8e3f6b5d809e8068a01ef4a43b942ad5b739e20
com.spotify	scio-cassandra2_2.11	0.4.4		5cc451c08afa7c04ee2f1cd25bfa37ed0ad7168e
com.spotify	scio-cassandra2_2.11	0.4.5		9b28e12d0284f0659f130efbaacfe4873f283915
com.spotify	scio-cassandra2_2.11	0.4.6		f715d4e69fb8d2a209421e7581efcd35069ad433
com.spotify	scio-cassandra2_2.11	0.4.7		126388830a5ba559c5aad2b75f40db533e1ba7b7
com.spotify	scio-cassandra2_2.11	0.5.0		dae72ff36a147a45b51047f970cd2c2744db398c
com.spotify	scio-cassandra2_2.11	0.5.0-alpha1		01f24c7a8e82f11f5dfa14dc2bfeb7da79442e5f
com.spotify	scio-cassandra2_2.11	0.5.0-alpha2		8fe98a4f58419d764de9b252ea3e496c101998bc
com.spotify	scio-cassandra2_2.11	0.5.0-beta1		24787e1d7ded1a03aa393f08c205a15350ddacbd
com.spotify	scio-cassandra2_2.11	0.5.1		0e1e54dc596f43c5e9057f294819ebd46ed50c71
com.spotify	scio-cassandra2_2.11	0.5.2		df1ae0458fc04b5636c2cf6243616d458f7b6143
com.spotify	scio-cassandra2_2.11	0.5.3		b31667fe77e685b3a977d275eed1104272d89751
com.spotify	scio-cassandra2_2.11	0.5.4		60311fd9a803d4715800015e4c3e1282f822c0a7
com.spotify	scio-cassandra2_2.11	0.5.5		373b34ec4890b6bd92a9ff1906726c1273798dab
com.spotify	scio-cassandra2_2.11	0.5.6		000e69ca7e165a5cd7276da323dbf338a0f22ace
com.spotify	scio-cassandra2_2.11	0.5.7		9e415aaa3999a1126204e1dbeae802a732591b49
com.spotify	scio-cassandra2_2.11	0.6.0		7a2bd184c1bb38a7a6dd5ec4146b81d307bc6222
com.spotify	scio-cassandra2_2.11	0.6.1		3e55553139b674c43360cfdf22d407f99c63a53e
com.spotify	scio-cassandra2_2.11	0.7.0		f7f86037850d0891ffa1e40748b35ce17c086e94
com.spotify	scio-cassandra2_2.11	0.7.0-alpha1		9f7ee4b7b499ae89e24f747e17cd0d8c468b480b
com.spotify	scio-cassandra2_2.11	0.7.0-alpha2		c22d05e3ffefcd71c7e90898b9ec5c2e7dad25d7
com.spotify	scio-cassandra2_2.11	0.7.0-beta1		4d1572b18f9b4dd4ccbfb7c360976c3f301ab292
com.spotify	scio-cassandra2_2.11	0.7.0-beta2		59abfb9d6e0bc183649bf4d9a3b00034bc9e1f27
com.spotify	scio-cassandra2_2.11	0.7.0-beta3		2c4ef39b6eb098db37be66471bc045c888a3d52d
com.spotify	scio-cassandra2_2.11	0.7.1		cd1bd70640913a626d5e2d80374ef3b088c82c21
com.spotify	scio-cassandra2_2.11	0.7.2		e1cfad2ee09b47dc5573346e62308c44cd2e6bd5
com.spotify	scio-cassandra2_2.11	0.7.3		de7410e6aa982690380207d6c6e1be7d5c927e1d
com.spotify	scio-cassandra2_2.11	0.7.4		197c95ca2875c90f2987b99c23f50affd1ec537c
com.spotify	scio-cassandra2_2.11	0.8.0		ace9799d13e2bfce8eee76389e35d5b2362a81be
com.spotify	scio-cassandra2_2.11	0.8.0-alpha1		c49e7d7aeacce21473e0f7068f3e6ecef38dd9aa
com.spotify	scio-cassandra2_2.11	0.8.0-alpha2		335246db8c27673c034de7c92632593c1de7375e
com.spotify	scio-cassandra2_2.11	0.8.0-beta1		ab4b5a702f40e7c0d1414d0facd5d5921cd500a4
com.spotify	scio-cassandra2_2.11	0.8.0-beta2		921843807caaa569d13dc814d9108a2097578493
com.spotify	scio-cassandra2_2.11	0.8.1		ad1e9cf2b753d77544ba3e29289869b138065021
com.spotify	scio-cassandra2_2.11	0.8.2		99cc364a6d79dd0f065b71ada4b76740173fc00b
com.spotify	scio-cassandra2_2.11	0.8.3		261bb32938886a8e7f8208a97c011e18e4ab2a5a
com.spotify	scio-cassandra2_2.11	0.8.4		67c241298adca6fb70a67cb3c4b4fa2d4f869e5a
com.squareup.papa	papa-main-trace	0.19		N/A
com.squareup.papa	papa-main-trace	0.20		N/A
com.squareup.papa	papa-main-trace	0.21		N/A
com.squareup.papa	papa-main-trace	0.22		N/A
com.squareup.papa	papa-main-trace	0.23		N/A
com.squareup.papa	papa-main-trace	0.24		N/A
com.squareup.papa	papa-main-trace	0.25		N/A
com.squareup.papa	papa-main-trace	0.26		N/A
com.squareup.papa	papa-main-trace	0.27		N/A
com.squareup.papa	papa-main-trace	0.28		N/A
com.squareup.papa	papa-main-trace	0.29		N/A
com.squareup.papa	papa-main-trace	0.30		N/A
com.sun.phobos.samples	emptyapp-appengine	0.6.2		N/A
com.tenqube	visuallog	0.3.1		N/A
com.wichell	framework-lock	1.0.0		f9ee8287eeb907b23edcec826bcb854f460136bc
de.wayofquality.blended	blended.mgmt.ui.router_sjs1_2.13	0.6		4123e16e011dc63812eb4f59bf6156d0783c2741
io.burkard	aws-cdk-scala-certificatemanager_3	0.1.2		a4fcb5889613f0f8010b5048076cea0738c244a3
io.burkard	aws-cdk-scala-certificatemanager_3	0.1.3		c91ae8bf648ef7a747a65b42e77c5890a3012060
io.burkard	aws-cdk-scala-certificatemanager_3	0.1.4		180a2994ec995ac41958b20ff4b4d9d5e995c0a6
io.burkard	aws-cdk-scala-certificatemanager_3	0.1.5		ed16d3e39110ce3ec4e40aff5df750e2d931e05f
io.burkard	aws-cdk-scala-certificatemanager_3	0.1.6		f3a68741b37835a0a4437be886d6d1f4eeb43119
io.burkard	aws-cdk-scala-certificatemanager_3	0.1.7		898c427a04017bf65692c919e531f8340168c563
io.burkard	aws-cdk-scala-certificatemanager_3	0.2.0		4561c940c132578a9c828ec68b0bdad5f342cfdb
io.burkard	aws-cdk-scala-certificatemanager_3	0.3.0		001aef0880a8d6b6eff189cbcbe76351efd2a360
io.burkard	aws-cdk-scala-certificatemanager_3	0.4.0		c550a29d00d45707841d23ae1a47ccbfcef0062f
io.burkard	aws-cdk-scala-certificatemanager_3	0.4.1		f173907f51ebc8a8e90083e034cccb74e4a0cbed
io.burkard	aws-cdk-scala-certificatemanager_3	0.5.0		df5e537087cc9315ccb0e352bc998ec0d3523f92
io.cloudsoft.jclouds	jclouds-allblobstore	1.7.2-ea-brooklyn.1		0d8ad6fb87cc7dc38310dd3650478c9379268f63
io.cloudsoft.jclouds	jclouds-allblobstore	1.7.2-ea-brooklyn.2		036e5f6be02ae0a0cf29bb0a8cf885289c7402d4
io.cloudsoft.jclouds	jclouds-allblobstore	1.7.2-ea-brooklyn.3		47cfbe082e1263a0ffbbf0e52f5c811703952b8a
io.cloudsoft.jclouds	jclouds-allblobstore	1.7.2-ea-brooklyn.4		34ba0ccec54da7e623705dd854b73515ff2d554b
io.cloudsoft.jclouds	jclouds-allblobstore	1.7.2-ea-brooklyn.5		93df5fd8dfe15b0245bf9844eeb91de6e431fbab
io.cloudsoft.jclouds	jclouds-allblobstore	1.7.4-ea-brooklyn.1		5d20fa5f5126391ec7a820f0fb5a652b7ec766b4
io.crnk	crnk-data-jpa	3.4.20210508153845		a85d8b70d4f26e7fd1f3433c72a71b9438e84120
io.crnk	crnk-data-jpa	3.4.20210509072026		1ed7eca82a175efce9a8cabefbfd1faac2f5c35f
io.fluidsonic.currency	fluid-currency-iosarm64	0.10.1		N/A
io.fluidsonic.currency	fluid-currency-iosarm64	0.10.1	metadata	fd9c234f73afbe609fb5b94f6cea66904808cdcf
io.fluidsonic.currency	fluid-currency-iosarm64	0.11.0		N/A
io.fluidsonic.currency	fluid-currency-iosarm64	0.11.0	metadata	84ed8705bbfcc2be30c8c9251d9ce079ac74b559
io.fluidsonic.currency	fluid-currency-iosarm64	0.12.0		N/A
io.fluidsonic.currency	fluid-currency-iosarm64	0.12.0	metadata	ae4ac888c474dd8012ef64e6c8feeea42f5d66ed
io.fluidsonic.currency	fluid-currency-iosarm64	0.13.0		N/A
io.fluidsonic.currency	fluid-currency-iosarm64	0.13.0	metadata	6dc7f85684a8ed1c00922d606a61f6ce6f7227e1
io.fluidsonic.currency	fluid-currency-iosarm64	0.9.0		bcbfd3db297c7957fb3dd2ab423f20d727a6ab0a
io.fluidsonic.currency	fluid-currency-iosarm64	0.9.0	metadata	653acd32209109f36bd86ac5c6987e3ddeef3a4d
io.fluidsonic.currency	fluid-currency-iosarm64	0.9.1		491a6f6b391dba7b94eca9cfe231bc5c9ade3405
io.fluidsonic.currency	fluid-currency-iosarm64	0.9.1	metadata	ffb1b829e70ed374b59ed1c8732ab94bcf8207e8
io.fluidsonic.currency	fluid-currency-iosarm64	0.9.2		9d6d2f63848223efd4d6c8c9639418dc0b8e9423
io.fluidsonic.currency	fluid-currency-iosarm64	0.9.2	metadata	374e8a548fa9d5b6b956d47c52f8dfa686b429a6
io.fluidsonic.currency	fluid-currency-iosarm64	0.9.3		345cc5392a6c9dd9a661133fbba5b819bd413637
io.fluidsonic.currency	fluid-currency-iosarm64	0.9.3	metadata	a69a67731638e563498afa19763f0a588eb6bfab
io.fluidsonic.currency	fluid-currency-iosarm64	0.9.4		N/A
io.fluidsonic.currency	fluid-currency-iosarm64	0.9.4	metadata	5f888e722e20b6c0bdc88ddf475a400309ce9161
io.fluidsonic.currency	fluid-currency-iosarm64	0.9.5		N/A
io.fluidsonic.currency	fluid-currency-iosarm64	0.9.5	metadata	fd21d3a10a05d9566faa59a229f78239b82dd402
io.github.composegears	leviathan-iosarm64	1.0.0		N/A
io.github.composegears	leviathan-iosarm64	1.0.0	metadata	06bd6b4452d2bd6999874ac312482b47895ea136
io.github.composegears	leviathan-iosarm64	2.0.0		N/A
io.github.composegears	leviathan-iosarm64	2.0.0	metadata	a6d71f411d961ab7306181706cc610ae4396f848
io.github.crocodilezz.android	auto-properties	0.0.1		1fd273e49857e4b3c1695083bc97ff34c2fbb3c1
io.github.hansanto	kault-tvossimulatorarm64	1.3.0		N/A
io.github.hansanto	kault-tvossimulatorarm64	1.3.0	metadata	242b7cff5198a694e2ee1c4d61507cda3c3fdbea
io.github.hansanto	kault-tvossimulatorarm64	1.4.0		N/A
io.github.hansanto	kault-tvossimulatorarm64	1.4.0	metadata	b9cf86e677dc70e56c9faec792b92d47a27daa2e
io.github.hansanto	kault-tvossimulatorarm64	1.4.1		N/A
io.github.hansanto	kault-tvossimulatorarm64	1.4.1	metadata	00c88203603393fc4c42721df17e453873b69942
io.github.hansanto	kault-tvossimulatorarm64	1.5.0		N/A
io.github.hansanto	kault-tvossimulatorarm64	1.5.0	metadata	5853320f0de2ad26eb3e10e57295757a85f8ed6c
io.github.hansanto	kault-tvossimulatorarm64	1.5.1		N/A
io.github.hansanto	kault-tvossimulatorarm64	1.5.1	metadata	1dffdf4f0d94a5fd0281325e0c0b3301de71fb47
io.github.woody230.ktx	compose-image-android-debug	4.0.1		N/A
io.github.woody230.ktx	compose-image-android-debug	4.1.0		N/A
io.github.zhangzih4n	serialization-mingwx64	0.1.0		N/A
io.github.zhangzih4n	serialization-mingwx64	0.1.1		N/A
io.github.zhangzih4n	serialization-mingwx64	0.10.0		N/A
io.github.zhangzih4n	serialization-mingwx64	0.3.0		N/A
io.github.zhangzih4n	serialization-mingwx64	0.4.0		N/A
io.github.zhangzih4n	serialization-mingwx64	0.5.0		N/A
io.github.zhangzih4n	serialization-mingwx64	0.6.0		N/A
io.github.zhangzih4n	serialization-mingwx64	0.7.0		N/A
io.github.zhangzih4n	serialization-mingwx64	0.7.1		N/A
io.github.zhangzih4n	serialization-mingwx64	0.7.2		N/A
io.github.zhangzih4n	serialization-mingwx64	0.7.3		N/A
io.github.zhangzih4n	serialization-mingwx64	0.8.0		N/A
io.github.zhangzih4n	serialization-mingwx64	0.9.0		N/A
io.gitlab.openchvote	election-authority	1.2		72e4ae0a81e1fdc3c2bd9a67e3a659cc7b4f001e
io.gitlab.openchvote	election-authority	1.2.1		2d0700f7402e4b0cf3363eff74f4733746caddec
io.gitlab.openchvote	election-authority	1.2.2		325416bc7774999a6d6b7e64bf66ae3d6d19a1ce
io.gitlab.openchvote	election-authority	1.3		ecb0a4e4bd746227d50cbc0619e4915a42945a43
io.gitlab.openchvote	election-authority	2.0		1c4a23a910ec6bfa2694f7f3e1d4effdc8a17a5a
io.gitlab.openchvote	election-authority	2.0.1		579b86e3462213608b6511578368f1089067c08d
io.gitlab.openchvote	election-authority	2.1		703cb6e850c5ee0318ae065ce418f40007c849db
io.gitlab.openchvote	election-authority	2.2		cc425e1166f3498cb15eb7392fbee4a5c13d89c8
io.gitlab.openchvote	election-authority	2.2.1		4914fd1867df050a58a5e956fbec38996db36542
io.gitlab.openchvote	election-authority	2.3		573d9b08919b7baa35519d116dea076b16de0e12
io.gitlab.openchvote	election-authority	2.3.1		4fb383b3b0e512f08921eac0ac5c15c5733fbe5b
io.gitlab.openchvote	election-authority	2.4		69449104c71ef9b99d9d45837c4a8530e00b267d
io.gitlab.openchvote	election-authority	2.4.1		f34c0a347efe208178144d4757a4e520d98df6dd
io.gitlab.openchvote	election-authority	2.4.2		c6d619bacceec9bbcafd9a3da0b4706393ae3a91
io.holixon	axon-gateway-spring-boot-autoconfigure	0.0.1		feb4f513bf338d100b290d75639612f592cb2c4b
io.holixon	axon-gateway-spring-boot-autoconfigure	0.0.2		8c5cde76ae45caf7ea07288dcf707fc8ed4660ee
io.holixon	axon-gateway-spring-boot-autoconfigure	0.0.3		156a5824437675f8992b9197dc9548bbf1f95664
io.holixon	axon-gateway-spring-boot-autoconfigure	0.0.4		60ac93745fd35b13d36963c4cb84272eec26eb67
io.holixon	axon-gateway-spring-boot-autoconfigure	0.0.5		25dae70a91e4946dea68328c2c05cb2f8d56728c
io.kresult.integration	kresult-arrow-linuxx64	0.4.0		N/A
io.kresult.integration	kresult-arrow-linuxx64	0.4.1		N/A
love.forte.simbot.component	simbot-component-qq-guild-stdlib-js	3.0.0.0-alpha.4		N/A
love.forte.simbot.component	simbot-component-qq-guild-stdlib-js	3.0.0.0-alpha.5		N/A
love.forte.simbot.component	simbot-component-qq-guild-stdlib-js	3.0.0.0-alpha.6		N/A
love.forte.simbot.component	simbot-component-qq-guild-stdlib-js	3.0.0.0-alpha.7		N/A
love.forte.simbot.component	simbot-component-qq-guild-stdlib-js	3.0.0.0-alpha.8		N/A
love.forte.simbot.component	simbot-component-qq-guild-stdlib-js	3.1.0.0-alpha.9		N/A
love.forte.simbot.component	simbot-component-qq-guild-stdlib-js	3.2.0.0		N/A
love.forte.simbot.component	simbot-component-qq-guild-stdlib-js	3.2.0.0-alpha.10		N/A
love.forte.simbot.component	simbot-component-qq-guild-stdlib-js	3.2.0.0-beta.1		N/A
love.forte.simbot.component	simbot-component-qq-guild-stdlib-js	3.2.0.0-beta.2		N/A
love.forte.simbot.component	simbot-component-qq-guild-stdlib-js	4.0.0		N/A
love.forte.simbot.component	simbot-component-qq-guild-stdlib-js	4.0.0-beta1		N/A
love.forte.simbot.component	simbot-component-qq-guild-stdlib-js	4.0.0-beta10		N/A
love.forte.simbot.component	simbot-component-qq-guild-stdlib-js	4.0.0-beta11		N/A
love.forte.simbot.component	simbot-component-qq-guild-stdlib-js	4.0.0-beta2		N/A
love.forte.simbot.component	simbot-component-qq-guild-stdlib-js	4.0.0-beta3		N/A
love.forte.simbot.component	simbot-component-qq-guild-stdlib-js	4.0.0-beta4		N/A
love.forte.simbot.component	simbot-component-qq-guild-stdlib-js	4.0.0-beta5		N/A
love.forte.simbot.component	simbot-component-qq-guild-stdlib-js	4.0.0-beta6		N/A
love.forte.simbot.component	simbot-component-qq-guild-stdlib-js	4.0.0-beta7		N/A
love.forte.simbot.component	simbot-component-qq-guild-stdlib-js	4.0.0-beta8		N/A
love.forte.simbot.component	simbot-component-qq-guild-stdlib-js	4.0.0-beta9		N/A
love.forte.simbot.component	simbot-component-qq-guild-stdlib-js	4.0.0-dev1		N/A
love.forte.simbot.component	simbot-component-qq-guild-stdlib-js	4.0.0-dev2		N/A
love.forte.simbot.component	simbot-component-qq-guild-stdlib-js	4.0.0-dev3		N/A
love.forte.simbot.component	simbot-component-qq-guild-stdlib-js	4.0.0-dev4		N/A
love.forte.simbot.component	simbot-component-qq-guild-stdlib-js	4.0.0-dev5		N/A
love.forte.simbot.component	simbot-component-qq-guild-stdlib-js	4.0.0-dev6		N/A
love.forte.simbot.component	simbot-component-qq-guild-stdlib-js	4.0.0-dev7		N/A
love.forte.simbot.component	simbot-component-qq-guild-stdlib-js	4.0.0-dev8		N/A
love.forte.simbot.component	simbot-component-qq-guild-stdlib-js	4.0.1		N/A
love.forte.simbot.component	simbot-component-qq-guild-stdlib-js	4.0.2		N/A
love.forte.simbot.component	simbot-component-qq-guild-stdlib-js	4.1.0		N/A
love.forte.simbot.component	simbot-component-qq-guild-stdlib-js	4.1.1		N/A
love.forte.simbot.component	simbot-component-qq-guild-stdlib-js	4.1.2		N/A
love.forte.simbot.component	simbot-component-qq-guild-stdlib-js	4.1.3		N/A
love.forte.simbot.component	simbot-component-qq-guild-stdlib-js	4.1.4		N/A
net.osslabz	xchange-stream-krakenfutures	5.1.2.2		37afc2b91ff83472e0847476c9722bfb0218e7c6
net.osslabz	xchange-stream-krakenfutures	5.1.2.4		f20ae099a4edfd9447452ee2cce24d6b008ffde7
net.pincette	pincette-config-util	1.0.0		7a18e7edb6600480feb0807eafa3af91a7062277
net.pincette	pincette-config-util	1.0.1		7cc9e9da00f5efbd5885ef495ceabb23149811d2
org.apache.onami.converters	org.apache.onami.converters.system	1.0.0		60b6e8a62cfe57925b19027bf111755f10d135da
org.apache.pekko	pekko-connectors-hdfs_3	1.0.0		c6e96c8a73ba969eab8b881a3e0cde04d626e7c2
org.apache.pekko	pekko-connectors-hdfs_3	1.0.1		d4d522060e225baecb18afa9a50e27fde9318d81
org.apache.pekko	pekko-connectors-hdfs_3	1.0.2		8276a9c64416fd3b3adfb4994e1527d5bcb593fc
org.apache.pekko	pekko-connectors-hdfs_3	1.1.0		9f1a7715adea4d9a6e537dd2ab0712ed713128c2
org.apache.pekko	pekko-connectors-hdfs_3	1.1.0-M1		74e9df3a53c795f689014cf9732879d359c4e0c8
org.apache.tomee	openejb-cxf-rs	10.0.0		c600b0c04f9c5c9a6f49a6f56de1687ac408647f
org.apache.tomee	openejb-cxf-rs	10.0.0-M1		a70e145d3e92dfd2db70122bb46a43eed2889e22
org.apache.tomee	openejb-cxf-rs	10.0.0-M2		a46df12be5b7f0ce364ba1c8509b2fedecf7d84b
org.apache.tomee	openejb-cxf-rs	10.0.0-M3		5e4b40ce875c5354857fca0a32c58319716d1ec4
org.apache.tomee	openejb-cxf-rs	10.0.1		f6dd48797672e578da87e1ec5ff2ebf7897cbbdf
org.apache.tomee	openejb-cxf-rs	7.0.0		7877159110b5b289756ee365f423f7b99d8c98b4
org.apache.tomee	openejb-cxf-rs	7.0.0-M1		0bada23abe00b9789a13dd85a5f2eac8e1cdecf1
org.apache.tomee	openejb-cxf-rs	7.0.0-M2		fbe67e7a7b283e65ae5f775bcbba765c265549d0
org.apache.tomee	openejb-cxf-rs	7.0.0-M3		8a8b8886aedc5dee688d9870211c21b8fa6ddbfb
org.apache.tomee	openejb-cxf-rs	7.0.1		0ad2f16f7345d6b8bb41e5bf409007156394375a
org.apache.tomee	openejb-cxf-rs	7.0.2		e913f7ae01aa3bd7310a1d5c4768e74458b9cde1
org.apache.tomee	openejb-cxf-rs	7.0.3		7a8dd575857b872644594123c58e79d1ed34d455
org.apache.tomee	openejb-cxf-rs	7.0.4		45a09523359259b40daa31d918842801f858e990
org.apache.tomee	openejb-cxf-rs	7.0.5		3a22743fce8065e63456a944dc9f135d45ab4707
org.apache.tomee	openejb-cxf-rs	7.0.6		b753375527cddd7e4ea86ad5b9cd32f8e14154ca
org.apache.tomee	openejb-cxf-rs	7.0.7		573fca3e32a127e7832ed3b64b2e77977d3d65a1
org.apache.tomee	openejb-cxf-rs	7.0.8		be860f44ab66549f4b7ad03a34de6c48589d1162
org.apache.tomee	openejb-cxf-rs	7.0.9		79fef81f15eadcc8544e6e8e0f3323743f1b868c
org.apache.tomee	openejb-cxf-rs	7.1.0		58f9ab9eb53d51e7e0fc0bfa62eed87166662df5
org.apache.tomee	openejb-cxf-rs	7.1.1		defa15ad2daf8e30a9d195297ce42cdf3ce4630b
org.apache.tomee	openejb-cxf-rs	7.1.2		3d41b04417f6896c632734a7dc0679aed81a4cf3
org.apache.tomee	openejb-cxf-rs	7.1.3		c4f07be7d6cf644f531a1733a4e186432118416d
org.apache.tomee	openejb-cxf-rs	7.1.4		cf4c41801b0d94cdf655eb37fd2ce919416777d1
org.apache.tomee	openejb-cxf-rs	8.0.0		d3ba0f867277c8e8782fd8e092b0fc4899c6f2a6
org.apache.tomee	openejb-cxf-rs	8.0.0-M1		315882ac46346e31babe24a74e37e3b6379cebdb
org.apache.tomee	openejb-cxf-rs	8.0.0-M2		aad51e11464c55a31251fb112d81d351d16ae387
org.apache.tomee	openejb-cxf-rs	8.0.0-M3		bca83a05255f4a6062f19df60bf1784f8ee522bd
org.apache.tomee	openejb-cxf-rs	8.0.1		2a272bf7fad07269df7a56e92d86b40d6927e7cc
org.apache.tomee	openejb-cxf-rs	8.0.10		235a15e706b768ef9612d8268efcf93bccc2da1a
org.apache.tomee	openejb-cxf-rs	8.0.11		0e79c9793dc00d55d51ec729ed02f65f24d1eb32
org.apache.tomee	openejb-cxf-rs	8.0.12		0f2f2bac1d58a699406f363438fc48d2311ae148
org.apache.tomee	openejb-cxf-rs	8.0.13		d5b46d6595ebf6ef806aeb4a2b012abff25f3630
org.apache.tomee	openejb-cxf-rs	8.0.14		8db3b74c30d13f3a3ee8392546465c971d72e2aa
org.apache.tomee	openejb-cxf-rs	8.0.15		0044e2ff55aebf5a8ddb57d2ad527d5820bca0de
org.apache.tomee	openejb-cxf-rs	8.0.16		6fc37a9a2d3f4029742c2a160a0bf6b5b88147a0
org.apache.tomee	openejb-cxf-rs	8.0.2		d9f23e69b32dc8ff821a826ff3f4b3118b842a3f
org.apache.tomee	openejb-cxf-rs	8.0.3		78ae23223470a647cbf21268e4fd3acd6a44e497
org.apache.tomee	openejb-cxf-rs	8.0.4		501d237a14bf98e34b7f533ca88e62eb03f9ae45
org.apache.tomee	openejb-cxf-rs	8.0.5		4997b63a6e56e5083a98213f5adc7eeb0aa38526
org.apache.tomee	openejb-cxf-rs	8.0.6		cd7bc1208664b933866ad3616ddf363ae9294fee
org.apache.tomee	openejb-cxf-rs	8.0.7		d7c061c1202f9dc1797b866b3034e2eb6f0c7e00
org.apache.tomee	openejb-cxf-rs	8.0.8		17c03ce9d389fb2f24e59ad1cd42f186f141bf86
org.apache.tomee	openejb-cxf-rs	8.0.9		d0e329e753fbb2831455a96d657ba372612fe38f
org.apache.tomee	openejb-cxf-rs	9.0.0		29ff34f6037f07c16b52f9915b1295d183335c6a
org.apache.tomee	openejb-cxf-rs	9.0.0-M8		f78eaa8c7f6a200981d4454465a1cb13414e30d5
org.apache.tomee	openejb-cxf-rs	9.0.0.RC1		3b27cee299b092136e538faa8fed3606d7bd844c
org.apache.tomee	openejb-cxf-rs	9.1.0		482c33f83648304fe79364ae25dc33753e821a51
org.apache.tomee	openejb-cxf-rs	9.1.1		5e15412f867bd2a9f15ce3b9284016b104b01d0f
org.apache.tomee	openejb-cxf-rs	9.1.2		da88381ae24cad9be9721f7197662dd319afebb7
org.apache.tomee	openejb-cxf-rs	9.1.3		fcf4df6264d3d6afced0a1f6be1aba28fae3c6d6
org.apache.tuscany.sca	tuscany-implementation-spring-stub	2.0		10adf250c9acf2b6c92002d3a4c898de40e9ad83
org.apache.tuscany.sca	tuscany-implementation-spring-stub	2.0-Beta1		9b52f5b0636d500ae2d97003a9bf5b6cf8bdfe53
org.apache.tuscany.sca	tuscany-implementation-spring-stub	2.0-Beta2		442457e335e0f97889d87fc846f04df1d0e5e5fd
org.apache.tuscany.sca	tuscany-implementation-spring-stub	2.0-Beta3		d367d15de97922396dbb91e10d3c5d582c0a95b9
org.apache.tuscany.sca	tuscany-implementation-spring-stub	2.0.1		173d864371ec70ce42da78257bfb560bb0ccf43a
org.apache.ws.commons.axiom	axiom-javax-jaxb	2.0.0		f8a478e4a3a885a4db2ad5f533a65eb93b3dde3f
org.bytedeco.javacpp-presets	cminpack	1.3.6-1.4.1		73ee299ea0d4fb39d34d80e01e57dbf13aca1cea
org.bytedeco.javacpp-presets	cminpack	1.3.6-1.4.1	linux-armhf	564b4a99d310a689cf1170886eec0bb6896263c3
org.bytedeco.javacpp-presets	cminpack	1.3.6-1.4.1	linux-ppc64le	1a05dbef934dd92a16b4d1bd7c614e61258eaca4
org.bytedeco.javacpp-presets	cminpack	1.3.6-1.4.1	linux-x86	811b79b0ad5b136eeab18a0e36f164151995aabb
org.bytedeco.javacpp-presets	cminpack	1.3.6-1.4.1	linux-x86_64	63682bd2b4cf75e145e0660f07f4feb7e9f5b218
org.bytedeco.javacpp-presets	cminpack	1.3.6-1.4.1	macosx-x86_64	ffebadd85a66d8160e810056ecebf9afcc45e904
org.bytedeco.javacpp-presets	cminpack	1.3.6-1.4.1	windows-x86	ad1ff760825427c1a79da8fa57049f2edccd1889
org.bytedeco.javacpp-presets	cminpack	1.3.6-1.4.1	windows-x86_64	716f26d17d15de82f433b8e7930f18dba3239ad9
org.bytedeco.javacpp-presets	cminpack	1.3.6-1.4.2		5fa624dea545be7694d81b0f61bd84c91d088048
org.bytedeco.javacpp-presets	cminpack	1.3.6-1.4.2	linux-armhf	165af1c6a3628aab315ce5ca7dab3dad42d285f2
org.bytedeco.javacpp-presets	cminpack	1.3.6-1.4.2	linux-ppc64le	9d64a9d071641ef8c0ddf1d127af8da5ac620145
org.bytedeco.javacpp-presets	cminpack	1.3.6-1.4.2	linux-x86	53472cffc724dc241b8f2dacc73a3eae848e3a14
org.bytedeco.javacpp-presets	cminpack	1.3.6-1.4.2	linux-x86_64	8b43a1fe94afc4ad31f90391836347af3251fb68
org.bytedeco.javacpp-presets	cminpack	1.3.6-1.4.2	macosx-x86_64	6d493286fcbe3a55e8bd100c16b07284b89e9d09
org.bytedeco.javacpp-presets	cminpack	1.3.6-1.4.2	windows-x86	666a57012b5aa8da05763b44ac8c081524135afc
org.bytedeco.javacpp-presets	cminpack	1.3.6-1.4.2	windows-x86_64	bc467daf7de1d1e95872820ddb8a3ae025cf49ef
org.bytedeco.javacpp-presets	cminpack	1.3.6-1.4.3		5eacf4ab822be2bb20e3067db6f13e08d756d8b9
org.bytedeco.javacpp-presets	cminpack	1.3.6-1.4.3	linux-armhf	dcfb5c5d91f4440cf173b1bddfe04000e7827e61
org.bytedeco.javacpp-presets	cminpack	1.3.6-1.4.3	linux-ppc64le	4ed9c3cc6cda4f3dbb4314bdb6dba8cc54ef5687
org.bytedeco.javacpp-presets	cminpack	1.3.6-1.4.3	linux-x86	7485a9db315d6362b66aa87b45e8da8a6db865ae
org.bytedeco.javacpp-presets	cminpack	1.3.6-1.4.3	linux-x86_64	02b227865b27686bfc9638ad2fbd1d59df2d8be0
org.bytedeco.javacpp-presets	cminpack	1.3.6-1.4.3	macosx-x86_64	2ceda3faa22afa51b1d31d79307c52050b22cff8
org.bytedeco.javacpp-presets	cminpack	1.3.6-1.4.3	windows-x86	4029a0a3bd0b753a17f7f6cb76eb32711d7ab515
org.bytedeco.javacpp-presets	cminpack	1.3.6-1.4.3	windows-x86_64	7f837153c23f10f46b0683595cdc67eeb5befd52
org.bytedeco.javacpp-presets	cminpack	1.3.6-1.4.4		488c9d9035df2b4f192994066fcca8f576f4a532
org.bytedeco.javacpp-presets	cminpack	1.3.6-1.4.4	linux-armhf	b8f351c99a19279ce1d590f6c8c01cc11ff90003
org.bytedeco.javacpp-presets	cminpack	1.3.6-1.4.4	linux-ppc64le	a539a66282683d95e7aa9852a12c0642cfd71500
org.bytedeco.javacpp-presets	cminpack	1.3.6-1.4.4	linux-x86	679c88191a308d47f3e9832ffb620d31b3e802ce
org.bytedeco.javacpp-presets	cminpack	1.3.6-1.4.4	linux-x86_64	674ea3e7113bebfe31beb86e88731503b89cac70
org.bytedeco.javacpp-presets	cminpack	1.3.6-1.4.4	macosx-x86_64	c13bb8ea3862236631d3a0981adf49ffe103c7b9
org.bytedeco.javacpp-presets	cminpack	1.3.6-1.4.4	windows-x86	7816a15f7020037e1a581b210703f2ec580c85c8
org.bytedeco.javacpp-presets	cminpack	1.3.6-1.4.4	windows-x86_64	b6ada7ec04dbbc128f8beb1e552bb4e2cc55b5ef
org.calrissian.accumulorecipes	feature-store	1.1.0		d383095feeec549e5653bee54cb95947fcd260b1
org.calrissian.accumulorecipes	feature-store	2.0.0		839a63c8f2bc68415e64b28d5465ed3252b70eb2
org.carewebframework	org.carewebframework.vista.security.impl	1.0.0		5802362f6e9a6ecd3f337041aa7393b790685e88
org.carewebframework	org.carewebframework.vista.security.impl	1.0.1		a580315917b0c1046a4dec3d6e5e520556af60f8
org.commonjava.indy.embed	indy-embedder	1.3.0		e990e3661c73f1f1f1e75799b1d10099be0a3bb2
org.commonjava.indy.embed	indy-embedder	1.3.0.1		a6697208fcb2ba9df5d475c433817081d4a1d333
org.commonjava.indy.embed	indy-embedder	1.3.0.2		8d956fb4eca8c1db954ca61ed8861e07158b1a61
org.commonjava.indy.embed	indy-embedder	1.3.1		c6c9fc9f5cdbab489b9eca025cf9794cc24d54d5
org.commonjava.indy.embed	indy-embedder	1.4.0		6bf6ed5b07137fcdc4675823ce2da68293da37e6
org.commonjava.indy.embed	indy-embedder	1.5.0		a1876e300c004b3037604f6122e7b862222bbf4e
org.commonjava.indy.embed	indy-embedder	1.5.0.1		426e78d012ef323342419360d2a04b925d2784db
org.commonjava.indy.embed	indy-embedder	1.5.0.2		75561d53e48fd07018b9dfa000a298ef2bb8d764
org.commonjava.indy.embed	indy-embedder	1.5.0.3		e7d6f1f0a3b5837fe48b5e87205a04c9bf222f61
org.commonjava.indy.embed	indy-embedder	1.6.0		dc99daac7a511de2a605482f5c1154a8ec835ddf
org.commonjava.indy.embed	indy-embedder	1.6.1		d4ff3325db6c21fd8ef64be123c5ab73f90ba477
org.commonjava.indy.embed	indy-embedder	1.6.2		390abe6d7b18ae8f67b135dbdbcca8c8d9c9175a
org.commonjava.indy.embed	indy-embedder	1.7.0		e34a7b921b5b3cefa4d0e99d35e3e825b98b6729
org.commonjava.indy.embed	indy-embedder	1.7.1		f216b4fc600a61f83b54b1bc7181f61a2cec726c
org.commonjava.indy.embed	indy-embedder	1.7.2		4d1094a40afe4826189e42ba45e8cc74c509be79
org.commonjava.indy.embed	indy-embedder	1.7.3		ad4465a5c94fdc04fb150a61c0aaa7379ed5f612
org.commonjava.indy.embed	indy-embedder	1.7.4		eb41d90065a5ee7d5543e2464947f2f5a69e58cc
org.commonjava.indy.embed	indy-embedder	1.7.5		67603d878274f505a717814c4aa8d12e1f7cc946
org.commonjava.indy.embed	indy-embedder	1.7.6		2933ad75353a337b9803524d0c51ec6a38796331
org.commonjava.indy.embed	indy-embedder	1.7.7		14179a7a01b9b9720ccfb8ac79d459bf9165b28c
org.commonjava.indy.embed	indy-embedder	1.8.0		796482a8d20eed5cf25b46d4c62953674c5ebf97
org.commonjava.indy.embed	indy-embedder	1.8.0.1		ed88426c255c202bd17d28a307438e9460af4a02
org.commonjava.indy.embed	indy-embedder	1.8.0.2		c9e91fbfb9f1204643777b458c896ed066f3b45f
org.commonjava.indy.embed	indy-embedder	1.8.1		0b4ad94240af238c16c7d95ae4e102a481c28452
org.commonjava.indy.embed	indy-embedder	1.8.2		9c310ef7cb87563522beda813c0f11ce5632e125
org.commonjava.indy.embed	indy-embedder	1.9.0		5e3ee796c3fc6e23d44644e785ae73efb4ef2e69
org.commonjava.indy.embed	indy-embedder	1.9.1		91c6ebaf98c7cfece6486089d0178e60a2c41cb6
org.commonjava.indy.embed	indy-embedder	1.9.2		fe02c5d748cf55384862726b6e7f2f2f25f92d10
org.commonjava.indy.embed	indy-embedder	1.9.3		e9fc6c76f186b30e2f74180f39afa7a5179cb906
org.commonjava.indy.embed	indy-embedder	1.9.4		98bf2d69266865b39dcab131792ce2ab2239901c
org.commonjava.indy.embed	indy-embedder	1.9.6		cf12fd90aca850146e2a21d380fc5978c86f57d9
org.commonjava.indy.embed	indy-embedder	1.9.7		358796e0c12e8ec4992a18a5067a6d90a30f23ca
org.commonjava.indy.embed	indy-embedder	1.9.7.1		a1e6b631733579b5752cd79b9e7db80ebe691319
org.commonjava.indy.embed	indy-embedder	1.9.7.2		93d778b620cb0d1743642a4edec723ff5504f9b5
org.commonjava.indy.embed	indy-embedder	1.9.8		70f35868ddc0f62b72c1bf9aef5afbaf875f764b
org.commonjava.indy.embed	indy-embedder	1.9.9		6960543098f7ee9bb4ffc3bc60aba1ba7b01ff94
org.commonjava.indy.embed	indy-embedder	2.0.0		4f99520f61d751e64b1a141c3aac5fcd47c97efb
org.commonjava.indy.embed	indy-embedder	2.2.0		3e74893995b5973bee2b67274033c529d43039a5
org.commonjava.indy.embed	indy-embedder	2.3.0		1b2ff00b30cb26d70dc590669318a05ed9505152
org.commonjava.indy.embed	indy-embedder	2.4.0		7f8dee237c156e18af498a5956b286c251145108
org.commonjava.indy.embed	indy-embedder	2.4.1		cb53fcc1762737c4516cb18934d259cef26a0b9c
org.commonjava.indy.embed	indy-embedder	2.5.0		77e5470cd6792560a53af4ef4d7a9e7d80182e82
org.commonjava.indy.embed	indy-embedder	2.5.1		76f4f6630ab293d9e4a958fe62fc91479b35e005
org.commonjava.indy.embed	indy-embedder	2.5.2		d2100e2bdea79ee6c9b02533ef7898b66ac7be29
org.commonjava.indy.embed	indy-embedder	2.5.3		7cfbc1d10cab6a7d127bfcd34112ca03accbe280
org.commonjava.indy.embed	indy-embedder	2.5.4		4c4e045d5377c25abc643144d986f18489a49e60
org.commonjava.indy.embed	indy-embedder	2.5.5		87590ec9a4d365352bf29b59d4db3c9c14e898a8
org.commonjava.indy.embed	indy-embedder	2.5.6		b641fdc9e97f66da3a91ebe8cf48c5519d881f28
org.commonjava.indy.embed	indy-embedder	2.6.0		6b61e208b3b9570a23629956b23b0955f66891a7
org.commonjava.indy.embed	indy-embedder	2.6.1		82e7db19ca2b5b8256830538bcc91b580445bd87
org.commonjava.indy.embed	indy-embedder	2.6.3		9663d85af1fd947442976af066e9a335f88b52e6
org.commonjava.indy.embed	indy-embedder	2.6.4		39485d64151e92d3b17bafebc258177fd4838c2a
org.commonjava.indy.embed	indy-embedder	2.6.5		2bf0dfdcc0bbb30becf7bca2a21a943b682769f4
org.commonjava.indy.embed	indy-embedder	2.7.0		7ce04f87947dacb39eb40aa241beec7b67209861
org.commonjava.indy.embed	indy-embedder	2.7.2		53d70493f3c1dae580c83791ac39488d86748225
org.commonjava.indy.embed	indy-embedder	2.7.3		49274de09762bad8981a104e0170cb8fdfcc3ce4
org.commonjava.indy.embed	indy-embedder	2.7.4		311e774e7c4faebc9eb77ffdafcc72bd6d750f44
org.commonjava.indy.embed	indy-embedder	2.7.5		1c771df07e21fe096c7ca012db695596896d8090
org.commonjava.indy.embed	indy-embedder	2.7.6		972311b7af4ade158a7bb240b8c13093dd3f9c6e
org.commonjava.indy.embed	indy-embedder	3.0.0		bde79c9fa9d0577fd683a330894d6b6238be8982
org.commonjava.indy.embed	indy-embedder	3.0.2		58a0a41381cd9772bc559228194fb68acb26b2c1
org.commonjava.indy.embed	indy-embedder	3.1.0		6ea25381fa172ceab167acce030f0f0b54dd1494
org.commonjava.indy.embed	indy-embedder	3.1.1		16a6ee56f665ad12adbdad9571ae3c6a89659d39
org.commonjava.indy.embed	indy-embedder	3.1.2		fbd3b349d1a6a2844991db73adabae1ad9a0a19c
org.commonjava.indy.embed	indy-embedder	3.2.0		12b82e29113b846d22fef90ff59d7654c372c55e
org.commonjava.indy.embed	indy-embedder	3.2.1		90766ec1a230760e8e3c5494cc223c28bc7bf638
org.commonjava.indy.embed	indy-embedder	3.2.2		49cc8f1df8103b8276a7282c7109ae2fc12391d9
org.commonjava.indy.embed	indy-embedder	3.2.3		88272eac098dd2bf8da1e38d0f6a6f0cbfaf7dc4
org.commonjava.indy.embed	indy-embedder	3.3.1		12a62743049bd07423e7f88bfefc358a817b1c45
org.commonjava.indy.embed	indy-embedder	3.3.2		0515b87c9e2b23ee5417a865463181103c65bb34
org.commonjava.indy.embed	indy-embedder	3.3.3		a984da8bcede908fa458c049542fa0b75e220500
org.commonjava.indy.embed	indy-embedder	3.3.4		7beade8366637dba47c45664bd149cfb43e51965
org.commonjava.indy.embed	indy-embedder	3.3.5		873c076d1fd8c34d321b4df4806c8fc921f6b671
org.commonjava.indy.embed	indy-embedder	3.3.6		1e75a82b45b692b34b0ceebb317e20e002ebe145
org.commonjava.indy.embed	indy-embedder	3.4.0		408c88b0d5787770a1ee825585e6c753714f1dbc
org.commonjava.indy.embed	indy-embedder	3.4.2		1f3b54b994e130171e64523717a1770a4376798b
org.commonjava.indy.embed	indy-embedder	3.4.3		aff94ccb88a3869419b63ae6f8e3657dd8e31b02
org.commonjava.indy.embed	indy-embedder	3.4.4		2a0253ce09ce55a13d408c662c08eca67b96d7f6
org.commonjava.indy.embed	indy-embedder	3.4.5		2e6ddb031e487b50b307f86eba9b2a88984c35bf
org.eclipse.birt.runtime.3_7_1	org.eclipse.datatools.modelbase.sql.query	1.1.1		9382cb549d119d4fd0199da17ddd3e46f0c184ea
org.glassfish.main.packager	glassfish-nucleus	3.1.2		N/A
org.glassfish.main.packager	glassfish-nucleus	3.1.2.2		N/A
org.glassfish.main.packager	glassfish-nucleus	4.0		N/A
org.glassfish.main.packager	glassfish-nucleus	4.0-b33		N/A
org.glassfish.main.packager	glassfish-nucleus	4.0-b90		N/A
org.glassfish.main.packager	glassfish-nucleus	4.1		N/A
org.glassfish.main.packager	glassfish-nucleus	4.1.1		N/A
org.glassfish.main.packager	glassfish-nucleus	4.1.2		N/A
org.glassfish.main.packager	glassfish-nucleus	5.0		N/A
org.grails.plugins	views-markup	2.1.0		N/A
org.grails.plugins	views-markup	2.1.0	plain	3104800da6a5f369e6acc5189995b7fc2e8e19b0
org.grails.plugins	views-markup	2.1.0-RC4		N/A
org.grails.plugins	views-markup	2.1.0-RC4	plain	c9a596c20514c94a64772540cb2f88667d05841d
org.grails.plugins	views-markup	2.1.0.RC1		N/A
org.grails.plugins	views-markup	2.1.0.RC1	plain	6ba0529cf89e0c5557f4f2c876c55cc6f03e3186
org.grails.plugins	views-markup	2.1.0.RC2		N/A
org.grails.plugins	views-markup	2.1.0.RC2	plain	dd09a2afdbdb8a28774ce4c858e49f9e009a483f
org.grails.plugins	views-markup	2.1.0.RC3		N/A
org.grails.plugins	views-markup	2.1.0.RC3	plain	849131ee625e39c75c26101e10d276bd47810e59
org.grails.plugins	views-markup	2.1.1		N/A
org.grails.plugins	views-markup	2.1.1	plain	071b35d1d23b7f90a3495f2c76deef9d05400dce
org.grails.plugins	views-markup	2.1.2		N/A
org.grails.plugins	views-markup	2.1.2	plain	2d3db503baa01d6d523ddfa5074b4b13be5fcfb5
org.grails.plugins	views-markup	2.2.0		N/A
org.grails.plugins	views-markup	2.2.0	plain	509abbe6d850d7acf785df0d779dc99dd35208f2
org.grails.plugins	views-markup	2.2.1		N/A
org.grails.plugins	views-markup	2.2.1	plain	bc95528c604c967752762fe6cbe1dcd7b7bf51ab
org.grails.plugins	views-markup	2.3.0		N/A
org.grails.plugins	views-markup	2.3.0	plain	5b659f55a33a3c1b477b92011be709c6ac74dab1
org.grails.plugins	views-markup	2.3.1		N/A
org.grails.plugins	views-markup	2.3.2		N/A
org.grails.plugins	views-markup	2.3.2	plain	83473cae4baea025fc47dcb774b4f9f099d9fbbc
org.grails.plugins	views-markup	3.0.0		N/A
org.grails.plugins	views-markup	3.0.0	plain	08fe3fbd95b6f058f81f7681bfdac44036f42926
org.grails.plugins	views-markup	3.0.0-M1		N/A
org.grails.plugins	views-markup	3.0.0-M1	plain	8fcd81b1be89b1e5f9d1f3a7f10e32355c8f90d7
org.grails.plugins	views-markup	3.0.0-RC1		N/A
org.grails.plugins	views-markup	3.0.0-RC1	plain	8305f82057370ea696f3a273a16af10cacda9668
org.grails.plugins	views-markup	3.1.0		N/A
org.grails.plugins	views-markup	3.1.0	plain	0c424f17e53247e2514f54c9a8edace550d69d5e
org.grails.plugins	views-markup	3.1.1		N/A
org.grails.plugins	views-markup	3.1.1	plain	bc03f4309ec07bc5e08d56ed2a679aa352d13cff
org.grails.plugins	views-markup	3.1.2		N/A
org.grails.plugins	views-markup	3.1.2	plain	6bc55da8cca2aa69112e9541b5247aa31dd4fe10
org.grails.plugins	views-markup	3.2.1		4472a2b6916c0bf663d350c01fd5d36b2a38f6f3
org.grails.plugins	views-markup	3.2.2		4cd8f65938422ae18f1e9829d334c4cff33c8578
org.grails.plugins	views-markup	3.2.3		05edfaaee84625e6f594701ea8a4bb58af1d7441
org.grails.plugins	views-markup	4.0.0-M1		3ebf9d4444f3dcd2ce37cca659aaf5a75ae68310
org.grails.plugins	views-markup	4.0.0-M3		de02e604edfa586fa154d9c2701c74b1a6b39fa4
org.jboss.ws	jbossws-jboss500CR1	3.0.2.GA		f8a43dfe0517497dbb5f206f4c4eeb071e96ee61
org.jboss.ws	jbossws-jboss500CR1	3.0.2.GA	container	70dcf0de0090ecacf492382c98797c29ab747d64
org.jetbrains.kotlinx	kotlinx-coroutines-core-androidnativearm64	1.10.0		N/A
org.jetbrains.kotlinx	kotlinx-coroutines-core-androidnativearm64	1.10.1		N/A
org.jetbrains.kotlinx	kotlinx-coroutines-core-androidnativearm64	1.10.2		N/A
org.jetbrains.kotlinx	kotlinx-coroutines-core-androidnativearm64	1.7.0		N/A
org.jetbrains.kotlinx	kotlinx-coroutines-core-androidnativearm64	1.7.0-Beta		N/A
org.jetbrains.kotlinx	kotlinx-coroutines-core-androidnativearm64	1.7.0-RC		N/A
org.jetbrains.kotlinx	kotlinx-coroutines-core-androidnativearm64	1.7.1		N/A
org.jetbrains.kotlinx	kotlinx-coroutines-core-androidnativearm64	1.7.2		N/A
org.jetbrains.kotlinx	kotlinx-coroutines-core-androidnativearm64	1.7.3		N/A
org.jetbrains.kotlinx	kotlinx-coroutines-core-androidnativearm64	1.8.0		N/A
org.jetbrains.kotlinx	kotlinx-coroutines-core-androidnativearm64	1.8.0-RC		N/A
org.jetbrains.kotlinx	kotlinx-coroutines-core-androidnativearm64	1.8.0-RC2		N/A
org.jetbrains.kotlinx	kotlinx-coroutines-core-androidnativearm64	1.8.1		N/A
org.jetbrains.kotlinx	kotlinx-coroutines-core-androidnativearm64	1.8.1-Beta		N/A
org.jetbrains.kotlinx	kotlinx-coroutines-core-androidnativearm64	1.9.0		N/A
org.jetbrains.kotlinx	kotlinx-coroutines-core-androidnativearm64	1.9.0-RC		N/A
org.jetbrains.kotlinx	kotlinx-coroutines-core-androidnativearm64	1.9.0-RC.2		N/A
org.mvnpm	fullcalendar	6.1.15		85f389d288205aa016895f1ee57adb69add026ba
org.mvnpm.at.wyw-in-js	shared	0.5.5		980785c9fb3e7d7eaee0b77ae3c1967b8e097f79
org.onebusaway	onebusaway-federations-webapp	2.5.13-otsf		N/A
org.onebusaway	onebusaway-federations-webapp	2.6.0		N/A
org.opendaylight.jsonrpc	odl-jsonrpc-bus	1.17.0		N/A
org.openengsb.wrapped	com.jcraft.jsch-all	0.1.42.w1		e311ae301e999df247d9f478a866f5206ae38d78
org.openengsb.wrapped	com.jcraft.jsch-all	1.0.0.M6		e18deb311d871ff146634fb8c011ed80054995f8
org.openengsb.wrapped	com.jcraft.jsch-all	1.0.0.M7		0505036d91d3afa0f850a2f92f19fb88e4ae28eb
org.openengsb.wrapped	com.jcraft.jsch-all	1.0.0.RC1		486997bb5743ec839b76ab87a5eabf5fec761e3b
org.openengsb.wrapped	com.jcraft.jsch-all	1.0.0.RC2		18e222d854b489046a668287576dfb6c2fe167f8
org.openengsb.wrapped	com.jcraft.jsch-all	1.0.0.RC3		cd08a99e8715e7fdb52c3087709708ce9840212b
org.openengsb.wrapped	com.jcraft.jsch-all	1.0.0.RC4		a8f9f9846df86a979e63a588235306a27539a9a6
org.openengsb.wrapped	com.jcraft.jsch-all	1.0.0.RC5		98b8179df46fae28254546551ec8b8cb6e7f5f8e
org.openengsb.wrapped	com.jcraft.jsch-all	1.0.0.RELEASE		aee38b3c9a38057d63e53ae8dca5adbebd23dd5e
org.openengsb.wrapped	com.jcraft.jsch-all	1.0.1.RELEASE		f61776051af4be44932d150b264c813503b70b72
org.openengsb.wrapped	com.jcraft.jsch-all	1.0.2.RELEASE		df00c36ac274e1f8f8c6ac0fbfae3e2fec621511
org.openengsb.wrapped	com.jcraft.jsch-all	1.0.3.RELEASE		0ec13aaca7880c0e7154f836bc30ff58cdf11589
org.openengsb.wrapped	com.jcraft.jsch-all	1.0.4.RELEASE		bfda11a08e70d5974464c9935f13a412bc4f738c
org.openengsb.wrapped	com.jcraft.jsch-all	1.0.5.RELEASE		3263078f8598b0d674b0b98821c5698def44ab25
org.openengsb.wrapped	com.jcraft.jsch-all	1.0.6.RELEASE		54c0b487f384e7ce88d43e2a83b5233631d1e11e
org.openengsb.wrapped	com.jcraft.jsch-all	1.1.0.M1		63aa93300a49f83f4529efcd3cb46f445bb9189e
org.openengsb.wrapped	com.jcraft.jsch-all	1.1.0.M2		e1d6f8186ed42a3267cb473e67584bd1654e0a7a
org.scodec	scodec-core_3.0.0-RC1	2.0-1-6e818b1		db919376231e85afd275ecef1c953c82b018d126
org.scodec	scodec-core_3.0.0-RC1	2.0-10-e801e85		fff14ebfc1973ed3e944c8d991ebc738bc37fdb7
org.scodec	scodec-core_3.0.0-RC1	2.0-11-ef43374		fd03ba3ee7add2ed28fcc9cc71dcd6fc2f30118e
org.scodec	scodec-core_3.0.0-RC1	2.0-12-57985f2		28fcf2bf7e195ea888b1e6a8bcf3676d8f62c8ef
org.scodec	scodec-core_3.0.0-RC1	2.0-13-5321804		9d3683a995ca06b4df71dc6f3346f5ae9aa926c6
org.scodec	scodec-core_3.0.0-RC1	2.0-14-9faa644		5aad45932be43067e1c922d6131633b2af7e230f
org.scodec	scodec-core_3.0.0-RC1	2.0-15-f129c07		b7e94b345f983c32e223281e3fabf4e4f651986f
org.scodec	scodec-core_3.0.0-RC1	2.0-16-011fe29		c786fdc219b0d53116bd5b55fcf6cb96c0b840bd
org.scodec	scodec-core_3.0.0-RC1	2.0-17-fe84424		a6b7bc3ad29e6db28d6e22bc000098d321d70d75
org.scodec	scodec-core_3.0.0-RC1	2.0-18-371229c		03b1710154cde3d4eea372de40c8cc8e645f94d0
org.scodec	scodec-core_3.0.0-RC1	2.0-2-035acc0		22d7d401a17b8288a10dd8cbd12944eb4d378ecc
org.scodec	scodec-core_3.0.0-RC1	2.0-27-3fb62fc		c5a94e5415c6ef6848d1fdb504b8f46acca9eb29
org.scodec	scodec-core_3.0.0-RC1	2.0-3-59723e4		7fcfa118610165c63941172c75a864d20d956f84
org.scodec	scodec-core_3.0.0-RC1	2.0-5-77b7664		442b2fa58653fe9e5ed18e2b8536f8188d92967e
org.scodec	scodec-core_3.0.0-RC1	2.0-6-a8bada0		1c5b4c558366b5b6471079aaecfe02401dce6e02
org.scodec	scodec-core_3.0.0-RC1	2.0-7-e18b70e		535ddb5d07069af9d85d7185d2abffb7a3f58a6f
org.scodec	scodec-core_3.0.0-RC1	2.0-8-79c0802		d0ca7f4f3194b4e9c0efc5313896759da61c3677
org.scodec	scodec-core_3.0.0-RC1	2.0-9-8834c91		08d60b5b291a9784aab5abb14bb0b102b6ea4eaf
org.scodec	scodec-core_3.0.0-RC1	2.0.0-RC1		abc80e6c2923d04c3d6b21ae817c34eef38b48c9
org.scodec	scodec-core_3.0.0-RC1	2.0.0-RC2		7eb5ca18a63f60b2f5d23e74f4957283d0ee77ea
org.seleniumhq.selenium	selenium-ie-driver	2.0.0		7e1fbee0688bc0c9198413223d33d51c10aab54f
org.seleniumhq.selenium	selenium-ie-driver	2.0a1		0db34ca05447c4b22ff965b1e9b7cbfbd73fc6e3
org.seleniumhq.selenium	selenium-ie-driver	2.0a2		6f74bedec4ff8ce726604149721ef92391eda429
org.seleniumhq.selenium	selenium-ie-driver	2.0a4		cdf9c9a44d9cca65ab6eeedfa6b7056a5560b7dc
org.seleniumhq.selenium	selenium-ie-driver	2.0a5		6e93fafb2198bd1e8d641b6e285e9e42a472e8d9
org.seleniumhq.selenium	selenium-ie-driver	2.0a6		dc8efa331428ba6adb53d6f099f178afe8935e22
org.seleniumhq.selenium	selenium-ie-driver	2.0a7		2b9bbaad349451ef8c0510a4b8e0f66f6b08a4bc
org.seleniumhq.selenium	selenium-ie-driver	2.0b1		7182340968ee2d2de383c2fc1ebdb8665943bd4b
org.seleniumhq.selenium	selenium-ie-driver	2.0b2		3919defe6807b2a45c3159be9ac31a53abe86e1d
org.seleniumhq.selenium	selenium-ie-driver	2.0b3		1f7172438bb9ff99ac00627d8a3142dd22c47f79
org.seleniumhq.selenium	selenium-ie-driver	2.0rc2		f53d064428298fe8df86f0906831282012f9c13d
org.seleniumhq.selenium	selenium-ie-driver	2.0rc3		29bb4d07bf5dc017ec191db5dfee2cfe6079a7b4
org.seleniumhq.selenium	selenium-ie-driver	2.1.0		debfb01d1b63d69cd2356130b2973df5bd2847f8
org.seleniumhq.selenium	selenium-ie-driver	2.10.0		edb7913d229a07034b231b7409b4595ab2073bee
org.seleniumhq.selenium	selenium-ie-driver	2.11.0		1fd612dba9d55e344c64820a4373b1bb1654c191
org.seleniumhq.selenium	selenium-ie-driver	2.12.0		b4c623eedbe560c20ab5e44f0ef641d48a28fc79
org.seleniumhq.selenium	selenium-ie-driver	2.13.0		aab3a1012f029d432c05050aa1f6c7a275643161
org.seleniumhq.selenium	selenium-ie-driver	2.14.0		875d41e9bc431f027f521c6563081a801c53cac3
org.seleniumhq.selenium	selenium-ie-driver	2.15.0		f9e862cd6ec66c7e02fdc0f3fe3a0f3f5ea3e694
org.seleniumhq.selenium	selenium-ie-driver	2.16.0		a75091a2027cb58de37c6f9db3639829e2a43ecf
org.seleniumhq.selenium	selenium-ie-driver	2.16.1		b751108b09528ec4348f0fc20a4c5856fba18abe
org.seleniumhq.selenium	selenium-ie-driver	2.17.0		5bb0b12532f1ebb0f86edd105da55e5ff00d570e
org.seleniumhq.selenium	selenium-ie-driver	2.18.0		d0ccc554352d867fbbe94b383fb3dfceec3ca698
org.seleniumhq.selenium	selenium-ie-driver	2.19.0		4e219dbf31e45c9fbf6988757e8af35944522e59
org.seleniumhq.selenium	selenium-ie-driver	2.2.0		ac081e1d5a45990bf8e2bb2e74a54b1c61e374b7
org.seleniumhq.selenium	selenium-ie-driver	2.20.0		3b171530ae76bdc258c52440db12a22b76951604
org.seleniumhq.selenium	selenium-ie-driver	2.21.0		a47db3996c729bab12407b32a9966e530873925a
org.seleniumhq.selenium	selenium-ie-driver	2.22.0		f8b3fcb121fb8bffcda2b7688a21c70a5e5320ba
org.seleniumhq.selenium	selenium-ie-driver	2.23.0		3b6c53224732636b8abdd67ad5248394b491a80b
org.seleniumhq.selenium	selenium-ie-driver	2.23.1		0c46a6aebb2c20ac12bd6face7f31c84bfcc6527
org.seleniumhq.selenium	selenium-ie-driver	2.24.1		572791df8a9afa3f36b9ed499806e8d86db43e61
org.seleniumhq.selenium	selenium-ie-driver	2.25.0		69620a338a9b6d296ec23d2eca4c1bf0046611f3
org.seleniumhq.selenium	selenium-ie-driver	2.26.0		3d19838884bb7f6b10b3b7a9011a688238dfd5eb
org.seleniumhq.selenium	selenium-ie-driver	2.27.0		ad37b3841b1ee507e4ed6b52bdd1834f4609f5c5
org.seleniumhq.selenium	selenium-ie-driver	2.28.0		c0635b2c6a17de6a7c42576c200cbfc427cb25a7
org.seleniumhq.selenium	selenium-ie-driver	2.29.0		5761f8a5a5cba5db62cb9ac082cdcdab5509a7d5
org.seleniumhq.selenium	selenium-ie-driver	2.29.1		cd921fa928bfc7406d5ceea7abc7664fc757ac1f
org.seleniumhq.selenium	selenium-ie-driver	2.3.0		0435aab26918d80c9a904098512aab2fd58851eb
org.seleniumhq.selenium	selenium-ie-driver	2.3.1		aa721eed02e132ed8b125bf77128cbb7ef1a7e79
org.seleniumhq.selenium	selenium-ie-driver	2.30.0		75d1b3e8863947f11954fb0a8dc248a20b29988c
org.seleniumhq.selenium	selenium-ie-driver	2.31.0		14152c64bab1a2206596e5b71e5d383cfa45d0df
org.seleniumhq.selenium	selenium-ie-driver	2.32.0		80ab628279620fcd87b5d2289cbe03775ec32e02
org.seleniumhq.selenium	selenium-ie-driver	2.33.0		6a27e5c00fe7dc250d35370b73906055100f130e
org.seleniumhq.selenium	selenium-ie-driver	2.34.0		c44e69ed92978103ae02ba2d55c3939547e949ef
org.seleniumhq.selenium	selenium-ie-driver	2.35.0		efa54690faf0e33f63fd230116395affaabd9104
org.seleniumhq.selenium	selenium-ie-driver	2.36.0		7c0671f8e94f0957e7fd607db9ecd1058aa8b24c
org.seleniumhq.selenium	selenium-ie-driver	2.37.0		e27a89ac9f1144fc0414ebbdd2aebb8b6e7850fc
org.seleniumhq.selenium	selenium-ie-driver	2.37.1		77f988c980efae5286602e21748b4fd220dd8e72
org.seleniumhq.selenium	selenium-ie-driver	2.38.0		5fec05859b22a1100cce4f84af489f8cffb84092
org.seleniumhq.selenium	selenium-ie-driver	2.39.0		e3e6d8bfcf7720c3c79eaddae45f9a65a20bad51
org.seleniumhq.selenium	selenium-ie-driver	2.4.0		c1932d8d9071bb543548aef8010e1df65b1a5655
org.seleniumhq.selenium	selenium-ie-driver	2.40.0		5818222e6c206fc113fa1876bd4762718dfe685e
org.seleniumhq.selenium	selenium-ie-driver	2.41.0		d6aa1778fc392959ac7790c30dfa46f001355486
org.seleniumhq.selenium	selenium-ie-driver	2.42.0		77aa247080517d2cb6f522f03187c0ed0e3ad510
org.seleniumhq.selenium	selenium-ie-driver	2.42.1		3f9c39e4b436f0020b2463ac17c540433b28dd46
org.seleniumhq.selenium	selenium-ie-driver	2.42.2		c9c16383fcd66cdf0a38d63b93c9cea808eaf9f7
org.seleniumhq.selenium	selenium-ie-driver	2.43.0		fe11500c4239646e09401c90b34dc1008442c26e
org.seleniumhq.selenium	selenium-ie-driver	2.43.1		ae9dcc4436ffee66eb8316521a3022889d144c8e
org.seleniumhq.selenium	selenium-ie-driver	2.44.0		deee9750f5d20f7c78ad44a3c896bfbea613711a
org.seleniumhq.selenium	selenium-ie-driver	2.45.0		a03548c4ef0cbd2863f807114d1dcff156678475
org.seleniumhq.selenium	selenium-ie-driver	2.46.0		6562c1dc60a49dfe742e14fecc61042475433994
org.seleniumhq.selenium	selenium-ie-driver	2.47.0		ed394831c3a151a4c90a4fa71366b6e72866e814
org.seleniumhq.selenium	selenium-ie-driver	2.47.1		7e990e37c6e0fad0c7033220c0c5752a1dc50511
org.seleniumhq.selenium	selenium-ie-driver	2.47.2		c43aa118475f2c996fc0d4f9238f4b52d0c88d08
org.seleniumhq.selenium	selenium-ie-driver	2.48.0		13f3e19f569cfde9dd254429d24378e351c01f75
org.seleniumhq.selenium	selenium-ie-driver	2.48.1		5bb570759bebab9efcfaba09ee9a9b83160edd66
org.seleniumhq.selenium	selenium-ie-driver	2.48.2		8278d774a0945374e1a2f7cf1577c3c896e92144
org.seleniumhq.selenium	selenium-ie-driver	2.49.0		efac4842c856e3af7f7b7c569c61cef1ab979196
org.seleniumhq.selenium	selenium-ie-driver	2.49.1		bc963788e9e626f47fd55180ad10f057d00be398
org.seleniumhq.selenium	selenium-ie-driver	2.5.0		3a7b4a332f18cb1596d7ffbae6ac2721fedb26c6
org.seleniumhq.selenium	selenium-ie-driver	2.50.0		0079045937679186cf8e15ff483b49f3672595bd
org.seleniumhq.selenium	selenium-ie-driver	2.50.1		185bb00e2474cb9228ece9ec668a7399365ff755
org.seleniumhq.selenium	selenium-ie-driver	2.51.0		0b8deab9a7ff0b569853c28b0c2ba248fe23f73d
org.seleniumhq.selenium	selenium-ie-driver	2.52.0		2b631c14ffe2d02408b195693aa7bcc55f28f8a9
org.seleniumhq.selenium	selenium-ie-driver	2.53.0		27b703e9fba9c0f636109cf4bd697c1f208ac825
org.seleniumhq.selenium	selenium-ie-driver	2.53.1		63c8e86d544b39026c0f803ec3c863a144995ad6
org.seleniumhq.selenium	selenium-ie-driver	2.6.0		8b104a7586ef81eb00bf2e13250aeb020b3b156d
org.seleniumhq.selenium	selenium-ie-driver	2.7.0		0dd3bb78aa6d306c8058a842f8a3fc2d1250a162
org.seleniumhq.selenium	selenium-ie-driver	2.8.0		c6f766a63bd688d4d2fa6d43b1ff0678c0865fc1
org.seleniumhq.selenium	selenium-ie-driver	2.9.0		75a443b97f136651c10c3036e52ece750a9ab7ad
org.seleniumhq.selenium	selenium-ie-driver	3.0.0		9cb3299a8ae0325f49580e9e267044eabeaf53d2
org.seleniumhq.selenium	selenium-ie-driver	3.0.0-beta1		ca78fb727061d12c09f1756c102243300dbca413
org.seleniumhq.selenium	selenium-ie-driver	3.0.0-beta2		1c84b5284ecaa10ef29be3964f97ddbefc0f570e
org.seleniumhq.selenium	selenium-ie-driver	3.0.0-beta3		55b84fea4819cbe2d7b6420012bf16ed8342b92d
org.seleniumhq.selenium	selenium-ie-driver	3.0.0-beta4		8654389db13190bbff4852241899951265021415
org.seleniumhq.selenium	selenium-ie-driver	3.0.1		e4b241603a368d877e406790eae4bee417814fc6
org.seleniumhq.selenium	selenium-ie-driver	3.1.0		59063cfbb90f686a5d1cb82140e061856cd0ca9b
org.seleniumhq.selenium	selenium-ie-driver	3.10.0		34587e186bb4450570e87338ff621b6bc2b82a9b
org.seleniumhq.selenium	selenium-ie-driver	3.11.0		54055993f547a1aaa718dc18368ede146d379eb9
org.seleniumhq.selenium	selenium-ie-driver	3.12.0		6feab497a52383ddff27a0b6266781f267be4139
org.seleniumhq.selenium	selenium-ie-driver	3.13.0		0b275100faa06257914b2c0695a3bfae8f819a44
org.seleniumhq.selenium	selenium-ie-driver	3.14.0		3c92cd026f08d381aa9cff8eca03962add562577
org.seleniumhq.selenium	selenium-ie-driver	3.141.0		fff4ec3479f6e7bd6ff52440444feced0da40399
org.seleniumhq.selenium	selenium-ie-driver	3.141.5		0b2848081cc39487ff1706c4045aeaefd37aef65
org.seleniumhq.selenium	selenium-ie-driver	3.141.59		677b9b414a3a9bb2aeea89042a7b326edeb13a82
org.seleniumhq.selenium	selenium-ie-driver	3.2.0		087a6934ce2d8ed191a5856a1750a08002e8c60c
org.seleniumhq.selenium	selenium-ie-driver	3.3.0		62a0e9d3dbd1f4d6d0978903e8f29d977d013559
org.seleniumhq.selenium	selenium-ie-driver	3.3.1		1b376901c6fc2ac3bbe32677fba4c6ee7bd28818
org.seleniumhq.selenium	selenium-ie-driver	3.4.0		fdce0dc1cbdcd93d1b5b2e9054285160bed0a027
org.seleniumhq.selenium	selenium-ie-driver	3.5.1		09cd90cf4eaeccde076b8346642da1e8584c8002
org.seleniumhq.selenium	selenium-ie-driver	3.5.2		09cd90cf4eaeccde076b8346642da1e8584c8002
org.seleniumhq.selenium	selenium-ie-driver	3.5.3		09cd90cf4eaeccde076b8346642da1e8584c8002
org.seleniumhq.selenium	selenium-ie-driver	3.6.0		5a7aa3ade647b00da0bfb7fc499833914f16abc7
org.seleniumhq.selenium	selenium-ie-driver	3.7.0		a395f99834712925e898b7ec482ffa25db8d84f8
org.seleniumhq.selenium	selenium-ie-driver	3.7.1		a395f99834712925e898b7ec482ffa25db8d84f8
org.seleniumhq.selenium	selenium-ie-driver	3.8.0		a395f99834712925e898b7ec482ffa25db8d84f8
org.seleniumhq.selenium	selenium-ie-driver	3.8.1		a395f99834712925e898b7ec482ffa25db8d84f8
org.seleniumhq.selenium	selenium-ie-driver	3.9.0		4c1653e9e273f1984d26c2fd2c86bb21883ae6ff
org.seleniumhq.selenium	selenium-ie-driver	3.9.1		1858f09f8741291303eca679c0edab59ec7d2706
org.seleniumhq.selenium	selenium-ie-driver	4.0.0		303062f04bf3802dc66e89c7cfac1842011020d5
org.seleniumhq.selenium	selenium-ie-driver	4.0.0-alpha-1		05b754e046a63cbc25ea2788e91959cb95a5285d
org.seleniumhq.selenium	selenium-ie-driver	4.0.0-alpha-2		f2a227a86096e7cf3f0900af34ea096ebc7f6307
org.seleniumhq.selenium	selenium-ie-driver	4.0.0-alpha-3		00b6a0c19734016945f186d7cfd8be5f933f091e
org.seleniumhq.selenium	selenium-ie-driver	4.0.0-alpha-4		740d7da9c3196a51cd12ed90bf2bc2a279972fbf
org.seleniumhq.selenium	selenium-ie-driver	4.0.0-alpha-5		740d7da9c3196a51cd12ed90bf2bc2a279972fbf
org.seleniumhq.selenium	selenium-ie-driver	4.0.0-alpha-6		2df353cecd9f3e658c028a39d9638246852e847f
org.seleniumhq.selenium	selenium-ie-driver	4.0.0-alpha-7		2ed2a064a119c8d963fdacb7f40fbf15651f8e54
org.seleniumhq.selenium	selenium-ie-driver	4.0.0-beta-1		4332a2358a847f5b7504b8fe97a605db074f385b
org.seleniumhq.selenium	selenium-ie-driver	4.0.0-beta-2		f03cbe04778b55d52311e9f65b5ddff954d0b21d
org.seleniumhq.selenium	selenium-ie-driver	4.0.0-beta-3		f03cbe04778b55d52311e9f65b5ddff954d0b21d
org.seleniumhq.selenium	selenium-ie-driver	4.0.0-beta-4		884af036699f0b00228414a6efe01d705aaf2210
org.seleniumhq.selenium	selenium-ie-driver	4.0.0-rc-1		e3919d5775455171c3a3788da69b92f7df9e4c1f
org.seleniumhq.selenium	selenium-ie-driver	4.0.0-rc-2		303062f04bf3802dc66e89c7cfac1842011020d5
org.seleniumhq.selenium	selenium-ie-driver	4.0.0-rc-3		76ffcc13ad269ea9c772b52c6542a0bf310ae34d
org.seleniumhq.selenium	selenium-ie-driver	4.1.0		55063dececec019ca93f38fdb3a64414986ab2e7
org.seleniumhq.selenium	selenium-ie-driver	4.1.1		55063dececec019ca93f38fdb3a64414986ab2e7
org.seleniumhq.selenium	selenium-ie-driver	4.1.2		d2423a05c2eb4a838c9d1a1f03d416b455b09b1b
org.seleniumhq.selenium	selenium-ie-driver	4.1.3		de2e3bfb254f1b0972b1026087fe5b6b6b0e2bed
org.seleniumhq.selenium	selenium-ie-driver	4.1.4		de2e3bfb254f1b0972b1026087fe5b6b6b0e2bed
org.seleniumhq.selenium	selenium-ie-driver	4.10.0		6bf91e086c6dbb343d4cd614c4ca97a096afd6b3
org.seleniumhq.selenium	selenium-ie-driver	4.11.0		8cd3d3f63dd584eb03eff14b6e28f0bc76ee35ff
org.seleniumhq.selenium	selenium-ie-driver	4.12.0		b7b91613bd213e2c3a4ca5b493efc112f2e7f0b2
org.seleniumhq.selenium	selenium-ie-driver	4.12.1		67137653d0d2e0c4f6ea735c9e57772ed9f5b3f4
org.seleniumhq.selenium	selenium-ie-driver	4.13.0		67137653d0d2e0c4f6ea735c9e57772ed9f5b3f4
org.seleniumhq.selenium	selenium-ie-driver	4.14.0		c1701fd6861b8f304c3dd257b78e71f6e8988cff
org.seleniumhq.selenium	selenium-ie-driver	4.14.1		c1701fd6861b8f304c3dd257b78e71f6e8988cff
org.seleniumhq.selenium	selenium-ie-driver	4.15.0		c1701fd6861b8f304c3dd257b78e71f6e8988cff
org.seleniumhq.selenium	selenium-ie-driver	4.16.0		c1acde6dd15333a4f66f6886dac76c9739b1a385
org.seleniumhq.selenium	selenium-ie-driver	4.16.1		c1acde6dd15333a4f66f6886dac76c9739b1a385
org.seleniumhq.selenium	selenium-ie-driver	4.17.0		bb254836900b0b73184d7613b377b47c77eeb99f
org.seleniumhq.selenium	selenium-ie-driver	4.18.0		bb254836900b0b73184d7613b377b47c77eeb99f
org.seleniumhq.selenium	selenium-ie-driver	4.18.1		bb254836900b0b73184d7613b377b47c77eeb99f
org.seleniumhq.selenium	selenium-ie-driver	4.19.0		6cf7b3e46dee0afd683d6406e974d96c3f0502cc
org.seleniumhq.selenium	selenium-ie-driver	4.19.1		6cf7b3e46dee0afd683d6406e974d96c3f0502cc
org.seleniumhq.selenium	selenium-ie-driver	4.2.0		de2e3bfb254f1b0972b1026087fe5b6b6b0e2bed
org.seleniumhq.selenium	selenium-ie-driver	4.2.1		de2e3bfb254f1b0972b1026087fe5b6b6b0e2bed
org.seleniumhq.selenium	selenium-ie-driver	4.2.2		de2e3bfb254f1b0972b1026087fe5b6b6b0e2bed
org.seleniumhq.selenium	selenium-ie-driver	4.20.0		f3073e2fbeac6e2996724a18e8f63761224e373c
org.seleniumhq.selenium	selenium-ie-driver	4.21.0		c3499216bb107a4a45adbed8e3426de3a9773fe6
org.seleniumhq.selenium	selenium-ie-driver	4.22.0		c3499216bb107a4a45adbed8e3426de3a9773fe6
org.seleniumhq.selenium	selenium-ie-driver	4.23.0		c3499216bb107a4a45adbed8e3426de3a9773fe6
org.seleniumhq.selenium	selenium-ie-driver	4.23.1		c3499216bb107a4a45adbed8e3426de3a9773fe6
org.seleniumhq.selenium	selenium-ie-driver	4.24.0		c3499216bb107a4a45adbed8e3426de3a9773fe6
org.seleniumhq.selenium	selenium-ie-driver	4.25.0		c3499216bb107a4a45adbed8e3426de3a9773fe6
org.seleniumhq.selenium	selenium-ie-driver	4.26.0		c3499216bb107a4a45adbed8e3426de3a9773fe6
org.seleniumhq.selenium	selenium-ie-driver	4.27.0		c3499216bb107a4a45adbed8e3426de3a9773fe6
org.seleniumhq.selenium	selenium-ie-driver	4.28.0		c3499216bb107a4a45adbed8e3426de3a9773fe6
org.seleniumhq.selenium	selenium-ie-driver	4.28.1		6191ff21cdfe40cb0f465f47fa73a121bbef00de
org.seleniumhq.selenium	selenium-ie-driver	4.29.0		6191ff21cdfe40cb0f465f47fa73a121bbef00de
org.seleniumhq.selenium	selenium-ie-driver	4.3.0		74fd2c9977c7421c21802744ba0b0b7e6df5acbc
org.seleniumhq.selenium	selenium-ie-driver	4.30.0		6191ff21cdfe40cb0f465f47fa73a121bbef00de
org.seleniumhq.selenium	selenium-ie-driver	4.31.0		6191ff21cdfe40cb0f465f47fa73a121bbef00de
org.seleniumhq.selenium	selenium-ie-driver	4.4.0		9e9537a76b77ee6f21cc14e49de3d5024e742380
org.seleniumhq.selenium	selenium-ie-driver	4.5.0		b15c21acc5ce31ddda80628bc40080a6d4cf00f8
org.seleniumhq.selenium	selenium-ie-driver	4.5.1		238bf675277a3cef111eb6aab78a43b5400f4599
org.seleniumhq.selenium	selenium-ie-driver	4.5.2		238bf675277a3cef111eb6aab78a43b5400f4599
org.seleniumhq.selenium	selenium-ie-driver	4.5.3		238bf675277a3cef111eb6aab78a43b5400f4599
org.seleniumhq.selenium	selenium-ie-driver	4.6.0		e91b9424d0172b847c17037c774237ef2248c677
org.seleniumhq.selenium	selenium-ie-driver	4.7.0		1596dfa1f2e70a3f7569977c98e0d45319b54a46
org.seleniumhq.selenium	selenium-ie-driver	4.7.1		1596dfa1f2e70a3f7569977c98e0d45319b54a46
org.seleniumhq.selenium	selenium-ie-driver	4.7.2		76a86eefde2d6f1a1c25e3a59d79c90dd6d9c44d
org.seleniumhq.selenium	selenium-ie-driver	4.8.0		dd9c3830105ca0ea09b219b03f840afa382782c3
org.seleniumhq.selenium	selenium-ie-driver	4.8.1		dd9c3830105ca0ea09b219b03f840afa382782c3
org.seleniumhq.selenium	selenium-ie-driver	4.8.2		408920d4cb9aaa776f99fb1f785ae06d8a234be8
org.seleniumhq.selenium	selenium-ie-driver	4.8.3		408920d4cb9aaa776f99fb1f785ae06d8a234be8
org.seleniumhq.selenium	selenium-ie-driver	4.9.0		408920d4cb9aaa776f99fb1f785ae06d8a234be8
org.seleniumhq.selenium	selenium-ie-driver	4.9.1		2d477050da6039a96749803367921d11c5d8f855
org.xmtp	proto-kotlin	3.13.4		342512dd580bf406195c2e812a7d603326436e91
org.xmtp	proto-kotlin	3.13.5		2e091834b4c76b8df24cdaeeb2337308a8f03e7b
org.xmtp	proto-kotlin	3.14.0		1179ee947c6b06c56606cf27b286d6ae699c8630
org.xmtp	proto-kotlin	3.15.0		c0dd67f3b3ac148de11a12ab9b70cb8e3b4eeb38
org.xmtp	proto-kotlin	3.17.0		0e5efc20dab1daecdb254e95575ab7f7faba5003
org.xmtp	proto-kotlin	3.18.0		c03ebf0216fdcda4bb0ff7d23f7adfe09d050f78
org.xmtp	proto-kotlin	3.19.0		7dd0c13c6e1fdc9896ec41d7928a379bf57fe342
org.xmtp	proto-kotlin	3.20.0		21bb03c06dd4353f2f38067a6c574fa6aee11681
org.xmtp	proto-kotlin	3.21.0		b15dc2c42bd6744b24c3353d753f4aff40caecbd
org.xmtp	proto-kotlin	3.22.0		c477f056d9edfcd92ba9accc470df543f116b6f6
org.xmtp	proto-kotlin	3.22.1		3d5532fd35dae4f67191cd49973c3f07be3353e8
org.xmtp	proto-kotlin	3.22.2		e7bc4ab9ae10a89923ef0e9493615af6903ffb65
org.xmtp	proto-kotlin	3.22.3		0bc2a50b4daa564d8fbad9be68b7ef3b09129df3
org.xmtp	proto-kotlin	3.22.4		e2a66874ea332b32fd53af22215197a47604a9c2
org.xmtp	proto-kotlin	3.22.6		21872588f161a10d44220ae95989360221d312df
org.xmtp	proto-kotlin	3.22.7		700e536cdb2af190e332de3768cc76208c434f7c
org.xmtp	proto-kotlin	3.23.0		24c2d9e8225c7047ef0e4201ea89cff7b3b00a81
org.xmtp	proto-kotlin	3.23.1		6d4bae7425b7dffc2c276779a4868d5d420d97de
org.xmtp	proto-kotlin	3.23.2		4f6a6c5abe92e4c205a0b68633e6aa8019ef29d4
org.xmtp	proto-kotlin	3.24.0		38d013415527541d66b062efa78d412c7b752cee
org.xmtp	proto-kotlin	3.24.1		e4a0b5aeff95ce804865efa743bc34a0cbc6e223
org.xmtp	proto-kotlin	3.25.0		0e8ee9f2849713ed3cc02577049e51a57ce4fb9a
org.xmtp	proto-kotlin	3.26.0		be4b91fa7ee7f610fed55cccdb8d087722d7dd2c
org.xmtp	proto-kotlin	3.27.0		162579f222a7e48828dd0563cfd7b79352b75362
org.xmtp	proto-kotlin	3.28.0		13c8e88c947592e1d05a80b3dd76e714e7c968ec
org.xmtp	proto-kotlin	3.29.0		5b53b9e26194ad6ffe72db13e47ec4af32197044
org.xmtp	proto-kotlin	3.29.0-beta.1		c11b46567d048d3cbc43c78112af08bdbc0b7778
org.xmtp	proto-kotlin	3.30.0		ace34c1a32143407032b0fdb26c628c36402d809
org.xmtp	proto-kotlin	3.31.0		beec2429bdf2b1c1e746b7a41ac5f5681a8a677d
org.xmtp	proto-kotlin	3.31.1		7abc9c415e6484da09e1231a488ad3ed8d588155
org.xmtp	proto-kotlin	3.31.2		a411b37680d7a0928b0b5f509dc7c8109f7cf9f0
org.xmtp	proto-kotlin	3.32.0		fa3a47d4f61a8263eaeb0fbb88e34ab35d49900d
org.xmtp	proto-kotlin	3.33.0		93457027c80ba3348b21f709a3693335995f77d2
org.xmtp	proto-kotlin	3.34.0		88c7869f20cd7cb402f8869640e94d64ceb7ebe6
org.xmtp	proto-kotlin	3.35.0		5607cbba21e824ba37da790bed52506860025061
org.xmtp	proto-kotlin	3.36.0		f5e65fb2f9896b071925427ec73dddc2dc936f56
org.xmtp	proto-kotlin	3.36.1		15bbe079db299ca8ab23055a5984766993c3bf20
org.xmtp	proto-kotlin	3.36.2		9eb2be83460a22b133f510dc277ec577360c4160
org.xmtp	proto-kotlin	3.36.3		9516936dc606c7bd9057b960aa14f3d8f8bbc339
org.xmtp	proto-kotlin	3.37.0		e399b6afd325e47995485f0bbbcf9917b5cd72e2
org.xmtp	proto-kotlin	3.38.0		332746866d8dc265c353a7e7fbdfc7136beb647a
org.xmtp	proto-kotlin	3.39.0		078e2f13f557da845b1033d187903fb6993e2401
org.xmtp	proto-kotlin	3.40.0		5f51a95675401efd6d24f8b1caa64f9e85d3f884
org.xmtp	proto-kotlin	3.40.1		a109fda88d120d5becdade35a3db87e17ca995ec
org.xmtp	proto-kotlin	3.41.0		cefd2651931a006765829ca3604ced907beae33f
org.xmtp	proto-kotlin	3.42.0		1b17e6863747622ce0c0ae14537081d2eb7febda
org.xmtp	proto-kotlin	3.43.0		92ea803f39cc942a531390fbc7163d536e13f8a6
org.xmtp	proto-kotlin	3.43.1		05bf48866df08454ed5998d8bc6b79afa42c75d7
org.xmtp	proto-kotlin	3.43.2		fe1e3a35129fc40c14473e95f0d99d359216de67
org.xmtp	proto-kotlin	3.44.0		bc2900282c4bc8ce6a2e6aeced8937287d6d258a
org.xmtp	proto-kotlin	3.45.0		3fbef12a9b1c73ab2b62459c98ae50ef9769ab68
org.xmtp	proto-kotlin	3.46.0		80be24df9ea70f4779ba723be032fc66e3eaece4
org.xmtp	proto-kotlin	3.47.0		5d5f054dd4dd2e8dd3e1186dca4c584067bde090
org.xmtp	proto-kotlin	3.48.0		01aea80aca511bd530179cae185db0e85c2e1680
org.xmtp	proto-kotlin	3.49.0		59adba9641db51b5feccceeec16a14557cdd3bb9
org.xmtp	proto-kotlin	3.49.1		0b5610fd0c313e4ab859d9728c6483db4b84a331
org.xmtp	proto-kotlin	3.49.2		8cfa4e583195f34bd8dbd2470fe225247af2ec81
org.xmtp	proto-kotlin	3.51.0		ccb14f69c98ae159c807fc85d33d4b06cfc620fa
org.xmtp	proto-kotlin	3.51.1		70223e9d67145f602b8d45cfb2f34d197c10f6f3
org.xmtp	proto-kotlin	3.52.0		5c9354c393623bd008c3ed1ecfd5dda48b871e1f
org.xmtp	proto-kotlin	3.53.0		a67671f95654a8cd77c9fafcc29edf141919c3f4
org.xmtp	proto-kotlin	3.54.0		35b6ba75af9d7273fd518bb53cc645e65a43a374
org.xmtp	proto-kotlin	3.54.1		23599240ee77b0473fa404a95a8aee97994a4f45
org.xmtp	proto-kotlin	3.54.2		e5010a7509dd3b444a2615d7b7f3317a6e75597e
org.xmtp	proto-kotlin	3.55.0		497ee9c9f1f0c7087e5e5f40c986cab3f76dce11
org.xmtp	proto-kotlin	3.56.0		7ddb8d75aa8d83d8711faee2f8941e5aad4e84c9
org.xmtp	proto-kotlin	3.57.0		9e7288933c1140e2f274e2aa4fb08b616ad5cfca
org.xmtp	proto-kotlin	3.58.0		abb8ed5f1c1273f56c643777ab314578363de2ce
org.xmtp	proto-kotlin	3.59.0		c4151a2382ae6d7d419e9193cb263a308c13581c
org.xmtp	proto-kotlin	3.60.0		69c0a2cd5dcffba50b5167488e3483ee95777f42
org.xmtp	proto-kotlin	3.61.0		ff2c2da0c57b6c50ab3fa2f88aec15e6a7d016e1
org.xmtp	proto-kotlin	3.61.1		e9070c07c8d1222d024ef1badcbfcc68f667d76b
org.xmtp	proto-kotlin	3.62.0		3ed5e3835484c3cd61e5204ba8500542de2785f0
org.xmtp	proto-kotlin	3.62.1		0b9553ff9a8e9b05fdbf5577af3311d1eb3d6a9d
org.xmtp	proto-kotlin	3.63.0		baae9cb3542b899933748f6ae924affa09ed72e0
org.xmtp	proto-kotlin	3.64.0		3c1d1c71123e3739c0b3a2a66af368efaf06db7a
org.xmtp	proto-kotlin	3.65.0		8ac8cb9aba52d88f3e2c52a00c84bc94bf3b97bf
org.xmtp	proto-kotlin	3.66.0		a23ffca48c654cfdb98ae1b1a95a7d73a4a8271d
org.xmtp	proto-kotlin	3.67.0		87833e93ac3e46a9ea5999c7110b4631803e1322
org.xmtp	proto-kotlin	3.67.1		44b50400a2fd486cf195e7c9b31078f0da365e58
org.xmtp	proto-kotlin	3.68.0		ddc79d50b091945be686cced3501766c11899cba
org.xmtp	proto-kotlin	3.69.0		426e3fcef2f21920ea19e9c0b8817b059c724437
org.xmtp	proto-kotlin	3.70.1		9453edf74221c323995891850a6d2ba08d2985e0
org.xmtp	proto-kotlin	3.70.2		4e2672e0aaf278a2fd70fb2bf4f2d9e27b853cf5
org.xmtp	proto-kotlin	3.71.0		53728cea027a014101ee325bff5b1ddd90650150
org.xmtp	proto-kotlin	3.72.0		efdde46984a4cad25aa22f8c5b5d5d37f6657915
org.xmtp	proto-kotlin	3.72.1		4fceae177e9ab5bb5cc50e6ae4ca731cb7d0129d
org.xmtp	proto-kotlin	3.72.2		4660dd035270628d67c9257b2a2caaca0ec2c14e
org.xmtp	proto-kotlin	3.72.3		612db76ac51bab607fd009a0ddab890572367f26
org.xmtp	proto-kotlin	3.72.4		774fe9f4cb98cd0a12c6b4ba05d622ed118a736a
org.xmtp	proto-kotlin	3.73.0		2114d0d9c48c2422ce5d192c36f88cf570895c28
org.xmtp	proto-kotlin	3.74.0		80bb2cd2fc6863d379bc59f551d1e1c58edd1b88
org.xmtp	proto-kotlin	3.75.0		a9f9909bf04971a2824de434fd706862f91ef711
org.xmtp	proto-kotlin	3.76.0		6fba33bf2b8fdafa6ff4ee3f988af3fca43d72e4
org.xmtp	proto-kotlin	3.77.0		bee9a9e5b544c8bd587d64eec7d6b77c7d80fabc
org.xmtp	proto-kotlin	3.77.1		5a4fd89ded78c4eb6c7025b28334edd7279d810c
org.xmtp	proto-kotlin	3.78.0		fccd680cc6227c2b7b97258aef5f9877d795727d
