at.asitplus.wallet	ehic-iosarm64	1.0.0	metadata	c8e1954c2324bbe0f6a0f0e08ad5005132f0df2c
cash.atto	commons-worker-js	3.1.0		N/A
cash.atto	commons-worker-js	3.2.0		N/A
cash.atto	commons-worker-js	3.3.0		N/A
cash.atto	commons-worker-js	3.3.1		N/A
cc.vihackerframework	vihacker-common-starter	1.0.4.R		56829457f59accd6024ca5cc4b67f3cb40accc3a
cc.vihackerframework	vihacker-common-starter	1.0.5.R		db6e07f9cc04081f9f6b3bb43d51f4b914d15f0e
cc.vihackerframework	vihacker-common-starter	1.0.6.R		461a62366e463f29b51c1a34e9094d7f97f79347
cc.vihackerframework	vihacker-common-starter	1.0.8.R		e2ca72f11869fb94ddfa867ae3b289f222b31993
ch.exense.step-enterprise.examples	demo-api-client	3.13.0		fc054d3f02451316f85f6dd88c6ebff6a12ebb4b
cn.adbyte.wxwork	qywx-spring-boot-model	4.4.1-springboot3		0b535a9833b5695b274e21ed9828e0e897af617e
co.touchlab	koin-core-tvosx64	3.0.2-khan		N/A
com.acooly	openapi-framework-facade	5.2.0		98c81253d745ae90a1017c7d86d14941fc5f6ccf
com.acooly	openapi-framework-facade	5.2.1		7281a80b92c9ac265012d0846395afe03f649dcb
com.acooly	openapi-framework-facade	5.2.10		a38d970aa6f0d740addd5924d557690dd9e1e472
com.alipay.sofa.serverless	sofa-serverless-adapter-apollo	0.5.5		fed7f5246e99fcb344a9c958c13cbf999268a438
com.alipay.sofa.serverless	sofa-serverless-adapter-apollo	0.5.6		5215ad3178676ceea2946ceb914bc4bd2edea49d
com.bmuschko	gradle-vagrant-plugin	2.2		705ea1d980346ec18926738c317c0a6175e5f454
com.bmuschko	gradle-vagrant-plugin	2.2	groovydoc	2ca728df6450fcc66ba3e570e5a73b52f23d34c5
com.bmuschko	gradle-vagrant-plugin	2.2.1		5d7f5e84afa733af3e1adf44c8f45a837f4eb05d
com.bmuschko	gradle-vagrant-plugin	2.2.1	groovydoc	647c8f9986fea984a982813a13d4153fc6551148
com.bmuschko	gradle-vagrant-plugin	3.0.0		e41e9baa6ca150c6fc340e05b11d6214d068c3af
com.bmuschko	gradle-vagrant-plugin	3.0.0	groovydoc	a5ee2953c5e18c13ce52b43dc080645fde0dc4a1
com.cognitect.aws	backupsearch	871.2.29.39		abc21ad8a81fb1eac38517335eab51441b96fe5a
com.commsen.em	em.augment	0.1.0		24cadf0881bbb42cb28107d22699d534d4769ace
com.commsen.em	em.augment	0.2.0		62d7ad12ef1b4ffbf605da852ced853305f91412
com.fifesoft	rtext-root-pom	1		N/A
com.fifesoft	rtext-root-pom	2		N/A
com.fifesoft	rtext-root-pom	3		N/A
com.github.david-bouyssie	sqlite4s_native0.4.0-M2_2.11	0.2.0		90de8636f37467e6a511e35fe121d362aa576f38
com.github.jinahya	sexagenary-cycle	0.0.3		061e3d29a53215d724850088ac812106fb47ef92
com.github.jinahya	sexagenary-cycle	0.0.5		5caef030faf01edbc5b9a2504165d698965dab02
com.github.jinahya	sexagenary-cycle	0.0.6		ed0fa4ff315756062b2df3f1fe652c1c69edf0b0
com.github.jinahya	sexagenary-cycle	0.0.7		6e39b1197245ed8ed791657a0a760eb27ff03928
com.github.jinahya	sexagenary-cycle	0.0.8		ce1a23c99dbbff64af3c988d0c47289b488cfd7a
com.github.joutvhu	xirr	1.0.0		cb0f1d4ef252e098727fd304f0155ea5ced6437c
com.github.joutvhu	xirr	1.0.1		76c84fc8c8336be2d4040cab842d6dd3cea533cb
com.github.joutvhu	xirr	1.0.2		7e3eae0df6685c081990568494e37cac760f51ca
com.github.joutvhu	xirr	1.0.3		bed30ef0ade0d5a37a2ca57e4956ac84182bb64a
com.github.joutvhu	xirr	1.0.4		53ff336e648c23adb0e97767a7492d5116c986fe
com.github.joutvhu	xirr	1.0.5		6a151db788066999fc80171566b545feaea95d42
com.github.joutvhu	xirr	1.1.0		013223365991378b97160ded56a1323b1ffe43d9
com.github.joutvhu	xirr	1.1.1		4ff4da837143f8b4a79001ab360b30943e64126a
com.github.joutvhu	xirr	1.1.2		023ae056fbfaa14366891ed222cde8df92efd32e
com.github.lpezet.antiope	antiope-core	0.0.2		8b198a6d8c8db4dd331cedeea436a34fee7c6d23
com.github.seregamorph	maven-turbo-reactor	0.1		N/A
com.github.xuwei-k	pj_2.10	0.1.1		423f61b7627cc98390d75050fbcfa417710fb41d
com.helger	phase4-peppol-servlet	0.9.10		69c890b68358155013216ea6e75804cd6867fd6a
com.helger	phase4-peppol-servlet	0.9.11		2019a435f8f24b8c9453b32ea851b9bff4592020
com.helger	phase4-peppol-servlet	0.9.12		672dd419c3160ea045fe3b87b583858c02526ac7
com.helger	phase4-peppol-servlet	0.9.13		3e6285a284ea8c14a8e827d3ee5a4d0c0d0f96d1
com.helger	phase4-peppol-servlet	0.9.14		5eacfebb761031e7be06473c9f6ce16d5c35655b
com.helger	phase4-peppol-servlet	0.9.15		00b806f13a574f435a7383dd5f867c1b35768bfc
com.helger	phase4-peppol-servlet	0.9.16		1e08889b5730166cfe4c8153133026d7e9ce7cb3
com.helger	phase4-peppol-servlet	0.9.7		6aaf99810f19258453a3ccc8f61d8678e14d24d3
com.helger	phase4-peppol-servlet	0.9.8		86e0cee9858264cf50c85fa0fa949b0ff1312486
com.helger	phase4-peppol-servlet	0.9.9		fd8e01d9e0c0d77349ed14b90138eec31a10ab75
com.husseinala	blue-falcon-iosarm64	0.9.8		N/A
com.husseinala	blue-falcon-iosarm64	0.9.8	metadata	1a4c9822c83cee4aa4d72f40a4c46c13baa39008
com.husseinala	blue-falcon-iosarm64	0.9.9		N/A
com.husseinala	blue-falcon-iosarm64	0.9.9	metadata	39f71686c8a7f517b67d3843f58e5aeeb6cb83d8
com.jd.blockchain	explorer	0.7.0.RELEASE		6a8d9261c1b379ecfc6175b0de607266768608b7
com.lihaoyi	scalac-mill-moduledefs-plugin_3.5.2	0.11.3-M1		185c0ee7af474bfcc588b927d8d8aadbe4d92e02
com.lihaoyi	scalac-mill-moduledefs-plugin_3.5.2	0.11.3-M3		5cc220febf869ffbb0fb655830b5bd9f8b77fb9c
com.lihaoyi	scalac-mill-moduledefs-plugin_3.5.2	0.11.3-M4		a31a55d3df165ad3ba94a2f230d9608ee478463a
com.lihaoyi	scalac-mill-moduledefs-plugin_3.5.2	0.11.3-M5		d7d9fcf5e248d77fa87ebdfd8a9d1c89646f5c8f
com.lihaoyi	scalac-mill-moduledefs-plugin_3.5.2	0.11.3-M6		ef5035eb64d65ce711db092e3cce9fbbf7f6af6d
com.lihaoyi	scalac-mill-moduledefs-plugin_3.5.2	0.11.3-M7		1cf095b20cdb0535f9e0cc2d7cda09745e0bbfcc
com.lihaoyi	scalac-mill-moduledefs-plugin_3.5.2	0.11.4		521695096bc0aa06e8594a69ad631b3b54145674
com.louiscad.splitties	splitties-experimental-js	3.0.0		b3ea415c40d90d3c0639e5301fedac13a881bbe5
com.louiscad.splitties	splitties-experimental-js	3.0.0-beta02		deb7270e15b3b72befb82e15982259bd42aabff1
com.louiscad.splitties	splitties-experimental-js	3.0.0-beta03		71457fdb2a4cb3393983ee7308e085192f68c281
com.louiscad.splitties	splitties-experimental-js	3.0.0-beta04		f42925af09b5fbecf17b15348b8fbc9c308c73e1
com.louiscad.splitties	splitties-experimental-js	3.0.0-beta05		576b3e34cabdbd070b01b5130cb92f21a8ed1545
com.louiscad.splitties	splitties-experimental-js	3.0.0-beta06		ce072e9d5d92dba142006edb6c9f57cb72b15a56
com.louiscad.splitties	splitties-experimental-js	3.0.0-rc01		11132f4cd161b95bd5ff43941346d477b56afdd5
com.louiscad.splitties	splitties-experimental-js	3.0.0-rc02		eca3b4e9cf91474b68b8897e18f514aad603b637
com.louiscad.splitties	splitties-experimental-js	3.0.0-rc03		3373230adb52226732f7c8d9a8d186e68c193743
com.neko233	neko233-action-chain	0.0.1		fcd65dff69ed03791f5a444964c3df6901dc1ea7
com.neko233	neko233-action-chain	0.0.11		665c35e80b29bc2b35dd37bac7958d0a78c87221
com.neko233	neko233-action-chain	0.0.12		9636775865df225dccc21fd55f2ff1a04f77cafe
com.neko233	neko233-action-chain	0.0.13		054fd5bc55f3c655b40bafd838e9cf38b5cb4f1d
com.neko233	neko233-action-chain	0.0.14		1f1a3d65e114bbe6b516237d70be319b4a2a5e93
com.neko233	neko233-action-chain	0.0.2		612eb8c0b94c695e1b9eda18eaca0e80fb039d1b
com.neko233	neko233-action-chain	0.0.3		93ef5b29becdcafdbc73bbd469ef840d309841e2
com.neko233	neko233-action-chain	0.0.4		d3143dc3c00ad4963b1037dfec4530e1f57e14ab
com.neko233	neko233-action-chain	0.0.5		3a38fb795c2e7fb8d67209060aa1f5167f38566c
com.neko233	neko233-action-chain	0.0.6		b637d79fea9c634dee5afdd328b47b9f3b92f2b0
com.neko233	neko233-action-chain	0.0.7		c51e10859b2314d59c3912bfb111fba43bde49ba
com.neko233	neko233-action-chain	0.0.8		57bce6c3a58f8b32d0c82646f04edee543eef5d8
com.neko233	neko233-action-chain	0.0.9		59f076eda83d5e4bbf7f9af4e9ea7b7bba69df37
com.salesforce.einsteinbot	einstein-bot-channel-connector-java-starter	1.0.0		5820e8d4eee819ad4ed43796c51616cc83f322e0
com.salesforce.einsteinbot	einstein-bot-channel-connector-java-starter	1.0.1		86f6a65f4580f1a10ff5130693fd26588d3dc17b
com.salesforce.einsteinbot	einstein-bot-channel-connector-java-starter	1.0.2		493320b78d653ec146a9a34692cce30a13d34c6e
com.salesforce.einsteinbot	einstein-bot-channel-connector-java-starter	1.0.3		2749a77569ed38c4c6610232ed1629ed03035dba
com.salesforce.einsteinbot	einstein-bot-channel-connector-java-starter	1.0.4		33482cecd611a09cf4a263285af3ab588fbb6494
com.salesforce.einsteinbot	einstein-bot-channel-connector-java-starter	1.0.5		96dca9d357775418e080c782797ddc6809f16a5e
com.salesforce.einsteinbot	einstein-bot-channel-connector-java-starter	2.0.0		d89471d3582a19ac9609d852c662eb64181809d1
com.salesforce.einsteinbot	einstein-bot-channel-connector-java-starter	2.0.1		85732d09f88848cf717d07c89ce22a894059ce1c
com.salesforce.einsteinbot	einstein-bot-channel-connector-java-starter	2.0.2		2647d832cd386ac3ee98dc3aa0d8eda4fd408290
com.salesforce.einsteinbot	einstein-bot-channel-connector-java-starter	2.0.3		c789bef62f39f35a43f5ef4f39465e1d77c0d787
com.salesforce.einsteinbot	einstein-bot-channel-connector-java-starter	2.0.4		88ca59696643a27e251786bf9e5a05adcf51835c
com.salesforce.einsteinbot	einstein-bot-channel-connector-java-starter	2.1.1		29266bc43ca3a50f5fe157b74f45a6b6e8d261c6
com.softwaremill.odelay	odelaytesting_3	0.3.3		fe4d63dc0a4fe02ec3ace8884bcfbdd4cbfe3d7f
com.softwaremill.sttp	async-http-client-backend-monix_2.11	0.0.14		3f8504d8ced8323634c7121a5e854e83fa357fb1
com.softwaremill.sttp	async-http-client-backend-monix_2.11	0.0.15		0b17c886285129a5809e7f708a28a6bda381be8f
com.softwaremill.sttp	async-http-client-backend-monix_2.11	0.0.16		d0e40fb6abd54d30172461a2a277ae3859ccb3a9
com.softwaremill.sttp	async-http-client-backend-monix_2.11	0.0.17		1656ea08e64062fecba4309d832e19ba5333ebe5
com.softwaremill.sttp	async-http-client-backend-monix_2.11	0.0.18		ead651e175661bfef5b9da3361a5c71ada4cf218
com.softwaremill.sttp	async-http-client-backend-monix_2.11	0.0.20		4f6fb216426bd273f0e7e775e90242f88ae8ebc8
com.softwaremill.sttp	async-http-client-backend-monix_2.11	0.0.21		5f7cb827494b1cbd8ff640e3df25754ae41a7bbf
com.softwaremill.sttp	async-http-client-backend-monix_2.11	1.0.0		b5009e7cac32e155f6db31ee263d4f7318b95027
com.softwaremill.sttp	async-http-client-backend-monix_2.11	1.0.1		3c7955a4f89ecbed38e04a93e5103ff2bbb53120
com.softwaremill.sttp	async-http-client-backend-monix_2.11	1.0.2		97d61c21030d7ab5c49ce3a60ab95c8d4a84e530
com.softwaremill.sttp	async-http-client-backend-monix_2.11	1.0.3		052400f888e216712094e513d622667bda1975ba
com.softwaremill.sttp	async-http-client-backend-monix_2.11	1.0.4		2c04e0c83a8885a26e35e3a1a9fd3a628a1411e3
com.softwaremill.sttp	async-http-client-backend-monix_2.11	1.0.5		761f49a4ce8687332f8ad88587e391157b65fd14
com.softwaremill.sttp	async-http-client-backend-monix_2.11	1.0.6		9681ed734fd91d5621e8122a85458f699868c7a3
com.softwaremill.sttp	async-http-client-backend-monix_2.11	1.1.0		015ab9803449c8dcdcf8f82a08235da311b9879f
com.softwaremill.sttp	async-http-client-backend-monix_2.11	1.1.1		c29c225df4a8f4ed29ec648a57ba73cd37a6c172
com.softwaremill.sttp	async-http-client-backend-monix_2.11	1.1.10		b78a1e0721200684f3f7b7d1e80bd7bd75b34a32
com.softwaremill.sttp	async-http-client-backend-monix_2.11	1.1.11		dbc30aba86bb91c8f24e39d54cf4c8a23eaab77e
com.softwaremill.sttp	async-http-client-backend-monix_2.11	1.1.12		aa39efb6e08e45fed5d1dd3136021e7769db57f8
com.softwaremill.sttp	async-http-client-backend-monix_2.11	1.1.13		b8416443d97e8d9121eee5b738724981c585e4e8
com.softwaremill.sttp	async-http-client-backend-monix_2.11	1.1.14		0e4f06da5891c9cebd12e0eb16fb1ca3d161fc45
com.softwaremill.sttp	async-http-client-backend-monix_2.11	1.1.2		a825c8e6fcd11cb3a38c516b4d83a8610d6249b8
com.softwaremill.sttp	async-http-client-backend-monix_2.11	1.1.3		8420203c576f9b2e0cd79a93d0ac2d1133f14946
com.softwaremill.sttp	async-http-client-backend-monix_2.11	1.1.4		629a7222ee2076655bffcbf25c56a86d2744def2
com.softwaremill.sttp	async-http-client-backend-monix_2.11	1.1.5		6f4276af565b32c8c74d0b54f04b7fdd827d3588
com.softwaremill.sttp	async-http-client-backend-monix_2.11	1.1.6		f2e397fca2d613e25bfa2d5a48cc36ae442d48dc
com.softwaremill.sttp	async-http-client-backend-monix_2.11	1.1.7		49406e9423768df58de1e12f0b27434490da5c5d
com.softwaremill.sttp	async-http-client-backend-monix_2.11	1.1.8		195e2b7278c7eddb35b55eb1e82b4a76e4b39378
com.softwaremill.sttp	async-http-client-backend-monix_2.11	1.1.9		4e46b497ccb42c68e72feba99d4cad254150727c
com.softwaremill.sttp	async-http-client-backend-monix_2.11	1.2.0		3a1bc014c4d530203759388ebfd5adb3e1297df6
com.softwaremill.sttp	async-http-client-backend-monix_2.11	1.2.0-RC1		2c4023b2be8398b71d80bb7a179cff015eb4bae1
com.softwaremill.sttp	async-http-client-backend-monix_2.11	1.2.0-RC2		84073772ee9e53cf37a03751df1729257001614e
com.softwaremill.sttp	async-http-client-backend-monix_2.11	1.2.0-RC3		c1a32e58a6826b91fb85798d1405daf68ae6326b
com.softwaremill.sttp	async-http-client-backend-monix_2.11	1.2.0-RC4		9f30f9381bf7b60894f4634193354c35cdccf2e9
com.softwaremill.sttp	async-http-client-backend-monix_2.11	1.2.0-RC5		50914f42093abde4d168cd5a0506f3f3b471f1c8
com.softwaremill.sttp	async-http-client-backend-monix_2.11	1.2.0-RC6		d4d71acd5fca1c516e2e7000e9208bec50f9a97d
com.softwaremill.sttp	async-http-client-backend-monix_2.11	1.2.1		e907680e21eda6d0c0a1db6bce4d5ce9d51fd551
com.softwaremill.sttp	async-http-client-backend-monix_2.11	1.2.2		3ce7496cb1496a8f449bfc4b62046bdbc74741c4
com.softwaremill.sttp	async-http-client-backend-monix_2.11	1.2.3		112546451a2ce36642b48d5610a42e346f90d883
com.softwaremill.sttp	async-http-client-backend-monix_2.11	1.3.0		c08503ad5b5c6df53945c45146dc358e7f26b03d
com.softwaremill.sttp	async-http-client-backend-monix_2.11	1.3.0-RC1		9c160fb729a36efc3b55a164fdac06a1a5d50f70
com.softwaremill.sttp	async-http-client-backend-monix_2.11	1.3.0-RC2		ac8d151dee1444274288aeb5d0887ad8ff5b0330
com.softwaremill.sttp	async-http-client-backend-monix_2.11	1.3.0-RC3		00990828790f81c74ad14e1efcc9963bc871cd18
com.softwaremill.sttp	async-http-client-backend-monix_2.11	1.3.0-RC4		c6e1e49ce7ef40c6ea8e249c120792727f1ccafa
com.softwaremill.sttp	async-http-client-backend-monix_2.11	1.3.0-RC5		b313d4711b50f9bab42755d7a346aadeac205a56
com.softwaremill.sttp	async-http-client-backend-monix_2.11	1.3.1		5770d385d97e50aff7bcf63471865ce5faeb1e71
com.softwaremill.sttp	async-http-client-backend-monix_2.11	1.3.2		38dbc3c17307172741fed7003a20725b06268c14
com.softwaremill.sttp	async-http-client-backend-monix_2.11	1.3.3		5e9e60aac8db6e23fd16c3fb2b4653f316464f2f
com.softwaremill.sttp	async-http-client-backend-monix_2.11	1.3.4		b5dfd3a44014d9e549bc8aadcf288d1f907e710c
com.softwaremill.sttp	async-http-client-backend-monix_2.11	1.3.5		b769747a243abf826e242a71519714a5ef85b25c
com.softwaremill.sttp	async-http-client-backend-monix_2.11	1.3.6		2f6e1e693aa3b66f3acf52ebf1eb86d22f83bbc7
com.softwaremill.sttp	async-http-client-backend-monix_2.11	1.3.7		e4ac80fd6d2bf4825132ef8eaf1cefa3fa33bb1a
com.softwaremill.sttp	async-http-client-backend-monix_2.11	1.3.8		466fcb956081f1a9b87a1b6623a477469c5ab71d
com.softwaremill.sttp	async-http-client-backend-monix_2.11	1.3.9		89d4e4ca3a8d776c82330ba6f67cb5456e91d6a9
com.softwaremill.sttp	async-http-client-backend-monix_2.11	1.4.0		789f5b378d1bd23f5b1aeb612da04e5889664b52
com.softwaremill.sttp	async-http-client-backend-monix_2.11	1.4.1		fa35835d116ee90a59582e24b2adbe56b6ab0028
com.softwaremill.sttp	async-http-client-backend-monix_2.11	1.4.2		cbf8d527afc461d8a60212aeaedfc9a103382b5b
com.softwaremill.sttp	async-http-client-backend-monix_2.11	1.5.0		0be0e9ba7865353ddfe1ac1a859668e5de98179e
com.softwaremill.sttp	async-http-client-backend-monix_2.11	1.5.1		d009240566aebebb82eb6a6528637a8c54b89e3f
com.softwaremill.sttp	async-http-client-backend-monix_2.11	1.5.10		3a1872d257e8cd55f37d2eaaa7663cf0d9adbd6f
com.softwaremill.sttp	async-http-client-backend-monix_2.11	1.5.11		cd71b35de0ab7072f4f44ecfa7ad3f459f9c81f5
com.softwaremill.sttp	async-http-client-backend-monix_2.11	1.5.12		3b1e023093b9276c3952a3efe7180ce466225745
com.softwaremill.sttp	async-http-client-backend-monix_2.11	1.5.13		7ca24312fb2978c658acf5b27695fdbe7a6333fb
com.softwaremill.sttp	async-http-client-backend-monix_2.11	1.5.14		e6d97e5566f36354fadb76babf9aa242984ee741
com.softwaremill.sttp	async-http-client-backend-monix_2.11	1.5.15		ac3abfa802606c62803527b031be57f4d8e8e00e
com.softwaremill.sttp	async-http-client-backend-monix_2.11	1.5.16		f70af6f1133051ecc92d93dec0e62565268ff69e
com.softwaremill.sttp	async-http-client-backend-monix_2.11	1.5.17		edbec7f51919416bb867f5e41efeff116ce2d88c
com.softwaremill.sttp	async-http-client-backend-monix_2.11	1.5.18		6489b727c43adfd92f4dbf8b58508f802b03707e
com.softwaremill.sttp	async-http-client-backend-monix_2.11	1.5.19		5c1eacd1c96247b9193a4df5482badd7dd8fd22a
com.softwaremill.sttp	async-http-client-backend-monix_2.11	1.5.2		a9695bb25e24607b1f78175651df3141b2335112
com.softwaremill.sttp	async-http-client-backend-monix_2.11	1.5.3		da0985eb53dc4844663c5896a5a03016366aba33
com.softwaremill.sttp	async-http-client-backend-monix_2.11	1.5.4		2763d366ec1e5bd4d07e148ef2025a9590618a3e
com.softwaremill.sttp	async-http-client-backend-monix_2.11	1.5.5		0f041e5ae728df3ce064d7a99503e131eedd70fe
com.softwaremill.sttp	async-http-client-backend-monix_2.11	1.5.6		0b47cf37ddfbb874305c45c33a0da518d82737c5
com.softwaremill.sttp	async-http-client-backend-monix_2.11	1.5.7		01f22ce7b561d8f959937fb0c0cfec58bd3bf171
com.softwaremill.sttp	async-http-client-backend-monix_2.11	1.5.8		363e2362edaf462ac8cc0864a4df82776bfc53ff
com.softwaremill.sttp	async-http-client-backend-monix_2.11	1.5.9		fc69640e211d8553fd892b567158a32654b5b0c5
com.softwaremill.sttp	async-http-client-backend-monix_2.11	1.6.0		bc06ce4b90ab3040b846a292f3b95ea428d2e449
com.softwaremill.sttp	async-http-client-backend-monix_2.11	1.6.1		e137f334e707a42e3d3a9796e935198bd527d243
com.softwaremill.sttp	async-http-client-backend-monix_2.11	1.6.2		7c86aa0a13a63cf14ed6be4a104689c5f6328436
com.softwaremill.sttp	async-http-client-backend-monix_2.11	1.6.3		9f2f0eb37cd13385bacbd58552e692fe4b22f99a
com.softwaremill.sttp	async-http-client-backend-monix_2.11	1.6.4		ebe9e0658882a1c703ef1f60769dd99c06638c6d
com.softwaremill.sttp	async-http-client-backend-monix_2.11	1.6.5		918264880c1887f2b0965c8a5a5818d370448857
com.softwaremill.sttp	async-http-client-backend-monix_2.11	1.6.6		54bd298c0e267478ecdec8ae63d92c3ed5b9d8c5
com.softwaremill.sttp	async-http-client-backend-monix_2.11	1.6.7		92fdfac18b103d698043f29c85b87a9c733fbe0b
com.softwaremill.sttp	async-http-client-backend-monix_2.11	1.6.8		de418f3626c419f66a19ac0007120be837138a0d
com.softwaremill.sttp	async-http-client-backend-monix_2.11	1.7.0		f667cd8d9f412f56f1765237b2fc0a19fb695456
com.softwaremill.sttp	async-http-client-backend-monix_2.11	1.7.1		df11e3d0b2200d3bd6a925ec9f1f9d74169499e3
com.softwaremill.sttp	async-http-client-backend-monix_2.11	1.7.2		1810dca17e59092a138ecd0c96efe9b458385834
com.soywiz.korlibs.korio	korio-metadata	2.0.10		4a54b50b7a57f737f1b3ca3d0350cab2d3d37abf
com.spotify	elitzur-scio_2.13	0.6.10		8cf31cfcb6656646497753253130374e761a7960
com.spotify	elitzur-scio_2.13	0.6.11		0bdda9d7b15f7eef4f191b236888c346f18c2f2b
com.spotify	elitzur-scio_2.13	0.6.12		b1ca8a4867912fe3a09c17204043c70413c48a9c
com.spotify	elitzur-scio_2.13	0.6.14		1719dcdc21aad27c67443aead152011db3fdf13a
com.spotify	elitzur-scio_2.13	0.6.15		0b866fe2ac9964aeb055fd97dbebf3e2aef0119b
com.spotify	elitzur-scio_2.13	0.6.15-SCI00120-RC11		95a8c37143d7ff1cca460d433157ed7128a55b4d
com.spotify	elitzur-scio_2.13	0.6.16		29e6aa9f02346b5df734fbad8b914aa2afa1f1a8
com.spotify	elitzur-scio_2.13	0.6.2		a46d5e2395934aa3bfc35f9219634807a92dc7f4
com.spotify	elitzur-scio_2.13	0.6.3		beb42e499c1519933d70056e106fc43aa820c034
com.spotify	elitzur-scio_2.13	0.6.4		13e8a5820c873ea69a6273cfbece5414bbd26217
com.spotify	elitzur-scio_2.13	0.6.5		f2e69a6ed26ff347a04d6f11e5f4f36a0ad22a90
com.spotify	elitzur-scio_2.13	0.6.6		6a7785cedb79e7e6cbd0054826132e73eec353ba
com.spotify	elitzur-scio_2.13	0.6.7		cd3f6b5726413450296380d138b6bfa223d186bd
com.spotify	elitzur-scio_2.13	0.6.8		b3ac4b429420215d6969dc44932f0b011c845ce0
com.spotify	elitzur-scio_2.13	0.6.9		fbd7fa27d592d3829d3ad59ed89b51f33427783b
com.spotify	elitzur-scio_2.13	0.7.0		8fb2dd73fb74628a661f5fcfff0c06b70ad7ee32
com.spotify	elitzur-scio_2.13	0.7.1		304473a115c3222b1b9278ddfe3bf500cdf0184f
com.spotify	elitzur-scio_2.13	0.7.2		3b0a6a4b40e6d0e88deb8e4b355bdee575533f7b
com.spotify	elitzur-scio_2.13	0.7.3		741023dca5f9a078c32fe6fae6153096d371885a
com.spotify	elitzur-scio_2.13	0.7.4		0256eb3b9f2c74753ff8323e5cb5be7087a587d2
com.tngtech.jgiven	jgiven-testng	0.1.7		c10631fe39916e1aad843d7178288f82bba8686c
com.tngtech.jgiven	jgiven-testng	0.10.0		cd81a1ab3a0c140b93b121d50723504a45965d3f
com.tngtech.jgiven	jgiven-testng	0.10.1		053aec1bc1869eeac2e56de219857f3f0b49a417
com.tngtech.jgiven	jgiven-testng	0.11.0		08ccb52e6468c038be7ac369b3aa85d20a4965c4
com.tngtech.jgiven	jgiven-testng	0.11.1		a9e799480669eb84cf969aef5669951603889e98
com.tngtech.jgiven	jgiven-testng	0.11.2		c4be7d4ca00a3eb72d3e1288179acd3d1c331bb5
com.tngtech.jgiven	jgiven-testng	0.11.3		bef967b4b374172050e9fd5d41fc2d2319023619
com.tngtech.jgiven	jgiven-testng	0.11.4		68db313d351a3ee9fefa217dc85f79bc3b5d5a23
com.tngtech.jgiven	jgiven-testng	0.12.0		8d003ccfec249ddc6d53059b3b63f11be3f01c24
com.tngtech.jgiven	jgiven-testng	0.13.0		b10b26e9c9cc64c3925b634376bc60afda4143cd
com.tngtech.jgiven	jgiven-testng	0.13.0-RC1		9b1cc1129953c86926a7574edb786ce99fe05184
com.tngtech.jgiven	jgiven-testng	0.13.1		e988813bc6c1121047bdb5744ec52696dc8154e4
com.tngtech.jgiven	jgiven-testng	0.14.0		2f70ca6f0a1c4d099c80055603de6837ded3636f
com.tngtech.jgiven	jgiven-testng	0.14.0-RC1		8d162c3cddd34b2a320c4c9af529ef3a79fafd1a
com.tngtech.jgiven	jgiven-testng	0.14.0-RC2		556ecedf0668f8d0e7b46bc75c329f25300560a5
com.tngtech.jgiven	jgiven-testng	0.14.0-RC3		199a017cc8dec2a222e25f6338d9afe6fe87eed9
com.tngtech.jgiven	jgiven-testng	0.14.1		89848f6816ba58df1fa3c90c9248cc0975d83375
com.tngtech.jgiven	jgiven-testng	0.15.0		92273b9180bf86fdef25347fc876a96514ff8d9e
com.tngtech.jgiven	jgiven-testng	0.15.1		3b9da4d5a4f9188f2ec028a143e48ac8f6050e0f
com.tngtech.jgiven	jgiven-testng	0.15.2		bf4f42aa4eeffe03539a8c4a219f42c84e5209b3
com.tngtech.jgiven	jgiven-testng	0.15.3		8ff93d9aee1129b4f3bd6848d77b917b66193679
com.tngtech.jgiven	jgiven-testng	0.16.0		f2960ff9db933736470572a51cbb2d803c3aa38d
com.tngtech.jgiven	jgiven-testng	0.16.1		ae2c4a58deb00d50af6b286a3987df06661a8634
com.tngtech.jgiven	jgiven-testng	0.17.0		92f435838bfad69124c2b62683198e7b5b36c3d6
com.tngtech.jgiven	jgiven-testng	0.17.1		404f0ce07ab36b22e2ed687ec9818332fb6f8ab2
com.tngtech.jgiven	jgiven-testng	0.18.0		3da50241352ffe72c8ee0aecca143857f0a26faa
com.tngtech.jgiven	jgiven-testng	0.18.1		4b405a037d77f0e5e3a4e47f6ed2a7bb2395310c
com.tngtech.jgiven	jgiven-testng	0.18.2		a0229ab9242cdf537b9fb10a5173396645da365a
com.tngtech.jgiven	jgiven-testng	0.2		4ff803d127e22bab0ffedebcfde63ca9b4f2186b
com.tngtech.jgiven	jgiven-testng	0.2.1		eb854d3a4d57a6f5409306dd98f06f4644580945
com.tngtech.jgiven	jgiven-testng	0.2.2		58f8d75086c7ffa2943d36b173130291f9ade584
com.tngtech.jgiven	jgiven-testng	0.2.3		e245ca98b39cf6fc04e3b226482ddc44b06e4855
com.tngtech.jgiven	jgiven-testng	0.3.0		99479576e16e0fbeafb871ee1c4fe418d3f55ca7
com.tngtech.jgiven	jgiven-testng	0.4.0		834450060b13e17ee7d277f47ec9609b23db92c6
com.tngtech.jgiven	jgiven-testng	0.5.0		037b9eeb3d6bcf2e68b6759c26d706df1811c89b
com.tngtech.jgiven	jgiven-testng	0.5.1		a75658ef78281bcb40ef67090fb2ebfe047d86ed
com.tngtech.jgiven	jgiven-testng	0.5.2		2cb7d4a995c8019d8b618ed8898d7927135623cf
com.tngtech.jgiven	jgiven-testng	0.5.3		8d43f57b6b4eb4b634a5ff8fd4d348abb4acf598
com.tngtech.jgiven	jgiven-testng	0.5.4		aadc8af625d560e4312b41f5aa0b551f3b245e09
com.tngtech.jgiven	jgiven-testng	0.6.0		94e5b2864229e02e396a1eccbd86cbe607e73629
com.tngtech.jgiven	jgiven-testng	0.6.0-RC1		558a6fbcef2b965c865131fec7b2f81787d4d68a
com.tngtech.jgiven	jgiven-testng	0.6.0-RC2		130ab4324ee044b61ddc55995a887172a0673f65
com.tngtech.jgiven	jgiven-testng	0.6.1		bd77a50addf73187e87e4ad7227a9919a53d0713
com.tngtech.jgiven	jgiven-testng	0.6.2		c8c02e2aabf2dfe95ba9ec9ef310aa5ca6efbb19
com.tngtech.jgiven	jgiven-testng	0.7.0		94867185f1e636e6a9524031f345d4561ff53d6b
com.tngtech.jgiven	jgiven-testng	0.7.1		66214c63bca0aac136b0c5acabde9f189d1c32f6
com.tngtech.jgiven	jgiven-testng	0.7.2		1e66c971b7d9f4de53e3c25c3192fb52e6aa86e9
com.tngtech.jgiven	jgiven-testng	0.7.3		a4246481027576efbbdfa64b55f3a99e5a7023a3
com.tngtech.jgiven	jgiven-testng	0.8.0		f732862e8b1a64b590b1b03c7edf0c3ab7de0f45
com.tngtech.jgiven	jgiven-testng	0.8.1		4db73b57bd3050be8dd80367b5b0dccdc49fdb53
com.tngtech.jgiven	jgiven-testng	0.8.2		b72d1da8d07c1bcbe3cec1308ca5eb5f4337b4b8
com.tngtech.jgiven	jgiven-testng	0.8.3		7cfa013ab41a1d121f53a345b940cc9b5f03971b
com.tngtech.jgiven	jgiven-testng	0.8.4		d4b0b06af9d7aa0c09c5233d505040c6d796e4a9
com.tngtech.jgiven	jgiven-testng	0.9.0		e2b0ca50fb3e58e74fbae428f5736979e82be09f
com.tngtech.jgiven	jgiven-testng	0.9.1		cf211e4aef5f21deb326a36ccfb913bbb1533ecd
com.tngtech.jgiven	jgiven-testng	0.9.2		243c316de041299cfafbd03b2ef8bca338d7db30
com.tngtech.jgiven	jgiven-testng	0.9.3		e7fba97156b5a36658fdda62764a34e65846e51f
com.tngtech.jgiven	jgiven-testng	0.9.4		50875d33565c6377acf378907279af52a7d95ca1
com.tngtech.jgiven	jgiven-testng	0.9.5		bfa2f35969c34c1808ce41f05dfb6e053ca60061
com.tngtech.jgiven	jgiven-testng	1.0.0		476bbb7fc5b31fe97cf3351bbaaa243cb711542c
com.tngtech.jgiven	jgiven-testng	1.0.0-RC1		676bc7cdbbb1cc90aa76b0e2a70b7bb46bc41715
com.tngtech.jgiven	jgiven-testng	1.0.0-RC2		709167a8ab54381ac4b5f9851742f869e0bbed3e
com.tngtech.jgiven	jgiven-testng	1.0.0-RC3		0d4b3dcb59a434f56b7aca44bb01f34765c6f154
com.tngtech.jgiven	jgiven-testng	1.0.0-RC4		75e6af1d59983f13ab9104c36d4d1d8720650a55
com.tngtech.jgiven	jgiven-testng	1.0.0-RC5		b9565b8d7c71838d72ac3da032ac6a743d34771e
com.tngtech.jgiven	jgiven-testng	1.0.0-RC6		2fe8fb137acee8805fe342aa2ed052907e3dc6eb
com.tngtech.jgiven	jgiven-testng	1.0.0-RC7		a2d0eb8d0e1c8cbcfae16532ab1470f3699b028d
com.tngtech.jgiven	jgiven-testng	1.1.0		c8aea544643bea4e3928923b0f2e4a0dbf5ae94f
com.tngtech.jgiven	jgiven-testng	1.2.0		541cbab603e4637d3e080a8d0fbfb95a5480da14
com.tngtech.jgiven	jgiven-testng	1.2.1		ee02efb2fb976b6b82474d7ddde06aefb663861a
com.tngtech.jgiven	jgiven-testng	1.2.2		33d8182959bb60d565e322d2ca89f2668ef74a68
com.tngtech.jgiven	jgiven-testng	1.2.3		8a777eb3b897ed7a81f4e95891483b44925e677a
com.tngtech.jgiven	jgiven-testng	1.2.4		7141e4f891ffda4522e6f88385137db3b31aa2ee
com.tngtech.jgiven	jgiven-testng	1.2.5		37e675222c74f9cfcb92f54073581eb97d90da54
com.tngtech.jgiven	jgiven-testng	1.3.0		d8364fc67151c71879fb12f10948550461a18a08
com.tngtech.jgiven	jgiven-testng	1.3.1		12fbce96783c4f9207613f6ac60d1523b248eb85
com.tngtech.jgiven	jgiven-testng	2.0.0		6f17f2dcad1c174eda46fa4ce4764b8e76c88c18
com.tngtech.jgiven	jgiven-testng	2.0.1		546718c112972b102828ca6abe226a2fd64c34ad
com.tngtech.jgiven	jgiven-testng	2.0.2		294a4dd79e6d1482912a8e67ba7c78c709cf5059
com.walterjwhite.java.modules.scm.providers.git-cli	providers	0.0.17		N/A
com.weicoder.fork	commons-pool2-jdk11	2.8.0		a6597f3d546a34137cbd27c44dabb1fce830190a
de.unentscheidbar	migratedb-spring-boot-v3	0.3.0		N/A
de.unentscheidbar	migratedb-spring-boot-v3	1.0.0		N/A
de.unentscheidbar	migratedb-spring-boot-v3	1.1.0		N/A
de.unentscheidbar	migratedb-spring-boot-v3	1.2.0		N/A
de.unentscheidbar	migratedb-spring-boot-v3	1.3.0		N/A
de.unentscheidbar	migratedb-spring-boot-v3	1.4.0		N/A
de.unentscheidbar	migratedb-spring-boot-v3	1.4.1		N/A
fr.univ-nantes.termsuite	termsuite-resources	2.1.1		e24abd92ea8c168326e3602fcaec1d98aea517c1
hu.icellmobilsoft.dookug.testsuite	dookug-ts-bom	0.4.0		N/A
hu.icellmobilsoft.dookug.testsuite	dookug-ts-bom	0.5.0		N/A
hu.icellmobilsoft.dookug.testsuite	dookug-ts-bom	0.6.0		N/A
hu.icellmobilsoft.dookug.testsuite	dookug-ts-bom	1.0.0		N/A
hu.icellmobilsoft.dookug.testsuite	dookug-ts-bom	1.1.0		N/A
hu.icellmobilsoft.dookug.testsuite	dookug-ts-bom	1.2.0		N/A
io.github.adsplusteam	kssdk	3.3.53		N/A
io.github.adsplusteam	kssdk	3.3.57		N/A
io.github.adsplusteam	kssdk	3.3.63		N/A
io.github.adsplusteam	kssdk	3.3.75		N/A
io.github.darkokoa	pangu-macosx64	0.1.0		N/A
io.github.darkokoa	pangu-macosx64	0.1.0	metadata	6e2f0e4d25ce571ff08e6494d1bb9c5302434f43
io.github.darkokoa	pangu-macosx64	0.2.0		N/A
io.github.darkokoa	pangu-macosx64	0.2.0	metadata	32efaba08738b23c7d644315e31848ae1fe7aa35
io.github.leofuso	autoconfigure-actuator-kafka	2.7.0		0d5d76ead1c55bd42f14d5c80bc79b3594d1b6bd
io.github.leofuso	autoconfigure-actuator-kafka	v2.7.0.RELEASE		d14ead9846fd2e5fc2b26fbe7eb99885761501ff
io.github.leofuso	autoconfigure-actuator-kafka	v2.7.1.RELEASE		370e3b15d77ff85864ef05cbcae355a245ec76d1
io.github.ltttttttttttt	LazyPeopleHttp-lib-js	0.0.1		N/A
io.github.ltttttttttttt	LazyPeopleHttp-lib-js	0.0.2		N/A
io.github.ltttttttttttt	LazyPeopleHttp-lib-js	0.0.3		N/A
io.github.ltttttttttttt	LazyPeopleHttp-lib-js	0.0.4		N/A
io.github.ltttttttttttt	LazyPeopleHttp-lib-js	0.0.6		N/A
io.github.ltttttttttttt	LazyPeopleHttp-lib-js	1.0.0		N/A
io.github.ltttttttttttt	LazyPeopleHttp-lib-js	1.0.1		N/A
io.github.ltttttttttttt	LazyPeopleHttp-lib-js	1.0.2		N/A
io.github.ltttttttttttt	LazyPeopleHttp-lib-js	1.0.3		N/A
io.github.ltttttttttttt	LazyPeopleHttp-lib-js	1.0.4		N/A
io.github.ltttttttttttt	LazyPeopleHttp-lib-js	1.0.5		N/A
io.github.ltttttttttttt	LazyPeopleHttp-lib-js	1.0.6		N/A
io.github.ltttttttttttt	LazyPeopleHttp-lib-js	1.0.7		N/A
io.github.ltttttttttttt	LazyPeopleHttp-lib-js	1.0.8		N/A
io.github.ltttttttttttt	LazyPeopleHttp-lib-js	1.0.9		N/A
io.github.ltttttttttttt	LazyPeopleHttp-lib-js	1.1.1		N/A
io.github.ltttttttttttt	LazyPeopleHttp-lib-js	1.1.2		N/A
io.github.ltttttttttttt	LazyPeopleHttp-lib-js	1.1.3		N/A
io.github.ltttttttttttt	LazyPeopleHttp-lib-js	1.1.4		N/A
io.github.ltttttttttttt	LazyPeopleHttp-lib-js	1.1.5		N/A
io.github.ltttttttttttt	LazyPeopleHttp-lib-js	1.2.2		N/A
io.github.ltttttttttttt	LazyPeopleHttp-lib-js	2.0.1		N/A
io.github.ltttttttttttt	LazyPeopleHttp-lib-js	2.0.2		N/A
io.github.ltttttttttttt	LazyPeopleHttp-lib-js	2.1.1		N/A
io.github.ltttttttttttt	LazyPeopleHttp-lib-js	2.1.2		N/A
io.github.ltttttttttttt	LazyPeopleHttp-lib-js	2.1.4		N/A
io.github.ltttttttttttt	LazyPeopleHttp-lib-js	2.1.5		N/A
io.github.ltttttttttttt	LazyPeopleHttp-lib-js	2.1.6		N/A
io.github.pityka	stringsplit_sjs0.6_2.11	1.0.0		426fc7fa24794dc35b4184b192e66af3637ce154
io.github.pityka	stringsplit_sjs0.6_2.11	1.0.1		b44c86c69c9488c944dc19147c61be28b2e7c0b3
io.github.qsy7.java.dependencies	optaplanner	0.1.2		N/A
io.github.qsy7.java.dependencies	optaplanner	0.3.2		N/A
io.github.qsy7.java.dependencies	optaplanner	0.3.3		N/A
io.github.zhangwei1989	wmrpc-core	0.0.1		8de9b687a7f1193d43e1baa4a43016afbbc28e17
io.github.zhangwei1989	wmrpc-core	0.0.2		f4d2c41e9c971799e797f79675a4fbb895c76bca
io.ktor	ktor-sse-watchossimulatorarm64	3.0.0		43ff2a6f2c54f80cf9e6b7ae274c5e890f3c56f7
io.ktor	ktor-sse-watchossimulatorarm64	3.0.0	metadata	647b7b6c1b8c1e786743a8d5e903a14edb713074
io.ktor	ktor-sse-watchossimulatorarm64	3.0.0-beta-1		ca02d0ec7d31c96ca772521922c92628160f0aeb
io.ktor	ktor-sse-watchossimulatorarm64	3.0.0-beta-1	metadata	1ce4b2dcf9f10a2b5c84b45142e25937a16e51bf
io.ktor	ktor-sse-watchossimulatorarm64	3.0.0-beta-2		21228960791644f831d5ce4ded28cfe3ecfd78bb
io.ktor	ktor-sse-watchossimulatorarm64	3.0.0-beta-2	metadata	dfcc300e416e785151cc45136213ce107a6d5a31
io.ktor	ktor-sse-watchossimulatorarm64	3.0.0-rc-1		6c073b49e43e6b75e2ce2dbd1100b13c2439ed0a
io.ktor	ktor-sse-watchossimulatorarm64	3.0.0-rc-1	metadata	d97efdaf541e62b3576752466825266f08c8b1fa
io.ktor	ktor-sse-watchossimulatorarm64	3.0.0-rc-2		cbbcde96cd3af2ecd14c3c6afbd7882c11651832
io.ktor	ktor-sse-watchossimulatorarm64	3.0.0-rc-2	metadata	efa22d2ec23cd52e805bf618c0cae583ddd1eefa
io.ktor	ktor-sse-watchossimulatorarm64	3.0.1		1134552c2c7bb4c04b7b6883dc87d27ebb8c7070
io.ktor	ktor-sse-watchossimulatorarm64	3.0.1	metadata	e8872fa432c29169e56c7955821b22b05d683b73
io.ktor	ktor-sse-watchossimulatorarm64	3.0.2		2a996d9c56e92d60461c2d00aede742aabeb14cd
io.ktor	ktor-sse-watchossimulatorarm64	3.0.2	metadata	58eb75bf354eda32d28ae84446b4c8ea1b66a529
io.ktor	ktor-sse-watchossimulatorarm64	3.0.3		78090417e879b83baec4c6f0b22ca6252514ce96
io.ktor	ktor-sse-watchossimulatorarm64	3.0.3	metadata	6a5a7f24934ab750a6638361216109a23a0cdc73
io.ktor	ktor-sse-watchossimulatorarm64	3.1.0		3a519cf647ff62f18bda0553f656d9705d0626ca
io.ktor	ktor-sse-watchossimulatorarm64	3.1.0	metadata	358b108ac0272a0be4dc4fc7325b260d60395a35
io.ktor	ktor-sse-watchossimulatorarm64	3.1.1		36750fc966d2885b8b05306b37ebc72dbdb107f3
io.ktor	ktor-sse-watchossimulatorarm64	3.1.1	metadata	1088f8eeb502584b8027645f641706a86a283ff1
io.ktor	ktor-sse-watchossimulatorarm64	3.1.2		f22d34df8cedce1d674308283698c9d454aa54dc
io.ktor	ktor-sse-watchossimulatorarm64	3.1.2	metadata	e951a3efdc64911ca199f02b6ed9eade24aa3d71
io.ktor	ktor-sse-watchossimulatorarm64	3.1.3		8883a19eac52477e19e84fc4657340aa2f62fd1a
io.ktor	ktor-sse-watchossimulatorarm64	3.1.3	metadata	e8092f30e1cfe063d2cb3a02d6f5c13e37f1101f
io.liftwizard	liftwizard-grandparent-build	2.1.10		N/A
io.liftwizard	liftwizard-grandparent-build	2.1.11		N/A
io.liftwizard	liftwizard-grandparent-build	2.1.12		N/A
io.liftwizard	liftwizard-grandparent-build	2.1.13		N/A
io.liftwizard	liftwizard-grandparent-build	2.1.14		N/A
io.liftwizard	liftwizard-grandparent-build	2.1.15		N/A
io.liftwizard	liftwizard-grandparent-build	2.1.7		N/A
io.liftwizard	liftwizard-grandparent-build	2.1.8		N/A
io.liftwizard	liftwizard-grandparent-build	2.1.9		N/A
io.matthewnelson.kotlin-components	coroutines-watchosx86	1.1.2		N/A
io.matthewnelson.kotlin-components	coroutines-watchosx86	1.1.2	metadata	fcef6b5cb088578b4fca89d352a99bc7e3c61c32
io.matthewnelson.kotlin-components	coroutines-watchosx86	1.1.3		N/A
io.matthewnelson.kotlin-components	coroutines-watchosx86	1.1.3	metadata	1db5248ef7c92d9d52a242567ea9cfc0c25e5566
io.matthewnelson.kotlin-components	coroutines-watchosx86	1.1.4		N/A
io.matthewnelson.kotlin-components	coroutines-watchosx86	1.1.4	metadata	a83fd6d31e29ed0378d72ba2923cf3e389419c37
io.matthewnelson.kotlin-components	coroutines-watchosx86	1.1.5		N/A
io.matthewnelson.kotlin-components	coroutines-watchosx86	1.1.5	metadata	fa8d56625d4ad0093bb5a2b764dc4d4b418a133b
io.openliberty.features	io.openliberty.jakarta.interceptor-2.1	23.0.0.10		N/A
io.openliberty.features	io.openliberty.jakarta.interceptor-2.1	23.0.0.11		N/A
io.openliberty.features	io.openliberty.jakarta.interceptor-2.1	23.0.0.12		N/A
io.openliberty.features	io.openliberty.jakarta.interceptor-2.1	23.0.0.3		N/A
io.openliberty.features	io.openliberty.jakarta.interceptor-2.1	23.0.0.4		N/A
io.openliberty.features	io.openliberty.jakarta.interceptor-2.1	23.0.0.5		N/A
io.openliberty.features	io.openliberty.jakarta.interceptor-2.1	23.0.0.6		N/A
io.openliberty.features	io.openliberty.jakarta.interceptor-2.1	23.0.0.7		N/A
io.openliberty.features	io.openliberty.jakarta.interceptor-2.1	23.0.0.8		N/A
io.openliberty.features	io.openliberty.jakarta.interceptor-2.1	23.0.0.9		N/A
io.openliberty.features	io.openliberty.jakarta.interceptor-2.1	24.0.0.1		N/A
io.openliberty.features	io.openliberty.jakarta.interceptor-2.1	24.0.0.10		N/A
io.openliberty.features	io.openliberty.jakarta.interceptor-2.1	24.0.0.11		N/A
io.openliberty.features	io.openliberty.jakarta.interceptor-2.1	24.0.0.12		N/A
io.openliberty.features	io.openliberty.jakarta.interceptor-2.1	24.0.0.2		N/A
io.openliberty.features	io.openliberty.jakarta.interceptor-2.1	24.0.0.3		N/A
io.openliberty.features	io.openliberty.jakarta.interceptor-2.1	24.0.0.4		N/A
io.openliberty.features	io.openliberty.jakarta.interceptor-2.1	24.0.0.5		N/A
io.openliberty.features	io.openliberty.jakarta.interceptor-2.1	24.0.0.6		N/A
io.openliberty.features	io.openliberty.jakarta.interceptor-2.1	24.0.0.7		N/A
io.openliberty.features	io.openliberty.jakarta.interceptor-2.1	24.0.0.8		N/A
io.openliberty.features	io.openliberty.jakarta.interceptor-2.1	24.0.0.9		N/A
io.openliberty.features	io.openliberty.jakarta.interceptor-2.1	25.0.0.1		N/A
io.openliberty.features	io.openliberty.jakarta.interceptor-2.1	25.0.0.2		N/A
io.openliberty.features	io.openliberty.jakarta.interceptor-2.1	25.0.0.3		N/A
io.openliberty.features	io.openliberty.jakarta.interceptor-2.1	25.0.0.4		N/A
io.quarkiverse.primefaces	quarkus-primefaces-ecosystem	2.12.0		N/A
io.quarkiverse.primefaces	quarkus-primefaces-ecosystem	2.12.1		N/A
io.quarkiverse.primefaces	quarkus-primefaces-ecosystem	2.12.2		N/A
io.quarkiverse.primefaces	quarkus-primefaces-ecosystem	2.12.3		N/A
io.quarkiverse.primefaces	quarkus-primefaces-ecosystem	3.12.0		N/A
io.quarkiverse.primefaces	quarkus-primefaces-ecosystem	3.12.2		N/A
io.quarkiverse.primefaces	quarkus-primefaces-ecosystem	3.12.3		N/A
io.quarkiverse.primefaces	quarkus-primefaces-ecosystem	3.12.4		N/A
io.quarkiverse.primefaces	quarkus-primefaces-ecosystem	3.12.5		N/A
io.quarkiverse.primefaces	quarkus-primefaces-ecosystem	3.13.0		N/A
io.quarkiverse.primefaces	quarkus-primefaces-ecosystem	3.13.1		N/A
io.quarkiverse.primefaces	quarkus-primefaces-ecosystem	3.13.10		N/A
io.quarkiverse.primefaces	quarkus-primefaces-ecosystem	3.13.11		N/A
io.quarkiverse.primefaces	quarkus-primefaces-ecosystem	3.13.2		N/A
io.quarkiverse.primefaces	quarkus-primefaces-ecosystem	3.13.3		N/A
io.quarkiverse.primefaces	quarkus-primefaces-ecosystem	3.13.4		N/A
io.quarkiverse.primefaces	quarkus-primefaces-ecosystem	3.13.5		N/A
io.quarkiverse.primefaces	quarkus-primefaces-ecosystem	3.13.6		N/A
io.quarkiverse.primefaces	quarkus-primefaces-ecosystem	3.13.7		N/A
io.quarkiverse.primefaces	quarkus-primefaces-ecosystem	3.13.8		N/A
io.quarkiverse.primefaces	quarkus-primefaces-ecosystem	3.13.9		N/A
io.quarkiverse.primefaces	quarkus-primefaces-ecosystem	3.14.0		N/A
io.quarkiverse.primefaces	quarkus-primefaces-ecosystem	3.14.0-RC3		N/A
io.quarkiverse.primefaces	quarkus-primefaces-ecosystem	3.14.0.1		N/A
io.quarkiverse.primefaces	quarkus-primefaces-ecosystem	3.14.1		N/A
io.quarkiverse.primefaces	quarkus-primefaces-ecosystem	3.14.2		N/A
io.quarkiverse.primefaces	quarkus-primefaces-ecosystem	3.14.3		N/A
io.quarkiverse.primefaces	quarkus-primefaces-ecosystem	3.14.4		N/A
io.quarkiverse.primefaces	quarkus-primefaces-ecosystem	3.14.5		N/A
io.quarkiverse.primefaces	quarkus-primefaces-ecosystem	3.14.6.1		N/A
io.quarkiverse.primefaces	quarkus-primefaces-ecosystem	3.14.6.2		N/A
io.quarkiverse.primefaces	quarkus-primefaces-ecosystem	3.14.6.3		N/A
io.quarkiverse.primefaces	quarkus-primefaces-ecosystem	3.14.6.4		N/A
io.quarkiverse.primefaces	quarkus-primefaces-ecosystem	3.14.7		N/A
io.quarkiverse.primefaces	quarkus-primefaces-ecosystem	3.14.8		N/A
io.quarkiverse.primefaces	quarkus-primefaces-ecosystem	3.15.0		N/A
io.quarkiverse.primefaces	quarkus-primefaces-ecosystem	3.15.0-RC1		N/A
io.quarkiverse.primefaces	quarkus-primefaces-ecosystem	3.15.0-RC2		N/A
io.quarkiverse.primefaces	quarkus-primefaces-ecosystem	3.15.0.1-RC2		N/A
io.quarkiverse.primefaces	quarkus-primefaces-ecosystem	3.15.1		N/A
io.quarkiverse.primefaces	quarkus-primefaces-ecosystem	3.15.2		N/A
io.quarkiverse.primefaces	quarkus-primefaces-ecosystem	3.15.3		N/A
io.thorntail	hibernate-search	2.0.0.Final		5d2e2cbf9711046f1d7683957c89d48e44f2ed70
io.thorntail	hibernate-search	2.1.0.Final		9dca22423cb1ac093e382e6a85e9aadefabb202e
io.thorntail	hibernate-search	2.2.0.Final		12ed877e90082e88793571f2b580e03f3f9a4081
io.thorntail	hibernate-search	2.2.1.Final		6199ad75f7cbd48a440409784b716f992a8c321c
io.thorntail	hibernate-search	2.3.0.Final		cefb48ff6b91b89f29ae54d97ba0e80870f82ede
io.thorntail	hibernate-search	2.4.0.Final		c44c9f011f82bb3a771aee2d554e6377ce83b30d
io.thorntail	hibernate-search	2.5.0.Final		84f6cc3cc4600eddc2621452d4b041cdc4a18db8
io.thorntail	hibernate-search	2.6.0.Final		dae96abf61e3ac4b10a07b9787863a9f28013597
io.thorntail	hibernate-search	2.7.0.Final		ba073f9f0d67e4f8f2f23cd8de6424d5330516c1
io.woong.savedstate	savedstate-ktx	1.0.0		N/A
io.woong.savedstate	savedstate-ktx	1.0.0-alpha1		N/A
io.woong.savedstate	savedstate-ktx	1.0.0-beta1		N/A
io.woong.savedstate	savedstate-ktx	1.1.0		N/A
io.woong.savedstate	savedstate-ktx	1.2.0		N/A
jp.leafytree.gradle	gradle-android-scala-plugin	1.0		d79a3efef710fbcc0eb41bcd5b7817c7e7e305cb
jp.leafytree.gradle	gradle-android-scala-plugin	1.1		cbbf2b52dd2d16ae7f0a313c4089a715ebeaf11e
jp.leafytree.gradle	gradle-android-scala-plugin	1.2		906fc89101c82743a3075bf86d71cf813f475226
jp.leafytree.gradle	gradle-android-scala-plugin	1.2.1		4308681c43589a4dd8ea9dda4f93149e4624d909
jp.leafytree.gradle	gradle-android-scala-plugin	1.3		26a6836b4df7ff89759c2b6ec5f21565436cf3b3
jp.leafytree.gradle	gradle-android-scala-plugin	1.3.1		f8053a1b983bd18fc4aa23d45cd352e9d6dcd8c3
jp.leafytree.gradle	gradle-android-scala-plugin	1.3.2		34cd9d3e4bfce2cff1fb5704ea1024ed462c5fd2
jp.leafytree.gradle	gradle-android-scala-plugin	1.4		0890caa5c10894d50cce5342c02dc02db9efe685
net.nan21.dnet	nan21.dnet.module.ux.domain	1.0.2		195622382d978cf9ee4eb145bd5f6d097659fde9
net.officefloor.persistence	officejdbc_hikari	3.27.0		d5c0b7f823d6ade5a4348b3307a92d88718a4ca1
net.officefloor.persistence	officejdbc_hikari	3.28.0		da98990a68a3d3bf2f2c4b7b07ff5ffa8c0fa2c4
net.officefloor.persistence	officejdbc_hikari	3.28.1		b00b24ec26e62e27018196fc81317b8b77d6fe98
net.officefloor.persistence	officejdbc_hikari	3.28.2		4213ab75e4ae3d3d1a13d360ecf9ee13a19719f6
net.officefloor.persistence	officejdbc_hikari	3.29.0		6dd2ccae2fdfff15e2eede215861c77ce88c9789
net.officefloor.persistence	officejdbc_hikari	3.30.0		3f19c49394f4593c06ad7aa74c6dc1cad299a018
net.officefloor.persistence	officejdbc_hikari	3.30.2		adc185fa949c551fd6e9d70a23caf7fb7ee162d5
net.officefloor.persistence	officejdbc_hikari	3.31.0		ba6cbfb813e9a54bd888f927bcbc398ddd7417d8
net.officefloor.persistence	officejdbc_hikari	3.32.0		9e1dbad492fb88150d188dda773fb749a5f5c73a
net.officefloor.persistence	officejdbc_hikari	3.33.0		c80530ad330c810910dc8c7dc783f788abc2be41
net.officefloor.persistence	officejdbc_hikari	3.34.0		5d11c837b3ef00d77d7003340a9365e14f80c3d8
net.officefloor.persistence	officejdbc_hikari	3.35.0		4cbfb6cdc6ea143c5128d80a8f7e6883e9d1ba8d
net.officefloor.persistence	officejdbc_hikari	3.36.0		0ea80acac8021e8f4881ea2531f2c5c9ba3684ce
net.officefloor.persistence	officejdbc_hikari	3.37.0		506bdaabd842b7058aaeb72a3dd98e8349ef307f
net.officefloor.persistence	officejdbc_hikari	3.38.0		4c5c8083f1039207fde1fd7f56c48e5d69a4379a
net.officefloor.persistence	officejdbc_hikari	3.39.0		34907f54c92b364d86f933c17a73b25c429fc144
net.officefloor.persistence	officejdbc_hikari	3.40.0		07fc682bf7d50cc2ae544aa693934fed38427a82
net.officefloor.server	officeserver_test	3.10.0		73bca8b1492d6e979b9709cc15c5761c5468689c
net.officefloor.server	officeserver_test	3.10.1		b6832a250edc49eade92626005726f064d87e97b
net.officefloor.server	officeserver_test	3.10.2		924f844d21f1dae11799e1b6c769c590288ea8ac
net.officefloor.server	officeserver_test	3.10.3		2cf829c512a87fd8b39edf88374858c62736515d
net.officefloor.server	officeserver_test	3.11.0		ef4064a6bab596a2e1c54f65af6a2fbf875688c5
net.officefloor.server	officeserver_test	3.12.0		f5314aa8b21a93c3c4c7024620aee392c99bf022
net.officefloor.server	officeserver_test	3.13.0		d8df3cea1ba8cb74533ace40a9e12c4155246d9f
net.officefloor.server	officeserver_test	3.14.0		6fc3126ff9fd42bcab0042a0bd3692106df475dc
net.officefloor.server	officeserver_test	3.15.0		37e5a921fe9c2f2fd00ac07a3d1a7304fb04acf7
net.officefloor.server	officeserver_test	3.16.0		f36cbea514e3e4f1c2fad8a44e71fd1851750815
net.officefloor.server	officeserver_test	3.17.0		2854e3a6c9ef747ca74c4a34bb6ccbfcd0a7cf1a
net.officefloor.server	officeserver_test	3.18.0		b7aef89373c1665121def7c8dcfe77346ff93575
net.officefloor.server	officeserver_test	3.19.0		a63aa015176edffe31710d6eed7a0e4eb9e3c764
net.officefloor.server	officeserver_test	3.20.0		27adcad8b451ffdaab606fdb8cb366e54f1e5301
net.officefloor.server	officeserver_test	3.21.0		367f0eae5cbaa0664911d3b3ccffad0bf69903c0
net.officefloor.server	officeserver_test	3.22.0		18caa38e8bb4b3f82da7f7a8f23a8bd07d3b8322
net.officefloor.server	officeserver_test	3.23.0		ea7dc4e73290d0287688a276fddb271c2beec962
net.officefloor.server	officeserver_test	3.24.0		07820b56ec5f976a3a8013de619af3946a6de3ff
net.officefloor.server	officeserver_test	3.25.0		43374fc92f52103264f02fb548b097b0642aff6c
net.officefloor.server	officeserver_test	3.26.0		822a304b8227d2aded8c84015e42a76677439ba3
net.officefloor.server	officeserver_test	3.27.0		0e07390a4f91f46be523c01c291254e440d7a151
net.officefloor.server	officeserver_test	3.28.0		4473d7b0e1fcc8f0fd49a52c6644286943fde383
net.officefloor.server	officeserver_test	3.28.1		7339ce9e46c17d542c1a04656e5d0587edcc6d41
net.officefloor.server	officeserver_test	3.28.2		796a78034dbcef05ae3372b820efa6e53c6d6610
net.officefloor.server	officeserver_test	3.29.0		97a9ef071dca050629efb3042d040010bb28783f
net.officefloor.server	officeserver_test	3.30.0		888820d4ec8ab139f8e535f053aab8958eee8c42
net.officefloor.server	officeserver_test	3.30.2		4b19d056fb33a2d8f003b761b3d4fd1bb97092f4
net.officefloor.server	officeserver_test	3.31.0		feb9294dfaf661f7dd4f8e22075b096bb7fdfb2b
net.officefloor.server	officeserver_test	3.32.0		cf2dd615e42aae9dd433e8a606769f1718368546
net.officefloor.server	officeserver_test	3.33.0		59a4ab5be295c419ff825a6c8a3ce25f3bdc676a
net.officefloor.server	officeserver_test	3.34.0		da9c17b7de5298abd5f739d90e8fcc2603c20a2b
net.officefloor.server	officeserver_test	3.35.0		02cdc31f987b66292c712714175e720a2fb0f97c
net.officefloor.server	officeserver_test	3.36.0		4dca1c09a2a512e64b0e0ae52f56f513185e2023
net.officefloor.server	officeserver_test	3.37.0		e9f9bbc511ae5d49526558fa5a4eba7b8ccdf4d1
net.officefloor.server	officeserver_test	3.38.0		f0cfb16f99bf8dae5e24635fa93a24128324ca05
net.officefloor.server	officeserver_test	3.39.0		d27587c4802a0dc3b67a0b449344c8d020d03910
net.officefloor.server	officeserver_test	3.4.0		349a83463de06f44963697372be05c54f0735963
net.officefloor.server	officeserver_test	3.40.0		ae7e17db3b2e833d82e4e0fa9ac5f49cf70b72f7
net.officefloor.server	officeserver_test	3.5.0		4c60d22edf8c907132d023358b658a817da46b67
net.officefloor.server	officeserver_test	3.5.1		fc40c010aca28e2fb04591bb5d5f2dda6e47f0b4
net.officefloor.server	officeserver_test	3.6.0		d371c9d1d52fcb6633c9671a62ea5b11ed58f309
net.officefloor.server	officeserver_test	3.6.1		432dc16e3b2a8d0933d4d6aa83158f2e51e32101
net.officefloor.server	officeserver_test	3.6.2		f44b51af9fc7a468f7ea92c2d70eb462478d8959
net.officefloor.server	officeserver_test	3.7.0		9093bb660f4ac0484f2cea07af8625a32d203a55
net.officefloor.server	officeserver_test	3.8.0		d7f1cc28c53dcef9b628e8638a236e864dcb24bc
net.officefloor.server	officeserver_test	3.9.0		60572909064fb52a95744908b73fdb62b717094b
net.officefloor.server	officeserver_test	3.9.1		032e3893ec3aad39a764f7e3fdd4be25256f4d9b
net.officefloor.server	officeserver_test	3.9.2		d0d3d46cd7aa45f4496ebbfa980fb959b6941b7c
net.sf.trove4j	trove4j	2.0.2		42b1e10b3a8abb1c19b86fdf265ca5be8c166d11
net.sf.trove4j	trove4j	2.0.4		6d47c426b6c171b0bce1c331724045c0654a15bb
net.sf.trove4j	trove4j	2.1.0		c82f2749a460b95de4c9d2466b62f18c23c7c914
net.sf.trove4j	trove4j	3.0.1		f59a11b8c6a91e95f16fbc714f237984996efab0
net.sf.trove4j	trove4j	3.0.2		c65860fd3700663a6ed870605f926d770f3bd2d4
net.sf.trove4j	trove4j	3.0.3		42ccaf4761f0dfdfa805c9e340d99a755907e2dd
org.anyline	anyline-jdbc-timescaledb	8.5.5-20220725		f1be1a0351869581b48b10de7aed57e758690ab5
org.anyline	anyline-jdbc-timescaledb	8.5.5-20220731		b33f91e3370d098e09c73ae3ebd819c9adec74f0
org.anyline	anyline-jdbc-timescaledb	8.5.5-20220801		a134d6162b99fae3ed969c53d5fbad8ee5a80701
org.anyline	anyline-jdbc-timescaledb	8.5.5-20220802		673487e08f043c222d75d5b5ceccd7e058350a0c
org.anyline	anyline-jdbc-timescaledb	8.5.5-20220805		a8c7ae3ad6a9faacf697c8c3c926113783230a66
org.anyline	anyline-jdbc-timescaledb	8.5.5-20220808		7b677ecf6afe7f8c93a153daf452d7ee97344b5c
org.anyline	anyline-jdbc-timescaledb	8.5.5-8.5.5-20220801		9e808889c5d007ab10f7cb53f12ce88aeeede6e4
org.anyline	anyline-jdbc-timescaledb	8.5.6-20220808		e6429430c943a747a6b13bb0c819747df02f8359
org.anyline	anyline-jdbc-timescaledb	8.5.6-20220809		abeb85b4b9bfc5b95addd2430a3ed8e62a0dd9e5
org.anyline	anyline-jdbc-timescaledb	8.5.6-20220810		d731b6f6e8407ba64c16dc6c33806ef4d916d3ad
org.anyline	anyline-jdbc-timescaledb	8.5.6-20220811		a068289480b402528429a651d13be4684d70ead9
org.anyline	anyline-jdbc-timescaledb	8.5.6-20220812		6e2a7a529467382bd49139c52abe1aae6852558e
org.anyline	anyline-jdbc-timescaledb	8.5.7-20220815		da690ed14b6a1e29e201a49ec66dd86b98406469
org.anyline	anyline-jdbc-timescaledb	8.5.7-20220816		33499bc9ad8df9ded69c0f4d5b1fecbad67fbcba
org.anyline	anyline-jdbc-timescaledb	8.5.7-20220819		8016cf20d0f0a314209c35df2e521e3449091d7e
org.anyline	anyline-jdbc-timescaledb	8.5.7-20220820		4b9170984402f795e19eb9dc4a4f164a2a68bb16
org.anyline	anyline-jdbc-timescaledb	8.5.7-20220822		3e2429f5ee9704844cf6be4ad796f00f56da392f
org.anyline	anyline-jdbc-timescaledb	8.5.7-20220825		9ad7c9061bd03636422869a0e576732374039bda
org.anyline	anyline-jdbc-timescaledb	8.5.7-20220826		c967342f118e4593f9ff8f16e1c85e56bc1fbb01
org.anyline	anyline-jdbc-timescaledb	8.5.7-20220827		8dac9381e36fec743f874ac458aaf40291557abb
org.anyline	anyline-jdbc-timescaledb	8.5.7-20220829		835fd5f58ddf50685b6546f1f93fe255afafb5db
org.anyline	anyline-jdbc-timescaledb	8.5.7-20220831		34c08a377222ccbfaa8cdf3625949a91b93c6ea5
org.anyline	anyline-jdbc-timescaledb	8.5.7-20220902		3d19bfda4786f66d3f7c6bde84afa5480f0d58e4
org.anyline	anyline-jdbc-timescaledb	8.5.7-20220903		bb7d9890d6a67f273e3bb005748396ef58bfed71
org.anyline	anyline-jdbc-timescaledb	8.5.7-20220905		81f77cbb0c4157e65f374fe359606abd5839da31
org.anyline	anyline-jdbc-timescaledb	8.5.7-20220906		755531f7ab5e996990cc35120d06d70462ac947c
org.anyline	anyline-jdbc-timescaledb	8.5.7-20220907		115616bf25525fb5b5448b5aee28302d186e6c58
org.anyline	anyline-jdbc-timescaledb	8.5.7-20220908		1a8590a695a71c80648aaaab08333b0cac33ef6b
org.anyline	anyline-jdbc-timescaledb	8.5.7-20220912		9f775043f58761521402b617a22dc6cf10d12589
org.anyline	anyline-jdbc-timescaledb	8.5.7-20220920		4d49ff319ed336241dbee33c4bdd9217eb898026
org.apache.aries.tx-control	tx-control-service-xa	0.0.1		6302bdd229d961e37ff13c04902ffae014d36637
org.apache.aries.tx-control	tx-control-service-xa	0.0.2		28aaf0625a3f12d5b6fedb2d9b6d5215fd9cb342
org.apache.aries.tx-control	tx-control-service-xa	0.0.3		300333a6f0c043ccfc541ddd8c014194e908387b
org.apache.aries.tx-control	tx-control-service-xa	1.0.0		976571d1a3eb358ee65264d46df11e8d1dcbb453
org.apache.aries.tx-control	tx-control-service-xa	1.0.1		87676a5875b7d2e46f3ef17a748f4d49235a4de1
org.apache.camel.quarkus	camel-quarkus-weka	1.1.0		b6f06112fc0f23acb4ba812cdea292e6247964ac
org.apache.camel.quarkus	camel-quarkus-weka	1.2.0		c2ad3bca0e190c98691a1e7960b5c614d45a4dda
org.apache.camel.quarkus	camel-quarkus-weka	1.3.0		210598dff0e0613951e94ad39e798c879bdd624c
org.apache.camel.quarkus	camel-quarkus-weka	1.4.0		8c4ca378421491548b09083cfa575310cebf6bb5
org.apache.camel.quarkus	camel-quarkus-weka	1.5.0		fe977ba28ab464f6e7932c7b1eb9b54557443211
org.apache.camel.quarkus	camel-quarkus-weka	1.6.0		398ed86cae71c9836ffa5b3bd5af138af5e5a142
org.apache.camel.quarkus	camel-quarkus-weka	1.7.0		dce3547e203b3d5a30d02ac8c00d704a5530a90b
org.apache.camel.quarkus	camel-quarkus-weka	1.8.0		5bf751dc8247de5c2628992c2a6bce83399f6c16
org.apache.camel.quarkus	camel-quarkus-weka	1.8.1		b2084caec4bfd70e9cea5c9228a8cf2d2f1ee7f4
org.apache.camel.quarkus	camel-quarkus-weka	2.0.0		67e2f49b1b69ebede9cbc5bf11f2b448ae7b17b2
org.apache.camel.quarkus	camel-quarkus-weka	2.0.0-M1		517b05b221eb9ebcef76567300732ea3038b8114
org.apache.camel.quarkus	camel-quarkus-weka	2.0.0-M2		ee1abd391b544677ca74522b2df294898c94eb82
org.apache.camel.quarkus	camel-quarkus-weka	2.1.0		77aadfa736d41791b7228d3cce51e023a3e75708
org.apache.camel.quarkus	camel-quarkus-weka	2.2.0		a457725d34819a5faa2984c3789e397a5fa3cb71
org.apache.camel.quarkus	camel-quarkus-weka	2.2.1		99edd9aa3f752894ac352fb845638a33532b7038
org.apache.camel.quarkus	camel-quarkus-weka	2.3.0		0ecc31de1e23880294aa91b4c2da797885f824d3
org.apache.camel.quarkus	camel-quarkus-weka	2.4.0		a15d07d9d193717b4785cc9c9c1efe3587290215
org.apache.camel.quarkus	camel-quarkus-weka	2.5.0		046e58d9507d3a47bf8a51d6e0829c19cea93f4b
org.apache.camel.quarkus	camel-quarkus-weka	2.6.0		a13fcb3c2e2b20c1d042459f392485d27dee04b9
org.apache.camel.quarkus	camel-quarkus-weka	2.7.0		2cc8e1c408370ddaf1911cb9f48a43da3c19008b
org.apache.camel.quarkus	camel-quarkus-weka	2.7.1		3c3089f75bc34eed6a88b910109f55190057f49f
org.apache.camel.quarkus	camel-quarkus-weka	2.7.2		676e531fee988b4655760b44f4493cf75e78264d
org.apache.karaf.cellar.samples.dosgi.greeter	org.apache.karaf.cellar.samples.dosgi.greeter.api	2.2.3		6d26e70c75e0bed1c53287bbda27be42ede968f7
org.apache.karaf.cellar.samples.dosgi.greeter	org.apache.karaf.cellar.samples.dosgi.greeter.api	2.2.4		8f13244b5237d31ef6cac6e17aea4cc27f11c898
org.apache.karaf.cellar.samples.dosgi.greeter	org.apache.karaf.cellar.samples.dosgi.greeter.api	2.2.5		cf8fb2be2181e28107593099a554c48e543b2cc9
org.apache.karaf.cellar.samples.dosgi.greeter	org.apache.karaf.cellar.samples.dosgi.greeter.api	2.2.6		f6cd670379ee7a018111ba51ba9853c88ebb1d20
org.apache.karaf.cellar.samples.dosgi.greeter	org.apache.karaf.cellar.samples.dosgi.greeter.api	2.3.0		ffcd85f1d4fc9f54d9424148d636834111ae7be6
org.apache.karaf.cellar.samples.dosgi.greeter	org.apache.karaf.cellar.samples.dosgi.greeter.api	2.3.1		43afb57b860112ce1ba25254e016685729baee86
org.apache.karaf.cellar.samples.dosgi.greeter	org.apache.karaf.cellar.samples.dosgi.greeter.api	2.3.2		6b96c648f083ede1337f3cb28393e065683a6295
org.apache.karaf.cellar.samples.dosgi.greeter	org.apache.karaf.cellar.samples.dosgi.greeter.api	2.3.3		36c1fb7b0a6a45bff1c7e87939c2ed72bf5e5498
org.apache.karaf.cellar.samples.dosgi.greeter	org.apache.karaf.cellar.samples.dosgi.greeter.api	2.3.4		793e0fef1e638538c1a180fa06e7f626d82c0e67
org.apache.karaf.cellar.samples.dosgi.greeter	org.apache.karaf.cellar.samples.dosgi.greeter.api	2.3.5		7facaf54f4e730bfc0502dcbc502dff205f9a70d
org.apache.karaf.cellar.samples.dosgi.greeter	org.apache.karaf.cellar.samples.dosgi.greeter.api	2.3.6		41c589a2e0e51c287d01e327f441ebb3bc847f7c
org.apache.karaf.cellar.samples.dosgi.greeter	org.apache.karaf.cellar.samples.dosgi.greeter.api	3.0.0		6fa1451d0ee88ccd2cfcbb7fa470dd242e052647
org.apache.karaf.cellar.samples.dosgi.greeter	org.apache.karaf.cellar.samples.dosgi.greeter.api	3.0.1		259f7d636beff7984818c49b8c35ec384fb883fb
org.apache.karaf.cellar.samples.dosgi.greeter	org.apache.karaf.cellar.samples.dosgi.greeter.api	3.0.2		9102bda7eaf7e2569a19ee8ea75795141394f925
org.apache.karaf.cellar.samples.dosgi.greeter	org.apache.karaf.cellar.samples.dosgi.greeter.api	3.0.3		dbde2d9d5b54a0fa0ebb75efc48f80a39c94e0f8
org.apache.karaf.cellar.samples.dosgi.greeter	org.apache.karaf.cellar.samples.dosgi.greeter.api	4.0.0		b33933eca09974f000d49e46f6a392de3851e194
org.apache.karaf.cellar.samples.dosgi.greeter	org.apache.karaf.cellar.samples.dosgi.greeter.api	4.0.1		5cccb4a5afd6184b699c2adab93c08ff841d0031
org.apache.karaf.cellar.samples.dosgi.greeter	org.apache.karaf.cellar.samples.dosgi.greeter.api	4.0.2		9292607993954281c8c7fcd8476862c3655c8731
org.apache.karaf.cellar.samples.dosgi.greeter	org.apache.karaf.cellar.samples.dosgi.greeter.api	4.0.3		4eceeab04ce04e64d895aa3b16b89e8c407cf75d
org.apache.karaf.cellar.samples.dosgi.greeter	org.apache.karaf.cellar.samples.dosgi.greeter.api	4.0.4		e2e54fca7944d8ec9ba91f9aa1b5b68e848947c1
org.apache.karaf.cellar.samples.dosgi.greeter	org.apache.karaf.cellar.samples.dosgi.greeter.api	4.0.5		22991d483fa9712147fa0633f1941ff3382898b3
org.apache.karaf.cellar.samples.dosgi.greeter	org.apache.karaf.cellar.samples.dosgi.greeter.api	4.1.0		9383303cc7a99acec270aff6b4952725a7bf6508
org.apache.karaf.cellar.samples.dosgi.greeter	org.apache.karaf.cellar.samples.dosgi.greeter.api	4.1.1		fe2c8c155f2c815dda5bd1369d4bde57d2eb22e3
org.apache.karaf.cellar.samples.dosgi.greeter	org.apache.karaf.cellar.samples.dosgi.greeter.api	4.1.2		06cf9e1b0ec1a7af9506bba9a82e602bc2f7e16c
org.apache.karaf.cellar.samples.dosgi.greeter	org.apache.karaf.cellar.samples.dosgi.greeter.api	4.1.3		c321a52ff5cedeb68cda203e90bdb82e59922566
org.apache.karaf.cellar.samples.dosgi.greeter	org.apache.karaf.cellar.samples.dosgi.greeter.api	4.2.0		ebc118c6021bb7a202ad6377909fbefd8522083c
org.apache.karaf.cellar.samples.dosgi.greeter	org.apache.karaf.cellar.samples.dosgi.greeter.api	4.2.1		9abfca8f0934cdbd2d565e879e5faa060629d459
org.apache.manifoldcf	mcf-mongodb-connector	2.26		16b1e56259d610fe91320c1a6b8886667caa809f
org.apache.manifoldcf	mcf-mongodb-connector	2.27		5ccc106919363da906f888bfa19d76a1811f639e
org.apache.manifoldcf	mcf-mongodb-connector	2.28		8e2cfb8cac2bdae120c4971fdd1ed25fdfc2e840
org.apache.parquet	parquet-hive-binding-factory	1.10.0		19a32dc0a35bf77490b5bea5f001465e0994e60f
org.apache.parquet	parquet-hive-binding-factory	1.10.1		0ac91f9ccfa9ac54e7ab9a88294704dc6c51cc59
org.apache.parquet	parquet-hive-binding-factory	1.11.0		732279755c66674fab4e7da498bde3b1e0762699
org.apache.parquet	parquet-hive-binding-factory	1.11.1		cb945ff355c0505f3aa27cf2ad678eeaa09cece4
org.apache.parquet	parquet-hive-binding-factory	1.11.2		19a1d8e898ac5dc13f400b5e7f26809244af9073
org.apache.parquet	parquet-hive-binding-factory	1.7.0		4776993ff6eb966797d40b701147bea0026cecac
org.apache.parquet	parquet-hive-binding-factory	1.8.0		9079d7f88875dc525e9b9fd5e4e573f182adf9e8
org.apache.parquet	parquet-hive-binding-factory	1.8.1		c0f4ffe0d7982b29077fc876bf2f991dbbc2f4db
org.apache.parquet	parquet-hive-binding-factory	1.8.2		141cc8171de741d1b8a582148374269cf14766d1
org.apache.parquet	parquet-hive-binding-factory	1.8.3		a4c7e9195a0766d589d9e4a4fe58830028df2d0d
org.apache.parquet	parquet-hive-binding-factory	1.9.0		58d9c7dad08c5e97561b6aab2658a0ec79472b06
org.easybatch	easybatch-core	2.2.0		cbf904df418bd652faa589a7c5f1e4a721ddf19a
org.easybatch	easybatch-core	3.0.0		bc64d16696f367e2231d10fd83361920554f08f7
org.easybatch	easybatch-core	3.0.1		8162c8edb1a9c202f0531f6b76c35311b828cac1
org.easybatch	easybatch-core	3.0.2		56d8b74263a16cef00a195e5505b89cb8782d8c6
org.easybatch	easybatch-core	3.0.3		41a8b096155f4a65ae53ba0dddfb3d3eb868fd3b
org.easybatch	easybatch-core	3.1.0		f817ccf914fec75989247064524614a8deb22dba
org.easybatch	easybatch-core	4.0.0		2ee6213215159ddbe2b2a78da80f350d787b857a
org.easybatch	easybatch-core	4.1.0		b4c709c5455c325eb6e0cef503e033722cef0644
org.easybatch	easybatch-core	4.2.0		ee53a0ebe0df4613aa2e4f90c2706b66b27b0f9b
org.easybatch	easybatch-core	4.2.1		ea88c999cdeeff6b908699e21b0345fabb19aa53
org.easybatch	easybatch-core	5.0.0		30c5f5e48d12eb70b9fd419680ea5dc8049c8e63
org.easybatch	easybatch-core	5.0.0-RC1		3da2861509a0375f93db04921eee2a8e870f26c0
org.easybatch	easybatch-core	5.0.0-RC2		a1a0b8626fa3f08cbdbc6c28633a3207da230031
org.easybatch	easybatch-core	5.1.0		16777e8a3252cb9232523602def1b125e992002a
org.easybatch	easybatch-core	5.2.0		e1edf6552ef2d38a4fdc4ae3bafbe43c0e716038
org.easybatch	easybatch-core	5.3.0		2779aaacce035b0a29cb88b37fabab4b42998f9f
org.eclipse.edc.azure	data-plane-instance-store-cosmos	0.10.0		5ef2217d3831a3666766e4b954e43b9ab96f1038
org.eclipse.edc.azure	data-plane-instance-store-cosmos	0.10.1		fa1359456b870eb615fb0721b60fbaa793b5fd19
org.eclipse.edc.azure	data-plane-instance-store-cosmos	0.11.0		acdfd8310acf2c4420147d98e6db2222e8163e41
org.eclipse.edc.azure	data-plane-instance-store-cosmos	0.11.1		9a45531f1c846afb49066d52c8edbb25c31b6e6b
org.eclipse.edc.azure	data-plane-instance-store-cosmos	0.12.0		9754bdfbda71fa5d4a7b4cdaa46742effb5c0913
org.eclipse.edc.azure	data-plane-instance-store-cosmos	0.7.1		39faf6aad27d2c2a64a3ff74c96daf10cc01d3ab
org.eclipse.edc.azure	data-plane-instance-store-cosmos	0.7.2		6f014b42a1d8424b22c122e4b8762026035b9148
org.eclipse.edc.azure	data-plane-instance-store-cosmos	0.8.0		2f57de02d8c48f348b005843f24c6fe6fd09565b
org.eclipse.edc.azure	data-plane-instance-store-cosmos	0.8.1		bf8da49afe5acc253696e3481e8fe0c41a58fdf2
org.eclipse.edc.azure	data-plane-instance-store-cosmos	0.9.0		a864492ccd7d85c36887f4a10ad34a735b20d764
org.eclipse.edc.azure	data-plane-instance-store-cosmos	0.9.1		737d60efdc498bbe0a035f2280f268ef90e02adf
org.elasticsearch.plugin	transport-nio-client	7.0.0		05fd3a184b9dba3b0b53cac9ac4bbb0584f5aed8
org.elasticsearch.plugin	transport-nio-client	7.0.0-rc1		9624bf337afd00c93dea645d15206cc9ebd4eb1f
org.elasticsearch.plugin	transport-nio-client	7.0.0-rc2		1583969fa56c94a6c2774c1dc2181074bb35fcd4
org.elasticsearch.plugin	transport-nio-client	7.0.1		6ae0d24588067d8bf38406a8943d1849d12f34bd
org.elasticsearch.plugin	transport-nio-client	7.1.0		b64d636f64a56dbaebe3f9ea3e1f2dd114ce0c77
org.elasticsearch.plugin	transport-nio-client	7.1.1		5b110df5dd17eeaef2969bc4a86ad7ab0b1f158b
org.elasticsearch.plugin	transport-nio-client	7.10.0		ff3bf9aca01bd5b328e7a5d3920002ae08936d35
org.elasticsearch.plugin	transport-nio-client	7.10.1		e470e8c48f54bb0599e3a50b97904a26eee15452
org.elasticsearch.plugin	transport-nio-client	7.10.2		cf09ddb72a6e61fa150b778297ad9eb5dd1cdc74
org.elasticsearch.plugin	transport-nio-client	7.11.0		7a321ab4a21ebe29c2018c3c545bf0331da3de32
org.elasticsearch.plugin	transport-nio-client	7.11.1		1179b581d6030b750463b190e2011ae76726573a
org.elasticsearch.plugin	transport-nio-client	7.11.2		7b4515ca95321d0ff4006f55d9fcc9b678112547
org.elasticsearch.plugin	transport-nio-client	7.12.0		ce9531b2481caecf7599f1bb9f33143d93628d8e
org.elasticsearch.plugin	transport-nio-client	7.12.1		a224c52f08280c9feefcb599df72087b18adf114
org.elasticsearch.plugin	transport-nio-client	7.13.0		7bf4cc6e56ae2a9a1c324a0ea34e99e1a366eaaf
org.elasticsearch.plugin	transport-nio-client	7.13.1		b95b7b60f2bf21bac5ce42c69a0eef055427ac97
org.elasticsearch.plugin	transport-nio-client	7.13.2		1a03bb9ee2a00e77fe8cc7d5bcedcbaafddd509f
org.elasticsearch.plugin	transport-nio-client	7.13.3		351fd2a63fb0a4a51d62f80408dcf792c9e371e1
org.elasticsearch.plugin	transport-nio-client	7.13.4		4a56a5a30f93bc453ea21c585961b97f982be3a1
org.elasticsearch.plugin	transport-nio-client	7.14.0		319e914ee308d26cf49389f85dbff23563a9abce
org.elasticsearch.plugin	transport-nio-client	7.14.1		a47f551058eba41533aadc468ea6b799b14aa127
org.elasticsearch.plugin	transport-nio-client	7.14.2		f0652f7249c35d541ffec4cb6f2a6c040569777e
org.elasticsearch.plugin	transport-nio-client	7.15.0		ee6e24d28dd5b5084f86e793cf09a74618c314b4
org.elasticsearch.plugin	transport-nio-client	7.15.1		8d750360527c471fa6e08dfdd6661a2514f745a0
org.elasticsearch.plugin	transport-nio-client	7.15.2		3c62038708e31940fd0012eebdd57a7e8f4a1237
org.elasticsearch.plugin	transport-nio-client	7.16.0		a18774bd942677f229eb99440aedcd8c74934519
org.elasticsearch.plugin	transport-nio-client	7.16.1		07bc8c30bc6034220f53cf4b70b5a2bca3d6a08c
org.elasticsearch.plugin	transport-nio-client	7.16.2		b72135b0769d4d33a2edfaeaff50d713b5f24955
org.elasticsearch.plugin	transport-nio-client	7.16.3		aa3009bac998f57c793ecb7f517a8e35ebddf7c3
org.elasticsearch.plugin	transport-nio-client	7.17.0		677b98319251d743ad63f0c59d77c67aeeb6676c
org.elasticsearch.plugin	transport-nio-client	7.17.1		3d4f33528046a01460f4b922a4612f76a12167e5
org.elasticsearch.plugin	transport-nio-client	7.17.10		4d4a689abd0eed0b35247d9bbdb3dc18016c2f2b
org.elasticsearch.plugin	transport-nio-client	7.17.11		761b32b2e2236ca4927f044801e589332fa61ce0
org.elasticsearch.plugin	transport-nio-client	7.17.12		1afaffb18300dde3463ee8c918ae93fb188dc73f
org.elasticsearch.plugin	transport-nio-client	7.17.13		22cffbbb213cefec17356934d41c4e5ad56c5170
org.elasticsearch.plugin	transport-nio-client	7.17.14		4b7ff655544a21391a204bc9d69b037512a6800f
org.elasticsearch.plugin	transport-nio-client	7.17.15		f9f9c98ae2d72f56198babf8af7fc485ad6e7f1b
org.elasticsearch.plugin	transport-nio-client	7.17.16		ea1b3493b8c742a9e1f21fc43f0d590ba5ae0b26
org.elasticsearch.plugin	transport-nio-client	7.17.17		671ba0bf21f7747111de1ed72fd85bf935b5c90e
org.elasticsearch.plugin	transport-nio-client	7.17.18		dde30328c92b374d0cf02fa93d80cc3620896df6
org.elasticsearch.plugin	transport-nio-client	7.17.19		2d8cce7a79e440215969b06bb7dcb80a717ae48c
org.elasticsearch.plugin	transport-nio-client	7.17.2		f48e89576f7a72a9339eec391ac6ab491d87129e
org.elasticsearch.plugin	transport-nio-client	7.17.20		1b4ac10ed691a7d3ae75ffd5a1dfac883724e775
org.elasticsearch.plugin	transport-nio-client	7.17.21		6f66ed6c97041d0719e864f75046b29ba24e191a
org.elasticsearch.plugin	transport-nio-client	7.17.22		ce3c4777d8bd6b4c5fd953f7ed843e10a7c5f8d2
org.elasticsearch.plugin	transport-nio-client	7.17.23		25be435ccca30d0205ee24f5490d40da99af4938
org.elasticsearch.plugin	transport-nio-client	7.17.24		4454ff7f62bcf2897dbae6d0ad70fc6b9d5aac4a
org.elasticsearch.plugin	transport-nio-client	7.17.25		4c84be956a971a1174cd3d1fdd7ec287bd34807d
org.elasticsearch.plugin	transport-nio-client	7.17.26		f9164155574076e63a0707063241bacf1c82821c
org.elasticsearch.plugin	transport-nio-client	7.17.27		a6b966d6b6abaff400d8e4042069fa60dcc79c06
org.elasticsearch.plugin	transport-nio-client	7.17.28		ec1c2b6f5548ba92aee0d358cf6859ee5c813552
org.elasticsearch.plugin	transport-nio-client	7.17.3		7e97540f40df5ea9e23809cec6e49bc44be2d5ec
org.elasticsearch.plugin	transport-nio-client	7.17.4		397f9828ffda01f337dd71477fe080fa0dc82fa4
org.elasticsearch.plugin	transport-nio-client	7.17.5		eef81cd778f7cc4a7253db81e3cf2cf4d340a3e3
org.elasticsearch.plugin	transport-nio-client	7.17.6		b4d55de09ed471056bfdf9520b390a231105924b
org.elasticsearch.plugin	transport-nio-client	7.17.7		f619120be2f8c79f90e4929848e2c74e8b78d411
org.elasticsearch.plugin	transport-nio-client	7.17.8		ad40e1e509a0f5245c4267fc86b8d523b2575441
org.elasticsearch.plugin	transport-nio-client	7.17.9		74ea49c7c2724ffa76bb9e0db03dcb49ffe9b836
org.elasticsearch.plugin	transport-nio-client	7.2.0		1a085ce29e20b24c0ba4b3c9b6cd5ace099f0365
org.elasticsearch.plugin	transport-nio-client	7.2.1		6408c17f0a2017417eeb392076354e298e6e0d53
org.elasticsearch.plugin	transport-nio-client	7.3.0		deebda6976c981a1eaf87572ced6d88f5c397e92
org.elasticsearch.plugin	transport-nio-client	7.3.1		523fc1a4058f5a7eba82d1b846d3e3dad46400df
org.elasticsearch.plugin	transport-nio-client	7.3.2		df09f2f5a60ba26bfefc2c8a9628ed25d7deeafd
org.elasticsearch.plugin	transport-nio-client	7.4.0		44218835b794f56fa721d15c748c0d5009f1c3c1
org.elasticsearch.plugin	transport-nio-client	7.4.1		07a0ab890c2a553796be3b43a5b7757d6ea8e431
org.elasticsearch.plugin	transport-nio-client	7.4.2		22e6b3c81b3381e29ac523d614d4ee8f4c8a5ae9
org.elasticsearch.plugin	transport-nio-client	7.5.0		1f034b690ba38f7a9b6b6b8312973d4d5041e4e3
org.elasticsearch.plugin	transport-nio-client	7.5.1		175a1d29d644b008b4c3728fa9f0c84804073e93
org.elasticsearch.plugin	transport-nio-client	7.5.2		20b27e5b60a83cb10b2f4f471f027fca3bbde9f7
org.elasticsearch.plugin	transport-nio-client	7.6.0		7dcaf4f50110c40e815c33be3eb9bd41fdba9b28
org.elasticsearch.plugin	transport-nio-client	7.6.1		3d52590515b83511477a67a06ce6840ee4e5ef15
org.elasticsearch.plugin	transport-nio-client	7.6.2		36b04b6a57eef96ab649936fd51f9ae7fb5c4cb2
org.elasticsearch.plugin	transport-nio-client	7.7.0		ccbe613f1c923c4a7336f68d346b021698bac407
org.elasticsearch.plugin	transport-nio-client	7.7.1		bf65095ee5600f14a16bdc535cb41749cb142805
org.elasticsearch.plugin	transport-nio-client	7.8.0		41e22cd4a03efe9c6ab613ac08603532672fef37
org.elasticsearch.plugin	transport-nio-client	7.8.1		e790bbc60e8eff0f0d24f4cd813433133a8322c4
org.elasticsearch.plugin	transport-nio-client	7.9.0		50367085f5115aeb700daed777c94e9ec4038941
org.elasticsearch.plugin	transport-nio-client	7.9.1		099504c44ba5ac0f7a1f621f73bcfcabbe3edef8
org.elasticsearch.plugin	transport-nio-client	7.9.2		4ca2f2d31ddb442dec1d826e50f0b83ce9ca9947
org.elasticsearch.plugin	transport-nio-client	7.9.3		66ecf29ce451948dda319f3d413545eccdeb1cd7
org.jetbrains.kotlin	kotlin-scripting-dependencies	1.3.70		e4d24f4e5701d3fc6cdca774157589178816ada3
org.jetbrains.kotlin	kotlin-scripting-dependencies	1.3.71		f6f62d45a31b9b10cb9575100f4a6e42191124ea
org.jetbrains.kotlin	kotlin-scripting-dependencies	1.3.72		09a44b24ee4beeda512cb7421f54da95a11b100f
org.jetbrains.kotlin	kotlin-scripting-dependencies	1.4.0		ee3da0f32fbd7562d50b1d3324e6fe201c3bed95
org.jetbrains.kotlin	kotlin-scripting-dependencies	1.4.0-rc		ca113a45b5b31775d7c3c0d8abee66fe1355b92d
org.jetbrains.kotlin	kotlin-scripting-dependencies	1.4.10		449d8bad1c3f4086fb0ff9aeea3c9175a33877e5
org.jetbrains.kotlin	kotlin-scripting-dependencies	1.4.20		0c265981037a65a8916657d5c27a6dab85541999
org.jetbrains.kotlin	kotlin-scripting-dependencies	1.4.20-M1		444de61d2242da069f03a11ce6035e6bffb9fc2f
org.jetbrains.kotlin	kotlin-scripting-dependencies	1.4.20-M2		835508c51f4bfbf693db4eacc446cc238cff1164
org.jetbrains.kotlin	kotlin-scripting-dependencies	1.4.20-RC		a12fc340321271e54ca9098b88e8c2c21223019b
org.jetbrains.kotlin	kotlin-scripting-dependencies	1.4.21		b4bd7765db0fab1f33ab9d72948772c029199afd
org.jetbrains.kotlin	kotlin-scripting-dependencies	1.4.21-2		c12982048cc92d89b1bc360e096ce9eebcc232d3
org.jetbrains.kotlin	kotlin-scripting-dependencies	1.4.30		a15144c38222969ca3a504afbfea5fdda7c47158
org.jetbrains.kotlin	kotlin-scripting-dependencies	1.4.30-M1		db551d65815431adc0b7d4817d2bdf26a5e22cc0
org.jetbrains.kotlin	kotlin-scripting-dependencies	1.4.30-RC		8b32b1ae04fabe29d7e9ddadafbf9692c7aa314e
org.jetbrains.kotlin	kotlin-scripting-dependencies	1.4.31		3007013dee2d8d4b180acc2e6e8842f236864b0d
org.jetbrains.kotlin	kotlin-scripting-dependencies	1.4.32		e957b07d003fa4b8393e1356a001fedfe62f600f
org.jetbrains.kotlin	kotlin-scripting-dependencies	1.5.0		90709d28cb45fad1c214bfe710b248ac06f22222
org.jetbrains.kotlin	kotlin-scripting-dependencies	1.5.0-M1		3a4cd9787de21fdf81f514894865264282f9a6e2
org.jetbrains.kotlin	kotlin-scripting-dependencies	1.5.0-M2		ea3f7cfcab879ce9aacec95a5a34566d4f632375
org.jetbrains.kotlin	kotlin-scripting-dependencies	1.5.0-RC		fb699ab24a37a45bdf873968e59d1144aa7f3926
org.jetbrains.kotlin	kotlin-scripting-dependencies	1.5.10		1bae969de8f6c5738cd7cf4b98327fde0f1fa2ad
org.jetbrains.kotlin	kotlin-scripting-dependencies	1.5.20		d6ac4491ad80a2054679690c7a6dfcfe59d749f3
org.jetbrains.kotlin	kotlin-scripting-dependencies	1.5.20-M1		001f1fd1e5d94e45fbce38152341438e951ba6d9
org.jetbrains.kotlin	kotlin-scripting-dependencies	1.5.20-RC		1e17484b3b88c6be77427b1baba4cbbf2843a01b
org.jetbrains.kotlin	kotlin-scripting-dependencies	1.5.21		3a8d9957ee202bace210dd414c78033e9a3ecf99
org.jetbrains.kotlin	kotlin-scripting-dependencies	1.5.30		c785a617d2ab9109ac3cf31a3ae4c2834426ac0c
org.jetbrains.kotlin	kotlin-scripting-dependencies	1.5.30-M1		N/A
org.jetbrains.kotlin	kotlin-scripting-dependencies	1.5.30-RC		1bb07648203be53bf9cf908478d665f13987de52
org.jetbrains.kotlin	kotlin-scripting-dependencies	1.5.31		9d1358bac382b07c913fc7056a1183c32f965ed4
org.jetbrains.kotlin	kotlin-scripting-dependencies	1.5.32		34922ea01640345c8511d4b914f67b8d3965d51d
org.jetbrains.kotlin	kotlin-scripting-dependencies	1.6.0		2f37fadb2ad18195b41167ea7f168dc511a6b392
org.jetbrains.kotlin	kotlin-scripting-dependencies	1.6.0-M1		10c6de936a7b0455ea6cba96b17c65838c4d68de
org.jetbrains.kotlin	kotlin-scripting-dependencies	1.6.0-RC		41480b868fe1faf18481ee1c0c402f697723f120
org.jetbrains.kotlin	kotlin-scripting-dependencies	1.6.0-RC2		fbfd36b95e29a1f2014febff07b49f8517323c4b
org.jetbrains.kotlin	kotlin-scripting-dependencies	1.6.10		cd372cf48e6b78ca149db7bd4e59392925c328e0
org.jetbrains.kotlin	kotlin-scripting-dependencies	1.6.10-RC		f3e8388419d5211fd9872d47f7d87f6fa232c5f8
org.jetbrains.kotlin	kotlin-scripting-dependencies	1.6.20		b0dac59154c11ed45da89c343b6da74dbcc252b9
org.jetbrains.kotlin	kotlin-scripting-dependencies	1.6.20-M1		28da55cf5bc1d8a8896b213cc57b98181a40b5da
org.jetbrains.kotlin	kotlin-scripting-dependencies	1.6.20-RC		8144be8c2bfcd6ddfea8d3d2ae9b6662c6227f29
org.jetbrains.kotlin	kotlin-scripting-dependencies	1.6.20-RC2		fa0b3ea6bcb7a0d2ac837bb27e445369703786fc
org.jetbrains.kotlin	kotlin-scripting-dependencies	1.6.21		549226f5c608b10305c4170012d64e4c88cac764
org.jetbrains.kotlin	kotlin-scripting-dependencies	1.7.0		28eef9eed53fcb247841bf968ac9da3b064b4490
org.jetbrains.kotlin	kotlin-scripting-dependencies	1.7.0-Beta		1960844f7720fb71e5dd4c0c030f362f7e7d73c1
org.jetbrains.kotlin	kotlin-scripting-dependencies	1.7.0-RC		738255a1307701b1eabc2fb4f2b8410b090bfe18
org.jetbrains.kotlin	kotlin-scripting-dependencies	1.7.0-RC2		730ef1b519f0af83f5f300178dfbb5ee044fa0c7
org.jetbrains.kotlin	kotlin-scripting-dependencies	1.7.10		6cf5978c25f422094b9b26f5882772ee0edcab2c
org.jetbrains.kotlin	kotlin-scripting-dependencies	1.7.20		f2b0db701e875853d9aca71483ab87db82988ae5
org.jetbrains.kotlin	kotlin-scripting-dependencies	1.7.20-Beta		441c3667c26e43586b4d22559babfdff2191b6bf
org.jetbrains.kotlin	kotlin-scripting-dependencies	1.7.20-RC		a955a96d32d6bba114295445bd34df354ee9d760
org.jetbrains.kotlin	kotlin-scripting-dependencies	1.7.21		c80cdc7d57b52d1972ec4695ca1f1dd93883949c
org.jetbrains.kotlin	kotlin-scripting-dependencies	1.7.22		177d10bf8dfa36b715ea0c17c17bf22f554c74eb
org.jetbrains.kotlin	kotlin-scripting-dependencies	1.8.0		09334cd7384e0822d2c02c4caa3106298a60a31c
org.jetbrains.kotlin	kotlin-scripting-dependencies	1.8.0-343		N/A
org.jetbrains.kotlin	kotlin-scripting-dependencies	1.8.0-Beta		b1097e4550d978574996d7ff12e0b7f92e216f2d
org.jetbrains.kotlin	kotlin-scripting-dependencies	1.8.0-RC		b852d9121fb4646a507f8ee164961a858420201d
org.jetbrains.kotlin	kotlin-scripting-dependencies	1.8.0-RC2		8355c37580c6c1a6c4b2801a01357c182cf78fae
org.jetbrains.kotlin	kotlin-scripting-dependencies	1.8.10		198caa6d862bbc642057140b11b3fde46a139888
org.jetbrains.kotlin	kotlin-scripting-dependencies	1.8.20		a083bc3d951d8f2ca1961c5f8810408355dc533f
org.jetbrains.kotlin	kotlin-scripting-dependencies	1.8.20-Beta		e56001030f68e1e5da4b70f25885bfe444fd0446
org.jetbrains.kotlin	kotlin-scripting-dependencies	1.8.20-RC		c8209aa2e1f7185add147713459cda81a8602166
org.jetbrains.kotlin	kotlin-scripting-dependencies	1.8.20-RC2		bb748c622409fd82d6976e27b576932cb7e050c9
org.jetbrains.kotlin	kotlin-scripting-dependencies	1.8.21		8d266abc2ea369381ad73788a8a69643530d8138
org.jetbrains.kotlin	kotlin-scripting-dependencies	1.8.22		850520968a368c3cba098af716c2b10977b3e4ae
org.jetbrains.kotlin	kotlin-scripting-dependencies	1.9.0		a829b370d366b7d392c1c3e525f286022643b434
org.jetbrains.kotlin	kotlin-scripting-dependencies	1.9.0-Beta		4b04fee012868aa81defc4c1dec224aab5b09fb8
org.jetbrains.kotlin	kotlin-scripting-dependencies	1.9.0-RC		3af05b6fda5cd4a527f93147cf4f3128e3e4dba7
org.jetbrains.kotlin	kotlin-scripting-dependencies	1.9.10		7f84ecf2976460c63c1dbcdcf1c9dfc6ef96c80f
org.jetbrains.kotlin	kotlin-scripting-dependencies	1.9.20		N/A
org.jetbrains.kotlin	kotlin-scripting-dependencies	1.9.20-Beta		N/A
org.jetbrains.kotlin	kotlin-scripting-dependencies	1.9.20-Beta2		N/A
org.jetbrains.kotlin	kotlin-scripting-dependencies	1.9.20-RC		N/A
org.jetbrains.kotlin	kotlin-scripting-dependencies	1.9.20-RC2		N/A
org.jetbrains.kotlin	kotlin-scripting-dependencies	1.9.21		c53d5ff9d3639621a209e42dd45f625878334232
org.jetbrains.kotlin	kotlin-scripting-dependencies	1.9.22		b7653dc9d12c3aac90be29c5112f80162c991ea7
org.jetbrains.kotlin	kotlin-scripting-dependencies	1.9.23		415331facabe728d361828449d3f5cdcc32ebaa5
org.jetbrains.kotlin	kotlin-scripting-dependencies	1.9.24		aa15eee207532eea313a0a6ff7bf2e06824e150e
org.jetbrains.kotlin	kotlin-scripting-dependencies	1.9.25		c9247321bd76ab6bcf2c23996abeac91674f824a
org.jetbrains.kotlin	kotlin-scripting-dependencies	2.0.0		019e161a764e7677d6f0d0168c2150ad26717fd7
org.jetbrains.kotlin	kotlin-scripting-dependencies	2.0.0-Beta1		N/A
org.jetbrains.kotlin	kotlin-scripting-dependencies	2.0.0-Beta2		e06426b0215882177575005e6fd14778243f29db
org.jetbrains.kotlin	kotlin-scripting-dependencies	2.0.0-Beta3		0ee3535bad9a8bc60fd0ef63914cba55316cb8c0
org.jetbrains.kotlin	kotlin-scripting-dependencies	2.0.0-Beta4		a26f5bad13e9c9d81b9f19d72412251a6781fa59
org.jetbrains.kotlin	kotlin-scripting-dependencies	2.0.0-Beta5		43fe1ffaf355f3cf92e3f005a488b5808b21d127
org.jetbrains.kotlin	kotlin-scripting-dependencies	2.0.0-RC1		3b0cbb7165810baa6fe94de4f6b512488ae5e43d
org.jetbrains.kotlin	kotlin-scripting-dependencies	2.0.0-RC2		b7b5b76e9dca22ab9a2aee17a514d82dc1d4fb93
org.jetbrains.kotlin	kotlin-scripting-dependencies	2.0.0-RC3		4ef861dcf0ee7052b567b630ccb8de56d297c96c
org.jetbrains.kotlin	kotlin-scripting-dependencies	2.0.10		d7c679e9709584cda1bbd5410f2d63ff3a598468
org.jetbrains.kotlin	kotlin-scripting-dependencies	2.0.10-RC		e14e5aed97c2ae2a8a8b0620d2ad68d3b721759c
org.jetbrains.kotlin	kotlin-scripting-dependencies	2.0.10-RC2		294b9f7e7ec312f69696f3658fc390191ad5cae6
org.jetbrains.kotlin	kotlin-scripting-dependencies	2.0.20		0d3c287a9cc37c83416c58d0a630760bda4f2aa7
org.jetbrains.kotlin	kotlin-scripting-dependencies	2.0.20-Beta1		11c37049231fd9a87acbbe97072ad6086c959fd6
org.jetbrains.kotlin	kotlin-scripting-dependencies	2.0.20-Beta2		337d1770051c0b41262e923a42b1cf57293d2015
org.jetbrains.kotlin	kotlin-scripting-dependencies	2.0.20-RC		e7b3787106524e54bf922d300a10ca8141a79631
org.jetbrains.kotlin	kotlin-scripting-dependencies	2.0.20-RC2		299427d2cbf0fd8946d673781aca1026d8c662e2
org.jetbrains.kotlin	kotlin-scripting-dependencies	2.0.21		85eb1a350bcb580cbf0e449f04abb8cee88ec348
org.jetbrains.kotlin	kotlin-scripting-dependencies	2.0.21-RC		dfe020946d722efd8c5639450b23600f6cec5501
org.jetbrains.kotlin	kotlin-scripting-dependencies	2.1.0		fb58f6650e93e2cdbf01941399d05c2c13823cd5
org.jetbrains.kotlin	kotlin-scripting-dependencies	2.1.0-Beta1		e7bed402fd30e038e5e8e5ccc71e0962658c1e74
org.jetbrains.kotlin	kotlin-scripting-dependencies	2.1.0-Beta2		75c53e991d9c78213eec8028c3dc7ad75adde372
org.jetbrains.kotlin	kotlin-scripting-dependencies	2.1.0-RC		c869c05e26a506ebfb99204fafd573416b9f3902
org.jetbrains.kotlin	kotlin-scripting-dependencies	2.1.0-RC2		cc10fe177568840544e4f26f158047c3bb03e444
org.jetbrains.kotlin	kotlin-scripting-dependencies	2.1.10		7ba41ded88038f819f0cb22d953d4ca9727b70e6
org.jetbrains.kotlin	kotlin-scripting-dependencies	2.1.10-RC		a4a54ea81b3697b531ebb9f4d76af7c0b215ed18
org.jetbrains.kotlin	kotlin-scripting-dependencies	2.1.10-RC2		af21e9e57fa46dd6850d05ab81eff42bbc792766
org.jetbrains.kotlin	kotlin-scripting-dependencies	2.1.20		1fd1e29f1e5f08182567df40e9fff4f517244c4d
org.jetbrains.kotlin	kotlin-scripting-dependencies	2.1.20-Beta1		2fe2251821f8b59938e5ed279281d889954c51d3
org.jetbrains.kotlin	kotlin-scripting-dependencies	2.1.20-Beta2		24d963a81188c4951e67bf78ea755a7d76415bce
org.jetbrains.kotlin	kotlin-scripting-dependencies	2.1.20-RC		4af2316542bc4777471b121dde238c040bcde77a
org.jetbrains.kotlin	kotlin-scripting-dependencies	2.1.20-RC2		59c876fd860ceb8b03c90118427f5b6d2e173b71
org.jetbrains.kotlin	kotlin-scripting-dependencies	2.1.20-RC3		de40600185823225440a433b5597c114aaeba741
org.jetbrains.kotlin	kotlin-scripting-dependencies	2.1.21		cbb7b2ac5635c48372b965c4a40a4501400f309a
org.jetbrains.kotlin	kotlin-scripting-dependencies	2.1.21-RC		4ec32c1ef0c7e0e18adac55248c87e4d5c2f5121
org.jetbrains.kotlin	kotlin-scripting-dependencies	2.1.21-RC2		fac6f80ed7e2f7760bccd071fb6a4dea7b815abf
org.jetbrains.kotlin	kotlin-scripting-dependencies	2.2.0-Beta1		04fec0110cc67fd43ddbd55ac849b9d379ad3bdf
org.jetbrains.kotlin	kotlin-scripting-dependencies	2.2.0-Beta2		10992e2cceb51447b11774403b3752a1c2ce413b
org.jetbrains.kotlin	kotlin-scripting-dependencies	2.2.0-RC		69d2fdb796e72eeca1a6c24fdb04aa447b18f4f5
org.knowm.xchange	xchange-bitcoinium	4.0.0		e1e04ed898a7d94816b1b319b87f0785d3f460a2
org.knowm.xchange	xchange-bitcoinium	4.1.0		455198f9dbe23c7b42cfd967420e2d83b47b4ba9
org.knowm.xchange	xchange-bitcoinium	4.2.0		792185e3c58eaa550639f6c48e6a284e5696f41c
org.knowm.xchange	xchange-bitcoinium	4.2.1		b752bd456480a1179e223aef1af2f17c8c9ef0ee
org.knowm.xchange	xchange-bitcoinium	4.2.2		30a7ea6e141ea90693b0694c10c9729228cc99e6
org.knowm.xchange	xchange-bitcoinium	4.2.3		69b87796a151b832a7c58a3d0b69c5fb235a32ca
org.knowm.xchange	xchange-bitcoinium	4.3.0		decd4c8a7f5bc8a6a0b606ec1ee3ca85f8615955
org.knowm.xchange	xchange-bitcoinium	4.3.1		9afd844bd3938d7b3d158192b90a6a72a1a9d83b
org.knowm.xchange	xchange-bitcoinium	4.3.10		ab3f06e17e6247dcd8f8a7a7a7db7fe96b252172
org.knowm.xchange	xchange-bitcoinium	4.3.11		f3ddf1915c4c084eaefc9c41b4aa5829519b3a6c
org.knowm.xchange	xchange-bitcoinium	4.3.12		aeb8bcdb2e05576b7f68dfffedf7bbda6a15b9c8
org.knowm.xchange	xchange-bitcoinium	4.3.13		71fd0ab6d14f07a773c0f5501f20d70375f8bfc3
org.knowm.xchange	xchange-bitcoinium	4.3.14		1621e2f9ea69c035e55e749d4b2024d1cd6150ce
org.knowm.xchange	xchange-bitcoinium	4.3.15		c8d0bda17863a6b17b30705e5edff835dc32b032
org.knowm.xchange	xchange-bitcoinium	4.3.16		7d31ebc6a7d2dadcbcb23660322c51bd50347f8e
org.knowm.xchange	xchange-bitcoinium	4.3.17		0774a1328f14cad6f88f4aa6616fdb6704852a09
org.knowm.xchange	xchange-bitcoinium	4.3.18		6baa1b3a12379d8c535e60341d8d97e942652452
org.knowm.xchange	xchange-bitcoinium	4.3.19		9febe923649024006cc35493ba02df422bb9726a
org.knowm.xchange	xchange-bitcoinium	4.3.2		5a38c6697c76be2c849ed325a50153c690647b2e
org.knowm.xchange	xchange-bitcoinium	4.3.20		644521729a3251e7084d4f6c9f7ad608f3264954
org.knowm.xchange	xchange-bitcoinium	4.3.21		af79f85833841af688afddea6b06dca76ed6219c
org.knowm.xchange	xchange-bitcoinium	4.3.3		e72356862c7e6a07ef788b2b63e10611996b679e
org.knowm.xchange	xchange-bitcoinium	4.3.4		bfae3b5c3f5204fac3133625e47d2b0cb63f7a73
org.knowm.xchange	xchange-bitcoinium	4.3.5		bf5113a8115c66079ec63e4fa5fb5320b8566b74
org.knowm.xchange	xchange-bitcoinium	4.3.6		950be185b6a768311008371e18b0c7b7318ff14a
org.knowm.xchange	xchange-bitcoinium	4.3.7		5d181bed9fdac542bf8aadcb196bca682e5eb841
org.knowm.xchange	xchange-bitcoinium	4.3.8		058b66f0110a98a464768a553c959ff07242997d
org.knowm.xchange	xchange-bitcoinium	4.3.9		a2be9cb0204cc59d671a2bdbc48e3e2756eb7aac
org.knowm.xchange	xchange-bitcoinium	4.4.0		2b9478ee96f2b99b2c7a5ab3d59744673784d406
org.knowm.xchange	xchange-bitcoinium	4.4.1		14fb0f718748c8ab74c389a5bd42f4c6334a4cdf
org.knowm.xchange	xchange-bitcoinium	4.4.2		541867788fde1e390d1cb39912baa12e0003719c
org.knowm.xchange	xchange-bitcoinium	5.0.0		0bf4ad6b1006ac70241318ab21e81d7729e75dd9
org.knowm.xchange	xchange-bitcoinium	5.0.1		3bbfdb2e05c2c5ec01b3d7a5961dd462dc3ac0ab
org.knowm.xchange	xchange-bitcoinium	5.0.10		e783662e673a370d8ce7934423614d7478433037
org.knowm.xchange	xchange-bitcoinium	5.0.11		5a7e99ab47909fbd16f5504e1db800c5bde5e1d3
org.knowm.xchange	xchange-bitcoinium	5.0.12		7609b755b42c34677dc3d44f24c744fb9d0240c3
org.knowm.xchange	xchange-bitcoinium	5.0.13		046e72e961a5965440d9f636a611a29922d619f1
org.knowm.xchange	xchange-bitcoinium	5.0.14		6af03ce8b7451fa4a1cdcc045441823a91132fac
org.knowm.xchange	xchange-bitcoinium	5.0.2		3e42a13aa2251b776c93a744bc27b939a1f2af3c
org.knowm.xchange	xchange-bitcoinium	5.0.3		b2c0c99592850916f5258fa0f9da644569121bcd
org.knowm.xchange	xchange-bitcoinium	5.0.4		1d57fcc46eb44e5d00033e346ef5c703d2bb5efa
org.knowm.xchange	xchange-bitcoinium	5.0.6		9fc0fa9a41f9bbb2f3b75ec6d57c2f37698ab0bc
org.knowm.xchange	xchange-bitcoinium	5.0.7		3a6fbbd0eab0015fd5700e1374e65a870e9209b4
org.knowm.xchange	xchange-bitcoinium	5.0.8		a0bf5e079704e7593fa7476a85b760b2f7560575
org.knowm.xchange	xchange-bitcoinium	5.0.9		777e9fc38f23c48ba76d074c025614288921d423
org.make	avro4s-core_2.13	3.0.5-make		ac6aa76abf9773b4749690958afa8d0cef95224f
org.make	avro4s-core_2.13	3.0.5-make2		869763436d0cd2348c9f8aaa91370db31d3eefb5
org.make	avro4s-core_2.13	3.0.5-make3		a114fe2b777f3e84342ee63e5f0b6105964c284d
org.mvnpm	has-unicode	2.0.1		f9159712f615788402f414b439ba7f7ff96c98a8
org.opendaylight.bgpcep	bgp-config-loader-spi	0.7.0-Carbon		c8d661cc4b95fc04a88487f5c92985ac9c05a56d
org.opendaylight.bgpcep	bgp-config-loader-spi	0.7.1-Carbon		0f5eb8133e23480a4e8a1cab70fe8fbaf59d895a
org.opendaylight.bgpcep	bgp-config-loader-spi	0.7.2-Carbon		79ea0890fd01d7dfcbf54e140f95648dfdd01e6d
org.opendaylight.bgpcep	bgp-config-loader-spi	0.7.3-Carbon		c54cd5fcde62745db86150e661da6bf1b9fe7814
org.opendaylight.bgpcep	bgp-config-loader-spi	0.7.4-Carbon		296dbe91abba8c6b3c7ebc953b13c3fc697cb195
org.opendaylight.bgpcep	bgp-config-loader-spi	0.8.0		c3cc8718255262aefcdf4bdfb2d0e974825ccd17
org.opendaylight.bgpcep	bgp-config-loader-spi	0.8.1		867b4fd1002a66c5a8de2099eeb0e5d3e6b88ac8
org.opendaylight.bgpcep	bgp-config-loader-spi	0.8.2		4d3931c24c045eaa7dec6229cb9bdb57729f77e4
org.opendaylight.bgpcep	bgp-config-loader-spi	0.8.3		2de9b9ae50f2237e0a85d7475035528e617a1a61
org.opendaylight.netconf	odl-mdsal-apidocs	1.10.0		N/A
org.opendaylight.netconf	odl-mdsal-apidocs	1.10.1		N/A
org.opendaylight.netconf	odl-mdsal-apidocs	1.10.2		N/A
org.opendaylight.netconf	odl-mdsal-apidocs	1.10.3		N/A
org.opendaylight.netconf	odl-mdsal-apidocs	1.10.4		N/A
org.opendaylight.netconf	odl-mdsal-apidocs	1.10.4.1		N/A
org.opendaylight.netconf	odl-mdsal-apidocs	1.10.4.2		N/A
org.opendaylight.netconf	odl-mdsal-apidocs	1.10.4.3		N/A
org.opendaylight.netconf	odl-mdsal-apidocs	1.11.0		N/A
org.opendaylight.netconf	odl-mdsal-apidocs	1.11.1		N/A
org.opendaylight.netconf	odl-mdsal-apidocs	1.11.2		N/A
org.opendaylight.netconf	odl-mdsal-apidocs	1.11.3		N/A
org.opendaylight.netconf	odl-mdsal-apidocs	1.12.0		N/A
org.opendaylight.netconf	odl-mdsal-apidocs	1.12.1		N/A
org.opendaylight.netconf	odl-mdsal-apidocs	1.12.2		N/A
org.opendaylight.netconf	odl-mdsal-apidocs	1.12.3		N/A
org.opendaylight.netconf	odl-mdsal-apidocs	1.12.4		N/A
org.opendaylight.netconf	odl-mdsal-apidocs	1.13.0		N/A
org.opendaylight.netconf	odl-mdsal-apidocs	1.13.1		N/A
org.opendaylight.netconf	odl-mdsal-apidocs	1.13.2		N/A
org.opendaylight.netconf	odl-mdsal-apidocs	1.13.3		N/A
org.opendaylight.netconf	odl-mdsal-apidocs	1.13.4		N/A
org.opendaylight.netconf	odl-mdsal-apidocs	1.13.5		N/A
org.opendaylight.netconf	odl-mdsal-apidocs	1.13.6		N/A
org.opendaylight.netconf	odl-mdsal-apidocs	1.13.7		N/A
org.opendaylight.netconf	odl-mdsal-apidocs	1.13.8		N/A
org.opendaylight.netconf	odl-mdsal-apidocs	1.5.0-Carbon		N/A
org.opendaylight.netconf	odl-mdsal-apidocs	1.5.1-Carbon		N/A
org.opendaylight.netconf	odl-mdsal-apidocs	1.5.2-Carbon		N/A
org.opendaylight.netconf	odl-mdsal-apidocs	1.5.3-Carbon		N/A
org.opendaylight.netconf	odl-mdsal-apidocs	1.5.4-Carbon		N/A
org.opendaylight.netconf	odl-mdsal-apidocs	1.6.0		N/A
org.opendaylight.netconf	odl-mdsal-apidocs	1.6.1		N/A
org.opendaylight.netconf	odl-mdsal-apidocs	1.6.2		N/A
org.opendaylight.netconf	odl-mdsal-apidocs	1.6.3		N/A
org.opendaylight.netconf	odl-mdsal-apidocs	1.7.0		N/A
org.opendaylight.netconf	odl-mdsal-apidocs	1.7.1		N/A
org.opendaylight.netconf	odl-mdsal-apidocs	1.7.2		N/A
org.opendaylight.netconf	odl-mdsal-apidocs	1.7.3		N/A
org.opendaylight.netconf	odl-mdsal-apidocs	1.7.4		N/A
org.opendaylight.netconf	odl-mdsal-apidocs	1.8.0		N/A
org.opendaylight.netconf	odl-mdsal-apidocs	1.8.1		N/A
org.opendaylight.netconf	odl-mdsal-apidocs	1.8.2		N/A
org.opendaylight.netconf	odl-mdsal-apidocs	1.8.3		N/A
org.opendaylight.netconf	odl-mdsal-apidocs	1.9.0		N/A
org.opendaylight.netconf	odl-mdsal-apidocs	1.9.1		N/A
org.opendaylight.netconf	odl-mdsal-apidocs	1.9.2		N/A
org.opendaylight.netconf	odl-mdsal-apidocs	1.9.3		N/A
org.opendaylight.netconf	odl-mdsal-apidocs	2.0.0		N/A
org.opendaylight.netconf	odl-mdsal-apidocs	2.0.1		N/A
org.opendaylight.netconf	odl-mdsal-apidocs	2.0.10		N/A
org.opendaylight.netconf	odl-mdsal-apidocs	2.0.11		N/A
org.opendaylight.netconf	odl-mdsal-apidocs	2.0.12		N/A
org.opendaylight.netconf	odl-mdsal-apidocs	2.0.13		N/A
org.opendaylight.netconf	odl-mdsal-apidocs	2.0.14		N/A
org.opendaylight.netconf	odl-mdsal-apidocs	2.0.15		N/A
org.opendaylight.netconf	odl-mdsal-apidocs	2.0.16		N/A
org.opendaylight.netconf	odl-mdsal-apidocs	2.0.17		N/A
org.opendaylight.netconf	odl-mdsal-apidocs	2.0.2		N/A
org.opendaylight.netconf	odl-mdsal-apidocs	2.0.3		N/A
org.opendaylight.netconf	odl-mdsal-apidocs	2.0.4		N/A
org.opendaylight.netconf	odl-mdsal-apidocs	2.0.5		N/A
org.opendaylight.netconf	odl-mdsal-apidocs	2.0.6		N/A
org.opendaylight.netconf	odl-mdsal-apidocs	2.0.7		N/A
org.opendaylight.netconf	odl-mdsal-apidocs	2.0.8		N/A
org.opendaylight.netconf	odl-mdsal-apidocs	2.0.9		N/A
org.opendaylight.netconf	odl-mdsal-apidocs	3.0.0		N/A
org.opendaylight.netconf	odl-mdsal-apidocs	3.0.1		N/A
org.opendaylight.netconf	odl-mdsal-apidocs	3.0.2		N/A
org.opendaylight.netconf	odl-mdsal-apidocs	3.0.3		N/A
org.opendaylight.netconf	odl-mdsal-apidocs	3.0.4		N/A
org.opendaylight.netconf	odl-mdsal-apidocs	3.0.5		N/A
org.opendaylight.netconf	odl-mdsal-apidocs	3.0.6		N/A
org.opendaylight.netconf	odl-mdsal-apidocs	3.0.7		N/A
org.opendaylight.netconf	odl-mdsal-apidocs	3.0.8		N/A
org.opendaylight.netconf	odl-mdsal-apidocs	3.0.9		N/A
org.opendaylight.netconf	odl-mdsal-apidocs	4.0.0		N/A
org.opendaylight.netconf	odl-mdsal-apidocs	4.0.1		N/A
org.opendaylight.netconf	odl-mdsal-apidocs	4.0.2		N/A
org.opendaylight.netconf	odl-mdsal-apidocs	4.0.3		N/A
org.opendaylight.netconf	odl-mdsal-apidocs	4.0.4		N/A
org.opendaylight.netconf	odl-mdsal-apidocs	4.0.5		N/A
org.opendaylight.netconf	odl-mdsal-apidocs	4.0.6		N/A
org.opendaylight.netconf	odl-mdsal-apidocs	4.0.7		N/A
org.opendaylight.netconf	odl-mdsal-apidocs	4.0.8		N/A
org.opendaylight.netconf	odl-mdsal-apidocs	4.0.9		N/A
org.opendaylight.netconf	odl-mdsal-apidocs	5.0.0		N/A
org.opendaylight.netconf	odl-mdsal-apidocs	5.0.1		N/A
org.opendaylight.netconf	odl-mdsal-apidocs	5.0.10		N/A
org.opendaylight.netconf	odl-mdsal-apidocs	5.0.2		N/A
org.opendaylight.netconf	odl-mdsal-apidocs	5.0.3		N/A
org.opendaylight.netconf	odl-mdsal-apidocs	5.0.4		N/A
org.opendaylight.netconf	odl-mdsal-apidocs	5.0.5		N/A
org.opendaylight.netconf	odl-mdsal-apidocs	5.0.6		N/A
org.opendaylight.netconf	odl-mdsal-apidocs	5.0.7		N/A
org.opendaylight.netconf	odl-mdsal-apidocs	5.0.8		N/A
org.opendaylight.netconf	odl-mdsal-apidocs	5.0.9		N/A
org.scalamolecule	molecule-core_2.12	0.1.0		9e2f486b37e64a48bce462d07538bff646d67603
org.scalamolecule	molecule-core_2.12	0.10.0		1620fc61a0c626926c0d7be75dfbdbcbeef0a508
org.scalamolecule	molecule-core_2.12	0.10.1		38b30cbea98c8ab913b223c358544d13b7c2f3f2
org.scalamolecule	molecule-core_2.12	0.11.0		59d0e98a3075a4de1b0c5cf58ea8141eeac1314e
org.scalamolecule	molecule-core_2.12	0.12.0		ae14323d13d2a19e7610284179c98e185f85af83
org.scalamolecule	molecule-core_2.12	0.12.1		b9695c5028432ef7073138d5b80f091545638c2c
org.scalamolecule	molecule-core_2.12	0.13.0		6a89046d680e2714aca0e93ab1f30da86dba9595
org.scalamolecule	molecule-core_2.12	0.14.0		f33ea297b09e0ee5f7787fbbb43a5f5aba983269
org.scalamolecule	molecule-core_2.12	0.14.1		263fa3525cb955af8c44d52e11da92b37c4afaaf
org.scalamolecule	molecule-core_2.12	0.15.0		87ded57e8e96a8a1b959a000444a7f0015542f85
org.scalamolecule	molecule-core_2.12	0.15.1		8c5474d0fc2f2904685cf8de03c1e74ded7b19d2
org.scalamolecule	molecule-core_2.12	0.15.2		7edadbe471430b21b0698a6ea1825cb54c1ec274
org.scalamolecule	molecule-core_2.12	0.16.0		fb448669c6c9b3eab91929f8dca5c31d1cb47526
org.scalamolecule	molecule-core_2.12	0.17.0		4791d684efd8aecb9ea1638ddc328ff49b26478f
org.scalamolecule	molecule-core_2.12	0.2.0		ae99c63b10b9a75e8b7f802fb8f10e61eabb37ff
org.scalamolecule	molecule-core_2.12	0.3.0		6418fae7dcd0a8f53084c0b20f332977e0829184
org.scalamolecule	molecule-core_2.12	0.4.0		b17dfc8d773260cddb588658a5281e0b5258615e
org.scalamolecule	molecule-core_2.12	0.5.0		f5e711e3260c6c6308b59b3f52e63a21f2d1a2bd
org.scalamolecule	molecule-core_2.12	0.5.1		8a707af0882d916ae3b921ddf594e69d529e1474
org.scalamolecule	molecule-core_2.12	0.6.0		0a98213d72bfa2680bc62388cd69470b628a06a0
org.scalamolecule	molecule-core_2.12	0.7.0		7ec37baef43e0e434b29c7f455c3b3d87ed0ef60
org.scalamolecule	molecule-core_2.12	0.8.0		7d92faffff3812cc11278d0a5cca13e5c2302608
org.scalamolecule	molecule-core_2.12	0.9.0		4a3630a27b2402d8233641949b7e7106d20e33d1
org.scalamolecule	molecule-core_2.12	0.9.1		7b6691113c6e4559b09fcab5703555e908b79dbd
org.scalanlp	nak_2.10	1.2.1		4a4cd812e1f99f9c9eb1200b130e539191e537f8
org.scalanlp	nak_2.10	1.3		9e0534b601f437b423cab8297acdb922edde368e
org.tinygroup	org.tinygroup.genservicedefine	3.0.0		e49d216895dd067a813252736001ad0477fa3275
org.tinygroup	org.tinygroup.genservicedefine	3.0.1		3076b153322d7d8b327923b988446a3853787fdc
org.tinygroup	org.tinygroup.genservicedefine	3.1.0		12804e217bcd7515de58723c2070577b8d3baef9
org.tinygroup	org.tinygroup.genservicedefine	3.1.1		b9a4e76fd276571e08a9e393c13f6eeb59107245
org.tinygroup	org.tinygroup.genservicedefine	3.1.2		30de62b683aa19803ea3966c00d86354573f8148
org.tinygroup	org.tinygroup.genservicedefine	3.2.0		3f750ada14e65a36ea52b4e74cb6eaaa9a5a8f50
org.tinygroup	org.tinygroup.genservicedefine	3.2.1		080c841b98b83c740bf5c41576739a1cd7f0527f
org.tinygroup	org.tinygroup.genservicedefine	3.3.1		4be8ed0ba27a5d03b034461da07f8fa64d262efb
org.tinygroup	org.tinygroup.genservicedefine	3.3.2		7421229d177e7fa24827639f1c5d9eeff7b3ebf0
org.tinygroup	org.tinygroup.genservicedefine	tiny-3.0.0		cd4ad06651f3600223dcea24e4c2b07f6c1b86de
org.typelevel	cats-testkit_0.27	2.3.0-M1		8bfece2985572588f6afb73923673129476aad11
org.typelevel	cats-testkit_0.27	2.3.0-M2		06311f124673a0323199016325a8c515945abaa8
org.webjars.bower	github-com-vskosp-vsGoogleAutocomplete	0.5.0		55db4e20b4ca883e057f02feb3774ed34b9be612
org.wso2.appmanager	org.wso2.appmanager.ui.integration.test	1.2.0		ae546b142300fa510a22844f11caf49ecaa637fa
ph.samson.atbp	atbp-jira_3	1.0.1		829dc2b3a07f44609b1f216fa82922dcd5bd1a03
ph.samson.atbp	atbp-jira_3	1.0.2		d1b18e048c75de9c34295e53dbf04c786eba39f1
ph.samson.atbp	atbp-jira_3	1.1.0		a1dc8b49ab640e968d77da988a33ac06904385fa
ph.samson.atbp	atbp-jira_3	1.1.1		fc6f6e2a8c391661996e0cfec90f8a0a2211f38f
ph.samson.atbp	atbp-jira_3	2		511f2e940ab91d5a1db67f4b8a90f402446f1ac2
ph.samson.atbp	atbp-jira_3	3		08d9999468d7af2ebfd1bc9e9965e8e6c6901e42
ph.samson.atbp	atbp-jira_3	3.1		67783641a02eae723642766fbe67e782aa7e02ba
ph.samson.atbp	atbp-jira_3	3.2		38a115731680db00f3ce310d3da5d9dce2ef8ea3
ro.ghionoiu	tdl-client-java	0.0.9		017c0cedf83692c6524935d31e7d58e2df245e5b
ro.ghionoiu	tdl-client-java	0.1.1		ddb142b8703c677856761b4a439e37a5122f2380
ro.ghionoiu	tdl-client-java	0.10.1		5e07939ed8861dca9ec134bc8d419c1778f75a86
ro.ghionoiu	tdl-client-java	0.10.2		5bc58785299b9c418a305581321e14f102da16b2
ro.ghionoiu	tdl-client-java	0.11.1		fd5b3378cf37092559a455b4fab70bbab70363b5
ro.ghionoiu	tdl-client-java	0.12.1		9901e03ff6dbe2b2fe76f7212f900c610386341b
ro.ghionoiu	tdl-client-java	0.19.0		a757889af4cc50ec07f5d3092cb132431d94a5f3
ro.ghionoiu	tdl-client-java	0.2.0		921ed9d98683766a77fa0c8e78c0c506e3301892
ro.ghionoiu	tdl-client-java	0.20.1		9cb581b367d2c95a1f8bf82043bdd0434f0e567a
ro.ghionoiu	tdl-client-java	0.20.2		fd14342af2b98d71a0dda5f29e367f9dc116e7e6
ro.ghionoiu	tdl-client-java	0.20.3		5f2f2ac48743d177760219a12a866478622fe917
ro.ghionoiu	tdl-client-java	0.22.2		568ed6c3a7163cbab4fee27eba0d9b8905708b6d
ro.ghionoiu	tdl-client-java	0.24.0		d2f10de1953e94242fd41242035c4234b9be429a
ro.ghionoiu	tdl-client-java	0.26.0		ad9f5f9103516978490c1e90cfc6fb5c0411c742
ro.ghionoiu	tdl-client-java	0.26.1		9822908b2f605f1726252f814426655f017f57ef
ro.ghionoiu	tdl-client-java	0.26.5		1346a7ec9e60a3016f97aadfd06158ddbc6c1185
ro.ghionoiu	tdl-client-java	0.3.0		0526cbcd90be23926af15d238c2a42eafa411e67
ro.ghionoiu	tdl-client-java	0.3.1		45364ba06cd39a1d52afd91848a1bd734ed5601c
ro.ghionoiu	tdl-client-java	0.4.0		81456efc72aafb9ec8a3c6456ec63d051507c088
ro.ghionoiu	tdl-client-java	0.4.1		3c6724ecc3f694445a3d9f46a4565cddc9daaf73
ro.ghionoiu	tdl-client-java	0.5.0		7107e75d9d9cc893af19b0b19617567134c68dc2
ro.ghionoiu	tdl-client-java	0.6.1		432f8f7233783d2c4a738010a0b6923dd5fc7490
ro.ghionoiu	tdl-client-java	0.7.1		8eea809d22fcca69a3974e7e060d8d17129dfc31
ro.ghionoiu	tdl-client-java	0.9.1		c05bbf0b40d2c2f90939129922272cd7695b6c98
ro.ghionoiu	tdl-client-java	0.9.2		c25c15692474a19d320f32e7889236e9535721a5
se.l4.dust	dust-validation	0.4		cc1db35501d32464a72b64e27265217aebc0ed3c
se.l4.dust	dust-validation	0.5.0		7813ea0662623e84b1042f39cdbf3449955ab9b4
se.l4.dust	dust-validation	0.6.0		19a2e035049a7e53f60d23ae9d7592974aad4995
sh.almond.tmp.ammonite	ammonite-repl_2.12.18	3.0.0-M0-36-8856669f		0c865ea16f4017f814d9b7f77b93a6d0a0c2fb42
sh.almond.tmp.ammonite	ammonite-repl_2.12.18	3.0.0-M0-38-dd60a0b5		646a1a3b38bb65ead2bbdb1644c0e352046db126
sh.almond.tmp.ammonite	ammonite-repl_2.12.18	3.0.0-M0-39-72f519a6		965cf3ae66e4f81412d4ba5e75b4ddd68510fc50
sh.almond.tmp.ammonite	ammonite-repl_2.12.18	3.0.0-M0-40-d95c3b3d		ab41eab79291ca3cc735444e7a59518af369f12b
sh.almond.tmp.ammonite	ammonite-repl_2.12.18	3.0.0-M0-41-26a93d9c		e0b3d6f344df32573dbe87733c6e3f9ddaaab8d7
sh.almond.tmp.ammonite	ammonite-repl_2.12.18	3.0.0-M0-42-a9b51919		c617dd4046ca56662764ab21f767ceab43f3099d
sh.almond.tmp.ammonite	ammonite-repl_2.12.18	3.0.0-M0-44-1f535bd1		2daafb6a6c3544fca952a8a483d1501f868a924f
sh.almond.tmp.ammonite	ammonite-repl_2.12.18	3.0.0-M0-45-9c598c7c		c70b6932c0039a0359d4433212e1bf2e71595956
sh.almond.tmp.ammonite	ammonite-repl_2.12.18	3.0.0-M0-48-6c09dd71		ef5ca5a00ef20bba302240b98f5380c827aac430
sh.almond.tmp.ammonite	ammonite-repl_2.12.18	3.0.0-M0-49-82b3e605		bee29f71f01a8e4eeaec3884795dca29ce4c88b7
sh.almond.tmp.ammonite	ammonite-repl_2.12.18	3.0.0-M0-50-9a35e1dd		389e56b20e846cc60c9c9a3b2075de8df778e9b0
sh.almond.tmp.ammonite	ammonite-repl_2.12.18	3.0.0-M0-50-f03f2d82		d49b415984319dc77f1307681c0323955f7ebb9d
sh.almond.tmp.ammonite	ammonite-repl_2.12.18	3.0.0-M0-58-8d00463c		58430bc577a9a962298cd823b108d284e177815b
sh.almond.tmp.ammonite	ammonite-repl_2.12.18	3.0.0-M0-67-83057fea		1b8223eb3213b46351ecda297de937ae885f2bf8
sh.almond.tmp.ammonite	ammonite-repl_2.12.18	3.0.0-M0-67-fcfedca6		0c92e75769723f52ccba8032d2ee5b77df83d010
slide	slide-taglib-common	1.0.16		8941c3b11f5bfd4d2517df2444acdc7a57238ea8
xyz.migoo.springboot	migoo-webserver-infra-file	1.2.1		ee58168972470a1c6dce945c4a068f0f8c1fe11e
xyz.migoo.springboot	migoo-webserver-infra-file	1.2.2		4216a3ae522672253a40062e44f9c5b6e666d178
xyz.migoo.springboot	migoo-webserver-infra-file	1.2.3		2ecd00f70f196b38b225238883a3a6748b2817a4
xyz.migoo.springboot	migoo-webserver-infra-file	1.2.4		5e495a688bfbaec185eea91bbd5c3a8198ee1008
xyz.migoo.springboot	migoo-webserver-infra-file	1.2.5		7798cafc39bddc08546d0c47c5aeb81ed38c4f05
xyz.migoo.springboot	migoo-webserver-infra-file	1.2.6		1f19533100736ca2ddae0ab9122f09efea4dcc7d
xyz.migoo.springboot	migoo-webserver-infra-file	1.2.7		dd69b69648116ca2047841ceb85a358f40c8c56a
xyz.migoo.springboot	migoo-webserver-infra-file	1.2.8		b48df4860740a0125551d8569a7874169df53b98
