ai.h2o	h2o-ext-authsupport	3.14.0.7		62f34d950de365af7bb4ddc1ecfd2b6dc8e58a74
ai.h2o	h2o-ext-authsupport	3.16.0.1		aa80ad2afbc99fa16d610de9791a376b9770b0cc
ai.h2o	h2o-ext-authsupport	3.16.0.10		c4e7e08c801573ce246182cd4cd6d32a5733fa57
ai.h2o	h2o-ext-authsupport	3.16.0.11		ce0e4b46f5211b0093bccf9bd040d1a7bcf68911
ai.h2o	h2o-ext-authsupport	3.16.0.12		291981e6eb885401d259126557ff9d897b38f242
ai.h2o	h2o-ext-authsupport	3.16.0.2		b46856cba6b5959e56c2da8ded0ff2a26d92f5c2
ai.h2o	h2o-ext-authsupport	3.16.0.3		a38cc9df34504ee2a5fbf21ba6c16c5c089fe152
ai.h2o	h2o-ext-authsupport	3.16.0.4		e04aa080a475195578d68cf211b5e26254b038d8
ai.h2o	h2o-ext-authsupport	3.16.0.5		d71f71c22981af354c32f44eb2174fde66556aea
ai.h2o	h2o-ext-authsupport	3.16.0.6		816895126b950cf2d72ec6a410c8ae8ba9d4d825
ai.h2o	h2o-ext-authsupport	3.16.0.7		de33cc2a168ce7d1800d8e8aa6fc27ae20853770
ai.h2o	h2o-ext-authsupport	3.16.0.8		c68f88ffb712304d2007ee57ecc2aed765d197c7
ai.h2o	h2o-ext-authsupport	3.16.0.9		99797ba6f9232577f39e2bd5e69e5b8fe4e68fb3
ai.h2o	h2o-ext-authsupport	3.18.0.1		cb837646a830a460d2a487f5e9f506b1660f7fad
ai.h2o	h2o-ext-authsupport	3.18.0.10		11087ba275e913fcccf24a2bb315f59328602488
ai.h2o	h2o-ext-authsupport	3.18.0.11		d44aa78f1c13615fdcaa787ab8be4cd6ca79d768
ai.h2o	h2o-ext-authsupport	3.18.0.2		38cc7d8c45185619f2a31c6b41d064743f2ea8f8
ai.h2o	h2o-ext-authsupport	3.18.0.3		66e8191824af92b81c6395f90dacd183c894777e
ai.h2o	h2o-ext-authsupport	3.18.0.4		65825e2bb3a20359a4b322d7efe60eb125d6b9c2
ai.h2o	h2o-ext-authsupport	3.18.0.5		ffa747618eb304960916efb7d49ab221a653a0f9
ai.h2o	h2o-ext-authsupport	3.18.0.6		54541273e6cbb1ae757080262061f1583d480c16
ai.h2o	h2o-ext-authsupport	3.18.0.7		3ada3803df420980250714696aadfc771ca57d29
ai.h2o	h2o-ext-authsupport	3.18.0.8		7d171c4f622353738bc0f66480e31756de53d282
ai.h2o	h2o-ext-authsupport	3.18.0.9		dbdcadf88acf739a22b852325ea8a76056d77c2d
ai.h2o	h2o-ext-authsupport	3.20.0.1		3747918544cb09f6e60e56ae4f0f9f535a6dfabc
ai.h2o	h2o-ext-authsupport	3.20.0.10		2c6d97c1f935847e3961f75f79d53a29c4b96a27
ai.h2o	h2o-ext-authsupport	3.20.0.2		0ce60b7ead3aea1c441d870fdbc5fb62151cb35a
ai.h2o	h2o-ext-authsupport	3.20.0.3		1b900f5f50ba1234d4bd260e9aa001f8bc64cf80
ai.h2o	h2o-ext-authsupport	3.20.0.4		2f04f02f07897c6004193397ab1a161af18549d9
ai.h2o	h2o-ext-authsupport	3.20.0.5		46ca2ce6d363109e6d9a7e3d2d4e99cbe0d1732e
ai.h2o	h2o-ext-authsupport	3.20.0.6		ac82faa0dbc83ab836e98e6daf5888890b8d25d2
ai.h2o	h2o-ext-authsupport	3.20.0.7		c3d6f3bb8f00b42f429451f2a6f9d391898b456c
ai.h2o	h2o-ext-authsupport	3.20.0.8		4259a081fe3d180e806cc8317fd9f23dc2fc4209
ai.h2o	h2o-ext-authsupport	3.20.0.9		efa52316d0c14d95cdddbaea72fe76afa4d6d1be
ai.h2o	h2o-ext-authsupport	3.22.0.1		9d26d1f211de6646365dbaf93397a76f303ab23c
ai.h2o	h2o-ext-authsupport	3.22.0.2		8ef830d9fa48370603ce8498f57c838164896673
ai.h2o	h2o-ext-authsupport	3.22.0.3		34a43cb6dda9c62a35444fa195dfc7008fc07e26
ai.h2o	h2o-ext-authsupport	3.22.0.4		5fb846e650192254a7d36b48ced1abd43e20f711
ai.h2o	h2o-ext-authsupport	3.22.0.5		5fa0ad0d6e9724154cfda9122aee3dc40ae9ad54
app.cash.sqldelight	runtime-mingwx86	2.0.0-alpha01		N/A
app.cash.sqldelight	runtime-mingwx86	2.0.0-alpha02		N/A
app.cash.sqldelight	runtime-mingwx86	2.0.0-alpha03		N/A
app.cash.sqldelight	runtime-mingwx86	2.0.0-alpha04		N/A
app.cash.sqldelight	runtime-mingwx86	2.0.0-alpha05		N/A
at.asitplus.wallet	vck-openid-ktor-versionCatalog	5.2.0		N/A
at.asitplus.wallet	vck-openid-ktor-versionCatalog	5.2.1		N/A
at.asitplus.wallet	vck-openid-ktor-versionCatalog	5.2.2		N/A
at.asitplus.wallet	vck-openid-ktor-versionCatalog	5.2.3		N/A
at.asitplus.wallet	vck-openid-ktor-versionCatalog	5.3.0		N/A
at.asitplus.wallet	vck-openid-ktor-versionCatalog	5.3.1		N/A
at.asitplus.wallet	vck-openid-ktor-versionCatalog	5.3.2		N/A
at.asitplus.wallet	vck-openid-ktor-versionCatalog	5.3.3		N/A
at.asitplus.wallet	vck-openid-ktor-versionCatalog	5.4.0		N/A
at.asitplus.wallet	vck-openid-ktor-versionCatalog	5.4.1		N/A
at.asitplus.wallet	vck-openid-ktor-versionCatalog	5.4.2		N/A
at.asitplus.wallet	vck-openid-ktor-versionCatalog	5.4.3		N/A
at.asitplus.wallet	vck-openid-ktor-versionCatalog	5.4.4		N/A
at.asitplus.wallet	vck-openid-ktor-versionCatalog	5.5.0		N/A
at.asitplus.wallet	vck-openid-ktor-versionCatalog	5.5.1		N/A
at.asitplus.wallet	vck-openid-ktor-versionCatalog	5.5.2		N/A
at.asitplus.wallet	vck-openid-ktor-versionCatalog	5.5.3		N/A
be.rufer.swisscom.sms	api-client	1.0		8042df8ca39fb57aafdcf52f890f85b1d30b3743
beehive	beehive-netui-tags-html	1.0-alpha		6018fbbc6e2a5efcf5885e5900c9f5054f490a6c
berkeleydb	berkeleydb-native	4.2		dc12f56445014a2fb2ffaa720a56fa67482453fe
cloud.altemista.fwk.archetype	cloud-altemistafwk-core-microservices-bus-archetype	3.0.0.RELEASE		6fa7ff89cd750871e2797fa6dafe2dc62f59c795
cloud.altemista.fwk.archetype	cloud-altemistafwk-core-microservices-bus-archetype	3.0.1.RELEASE		9847224e10ba7cbb0641084f9ee5ffe72286418c
cloud.altemista.fwk.archetype	cloud-altemistafwk-core-microservices-bus-archetype	3.1.0.RELEASE		7bb4294dd56dafc229b8eaa0da6a0f33fc3fadcb
cn.com.antcloud.api	antcloud-api-provider-acopm	1.0.6		58c7331f5a4e0352516142e3360acdbcba592745
com.chatroulette	neutron-core_2.12	0.0.1		c678d698a7d9cccf56ab7617bde33eb52595205c
com.chatroulette	neutron-core_2.12	0.0.2		ebb4471013199239f61b9fec97094a9d9ac92e1c
com.childrengreens	amqp-multi-source-spring-boot-starter	2.1		4a0786657ba5c08f0310e07a76763d97dc443781
com.childrengreens	amqp-multi-source-spring-boot-starter	2.2		1d2551b6928fc63c1c16b2be4a6b313173e1d517
com.childrengreens	amqp-multi-source-spring-boot-starter	2.3		7d1d5ca14492e069f10ba945638e57eec108849f
com.childrengreens	amqp-multi-source-spring-boot-starter	2.4		5f5120439ea3ce85b05c2f197e32ea1ef4c8fed5
com.childrengreens	amqp-multi-source-spring-boot-starter	2.5		d8f1ddbd91570658b3ef0a24c9611973f952069a
com.codenameone	googlemaps-lib-tests-javase	1.0		e4f6d7abbb44311e7bcbf4e4b1551c3b98aa8a87
com.diffusiondata.sample	build-rules	1.0		c4149eaaadcd38a139a55f806a1044a1839c7836
com.envisioniot	enos-subscribe	1.0		c8548fb20c7ffaf32ffdf3bcc09c28966ba79ab4
com.envisioniot	enos-subscribe	1.0.1		46f3d085989c29975b07c633437bcd4a1167825c
com.envisioniot	enos-subscribe	1.0.2		2a8509b1f7126e4fa3ad1c538fde45e8c72f38a7
com.envisioniot	enos-subscribe	2.0.0		b8dc8597bf5c76ae138a353de8fdbd315933da43
com.envisioniot	enos-subscribe	2.1.0		e4c3f5e20abcd6e1d59d06d520c8f92eb05b27ba
com.envisioniot	enos-subscribe	2.2.0		f650558cfc228d4076543b458696a6f33d0998db
com.envisioniot	enos-subscribe	2.3.0		4f13f13986463473a0f977a30e319f1d6d601aa9
com.envisioniot	enos-subscribe	2.4.0		6f9128cafb4da3cb4a0987a1db1f1c37a47c889c
com.envisioniot	enos-subscribe	2.4.1		72f8bcb1d59e087625f22673866cd1a14d4639ea
com.envisioniot	enos-subscribe	2.5.0		ac2d0f5d3b88df0fae6858f6a8a537721fae6e6d
com.envisioniot	enos-subscribe	2.6.0		3c5798bc3a0f541ecf96f1ac0e415739000ece58
com.envisioniot	enos-subscribe	3.0.3		d8cf326e223c1824582f0da2b2edc661ff364a32
com.ethlo.qjc	qjc-java	0.1.0		ba0567914177b92779e5df8d753ec0c595db806a
com.ethlo.qjc	qjc-java	0.2.0		39b1806c15082095b748e1a935d4ff66ecb199f3
com.ethlo.qjc	qjc-java	1.0.0		9bb14057faa3e80cdc5f961d6836de05c875dc7d
com.ethlo.qjc	qjc-java	1.1.0		84f573535a15f43acbe97933c30265d938b1e8ab
com.ethlo.qjc	qjc-java	1.1.1		2b6ef4ceef4580a02088cb09c18b2a30ad0e2979
com.fhs-opensource	easy-trans-spring-boot-starter	1.0.0		0bbddd703c81bcc169796a31f69ba8d011eb03bd
com.fhs-opensource	easy-trans-spring-boot-starter	1.0.1		2ea00f177db8481b7ceb13a712e2e1e11d72d8b7
com.fhs-opensource	easy-trans-spring-boot-starter	1.0.10		4c2c37a102125c648d45839996e44c66e88ebbd7
com.fhs-opensource	easy-trans-spring-boot-starter	1.0.2		5bf1d95ba4125765ed254201fd1419596fce4ceb
com.fhs-opensource	easy-trans-spring-boot-starter	1.0.3		244d3a082783d3293c499cef88a2eea5227b72b4
com.fhs-opensource	easy-trans-spring-boot-starter	1.0.4		5e563c05197817ffb8d3dc1037ad35df28a1c67d
com.fhs-opensource	easy-trans-spring-boot-starter	1.0.5		d54156d751d0510f7c420ebd8f3fac71010a2991
com.fhs-opensource	easy-trans-spring-boot-starter	1.0.6		cfcc90f139383851fb582e32b14351e3b6cbde48
com.fhs-opensource	easy-trans-spring-boot-starter	1.0.7		9a0c09dc1ae2deb255ae7b2176ba6b360a2e88f3
com.fhs-opensource	easy-trans-spring-boot-starter	1.0.8		607ab4f55d9850b20abf52996fa6c495c9a5749e
com.fhs-opensource	easy-trans-spring-boot-starter	1.0.9		01f05cf5e88e0478d0046815f8613605aaab0c4f
com.fhs-opensource	easy-trans-spring-boot-starter	1.1.1		0442c0f1da0e3d4d36ff4f2b616a86c4935c4f4e
com.fhs-opensource	easy-trans-spring-boot-starter	1.1.2		8da089c05805c93f80c5628ef9a74e147c54de70
com.fhs-opensource	easy-trans-spring-boot-starter	1.1.3		186cdba9d28107f24b9f8447960f6638e3787896
com.fhs-opensource	easy-trans-spring-boot-starter	1.1.4		7f8b8d5190249953220173930b943cb1786ee275
com.fhs-opensource	easy-trans-spring-boot-starter	1.1.5		38301b317e0c5df98a0edf256f47de2d3929207b
com.fhs-opensource	easy-trans-spring-boot-starter	1.1.6		ff6e1fcb2e86aeb9af95f8b3d5fb7ddd94e39f8b
com.fhs-opensource	easy-trans-spring-boot-starter	1.1.7		53fcb3584479ce3321746b1e744ea32287252e31
com.fhs-opensource	easy-trans-spring-boot-starter	1.1.8		52b839ab1741ba0c18674495f456152b52938dc0
com.fhs-opensource	easy-trans-spring-boot-starter	1.1.9		6f8fc49b5f622fec76020d0482650984b62e6f1a
com.fhs-opensource	easy-trans-spring-boot-starter	1.2.0		99b73f60357e67d1d455ed4089737c5db7764ba4
com.fhs-opensource	easy-trans-spring-boot-starter	1.2.1		32e4499e9a0fada632f61fe28b8444882fb47e1f
com.fhs-opensource	easy-trans-spring-boot-starter	1.2.10		8016f4ba5231d0e36c00dcaf556831156cb47361
com.fhs-opensource	easy-trans-spring-boot-starter	1.2.2		f17ca8cee446a29d4a8355dda9b18722df0f06d8
com.fhs-opensource	easy-trans-spring-boot-starter	1.2.3		3134bf0dae3e819f4780c02b940870631e951032
com.fhs-opensource	easy-trans-spring-boot-starter	1.2.4		e768e46b33eb28c7551ef23fb3c772b5054e74ac
com.fhs-opensource	easy-trans-spring-boot-starter	1.2.5		2cfe9720273e2e98e3f0e0a98980b369ea20ba7f
com.fhs-opensource	easy-trans-spring-boot-starter	1.2.6		bcecbf7410deabfaab735dc3e62e9d38115d4758
com.fhs-opensource	easy-trans-spring-boot-starter	1.2.7		8afdb98a8e7212d5059d79e5c0076483d0109c7d
com.fhs-opensource	easy-trans-spring-boot-starter	1.2.8		f05872cdaefdf5a1afbd41829316d8a976620930
com.fhs-opensource	easy-trans-spring-boot-starter	1.2.9		2452f25118bd74ca1fd4c613d2df1418ceba6150
com.fhs-opensource	easy-trans-spring-boot-starter	2.0.1		0f89e9a69e19535862fd12da1ac13080c9614dc2
com.fhs-opensource	easy-trans-spring-boot-starter	2.0.10		217360a22f15a73ed1eddd17810dbcae5ed22ea1
com.fhs-opensource	easy-trans-spring-boot-starter	2.0.11		8cdf11254625ff8e177b52586dc4f66eab1aba65
com.fhs-opensource	easy-trans-spring-boot-starter	2.0.12		b258de61e8e4f509798aad8b29152f444bc39cdd
com.fhs-opensource	easy-trans-spring-boot-starter	2.0.13		fb974cdb46c0305b3c7ca96b3975252b6716a209
com.fhs-opensource	easy-trans-spring-boot-starter	2.0.14		9c971ec4bcc1b39973d9d57a104380f41bfa1256
com.fhs-opensource	easy-trans-spring-boot-starter	2.0.15		9ce8e5472fc786bb55ffeb4dd8995a793b1d17bc
com.fhs-opensource	easy-trans-spring-boot-starter	2.0.2		42cd1c4786f0ea57b423ca9fe8f10d3f9d71ad6a
com.fhs-opensource	easy-trans-spring-boot-starter	2.0.3		7710e82ad457d1495b97c30f6e0364bcd9063685
com.fhs-opensource	easy-trans-spring-boot-starter	2.0.4		092a1fab0f9ef0a87a4b5146cbb282c2f0ff1f05
com.fhs-opensource	easy-trans-spring-boot-starter	2.0.5		fb5389868edc716ddfaa0452d3e04335284a0618
com.fhs-opensource	easy-trans-spring-boot-starter	2.0.6		5d4486eba1e6d8cda0bfea849ae2fd3735a7a132
com.fhs-opensource	easy-trans-spring-boot-starter	2.0.7		e649e39b5c9d8a46f8b5d3ba3f8ccb2ff1e3675b
com.fhs-opensource	easy-trans-spring-boot-starter	2.0.8		87dbcce55e18a8550e68a551ade92c5b67bde221
com.fhs-opensource	easy-trans-spring-boot-starter	2.0.9		4ff3ff32697f9ffe3a318f9d1d1b8d9dfbf0f4e4
com.fhs-opensource	easy-trans-spring-boot-starter	2.1.0		27d5cf46a3b31f519623d6b26bf8a3b1808307dc
com.fhs-opensource	easy-trans-spring-boot-starter	2.1.1		88c60db28e2a182a494b96247af93e2e8876ed6c
com.fhs-opensource	easy-trans-spring-boot-starter	2.1.10		aa8e4bdee03bf2482e8bb7181a5043bd3fdc62c7
com.fhs-opensource	easy-trans-spring-boot-starter	2.1.11		1b04775f536d916a0f80a1fe6f117586e5580f6c
com.fhs-opensource	easy-trans-spring-boot-starter	2.1.12		ca8e36cd0557a34779f0cc6c35b609762f0a70c3
com.fhs-opensource	easy-trans-spring-boot-starter	2.1.13		ba9af49728cb8862e32176618e24a986f2b17419
com.fhs-opensource	easy-trans-spring-boot-starter	2.1.14		ce14e1b3e2d4b186ae37d9890f54f512d963813d
com.fhs-opensource	easy-trans-spring-boot-starter	2.1.15		b0a12120232ce8b2ebc2789a07d6873b7194b936
com.fhs-opensource	easy-trans-spring-boot-starter	2.1.16		8450997c23a62c187766deec1de6737875cca696
com.fhs-opensource	easy-trans-spring-boot-starter	2.1.2		b8209e268f0b6354cf018cf28d6bc14858000fc4
com.fhs-opensource	easy-trans-spring-boot-starter	2.1.3		603f31ee987991814d7eb21fb0235f687762dce1
com.fhs-opensource	easy-trans-spring-boot-starter	2.1.4		fa05a4ce2c031ca2e2ede388f3b32a1c591eb832
com.fhs-opensource	easy-trans-spring-boot-starter	2.1.5		c16077c48368046160c71147a0540cb352be543f
com.fhs-opensource	easy-trans-spring-boot-starter	2.1.6		0d758427f0193c646283dbb70a9444534b7fe2af
com.fhs-opensource	easy-trans-spring-boot-starter	2.1.7		78996310c8ee86e53d2d0350332adf039f6a0c03
com.fhs-opensource	easy-trans-spring-boot-starter	2.1.8		89d293587a9f33d898b973bf33610c0ceef26b2e
com.fhs-opensource	easy-trans-spring-boot-starter	2.1.9		be6cb7497c920d1c34db29560ca22c77ea2e3ce3
com.fhs-opensource	easy-trans-spring-boot-starter	2.2.1		786c2ee93e18db3eb83f8357cbe6c211239ba730
com.fhs-opensource	easy-trans-spring-boot-starter	2.2.1-M1		aee703c9c355ed40dac58534efdb83caf0b8b41d
com.fhs-opensource	easy-trans-spring-boot-starter	2.2.10		76f0728782982c3641351decf435dde1e01e29e6
com.fhs-opensource	easy-trans-spring-boot-starter	2.2.11		3ac7a6111ed4b77b142756050f6ce461e3cd4437
com.fhs-opensource	easy-trans-spring-boot-starter	2.2.12		23062ce034d139135f2fe204710dae77c1c8a7be
com.fhs-opensource	easy-trans-spring-boot-starter	2.2.13		287a925cf52234e797f44e8b40cf7941508ee142
com.fhs-opensource	easy-trans-spring-boot-starter	2.2.14		f62128456457efd6223b8c5c2aea5c0e2b062c89
com.fhs-opensource	easy-trans-spring-boot-starter	2.2.15		353c56cc9ecd0614df7be7134b062f99ec35a861
com.fhs-opensource	easy-trans-spring-boot-starter	2.2.16		b9e165a8772a6b8d2342a2ea489dbfae3e1f616d
com.fhs-opensource	easy-trans-spring-boot-starter	2.2.17		51a9cf036f6e18bd46b289ab8dcaa9edc1c44ee5
com.fhs-opensource	easy-trans-spring-boot-starter	2.2.2		4ee32652575aa4fdfe96ef7e9159ce3c2938d662
com.fhs-opensource	easy-trans-spring-boot-starter	2.2.3		cf35ffb829b25c5901c6bc7868599b0e56498846
com.fhs-opensource	easy-trans-spring-boot-starter	2.2.4		c7e298c350879e36909b09faabf31ce74a0e6e5f
com.fhs-opensource	easy-trans-spring-boot-starter	2.2.5		74eeebb494aefb80ad1e8c295947cde0a7853f78
com.fhs-opensource	easy-trans-spring-boot-starter	2.2.6		a74c04e858585ee83c353a5a2a5485f4a9ea5ba8
com.fhs-opensource	easy-trans-spring-boot-starter	2.2.7		f2112a3bfad9b781b905cff7dcba34c4b18db3ec
com.fhs-opensource	easy-trans-spring-boot-starter	2.2.8		fc1456a697132728129824a44e358d91c27a38da
com.fhs-opensource	easy-trans-spring-boot-starter	2.2.9		391465a73a94c4e4335567ec18bb6604d41a84c2
com.fhs-opensource	easy-trans-spring-boot-starter	3.0.0		e5cb0ff2c25cc2543a2dcfda18d338c347da2feb
com.fhs-opensource	easy-trans-spring-boot-starter	3.0.1		20cb38fdd5c410d7bf75d17def25de99e448f6ac
com.fhs-opensource	easy-trans-spring-boot-starter	3.0.2		953f0d1ac712a310d306065b6a4b04dac72acb04
com.fhs-opensource	easy-trans-spring-boot-starter	3.0.3		d90a4657297443ee6d34602b1bd67abee202887f
com.fhs-opensource	easy-trans-spring-boot-starter	3.0.4		c2fe5c69982f2683f702aa5b7591fc509d3c427c
com.fhs-opensource	easy-trans-spring-boot-starter	3.0.5		3e413332c9d2faf826981abaca7ca2d058047a16
com.fhs-opensource	easy-trans-spring-boot-starter	3.0.6		f5404596a38123b879ca29bf7fb934d720d78294
com.github.damiencarol	thrift-jdbc-server	0.0.3		05018ce21b8a9792537307aa8364f41d3091ce31
com.github.mideo	m3u8-utilities4s_2.11	0.1		e3fe698b47be434710bc3c5f35f12bfff65745da
com.github.nill14.utils	lazy-init	0.1.0		1f15fb768eb2f53ef0802a870e5eee7225c8d852
com.github.nill14.utils	lazy-init	0.1.1		a06ad8a6eb1d8a123bae75e1b35d6c61596c75f0
com.github.nill14.utils	lazy-init	0.1.2		216b058f5271b1f5fa8645c93605d37f9edf0d36
com.github.nill14.utils	lazy-init	0.1.3		787ef05e3aa31ea370cb012c1a9bddae8a870f36
com.github.nill14.utils	lazy-init	0.1.5		c93a441ad63205d59790d45003108dd3b9fbb438
com.github.nill14.utils	lazy-init	0.1.6		f354d3f29e144ddd4f86774d4ce8e481378b7b64
com.github.nill14.utils	lazy-init	0.1.7		78e97fc9f590543ad60d6a90184fd8097079b957
com.github.nill14.utils	lazy-init	0.1.9		2fa5e4a2c6a7141f8dfb3248fdfc63f011a3fdb8
com.github.nill14.utils	lazy-init	0.2.0		dc77d00743f2e7084ba1d1d142b8cc8b5d362557
com.github.nill14.utils	lazy-init	0.2.1		120aad09ed3388f6bd4b37e4fa6c9265b579ca27
com.github.nill14.utils	lazy-init	0.2.3		ca8b52ced44eb3b41cdfacac55e422c747cb0f66
com.github.nill14.utils	lazy-init	0.2.4		95e64fb9229379d0bc47417ff03b20d6f11d552c
com.github.nill14.utils	lazy-init	0.3.0		761c7ad1fe3698ab31492e0a7fa34ae69476582c
com.github.nill14.utils	lazy-init	0.3.1		5500a43ef6e117544f0264960517588a6feba8f3
com.github.nill14.utils	lazy-init	0.3.3		5dc51bad78d731f6272c1f7aad44d84151b9f1ad
com.github.nill14.utils	lazy-init	0.4.0		a61bc549ed4ddade105b0e4c09da264869c843c5
com.github.ququzone	redis-session	1.0.0		3dd6fdc071131690dd0183927f5d2f1f1000bda9
com.github.ququzone	redis-session	1.0.1		6598908feb4d627e56cef76f67671ee9f27451c3
com.github.spinalhdl	spinalhdl-tester_2.12	1.10.0		d8f97a9d01439dad58f33afd2b51c7e4b9db1cf4
com.github.spinalhdl	spinalhdl-tester_2.12	1.10.1		2f03ed764d8da7b22be3d658e41f58bbd86615ae
com.github.spinalhdl	spinalhdl-tester_2.12	1.10.2		f7b9412d30715d860b28278a2e06a9fe3499c0cd
com.github.spinalhdl	spinalhdl-tester_2.12	1.10.2a		b0f92f36e0fbb5c13afad3b0da7b3caa8639e79b
com.github.spinalhdl	spinalhdl-tester_2.12	1.11.0		702f86acdb2700a89d537539340454e0fbde09d3
com.github.spinalhdl	spinalhdl-tester_2.12	1.12.0		b22326a5d427f18253167cb4521293fb5d3404f6
com.github.spinalhdl	spinalhdl-tester_2.12	1.12.1		c086678641472e76907ca27d8f34b3463adb6f49
com.github.spinalhdl	spinalhdl-tester_2.12	1.12.2		924381b7ccc1bb5950de827ea3f72425e5a9a653
com.github.spinalhdl	spinalhdl-tester_2.12	1.8.0		32e027648370bc40d05c5bfa15ae1437d1d9c936
com.github.spinalhdl	spinalhdl-tester_2.12	1.8.0a		fa0d83d9b715957a16c2ecee7633ae16bae13323
com.github.spinalhdl	spinalhdl-tester_2.12	1.8.0b		1132fbf83683855bd430b50b4082b977e4173617
com.github.spinalhdl	spinalhdl-tester_2.12	1.8.1		85cd1585c1f5f54f9d537bd7e42764f5b4f59300
com.github.spinalhdl	spinalhdl-tester_2.12	1.8.1a		b64998adef2453550de901e9ca17e805b074140c
com.github.spinalhdl	spinalhdl-tester_2.12	1.8.2		c72594d5ea1c0ee03e8ccd70affc3e8ad358aa0f
com.github.spinalhdl	spinalhdl-tester_2.12	1.9.0		187bccfecde94630cbb1893c56d745d2c03a5800
com.github.spinalhdl	spinalhdl-tester_2.12	1.9.1		3ec179d06968f3225edb0a82835f6e10a1fdbba8
com.github.spinalhdl	spinalhdl-tester_2.12	1.9.2		5d5cc1948f5874e78da326839d42e4aa52a38ba1
com.github.spinalhdl	spinalhdl-tester_2.12	1.9.3		9cbacb1ab2dfa3dca639f66724cd9aa176a5e1f3
com.github.spinalhdl	spinalhdl-tester_2.12	1.9.4		ff713ba3f2c30cafd57b026ac5c231fe00e580b8
com.github.xuwei-k	zeroapply-all_2.12	0.2.1		N/A
com.github.xuwei-k	zeroapply-all_2.12	0.2.2		N/A
com.github.xuwei-k	zeroapply-all_2.12	0.2.2	sxr	22a4ada156699077db069ef48bc92c35441da5fb
com.github.xuwei-k	zeroapply-all_2.12	0.2.3		N/A
com.github.xuwei-k	zeroapply-all_2.12	0.2.3	sxr	18069e0c8f1a26d2346befa2eaf6e4223dc6d1bc
com.github.xuwei-k	zeroapply-all_2.12	0.4.0		N/A
com.github.xuwei-k	zeroapply-all_2.12	0.4.0	sxr	f823c733cf4426ba7a661ec8be3418fef9879d8b
com.github.xuwei-k	zeroapply-all_2.12	0.4.1		N/A
com.github.xuwei-k	zeroapply-all_2.12	0.4.1	sxr	f4ceb1f2950378a39f729f427e9b3396e589230d
com.github.xuwei-k	zeroapply-all_2.12	0.4.2		N/A
com.github.xuwei-k	zeroapply-all_2.12	0.4.3		N/A
com.github.xuwei-k	zeroapply-all_2.12	0.5.0		N/A
com.google.appengine	jetty9	1.9.31		N/A
com.groupbyinc	common-logging-internal	102		c6845c589fdd7da3dd392b9559e8be2963865b9e
com.groupbyinc	common-logging-internal	103		2a22f73822c52273cfbe5693ef9ea3deadc2483b
com.groupbyinc	common-logging-internal	104		83d64c572a139090f13714d5dc552eaa45306323
com.groupbyinc	common-logging-internal	105		0348d6939d7d6170109a78bf7999a2e2f8fe02b6
com.groupbyinc	common-logging-internal	106		63d936b4fdc60e5c12650f481841754bbd8dd1d7
com.groupbyinc	common-logging-internal	107		df42aa4ccee76ee19fe5f6e21f73adcb9a59c0d2
com.groupbyinc	common-logging-internal	108		ca2ead477791f22b188b544cf31266ba5dd7d835
com.groupbyinc	common-logging-internal	109		09e01ba0aedb823bd71599a7f0bc5586e5509313
com.groupbyinc	common-logging-internal	110		f973b7f08af0308a9e9e8095d879adefe9f45c2f
com.groupbyinc	common-logging-internal	111		13cd7ac0b9c23918e500126ac673ab89baf4d494
com.groupbyinc	common-logging-internal	112		7875cde3d54747bbf9fc93056bb843a30c22710f
com.groupbyinc	common-logging-internal	113		3988e87d18314fa1bd83e3a992a73b379ba83555
com.groupbyinc	common-logging-internal	114		9dc86710bba5f84b1a54cb58cff90306245e4b67
com.groupbyinc	common-logging-internal	115		8935ed548fb2f71f1ccacdc79d28c7d690c102d6
com.groupbyinc	common-logging-internal	116		496e20eca65c937e6998a9c1760a1030d2c2495c
com.groupbyinc	common-logging-internal	117		e221c75df76e2dca9aa01ee96700dcd125265c78
com.groupbyinc	common-logging-internal	119		489c397f1e7ca079166c12b89e3bcf1f1d9b98bb
com.groupbyinc	common-logging-internal	120		e9b36b9c4e8de152674e8190ce13599c71d65d43
com.groupbyinc	common-logging-internal	122		24a74e7963882bbe842bc6de2f8a543eb81e6907
com.groupbyinc	common-logging-internal	124		4ff8dc66bba8dcba4a20c1c53f6332dbede06118
com.groupbyinc	common-logging-internal	125		4a9534c42b44292d9cec7224cb4ad38f8a30be76
com.groupbyinc	common-logging-internal	126		73aba1c157c4258e7ba17740697c498f3dca5b03
com.groupbyinc	common-logging-internal	128		d53c302241171cf4c4af70fdc2ac804960d24476
com.groupbyinc	common-logging-internal	129		fcc96013de0047b9eae01183d76d0025540bbf81
com.groupbyinc	common-logging-internal	130		00c47b4fb4f5195eac27b634027bb8760c7710a8
com.groupbyinc	common-logging-internal	131		b16340c8a497394084bfea2f31d296e486b14d06
com.groupbyinc	common-logging-internal	132		e694be454cf1a3495653301e761f618146641177
com.groupbyinc	common-logging-internal	97		5a894cd7409aec02f5af84b7f4d25ed44bded5d2
com.groupbyinc	common-logging-internal	98		560d7028f739898829b97d6c68a34dba064ef6d5
com.groupbyinc	common-logging-internal	99		806e296c864d82176d0c61665b7e1b2c71bace74
com.monovore	decline_native0.4_2.12	2.2.0		aec2efc8c3ecc39c627313d5241a369fe0c1754b
com.monovore	decline_native0.4_2.12	2.3.0		d59ead2ac62d7f5bd5140d088fd21bbd821a00e2
com.monovore	decline_native0.4_2.12	2.3.1		c1cc121dd37bc1cdfae958eebd6a3e714f92f4eb
com.monovore	decline_native0.4_2.12	2.4.0		2bb51da461dd495c56977e4404da1d1be8381b59
com.monovore	decline_native0.4_2.12	2.4.1		efedaf7fcb6d8e22ab044eccdd9168d93c08c9cc
com.nryanov.feature4s	feature4s-tapir-json-tethys_2.12	0.1.0		5f25bc81430133fbf661924cfeec662aaf1244f8
com.nryanov.feature4s	feature4s-tapir-json-tethys_2.12	0.2.0		d846a366780bd3dc31115f3ba4f1424f1c0bdfa2
com.paulhammant	servirtium-jetty	0.6		f0da2d2e4416f12f975ae3e3880f09c89d738247
com.paulhammant	servirtium-jetty	0.7		8bf9a30c82aa3f4ab17542fd03d41f88c128a012
com.paulhammant	servirtium-jetty	0.7.1		1144a4d20841f3c4f5cf85d5cb95db3a60494682
com.paulhammant	servirtium-jetty	0.8		de3bb98edfc8bc4620157d4d9afcb6fa3dfd1d16
com.paulhammant	servirtium-jetty	0.9		ea9c066f67b6f61dd3ae8187c22d989b24c33272
com.paulhammant	servirtium-jetty	0.9.1		2ec7562c5381edbbf1c24a74a9f2a72c77da8117
com.paulhammant	servirtium-jetty	0.9.2		0ec885a94a223e3d65330f5ebbff28e9495d0168
com.velasolaris.e2e.swing	swing-e2e-driver	0.0.1		a5a2ae6d26ced42423a0572afdf2cd25c3174008
com.ygmodesto.modernfit	modernfit	1.0.0		71618240ebee2d2cb2ba2930333172a52826ecfa
com.zaubersoftware.taglibs	dateutils	1.0.8		db2cde9f18801e839c548f2ff5b5ef21c7cdc715
dev.icerock.moko	mvvm-flow-compose-watchosarm32	0.16.0		N/A
dev.icerock.moko	mvvm-flow-compose-watchosarm32	0.16.0	metadata	82241e2a3258a6092e785c80b0474e99a3421942
dev.icerock.moko	mvvm-flow-compose-watchosarm32	0.16.1		N/A
dev.icerock.moko	mvvm-flow-compose-watchosarm32	0.16.1	metadata	c0ceb7a888ab3e245c7ac8149838d76558307b5f
dev.teogor.ceres.beta.launch.test	core-notifications	2.5.1		N/A
es.weso	utils_2.13	0.1.100		9140a532ee291e0274bc72d2e1bb597619045aea
es.weso	utils_2.13	0.1.88		2dd41c90c0a4e14f3c7d89d9abfbc7960afdeb7f
es.weso	utils_2.13	0.1.92		9ec4888fab2a9058f00b9d45045ab7b14e8e6d8a
es.weso	utils_2.13	0.1.94		70651309c293cea2119f9f607adf17c68efd917c
es.weso	utils_2.13	0.1.98		d14cc27cc42cb043b4e03d313a1ce93502c3428e
es.weso	utils_2.13	0.1.99		82966e7fbec31894fab18779044133065b343d25
es.weso	utils_2.13	0.2.1		56af36417d7e19296148a5a84e3252f5664c677a
es.weso	utils_2.13	0.2.10		2e8f356200f2e05d9b7fb9a678b3f4473066d2d0
es.weso	utils_2.13	0.2.11		cca0ccb26ce15b2308d1a0c8c62a0dd905ed2881
es.weso	utils_2.13	0.2.14		aec0859ec481a86d1b2f4be31f283b6806536bbe
es.weso	utils_2.13	0.2.19		88022e0fdcf8908c9f0f11e1585ec6b4c570f0a4
es.weso	utils_2.13	0.2.2		d63a274870640ce3b3fd388a099d42b55be8e97c
es.weso	utils_2.13	0.2.20		ba15261c07ee5bc032415b2efcf3a3d027f9770b
es.weso	utils_2.13	0.2.23		2cc3db0a85095ef00ab8ac2e1dda000468697520
es.weso	utils_2.13	0.2.24		0e3594833095d4dd3fe864e6aec9eecc71922773
es.weso	utils_2.13	0.2.25		d7f7c01e309a9a2e658bd834be01b5247468cf71
es.weso	utils_2.13	0.2.3		87740ed3977d4ee7b59f2f6da5c9960a1a61355b
es.weso	utils_2.13	0.2.4		6865d5f60e70e91b1e123f424edbcc3b70f4bb6c
eu.timepit	refined-scodec_sjs1_2.13	0.10.0		abf2365ed77befc4b07ad5766b688a82eb9fbd97
eu.timepit	refined-scodec_sjs1_2.13	0.10.1		9d33e2c89ace5123604b54105be8205e540fcf08
eu.timepit	refined-scodec_sjs1_2.13	0.10.2		f67402115f6477c99e6c8673e56a58ed8ad60c4b
eu.timepit	refined-scodec_sjs1_2.13	0.10.3		6ad43818f86777e95153efcab5d40d30f7f96e58
eu.timepit	refined-scodec_sjs1_2.13	0.11.0		4c081eb3192694e0cfac70c9e421f29d5aebda91
eu.timepit	refined-scodec_sjs1_2.13	0.11.1		234284120ce68bcd1919dbabd1f3e49824b07e58
eu.timepit	refined-scodec_sjs1_2.13	0.11.2		4ede17943d5a81c1cbad0a1fe4263e772fd4414c
eu.timepit	refined-scodec_sjs1_2.13	0.11.3		b717b7bc48803aaab699e2b01e3b02c98128ccf9
eu.timepit	refined-scodec_sjs1_2.13	0.9.13		97b709269e639ec1e38ee5edf001492adc8f16aa
eu.timepit	refined-scodec_sjs1_2.13	0.9.14		4f3a02d29e57d65d0938eb70be30056f2f0cbe06
eu.timepit	refined-scodec_sjs1_2.13	0.9.15		fe69d6415a34b0e50ed3912234e91024f6e71f4d
eu.timepit	refined-scodec_sjs1_2.13	0.9.16		eecb6ff70712dfaa98c19d2aa63c0fed4b14b41d
eu.timepit	refined-scodec_sjs1_2.13	0.9.17		cfa1c59814c37b65ac323434c5ed80f96a233d51
eu.timepit	refined-scodec_sjs1_2.13	0.9.18		9cb88db89af3a95878f0044c0db6ac7242b2213d
eu.timepit	refined-scodec_sjs1_2.13	0.9.19		1eb958455efd65f2017ffea204515c5cc83a5920
eu.timepit	refined-scodec_sjs1_2.13	0.9.20		245d87ce4db669d59159c2c3e88005197791e983
eu.timepit	refined-scodec_sjs1_2.13	0.9.21		c988a3d99113d2750d031f4e89f81659e0c0f2b4
eu.timepit	refined-scodec_sjs1_2.13	0.9.22		c5a4310e0e71f575b199c41e924d52edf5d0cb09
eu.timepit	refined-scodec_sjs1_2.13	0.9.23		ce8a49ce6e29190ba6bc98e44678f2c4db5998d5
eu.timepit	refined-scodec_sjs1_2.13	0.9.24		5e4575c15b570b11684cc938701038bcdf19b7c3
eu.timepit	refined-scodec_sjs1_2.13	0.9.25		2c3b793c9b4c4d1f03b9739a0d707a7073126f0a
eu.timepit	refined-scodec_sjs1_2.13	0.9.26		d21e5401d64e604483478e242b1aafcb005dc28c
eu.timepit	refined-scodec_sjs1_2.13	0.9.27		7f4f10cda40e405b01e6bf180d1a402c0a4b50a7
eu.timepit	refined-scodec_sjs1_2.13	0.9.28		0ca38df105fb697403258ec040fc9ab39fe37a1b
eu.timepit	refined-scodec_sjs1_2.13	0.9.29		80dc770399d676a68ae13bb1cc775e4c597cfab1
eu.vendeli	re.this-watchosarm64	0.1.1		N/A
eu.vendeli	re.this-watchosarm64	0.1.1	metadata	ce387a9746a5457e7136904810b98af104950834
eu.vendeli	re.this-watchosarm64	0.1.2		N/A
eu.vendeli	re.this-watchosarm64	0.1.2	metadata	1ecfe82cbb2c9ad6afb523e25d2c92e87cf062d3
eu.vendeli	re.this-watchosarm64	0.1.3		N/A
eu.vendeli	re.this-watchosarm64	0.1.3	metadata	8b896e3999b543ec72a5decb91cc10f3daa61596
eu.vendeli	re.this-watchosarm64	0.1.4		N/A
eu.vendeli	re.this-watchosarm64	0.1.4	metadata	5529bb51d16af0d821e92afdb7a432bee4ebefa9
eu.vendeli	re.this-watchosarm64	0.1.5		N/A
eu.vendeli	re.this-watchosarm64	0.1.5	metadata	f8b7beff677fff9270527f328fb39b904fa77418
eu.vendeli	re.this-watchosarm64	0.1.6		N/A
eu.vendeli	re.this-watchosarm64	0.1.6	metadata	f9ed3c66b57a8eb78856b7c8ee64e434b704858a
eu.vendeli	re.this-watchosarm64	0.1.7		N/A
eu.vendeli	re.this-watchosarm64	0.1.7	metadata	b7b796a07caa33eb044ca51b878f17d0a69aa356
eu.vendeli	re.this-watchosarm64	0.1.8		N/A
eu.vendeli	re.this-watchosarm64	0.1.8	metadata	35966861985fd4499fc0910df1da781f079b460d
eu.vendeli	re.this-watchosarm64	0.1.9		N/A
eu.vendeli	re.this-watchosarm64	0.1.9	metadata	bee138a128c968759147e26fb752291794ea3e6e
eu.vendeli	re.this-watchosarm64	0.2.0		N/A
eu.vendeli	re.this-watchosarm64	0.2.0	metadata	6140beed7af1d27d3a06250ee13d61523ce9009f
eu.vendeli	re.this-watchosarm64	0.2.1		N/A
eu.vendeli	re.this-watchosarm64	0.2.1	metadata	191b2e9a36aee53d52203000f0620205ce70ead6
eu.vendeli	re.this-watchosarm64	0.2.2		N/A
eu.vendeli	re.this-watchosarm64	0.2.2	metadata	fdb11e3d1b83ab4164d5af1ae463f4d81dd32bb0
eu.vendeli	re.this-watchosarm64	0.2.3		N/A
eu.vendeli	re.this-watchosarm64	0.2.3	metadata	9e271ff87ae8d522928c33b27730f6988bdc9ae6
eu.vendeli	re.this-watchosarm64	0.2.4		N/A
eu.vendeli	re.this-watchosarm64	0.2.4	metadata	d69066f4e264b2fbfab2e750565f024789906b36
fi.otavanopisto.mwp.mwp-rest-client	mwp-rest-client	0.0.1		87f9cb04ea80781ad20d2a0fa43537ebc78ee9b6
fi.otavanopisto.mwp.mwp-rest-client	mwp-rest-client	0.0.10		9f8a14550ac3a48f2f3bfe89b0bca9f52dfaf995
fi.otavanopisto.mwp.mwp-rest-client	mwp-rest-client	0.0.11		58701730d687f249538a33f2822508a74187e0d2
fi.otavanopisto.mwp.mwp-rest-client	mwp-rest-client	0.0.12		752ce6e015797f3ab393c5bafde3b8e6c7f3f83d
fi.otavanopisto.mwp.mwp-rest-client	mwp-rest-client	0.0.13		bd5d8b34a23600eea64a353375f977827cb9ef5b
fi.otavanopisto.mwp.mwp-rest-client	mwp-rest-client	0.0.14		327d1466162b0388cc2c40f2c7cdd2220d8739a1
fi.otavanopisto.mwp.mwp-rest-client	mwp-rest-client	0.0.15		a023a49adb1019d4eb45de16a0ec95c173ebf297
fi.otavanopisto.mwp.mwp-rest-client	mwp-rest-client	0.0.16		9d5904f4e89128d73a9eb266fe3bbd72dd512143
fi.otavanopisto.mwp.mwp-rest-client	mwp-rest-client	0.0.17		bbd849a24fc4e07344c80e04397b1d168b2c97bb
fi.otavanopisto.mwp.mwp-rest-client	mwp-rest-client	0.0.18		359e1552ac0fba0feff1e6e8276c01063760a86f
fi.otavanopisto.mwp.mwp-rest-client	mwp-rest-client	0.0.19		83ba83d49364f3aa01deed7a810afcb0e94a8855
fi.otavanopisto.mwp.mwp-rest-client	mwp-rest-client	0.0.2		375f5de5dde93cd6b9df53b5704fa3d36b539a46
fi.otavanopisto.mwp.mwp-rest-client	mwp-rest-client	0.0.20		e66487f058c90c3a65b35a1d78aa9d81aba392fe
fi.otavanopisto.mwp.mwp-rest-client	mwp-rest-client	0.0.3		a7c9031cf41be8c128540e6ac9261934863fd3f1
fi.otavanopisto.mwp.mwp-rest-client	mwp-rest-client	0.0.4		40fff3ae80299ec14bc0ade42c25877b5e9d89a7
fi.otavanopisto.mwp.mwp-rest-client	mwp-rest-client	0.0.7		bcc97312cec69705779f71890d41556c1ee314be
fi.otavanopisto.mwp.mwp-rest-client	mwp-rest-client	0.0.8		f246584d1796cbb29d77be782040a1adc05833f7
fi.otavanopisto.mwp.mwp-rest-client	mwp-rest-client	0.0.9		0a5f3576f358ac3d2e324508fb033a5e21cec50b
io.arrow-kt	arrow-ui-data	0.10.0		cac2e8e38742adf03414e5ae303bd9bf9ba0fc30
io.arrow-kt	arrow-ui-data	0.10.1		d7ee725b791e0cbea0722c2a20ad83a245edc602
io.arrow-kt	arrow-ui-data	0.10.2		9df2bb69594ada3c52808b50456f02496d33e496
io.arrow-kt	arrow-ui-data	0.10.3		a3f17a2836a09d5182244bbb68fb1c99828c24e2
io.arrow-kt	arrow-ui-data	0.10.4		c8a27508caf7a8b253c1b7fbd3598a74248b6fca
io.arrow-kt	arrow-ui-data	0.10.5		37250c59fbb0774ebc68ce43cc2e7759d99e4680
io.arrow-kt	arrow-ui-data	0.11.0		2dbbf7c5bf51eeda8c95c67cbbc5286219590f2b
io.github.algomaster99	terminator-commons	0.10.0		117838e36d257b36649c6cb34abab2161d957190
io.github.algomaster99	terminator-commons	0.11.0		ab7fef31ba2ca5a3edf414111950f5b869f5a573
io.github.algomaster99	terminator-commons	0.12.0		18370cc3c35922a8d1fa34d753890d0f58e6181f
io.github.algomaster99	terminator-commons	0.12.2		751a3a076b4f8bd9ec4ed50a2daa626d0e27a2c9
io.github.algomaster99	terminator-commons	0.13.0		75325117acfac7cb3d072ea3e911563b45bc5db1
io.github.algomaster99	terminator-commons	0.14.0		56e26c6f22e3d0ff5fc426cc4d88866fc24ef55a
io.github.algomaster99	terminator-commons	0.14.1		e3fe198d70ee4517f559ac612877f22bbd1cd410
io.github.algomaster99	terminator-commons	0.5.0		00e578b4afc4bf5edd24cce3d6247d34e9275ca1
io.github.algomaster99	terminator-commons	0.6.0		14120a6a19dff7ea507304a24451552d925d43f5
io.github.algomaster99	terminator-commons	0.7.0		1d82d202e33819c77b61f42e816740bb1527e7a8
io.github.algomaster99	terminator-commons	0.8.0		f7eaa4d84bd73f347a9a50806090ed7e79eb888a
io.github.algomaster99	terminator-commons	0.9.0		fe5e0ff7bd9a3a8d2a8189dd52ebb785b9d5f270
io.github.bcckzteam	appsflayer-iosx64	0.0.1		N/A
io.github.bcckzteam	appsflayer-iosx64	0.0.1	metadata	22fed7f6bb3678120449405356f3dc0eef68e527
io.github.bcckzteam	appsflayer-iosx64	0.0.2		N/A
io.github.bcckzteam	appsflayer-iosx64	0.0.2	metadata	d8aaa2d8a94db76efac6f03f3d48ae3fb5f13697
io.github.copper-leaf	ballast-debugger-js	0.10.0		686a62e2094d4e4d36a05bafcf0ccc690b03d478
io.github.copper-leaf	ballast-debugger-js	0.11.0		f0dab65377e9dc72edadae7c24469afe9caf4be5
io.github.copper-leaf	ballast-debugger-js	0.12.0		2578545420c40280f7954fd19bba810aa9c7aae8
io.github.copper-leaf	ballast-debugger-js	0.13.0		2827f380df1dc2b2c73013e06bcc2b4218ae4776
io.github.copper-leaf	ballast-debugger-js	0.13.1		38c4aaf7115ad450fc60d9770dae8183dd073416
io.github.copper-leaf	ballast-debugger-js	0.14.0		1a79846e6abdbe067cba455650acefc9777d1dd0
io.github.copper-leaf	ballast-debugger-js	0.15.0		10dda3b96b067b4853abcc34fc72cc5b785572c6
io.github.copper-leaf	ballast-debugger-js	0.15.1		5d0b32e7eb3194c3d5f960bd1e888f7d0f221868
io.github.copper-leaf	ballast-debugger-js	0.8.0		06da8c6ca9dc085feaf03cd16c3479e0b99c25f9
io.github.copper-leaf	ballast-debugger-js	0.8.1		d00863b6c9c5096b28eedacf0737b02bdc859678
io.github.copper-leaf	ballast-debugger-js	0.8.2		78bde0065377d6b0ddca98a991b9dbd0051859c6
io.github.copper-leaf	ballast-debugger-js	0.9.0		200d85e9af8879b525501a19b877b304ed347cd8
io.github.copper-leaf	ballast-debugger-js	1.0.0		717fea520a6add9b66d4fdf41d60c0aa1209a303
io.github.copper-leaf	ballast-debugger-js	1.1.0		95c181786ca3c9ca23f66e9a19f539cd058c9138
io.github.copper-leaf	ballast-debugger-js	1.2.0		d49c6444f3700bc93f6898b2ab639f76588e023d
io.github.copper-leaf	ballast-debugger-js	1.2.1		a770e6e7991cc46b2039f053888684e4a5dda306
io.github.copper-leaf	ballast-debugger-js	1.3.0		4c4bacc4b4e3c5b58a70bf522a481913de76fbd4
io.github.copper-leaf	ballast-debugger-js	2.0.0		6173d4c30d9ca45251f7dd1d484b6752562e0fd8
io.github.copper-leaf	ballast-debugger-js	2.0.1		7aa33e4b46779aaaef9014c4c555a13a1ff27f67
io.github.copper-leaf	ballast-debugger-js	2.1.0		cd6b0b3d1484a09acfdd2adb10e94db45a9ee778
io.github.copper-leaf	ballast-debugger-js	2.2.0		aef3a7cb28440c7413982f126891cacb7d7226b2
io.github.copper-leaf	ballast-debugger-js	2.3.0		28cced6fff44f602c1c7ba6b286f66e8147b3ea1
io.github.copper-leaf	ballast-debugger-js	3.0.0		N/A
io.github.copper-leaf	ballast-debugger-js	3.0.1		N/A
io.github.copper-leaf	ballast-debugger-js	3.0.2		N/A
io.github.karanshah-browserstack	sdk-eclipse-updatesite	1.0.0		N/A
io.github.oikvpqya	fastscroller-material-wasm-js	0.1.0		N/A
io.github.quickmsg	smqtt-rule-source-db	0.3.1		9beb9170b07c6ad67d8446a4bc7860eb75b7b2a6
io.github.quickmsg	smqtt-rule-source-db	1.0.8		b58e1620031815a30de71727b665396a3113f9bf
io.github.quickmsg	smqtt-rule-source-db	1.0.9		fe2a04f24bf4ae29c8932007fe34e2d5f9befd65
io.github.quickmsg	smqtt-rule-source-db	1.1.0		07b4e35cc8a39b23b385ac233a753ab154f5074a
io.github.quickmsg	smqtt-rule-source-db	1.1.1		74bcdfbfd396266d318f23914ffbc8849380dcba
io.github.quickmsg	smqtt-rule-source-db	1.1.2		ca5d9acac272f883c99472dbebe1de6c8b2d5d02
io.github.quickmsg	smqtt-rule-source-db	1.1.3		4c83e155cacb3afb2b9812471ac2045ece71d1d9
io.github.quickmsg	smqtt-rule-source-db	1.1.4		a679aa3e7bc7f065613d1e977d91597dd940e2b1
io.github.quickmsg	smqtt-rule-source-db	1.1.5		d291289d054ec4d17ffc404cc7e45aef2e71d8d2
io.github.quickmsg	smqtt-rule-source-db	1.1.6		1d2ade2f8a63be4f26a1fd5ddeb4bc009f534e0f
io.github.quickmsg	smqtt-rule-source-db	1.1.7		cd83a2691de1863e7a7c32f30033be30651ea5e6
io.github.redick01	log-helper-spring-boot-starter-openfeign	1.0-RELEASE		d5a22e76f90cafe18dfebc18e9b3f17032a2d42f
io.github.redick01	log-helper-spring-boot-starter-openfeign	1.0.1-RELEASE		468bc5829b300dc6aad0702b8eb1e43c3e339a49
io.github.redick01	log-helper-spring-boot-starter-openfeign	1.0.2-RELEASE		59539663cc1f4363a750c9b718c686dd06708d9f
io.github.redick01	log-helper-spring-boot-starter-openfeign	1.0.4-RELEASE		0751d749d788ab50770275a04b932bba01e998c6
io.github.redick01	log-helper-spring-boot-starter-openfeign	1.0.5-RELEASE		421acfef91f2a000bf5e3bdf8734341df19fecd1
io.github.zubtsov.databricks	runtime-bom-aws-14.1	0.0.2		N/A
io.github.zubtsov.databricks	runtime-bom-aws-14.1	0.0.3		N/A
io.github.zubtsov.databricks	runtime-bom-aws-14.1	0.0.4		N/A
io.kotest	kotest-assertions-json-watchosarm32	5.4.0		N/A
io.kotest	kotest-assertions-json-watchosarm32	5.4.0	metadata	fe9907ed30a404f4ad667c5896b2e6b05593cfa2
io.kotest	kotest-assertions-json-watchosarm32	5.4.1		N/A
io.kotest	kotest-assertions-json-watchosarm32	5.4.1	metadata	c60f55c1cd05222350d18b7b940fc87dd39f6794
io.kotest	kotest-assertions-json-watchosarm32	5.4.2		N/A
io.kotest	kotest-assertions-json-watchosarm32	5.4.2	metadata	b997daf07415b8d5e76d24de5da669d47bbe4379
io.kotest	kotest-assertions-json-watchosarm32	5.5.0		N/A
io.kotest	kotest-assertions-json-watchosarm32	5.5.0	metadata	d1d929c4aa04030aecab924c2fe0948eca3c45fd
io.kotest	kotest-assertions-json-watchosarm32	5.5.1		N/A
io.kotest	kotest-assertions-json-watchosarm32	5.5.1	metadata	7d356bb384f260d1f84c53eee3eef05a480418f5
io.kotest	kotest-assertions-json-watchosarm32	5.5.2		N/A
io.kotest	kotest-assertions-json-watchosarm32	5.5.2	metadata	e85af685468e80d1d93400b997e028f188093b85
io.kotest	kotest-assertions-json-watchosarm32	5.5.3		N/A
io.kotest	kotest-assertions-json-watchosarm32	5.5.3	metadata	63c2b76993198a03bdd367dcaf188c339ec18b5f
io.kotest	kotest-assertions-json-watchosarm32	5.5.4		N/A
io.kotest	kotest-assertions-json-watchosarm32	5.5.4	metadata	7d7a57c3cca29e9ded69ea8d0ff85d55367fa0be
io.kotest	kotest-assertions-json-watchosarm32	5.5.5		N/A
io.kotest	kotest-assertions-json-watchosarm32	5.5.5	metadata	290ba9a7bec81e01f7b536243d33540418effad5
io.kotest	kotest-assertions-json-watchosarm32	5.6.0		N/A
io.kotest	kotest-assertions-json-watchosarm32	5.6.0	metadata	14ede3d086a3e45b6e3970179f1e7c0603288305
io.kotest	kotest-assertions-json-watchosarm32	5.6.1		N/A
io.kotest	kotest-assertions-json-watchosarm32	5.6.1	metadata	849e9a4d322354abfdc2b967f854feaea7066fa3
io.kotest	kotest-assertions-json-watchosarm32	5.6.2		N/A
io.kotest	kotest-assertions-json-watchosarm32	5.6.2	metadata	b06cd2bd8d2b08c99ecdee013a3010d0cb80acd7
io.kotest	kotest-assertions-json-watchosarm32	5.7.0		N/A
io.kotest	kotest-assertions-json-watchosarm32	5.7.0	metadata	3048a949d72d32158ab633a394ec26d207cbbe5b
io.kotest	kotest-assertions-json-watchosarm32	5.7.1		N/A
io.kotest	kotest-assertions-json-watchosarm32	5.7.1	metadata	0b4c00bfc37a0cd1e337c844c22841c61d0061da
io.kotest	kotest-assertions-json-watchosarm32	5.7.2		N/A
io.kotest	kotest-assertions-json-watchosarm32	5.7.2	metadata	715ee7317fc087252babba674d09fa137a90ac06
io.kotest	kotest-assertions-json-watchosarm32	5.8.0		N/A
io.kotest	kotest-assertions-json-watchosarm32	5.8.0	metadata	3e6c71908c947b7b1c85a6d58db4ab52a06cfbe7
io.kotest	kotest-assertions-json-watchosarm32	5.8.1		N/A
io.kotest	kotest-assertions-json-watchosarm32	5.8.1	metadata	4f7c4ab064729aaae50523bc1eeafc6cd6d69c5f
io.kotest	kotest-assertions-json-watchosarm32	5.9.0		N/A
io.kotest	kotest-assertions-json-watchosarm32	5.9.0	metadata	c4c83a041382aea764a6ee10573dc1e523da892d
io.kotest	kotest-assertions-json-watchosarm32	5.9.1		N/A
io.kotest	kotest-assertions-json-watchosarm32	5.9.1	metadata	a5f18e91669f94d972be946727ebb3ebf826e0e6
io.kotest	kotest-assertions-json-watchosarm32	6.0.0.M1		N/A
io.kotest	kotest-assertions-json-watchosarm32	6.0.0.M1	metadata	2ad14aed781c4a73ed4dbb421966d408a0a06686
io.kotest	kotest-assertions-json-watchosarm32	6.0.0.M2		N/A
io.kotest	kotest-assertions-json-watchosarm32	6.0.0.M2	metadata	2ad14aed781c4a73ed4dbb421966d408a0a06686
io.kotest	kotest-assertions-json-watchosarm32	6.0.0.M3		N/A
io.kotest	kotest-assertions-json-watchosarm32	6.0.0.M3	metadata	2ad14aed781c4a73ed4dbb421966d408a0a06686
io.kotest	kotest-assertions-json-watchosarm32	6.0.0.M4	metadata	2ad14aed781c4a73ed4dbb421966d408a0a06686
io.telereso.kmp.sqldelight	coroutines-extensions-watchosdevicearm64	2.1.0-wasm-no-op.4		N/A
io.telereso.kmp.sqldelight	coroutines-extensions-watchosdevicearm64	2.1.0-wasm-no-op.4	metadata	2ad14aed781c4a73ed4dbb421966d408a0a06686
me.ahoo.cosid	cosid-proxy	1.10.0		1fbc1c9a6695eee0e30f88eecbcab76e5cbd1c26
me.ahoo.cosid	cosid-proxy	1.10.2		fe7d708d39d858cadb79ac97ed8c273cf10e6356
me.ahoo.cosid	cosid-proxy	1.10.3		cad3022e7a2ce185ca6de3f5795afb221a74c392
me.ahoo.cosid	cosid-proxy	1.10.4		8e2afa52ff93ae63fa416b1f7f2e3a91f966d0d6
me.ahoo.cosid	cosid-proxy	1.11.0		582a75c0fae15ee6daeb635859f1892aead566c7
me.ahoo.cosid	cosid-proxy	1.12.0		1642d3cb03e155f2436b3dbd748fa1682a6aa6f5
me.ahoo.cosid	cosid-proxy	1.12.1		6372969d952b1a2b00fbb53648f19800bb8e7e82
me.ahoo.cosid	cosid-proxy	1.13.0		ac025b9c5793d2e9a3df616bcd9bf7dba380de6d
me.ahoo.cosid	cosid-proxy	1.13.1		dd7d816b438726594453b0fad1ca0581fb84464c
me.ahoo.cosid	cosid-proxy	1.14.0		d6c27d72d34d28f151345d8f556a8c6ba3f53399
me.ahoo.cosid	cosid-proxy	1.14.1		adf232063ad1da8f4216a778ee49935e8c87e5e6
me.ahoo.cosid	cosid-proxy	1.14.2		9626ce3def983b6be98e4dce69278fdc3430b9d2
me.ahoo.cosid	cosid-proxy	1.14.3		5f6ee532498fea873d0c6260391052578fa724ca
me.ahoo.cosid	cosid-proxy	1.14.4		7a0c96a1936de5a079adddca02718e012d10383e
me.ahoo.cosid	cosid-proxy	1.14.5		aa6a3e10daef4a46eb0b28130aa9050b41d1f3e3
me.ahoo.cosid	cosid-proxy	1.14.6		c7e53c49d053353d19d90419aa9f9a7cc12dff2d
me.ahoo.cosid	cosid-proxy	1.14.8		5170e5831ba916a35a34fa1dc5eb33654398fd60
me.ahoo.cosid	cosid-proxy	1.14.9		a1639bb70f5bb16bebd651986438c150ced8970f
me.ahoo.cosid	cosid-proxy	1.15.0		2f4e6595c3f266ca13c8014e37d9f764de12f408
me.ahoo.cosid	cosid-proxy	1.15.2		b2c1d704f95439eb3a266424d8ef26b527df5576
me.ahoo.cosid	cosid-proxy	1.16.0		9cfdb6fa989893a85e5ca8176307f7e5a700d24a
me.ahoo.cosid	cosid-proxy	1.16.10		634b1e70a8d3a164449fc2ddb0e2110f5db900a8
me.ahoo.cosid	cosid-proxy	1.16.11		9e48ddf805a6357ddd419abb19af36e24c23559e
me.ahoo.cosid	cosid-proxy	1.16.2		5bb7352eca5e169494c899d834afbc30579a29d6
me.ahoo.cosid	cosid-proxy	1.16.5		8b519f78ecec6469a64e91d3768858ecd247e5fc
me.ahoo.cosid	cosid-proxy	1.16.6		f3b54ecda85acb443302f42fc5fed1e30bf6817d
me.ahoo.cosid	cosid-proxy	1.16.8		1c929a1bdf02dbfe7cf8b177692a75600ece0bfc
me.ahoo.cosid	cosid-proxy	1.16.9		817915a446a94ebb08492bd1071891e3151e0cd8
me.ahoo.cosid	cosid-proxy	1.17.0		63e666b923b86b47633a4b7260b196a1accf7963
me.ahoo.cosid	cosid-proxy	1.18.0		363c8adf932e655ed3e5cbfb96fd88affa08b6c5
me.ahoo.cosid	cosid-proxy	1.18.1		fda403762d3323b763a8ba9f3e02fa04a9ee4a22
me.ahoo.cosid	cosid-proxy	1.18.2		0c8661798315006880f80bdfc2f007f168e14543
me.ahoo.cosid	cosid-proxy	1.18.3		b7f1ff76142ee5cb1d7c0a630ecf2d0dc47625e5
me.ahoo.cosid	cosid-proxy	1.18.5		570764d19a6bd225e8b2de4e188cc2d0bcdfba86
me.ahoo.cosid	cosid-proxy	1.18.6		44e2146bca549f39460c5f12cb53bef1354b39c6
me.ahoo.cosid	cosid-proxy	1.18.8		4a35d21fe4fca23e5972cb072641404342aa9d63
me.ahoo.cosid	cosid-proxy	1.18.9		98c0664df8a59f2dcca2d370434adf54ced456ab
me.ahoo.cosid	cosid-proxy	1.19.0		772b4768be43c67338a50d2bdccdf263b1f5cabc
me.ahoo.cosid	cosid-proxy	1.19.1		d4f3eed7ac17204c9e514c5dd2cf8bfd2d296bff
me.ahoo.cosid	cosid-proxy	1.19.2		9b7b90cb9a5ff7dfeec20a786788c2f17f38747c
me.ahoo.cosid	cosid-proxy	1.19.3		4837c5cb6363a0b510971990942c1bd84c972a49
me.ahoo.cosid	cosid-proxy	1.20.0		3d5b6dd373c58adff4d3049cb092f3c55739d2e5
me.ahoo.cosid	cosid-proxy	2.0.0		4a1df34739f91980a119c107956e34b611cc82e7
me.ahoo.cosid	cosid-proxy	2.0.0-RC1		61ffdf0aa581203354e2de689041e9cd5f9796a5
me.ahoo.cosid	cosid-proxy	2.0.5		efafec9efcc5c92ab5493914172d498250a4f352
me.ahoo.cosid	cosid-proxy	2.0.6		8ad700f5da4f234e8ad761f23e63687f089c0f1a
me.ahoo.cosid	cosid-proxy	2.1.0		98c27603f6a097e6ff86bf7b6fb9c6ca59547421
me.ahoo.cosid	cosid-proxy	2.1.1		cbe9bf963d7a05c2c3318043c9c86ac95b979b45
me.ahoo.cosid	cosid-proxy	2.1.2		073aa64b8c78d7a8b968a7af3327434dd06c997a
me.ahoo.cosid	cosid-proxy	2.10.0		da547ae54a75897e812537d71b347ff4c80fdc04
me.ahoo.cosid	cosid-proxy	2.10.1		f43a63d14ba38725d309e5e5de3fe39ccd201890
me.ahoo.cosid	cosid-proxy	2.10.2		e95f714a1948094b9eb06e1c1ad108c639a30c55
me.ahoo.cosid	cosid-proxy	2.10.3		5dab889417bc1bc3aef589e4486b9e2b77ca250e
me.ahoo.cosid	cosid-proxy	2.11.0		6b2f7a741b7b60b8d38ed8d0bf13500e13ec2506
me.ahoo.cosid	cosid-proxy	2.12.0		85ec8a4f261f9d107e6689c310c00059d7032823
me.ahoo.cosid	cosid-proxy	2.12.1		876974172afdf48c97ce05a9b83116f0bbafeaa3
me.ahoo.cosid	cosid-proxy	2.12.2		1774c635316855eb9e2112f486793a07aaecded0
me.ahoo.cosid	cosid-proxy	2.12.3		7b94aa1f62b7fc62a813cda081135faf1f1a2e3c
me.ahoo.cosid	cosid-proxy	2.12.5		ebe5ba2bf886b16c0c81b139432efb7882ca20bc
me.ahoo.cosid	cosid-proxy	2.2.0		928f2ffd331ea64990f88b921661c88990eaa99d
me.ahoo.cosid	cosid-proxy	2.2.1		a43eb83e635c1f863523bdd77107f0a3f3c833d1
me.ahoo.cosid	cosid-proxy	2.2.2		4ca5ad91c804d120d80292001e8bdde44ef5b63a
me.ahoo.cosid	cosid-proxy	2.2.3		d4a5129df416441588f372431be16b49365baa53
me.ahoo.cosid	cosid-proxy	2.2.4		df38bf60bc5e15ac1c0ed173a8a5361621ae1da8
me.ahoo.cosid	cosid-proxy	2.2.5		edc405b0f18f944270126bac85b84a3848bbca66
me.ahoo.cosid	cosid-proxy	2.2.6		7874bc5e12da635946cb6d1bc942f87144b48a72
me.ahoo.cosid	cosid-proxy	2.3.0		2b6ad7c1446f70e79e06e945f76ab3ba8a8ad887
me.ahoo.cosid	cosid-proxy	2.3.1		4beff4fe90e791ee7b88a6f6404e3872fca63af9
me.ahoo.cosid	cosid-proxy	2.3.2		53a7feedea12ccc3bb75451f12a6a06773b0f187
me.ahoo.cosid	cosid-proxy	2.3.3		36026bdefa1eecbe8065eaaf0e113fdfdea50f78
me.ahoo.cosid	cosid-proxy	2.4.0		9c5e2c944d81ecd6a9488854b6dd2ff1dd702722
me.ahoo.cosid	cosid-proxy	2.5.0		3291e9a8a9cf3cbd484181ab0e9dc178f149fb74
me.ahoo.cosid	cosid-proxy	2.5.2		1a1fff4134d1afc655a56e0e3be55628c3638ff1
me.ahoo.cosid	cosid-proxy	2.5.3		1dbdfa05dda1252780c81f01516c71db9b4a5f07
me.ahoo.cosid	cosid-proxy	2.5.5		393edd76a48b3f9f740ab7027e90111578d890c3
me.ahoo.cosid	cosid-proxy	2.5.6		c561aadbe64d7b0ab469fd213d8db85012b2f072
me.ahoo.cosid	cosid-proxy	2.6.0		230c4b24fb75debffa5508f35a7b7780b0b5fb5c
me.ahoo.cosid	cosid-proxy	2.6.2		880dc78f66a1419d11a59a6ff609ee071b54c0e1
me.ahoo.cosid	cosid-proxy	2.6.4		84576320796ea97afe5d275520d11e85a4f7597f
me.ahoo.cosid	cosid-proxy	2.6.5		0fc0974f224b9d3fc312df5e748da80f15a4a30a
me.ahoo.cosid	cosid-proxy	2.6.6		e8dd37ede12c25fe672ee452a8e09e658bada046
me.ahoo.cosid	cosid-proxy	2.6.8		b7d8a959702047f3d62ddc1ca8c7d74e3a0d4f36
me.ahoo.cosid	cosid-proxy	2.6.9		46036d5e9615ce815135804376572b449f74debb
me.ahoo.cosid	cosid-proxy	2.8.0		ce209ae06e17d17c61f73e8c87dec2891cdcedb4
me.ahoo.cosid	cosid-proxy	2.8.1		4a8e845fe567938afcf811f46bbdd0999e6f98a8
me.ahoo.cosid	cosid-proxy	2.8.2		23c8370cfe6f4872432c5c897db2ce95c8a45296
me.ahoo.cosid	cosid-proxy	2.8.3		aab98afaef965412e142f1478200ba678aa47fe0
me.ahoo.cosid	cosid-proxy	2.9.0		b060d744f33db9af598b2d377189ed3fad85dd0c
me.ahoo.cosid	cosid-proxy	2.9.1		2121c36259e4e1c0c0374d1ed508ce7add68778c
me.ahoo.cosid	cosid-proxy	2.9.10		b2145a51ec04304be6c5244683c20063c2f60169
me.ahoo.cosid	cosid-proxy	2.9.2		e6d23c921139b5868f8dd604da56ae13f8111ff4
me.ahoo.cosid	cosid-proxy	2.9.3		75af5e8eb25820bc57296ad016ccbc129e090e6a
me.ahoo.cosid	cosid-proxy	2.9.4		689fad89157d9c0bbc0fdad2e23d70fa2177dcd5
me.ahoo.cosid	cosid-proxy	2.9.5		e47d5da026b6f483f968d26658c10d23d5d795f3
me.ahoo.cosid	cosid-proxy	2.9.6		e73cc8143b7fd06ec08ee81bd2197fe9da850e2c
me.ahoo.cosid	cosid-proxy	2.9.8		c3fe53eca2ce1b82969c315f444aa4f5a5750747
me.ahoo.cosid	cosid-proxy	2.9.9		6d22a35776b5bc2d0e08f3fedf8c5387eedd5e20
me.nathanfallet.i18n	i18n-iosx64	1.0.0		N/A
me.nathanfallet.i18n	i18n-iosx64	1.0.0	metadata	8598daa863d4910f18b8da225abece6aa0bc02e0
me.nathanfallet.i18n	i18n-iosx64	1.0.1		N/A
me.nathanfallet.i18n	i18n-iosx64	1.0.1	metadata	853689a14875d0a8c5e90668cd8b73027bb7830a
me.nathanfallet.i18n	i18n-iosx64	1.0.10		N/A
me.nathanfallet.i18n	i18n-iosx64	1.0.10	metadata	f38f817abcd5cb15459346fcf2d92f5449853946
me.nathanfallet.i18n	i18n-iosx64	1.0.11		N/A
me.nathanfallet.i18n	i18n-iosx64	1.0.11	metadata	33ab770cda6c5bb706ab8c9ca0526f3d92d85bb2
me.nathanfallet.i18n	i18n-iosx64	1.0.12		N/A
me.nathanfallet.i18n	i18n-iosx64	1.0.12	metadata	ae9dc548d1da442cac9a03f6043c989c07a57add
me.nathanfallet.i18n	i18n-iosx64	1.0.13		N/A
me.nathanfallet.i18n	i18n-iosx64	1.0.13	metadata	2d8a925d6de7d8065e121180ef6fcdc6574bf9c7
me.nathanfallet.i18n	i18n-iosx64	1.0.14		N/A
me.nathanfallet.i18n	i18n-iosx64	1.0.14	metadata	60413ca2246782a6ededad6603ec9519953ad633
me.nathanfallet.i18n	i18n-iosx64	1.0.15		N/A
me.nathanfallet.i18n	i18n-iosx64	1.0.15	metadata	24e929cf8ab3e88ddd492d8b37e61e95956945b0
me.nathanfallet.i18n	i18n-iosx64	1.0.2		N/A
me.nathanfallet.i18n	i18n-iosx64	1.0.2	metadata	fae19540318b599b310981a1095d0c6a3f9dbef2
me.nathanfallet.i18n	i18n-iosx64	1.0.3		N/A
me.nathanfallet.i18n	i18n-iosx64	1.0.3	metadata	ec42d365f2ab30139f3333abbcd1d9e47f4ae490
me.nathanfallet.i18n	i18n-iosx64	1.0.4		N/A
me.nathanfallet.i18n	i18n-iosx64	1.0.4	metadata	a9182406c8c42bf74b3af2f70b2e3cce81b60503
me.nathanfallet.i18n	i18n-iosx64	1.0.5		N/A
me.nathanfallet.i18n	i18n-iosx64	1.0.5	metadata	7b7b70a01986fecf17d904725077388f164f16fd
me.nathanfallet.i18n	i18n-iosx64	1.0.6		N/A
me.nathanfallet.i18n	i18n-iosx64	1.0.6	metadata	62a73ac7ef3f900f373849ea381871c95bbf74ad
me.nathanfallet.i18n	i18n-iosx64	1.0.7		N/A
me.nathanfallet.i18n	i18n-iosx64	1.0.7	metadata	5c02dcba7e800d7caab0ded7073aac90af402b9e
me.nathanfallet.i18n	i18n-iosx64	1.0.8		N/A
me.nathanfallet.i18n	i18n-iosx64	1.0.8	metadata	3d077c50fabaed9f72931d5abc70b7a3375b77dd
me.nathanfallet.i18n	i18n-iosx64	1.0.9		N/A
me.nathanfallet.i18n	i18n-iosx64	1.0.9	metadata	35fef3c1e17deffe99b0293283cbec6cd6dce848
me.shadaj	scalapy-core_3	0.5.0+10-ea614339		d4b0c355848a71e4a68a781d633096a5d8d96752
me.shadaj	scalapy-core_3	0.5.0+11-e0df6f27		9728628c7bf6b3ae27f687f98bb78e81892bb85e
me.shadaj	scalapy-core_3	0.5.0+12-5914a6f5		c2bfd11ba543d3fb04dfe1163e5d56568b161d37
me.shadaj	scalapy-core_3	0.5.0+13-7c2a5041		da3f1164a3c40a144b9146da733293036429debf
me.shadaj	scalapy-core_3	0.5.0+14-b6da8f97		19a00a2d47b5b63fabc12cb4a6a553e98460ad5a
me.shadaj	scalapy-core_3	0.5.0+15-ca555735		ee17cb39b8a824a618811ebf8f3f0be548f7219c
me.shadaj	scalapy-core_3	0.5.0+16-39055df5		efda8f538b8e0932ebdba7d4cbb0cd439069c770
me.shadaj	scalapy-core_3	0.5.0+17-09797704		d67d0d09d60bc7527d1d640025d35a692cda379a
me.shadaj	scalapy-core_3	0.5.0+19-e2222cbd		b2b8e032071587e73a649c21fdabdb208cae0561
me.shadaj	scalapy-core_3	0.5.0+20-5ce1ed6a		087925e5561cee546191e4c1168ed5f197664df8
me.shadaj	scalapy-core_3	0.5.0+21-39c93789		4652fe7960c27b8012ca3279cfee4cf6a7c66e89
me.shadaj	scalapy-core_3	0.5.0+22-985b8ea1		194cad7914a4ae42c9da2e49ed1a946debd47c19
me.shadaj	scalapy-core_3	0.5.0+23-d387651a		45bf2b7e700e81da410a8d036fcd0568824b922d
me.shadaj	scalapy-core_3	0.5.0+24-237a2d2d		4be1b43435c2919493ff7d6e4df952b5832a0a29
me.shadaj	scalapy-core_3	0.5.1		1a647be95b7a740eaab18fcb698754e98b20615a
me.shadaj	scalapy-core_3	0.5.1+1-a19bda77		67fb9814fc36c9a0e7352144c1679e30f628bfa7
me.shadaj	scalapy-core_3	0.5.1+10-b56837f7		748a185b37f95393293c3c599ebd9753ca0d8434
me.shadaj	scalapy-core_3	0.5.1+11-5b4f3514		138d4ffd968b40102ce8755974e9ca508b73208b
me.shadaj	scalapy-core_3	0.5.1+12-a4591197		91d6ec212c0e9b607fd6aa643482a4a2762af507
me.shadaj	scalapy-core_3	0.5.1+13-305b218e		0f7a7eb68ed84c5ee2e6a2813da0f75c22214126
me.shadaj	scalapy-core_3	0.5.1+14-d191d256		5026b4407fdb8fb41c4c8f9151098f6bfa1a44c5
me.shadaj	scalapy-core_3	0.5.1+15-4dd92464		0d18029cd8feb30328b922f56c521c16afd8f1b1
me.shadaj	scalapy-core_3	0.5.1+2-cb12078d		e004aa707d217f224ef7a41c09a1a938d9163d6c
me.shadaj	scalapy-core_3	0.5.1+3-36ef9fbd		de3632974e0c20db902c0b2a63db9216808d2d77
me.shadaj	scalapy-core_3	0.5.1+4-ecf90a2e		f28749ec5b8775b1c8a7460a6d62f7229b8f2f6e
me.shadaj	scalapy-core_3	0.5.1+5-107ab671		b74171e490283b59c8904d8b70407a586cb152f4
me.shadaj	scalapy-core_3	0.5.1+6-f0a53c0b		12742b59cd841e90b943d8615ac9ebe2ab80af03
me.shadaj	scalapy-core_3	0.5.1+7-ae8a9f13		3477870620bf5219f172ef5d08c17360792bb7ff
me.shadaj	scalapy-core_3	0.5.1+8-08fe8ab2		cbc2d74cb44498630a4481875c1e19e9354bd29f
me.shadaj	scalapy-core_3	0.5.1+9-ab5ca61c		7e83aa00b6c3d41b7afc7ee3c1ccceba690e3864
me.shadaj	scalapy-core_3	0.5.2		0fab7089ba824427b23bc1bf17d72e8a8f27b858
me.shadaj	scalapy-core_3	0.5.2+1-2e601d11		bea8e090b52e025d3a3399e2074b6338b6a16d49
me.shadaj	scalapy-core_3	0.5.2+2-9d782bb7		c473a9bddbd39bb5f21b0df72961e2fa63734faf
me.shadaj	scalapy-core_3	0.5.2+3-63f74d93		7fa51dece8c023adec1d835350a882c279c90c7a
me.shadaj	scalapy-core_3	0.5.2+4-dc5098c0		673add31696c42e338d892915098cac38cc54656
me.shadaj	scalapy-core_3	0.5.2+5-83f1eb68		d79a5806c5e9a25fe6d4d35dea2cd987a773ce61
me.shadaj	scalapy-core_3	0.5.2+6-f2ed4b57		a921944139970740f0ad43a98dd7597db0979e53
me.shadaj	scalapy-core_3	0.5.2+7-c5a7159e		8ae212001774016b826f1761f20b6d4f717c956a
me.shadaj	scalapy-core_3	0.5.2+8-f74f8dfe		c45a9a5aaca165e819fb15e91787514408e9aa17
mm.mysql	mm.mysql	2.0.13		N/A
mm.mysql	mm.mysql	2.0.13	bin	99bfac5990c5dfa401919c607711d499cef1235c
mm.mysql	mm.mysql	2.0.7		b57e57ca4a398a25690c886d1206422e11223056
net.axay	fabrikmc-commands	0.0.1		c139f7de719de20e1f8cb85c8427edcf9ac2e69f
net.axay	fabrikmc-commands	0.0.2		2e5f17df5a752188ce125359b5abcab2692abebc
net.axay	fabrikmc-commands	0.1.0		9299ebfc0a82a7d7fec1e30556bcf38f6fd38e6d
net.axay	fabrikmc-commands	0.1.1		794f9eb2e905e2e5250944a64111fecb9515adb9
net.axay	fabrikmc-commands	0.2.0		5f87f034ccedc438cd3e509ad583b83e3728168e
net.axay	fabrikmc-commands	0.2.1		dbdb8e6a1f6e8826acc474237fcdeec0a121ff61
net.axay	fabrikmc-commands	0.2.2		3342199e19656515eda840e96fdfd9a0d3bdab65
net.axay	fabrikmc-commands	0.2.3		80de73d0ae12d8cdda1c23921154c7feaf1969d1
net.axay	fabrikmc-commands	0.2.4		866e1e1f141652548f3d8ded6a01a49883cd28f3
net.axay	fabrikmc-commands	0.2.4	dev	fc20f8116da8a84801ab17c6042a01d11d85e727
net.axay	fabrikmc-commands	0.3.0		272135da76876fe0b05f766457b96728fdcd47a2
net.axay	fabrikmc-commands	0.3.0	dev	69321ac033a0388b8da7c97b0d69a7de131a39ef
net.axay	fabrikmc-commands	0.3.1		9b540c9bda56e29862364e3538ff4fcecf92f9bd
net.axay	fabrikmc-commands	0.3.1	dev	b0e7086b5c811afe76b2bfb5c714e8e453b1e076
net.axay	fabrikmc-commands	0.3.2		2e8c1f5a1b1e0ec71e66e807d3261b992c96480c
net.axay	fabrikmc-commands	0.3.2	dev	717db8987388dc6da705a371216367c45df40317
net.axay	fabrikmc-commands	0.3.3		c3ad9ac79eda4c31c060de111a67d654d353140d
net.axay	fabrikmc-commands	0.3.3	dev	245fd32701a5591c3cd559f69d1bb5121d343669
net.axay	fabrikmc-commands	0.3.4		4a27b14e506ac7d0631749e803eb3701d67f30ac
net.axay	fabrikmc-commands	0.3.4	dev	25e1ccb13d55d46f663c5bb6ff8a4c4207436ab2
net.axay	fabrikmc-commands	0.3.5		258c6985da19f308b0e767c254b67805448fa186
net.axay	fabrikmc-commands	0.3.5	dev	e8ff3362d8c03dc04e41f34ad1bcdf2413b371b7
net.axay	fabrikmc-commands	0.3.6		aa052f66dbc5469f199dd3e0781f80428a440cee
net.axay	fabrikmc-commands	0.3.6	dev	f2977edca5645a4881c45163b57c47a6463fb995
net.axay	fabrikmc-commands	0.4.0		8f68c16b149be4de87ec08095e7244c4ea122fe1
net.axay	fabrikmc-commands	0.4.0	dev	80a3d603d4bfd0c4c3e99c2c08b5000596250fee
net.axay	fabrikmc-commands	0.4.1		97bef80a23e8a5122eded0c6843e6dd2e9e90b73
net.axay	fabrikmc-commands	0.4.1	dev	c7146d93429c9a20755bb04ad4a075a41e008274
net.axay	fabrikmc-commands	0.5.0		3c8501775960a2152b22651139838d60e200c4bb
net.axay	fabrikmc-commands	0.5.0	dev	6ae53e3422907fb2867f53edccbd074ab1295557
net.axay	fabrikmc-commands	1.0.0		143924c1c11ffe132751d4a2a6f382ed020844c4
net.axay	fabrikmc-commands	1.0.0	dev	2c376cc25aaa41ab8f2c582bbdc1951fd338dcc2
net.axay	fabrikmc-commands	1.1.0		85072b325e248d31b517a57028cf2f9715a8fb1d
net.axay	fabrikmc-commands	1.1.0	dev	3d9953bb4414e56c8dabfcfa446c80f5a2e19507
net.axay	fabrikmc-commands	1.2.0		4ee6e64cd04c0daf7e000595d14dd4e1b0eedffb
net.axay	fabrikmc-commands	1.2.0	dev	318135fdd432f4e6aaa1ceaa45f41d8f9a1c562a
net.axay	fabrikmc-commands	1.2.1		b9001aa6994d3a82e35b1c83949bff0c08b8ce4c
net.axay	fabrikmc-commands	1.2.1	dev	4c5ecc91b0643db3449cfd08b8573b346ae48dde
net.axay	fabrikmc-commands	1.2.2		2e0aed4459c1f816e57efab4425263825533bfcb
net.axay	fabrikmc-commands	1.2.2	dev	794cb8d2e07f46c8ca4456c4494c155ff1ed0196
net.axay	fabrikmc-commands	1.3.0		c9a838a17ae3fcd42394030eea9a5095f185b70a
net.axay	fabrikmc-commands	1.3.0	dev	7cee1976b140be46c5bfeedbd936f0fcb48f1f7b
net.axay	fabrikmc-commands	1.3.1		77942f3b349a17ca722ba5c2f5cd7ab62a61a824
net.axay	fabrikmc-commands	1.3.1	dev	ccaee06bcd58b7f40c101f6ff4ad1d2c3dc0edfa
net.axay	fabrikmc-commands	1.4.0		7d41ddf8bbf52c5f042f6048ee6acca14f1d93e0
net.axay	fabrikmc-commands	1.4.0	dev	668b6c4f8b51a0fd87d5907d5052b013929e26e3
net.axay	fabrikmc-commands	1.4.1		8fc4ff529d65d20f921fcf2741a2d88e7afae4ce
net.axay	fabrikmc-commands	1.4.1	dev	bd881965b4dd01c73288fcc22419b50a5a811a61
net.axay	fabrikmc-commands	1.4.2		acb140651036ad9d4abaa1d7a14465a2efbe61e6
net.axay	fabrikmc-commands	1.4.2	dev	d1f65c3b6d81e2e9e9c093747dc8aca039197e6d
net.axay	fabrikmc-commands	1.4.3		9aade4dffad5666f6135c5ef1ba7181dd6c4dc63
net.axay	fabrikmc-commands	1.4.3	dev	e8b8d011dcd4d04de4b976309edc0a65b85d0c3b
net.axay	fabrikmc-commands	1.4.4		93654a79247d9206cbdf3501aeb1e35430060b71
net.axay	fabrikmc-commands	1.4.4	dev	dba41e4e6b7e209b8eacfee1f49a1a045fa888bf
net.axay	fabrikmc-commands	1.5.0		7d2a6dbc7640956def48a25b6f87466a8afdb843
net.axay	fabrikmc-commands	1.5.0	dev	574fa6c72e4aba802af927c291224dfdbf4dceb3
net.axay	fabrikmc-commands	1.5.1		b0a8a5036982fec087b677453f7356c2fc92e67a
net.axay	fabrikmc-commands	1.5.1	dev	a3abd0224844d03b6ffdc8984545ee69ca6bc46b
net.axay	fabrikmc-commands	1.5.2		b840dd4021b5cc86446595a03326c712c6e2f5b7
net.axay	fabrikmc-commands	1.5.2	dev	4d60acd66e36a96ca88822051f47ea945fcb81df
net.axay	fabrikmc-commands	1.5.3		f3639b37a96c35edd5221a516effa059eaeeb76f
net.axay	fabrikmc-commands	1.5.3	dev	ca279400d981b18fede013ae2ad5a78482114dfe
net.axay	fabrikmc-commands	1.6.0		39941fa88c7e97c288177eb4637cc1f77f8637c5
net.axay	fabrikmc-commands	1.6.1		1ec8e02b21911d5b6d16a7ebf74c364c922dab12
net.axay	fabrikmc-commands	1.6.2		a8acc080a9b34ef101a200c0311dcdeabab8448f
net.axay	fabrikmc-commands	1.7.0		2a43c5f8f48b739c3ed70061a28cd6261259a161
net.axay	fabrikmc-commands	1.7.1		fef63c253572017a6ec277f30b33a1100ff7f635
net.axay	fabrikmc-commands	1.7.2		b5822d685e99ec1b90503392e395291bb60e1065
net.axay	fabrikmc-commands	1.7.3		083919a47e050e9ddcf01cae1fd7cbafcd343e54
net.axay	fabrikmc-commands	1.7.4		9e9afb441e415b27c5ebd4c8593fa2ac92966fe7
net.axay	fabrikmc-commands	1.8.0		b6b430cade12d361c6be21150f3d08c6fa296563
net.axay	fabrikmc-commands	1.8.1		8932252f7f2e7eeabf54fba2f477c76c8c937c48
net.databinder	dispatch-http_2.9.2	0.8.10		9b307faaf0c52a7962bffcf310e20d26751f76cf
net.databinder	dispatch-http_2.9.2	0.8.8		7cc707a9766c6eb05b729a8ceecd3114c5c3668e
net.databinder	dispatch-http_2.9.2	0.8.9		452aebd1ffa1c0f0b5f30b732695828cac396c31
net.exoego	aws-sdk-scalajs-facade-inspector_sjs1_2.13	0.29.0-v2.624.0		124f9fbb314c0aa54b3fe746ced9a09b3f1c24ec
net.exoego	aws-sdk-scalajs-facade-inspector_sjs1_2.13	0.30.0-v2.715.0		d7efbf661abc152d1ed1fc9b6e70725b985331a6
net.exoego	aws-sdk-scalajs-facade-inspector_sjs1_2.13	0.31.0-v2.731.0		90ab9980280f899bbd603d090fbcd595a45c35ea
net.exoego	aws-sdk-scalajs-facade-inspector_sjs1_2.13	0.32.0-v2.798.0		dfd7f5cb896fb5869872e7a2eace808df8e9f93c
net.exoego	aws-sdk-scalajs-facade-inspector_sjs1_2.13	0.33.0-v2.892.0		edefe210918d4d37346aba2b1e55a115406d9a30
net.liftweb	lift-common_2.9.1	2.4		9a5ebab32d9a201f26a02bb9dd335b86b1389a5b
net.liftweb	lift-common_2.9.1	2.4-M4		4f5ba309c972c769aeeb9a8335652657741d2faa
net.liftweb	lift-common_2.9.1	2.4-M5		38012e5863637d2dd5e16dbd0c8469e1b9cc8f3f
net.liftweb	lift-common_2.9.1	2.4-RC1		2f4746656c8b9507cd68f77fa84b80744bbc7af4
net.liftweb	lift-common_2.9.1	2.5		d13707d7936f6eea56e2334630b6c2b1d8aaca05
net.liftweb	lift-common_2.9.1	2.5-M1		317dccad9b0a104aff71f04290c12a7800b40f4c
net.liftweb	lift-common_2.9.1	2.5-M2		091ea1321126643d12d6097083fbc49b7af0b97c
net.liftweb	lift-common_2.9.1	2.5-M3		66b6fa20a0ecdee1cbf7598c1a29d7686e98f77d
net.liftweb	lift-common_2.9.1	2.5-M4		b6588c32915525b8e05181d12dedfa0931a48eb4
net.liftweb	lift-common_2.9.1	2.5-RC1		3628a349982ce27c390ad3f065262cf03203b09c
net.liftweb	lift-common_2.9.1	2.5-RC2		bce0e5af493afaee0943549576dac3b308d447ae
net.liftweb	lift-common_2.9.1	2.5-RC3		bad9122d022b09743d8f6a616822679fb99b8064
net.liftweb	lift-common_2.9.1	2.5-RC4		576fff8f0156f147c15417d1d974238324b4e938
net.liftweb	lift-common_2.9.1	2.5-RC5		cf2545b15cf7658a590f3aad9e4769b652b9f293
net.liftweb	lift-common_2.9.1	2.5-RC6		a98b0db64e340a9c59a09ad6cfe89a42b990f25b
net.liftweb	lift-common_2.9.1	2.5.1		3462f248c5eac060b9caef070bad56d0741487b4
net.liftweb	lift-common_2.9.1	2.5.2		64ff57d93b0e5b126b7ce726a2f7ec6e91b4770b
net.liftweb	lift-common_2.9.1	2.5.3		04a8fd3e134bfee7fde5437e5c7f1d89fa5eaef9
net.liftweb	lift-common_2.9.1	2.5.4		47c7b296b97373f51b6d1b35d3a501b766de340d
net.liftweb	lift-common_2.9.1	2.6		388e0c19a778488ea87918d68a3834e57ab5cc7b
net.liftweb	lift-common_2.9.1	2.6-M1		efb886adaa110e4e9bb95560683c8dd552ff98d9
net.liftweb	lift-common_2.9.1	2.6-M2		38f4ad3a7a02766a21afeabe36b0a6d980837267
net.liftweb	lift-common_2.9.1	2.6-M3		6d3b2895046ee80f513ffa2fc7a6378a87a7c3a9
net.liftweb	lift-common_2.9.1	2.6-M4		d6ad0a76d53f80e58b7ff11b674363b22cb665ad
net.liftweb	lift-common_2.9.1	2.6-RC1		788350355d598629d7528258eec1c769aa7d7878
net.liftweb	lift-common_2.9.1	2.6-RC2		28dfac2ed81f870e92fb2d18a4bbaf6919f3e3d6
net.liftweb	lift-common_2.9.1	2.6.1		8d712cc32e523f20692d5fae457f9b221d311393
net.liftweb	lift-common_2.9.1	2.6.2		94fe7542914f46ed7c823958a1f2b55e7e332802
net.liftweb	lift-common_2.9.1	2.6.3		8e319f2356a21911878ba6642037776c5369b665
org.apache.camel.springboot	camel-paho-starter	3.0.0		70d3e8b60f5afcf1a409ab18622e3fdbe493d4b5
org.apache.camel.springboot	camel-paho-starter	3.0.1		85d46222dd263a3097d7a8daf867604987fc15eb
org.apache.camel.springboot	camel-paho-starter	3.1.0		ce15c1cd37ac4625ac466de92ac2b8b675454870
org.apache.camel.springboot	camel-paho-starter	3.10.0		aa83d868bb8302acf56222a0846a699ddc06514e
org.apache.camel.springboot	camel-paho-starter	3.11.0		0ee0459374eb89f9233bc8c2e96adf11e038e18b
org.apache.camel.springboot	camel-paho-starter	3.11.1		d047e12a54c0fac658940a39ff004024114f1cca
org.apache.camel.springboot	camel-paho-starter	3.11.2		53bce6b891f02d1c0875194ecb77cbeea2199dc9
org.apache.camel.springboot	camel-paho-starter	3.11.3		e87eacfb3bb3b864de0eff7eb86a34a8bf016b59
org.apache.camel.springboot	camel-paho-starter	3.11.4		5a922c9d81cf0f818892d6c1fe3c9343bd2c05f8
org.apache.camel.springboot	camel-paho-starter	3.11.5		7c16361275f7ea98d9d013ad363511ef3069047e
org.apache.camel.springboot	camel-paho-starter	3.11.6		27d5b1303effcf46927873e3c978175fa1fdc8df
org.apache.camel.springboot	camel-paho-starter	3.11.7		bbb9c75b359f0a0429377da1cb431cbcb3a94840
org.apache.camel.springboot	camel-paho-starter	3.12.0		5299350a4ac6ad85869b364245121ed7d2da1367
org.apache.camel.springboot	camel-paho-starter	3.13.0		bd108c441d75b33602f2a0a27ccb8331a1a4dc93
org.apache.camel.springboot	camel-paho-starter	3.14.0		e25d85dc6de50021971c9e22e0da0b7a33810344
org.apache.camel.springboot	camel-paho-starter	3.14.1		7a47a65451b6f4ccff036d429b2382c307486a39
org.apache.camel.springboot	camel-paho-starter	3.14.10		f35e6471127e9d9a78d91e472768d9d92ffd6104
org.apache.camel.springboot	camel-paho-starter	3.14.2		8f67ebad77733399b881d3416ef5d81a943ef48e
org.apache.camel.springboot	camel-paho-starter	3.14.3		e61df804dfa983b2b6bc6c184b056b310cac339f
org.apache.camel.springboot	camel-paho-starter	3.14.4		47ac4e6cdaf4a50db507306d20efacfd61448776
org.apache.camel.springboot	camel-paho-starter	3.14.5		843d78bd05431e0faf6d553600763acee189795e
org.apache.camel.springboot	camel-paho-starter	3.14.6		1c38c77797cc5693e0aa80abc695d43c1274ef66
org.apache.camel.springboot	camel-paho-starter	3.14.7		0fa3abb03c6dda4120848dc8a95e0f0f742472e6
org.apache.camel.springboot	camel-paho-starter	3.14.8		071587ff377c36bbd590ba01336ec8b868865e7e
org.apache.camel.springboot	camel-paho-starter	3.14.9		867cbd31c1de1b1aca876fb194996bbbbabd1c82
org.apache.camel.springboot	camel-paho-starter	3.15.0		b29cf1a84188e5c09fe181df7b9a4d8d23126c3d
org.apache.camel.springboot	camel-paho-starter	3.16.0		c5cbc950f15e7d50495b9a53782fc23984050050
org.apache.camel.springboot	camel-paho-starter	3.17.0		4354b9cc5f01b191333f4816352f43fdcf90616c
org.apache.camel.springboot	camel-paho-starter	3.18.0		55871cee692a4601f59e6ae779899133d9ad9438
org.apache.camel.springboot	camel-paho-starter	3.18.1		a49819f93db3ffbd23b1818b4ad371d6223a4a53
org.apache.camel.springboot	camel-paho-starter	3.18.2		c1917940344b2e2825fa5c7ff583e848be306454
org.apache.camel.springboot	camel-paho-starter	3.18.3		1099f958da8cb5a336cfc7c73ac7a340e5ca0fdf
org.apache.camel.springboot	camel-paho-starter	3.18.4		dd51dcccbaf7ea95db1933ae3f20174bf9879509
org.apache.camel.springboot	camel-paho-starter	3.18.5		51a2a991a052c884c0475099c93ea49d8db4ea5d
org.apache.camel.springboot	camel-paho-starter	3.18.6		442b2b30c45eb8842d19e50fe40854d3e5197308
org.apache.camel.springboot	camel-paho-starter	3.18.7		1427f065a446ac7ee29faf6bebc8af542ab17e2e
org.apache.camel.springboot	camel-paho-starter	3.18.8		cdcbcaedf8eab36bf82e8456615aac1ebe46ed75
org.apache.camel.springboot	camel-paho-starter	3.19.0		c2cfd513633cdd861fa5a68f02bab81997672858
org.apache.camel.springboot	camel-paho-starter	3.2.0		7b387afe601f046e0c9dd492ebf367a3701e7a14
org.apache.camel.springboot	camel-paho-starter	3.20.0		ca7bbd37fbd183535d1e43ba3777ec447c6debd6
org.apache.camel.springboot	camel-paho-starter	3.20.1		f89ff4457c656901af1df9d08e5e7213496e8c2e
org.apache.camel.springboot	camel-paho-starter	3.20.2		ec6063b9c79c3b6e26eb6205dc2ad5c1f20fc369
org.apache.camel.springboot	camel-paho-starter	3.20.3		4d1049f08396ee02a273b9cec7e14d59b9584590
org.apache.camel.springboot	camel-paho-starter	3.20.4		37198e36da7ca4351096fc850c139c1adaf0b227
org.apache.camel.springboot	camel-paho-starter	3.20.5		b67bf8e635419678df27bf3b8bafacff12329b66
org.apache.camel.springboot	camel-paho-starter	3.20.6		c906e585519903980d1b8d8c3dbcdd187763e759
org.apache.camel.springboot	camel-paho-starter	3.20.7		48884ced3f6cb405a4db02a126f12fa4aa806217
org.apache.camel.springboot	camel-paho-starter	3.20.8		7bf9013f2d397d161bc8fe41ab6d8c042e2d594b
org.apache.camel.springboot	camel-paho-starter	3.20.9		8b2a1489dbd3c31c7046a43f7533ca305c6f2cb4
org.apache.camel.springboot	camel-paho-starter	3.21.0		7e657d3a2066a791f80437875fe6ab1f81d684b7
org.apache.camel.springboot	camel-paho-starter	3.21.1		5f421c8b0a0d5006cf5a8cb2a87964f300faa9f9
org.apache.camel.springboot	camel-paho-starter	3.21.2		51b600874bf64881c0f33c095a9f07ffb660204a
org.apache.camel.springboot	camel-paho-starter	3.21.3		59bd0c5c34bcdb10c9a77223eac023342d2abd31
org.apache.camel.springboot	camel-paho-starter	3.21.4		18ae9618e5143dfe97d8f54bd71a027d62915510
org.apache.camel.springboot	camel-paho-starter	3.21.5		c3649d8a551e6946f106033a28ef4ad19f45be68
org.apache.camel.springboot	camel-paho-starter	3.22.0		f469e083f9e3670a2179690b1c1ee5b6d67a0646
org.apache.camel.springboot	camel-paho-starter	3.22.1		7b4dd5a1a489a9afbf47b7bc69f62eac9dab0006
org.apache.camel.springboot	camel-paho-starter	3.22.2		eddb8e667fd4debb261e3c3f83ed2985d04805ac
org.apache.camel.springboot	camel-paho-starter	3.22.3		c7006e06aad13ce7d6d7eacd952f86caa2ff0e99
org.apache.camel.springboot	camel-paho-starter	3.22.4		3bd8d5b22d5a623f48e1f21043eab2efb708a08b
org.apache.camel.springboot	camel-paho-starter	3.3.0		eb2688b665ef1136bb1afd865b14061088c0bfa0
org.apache.camel.springboot	camel-paho-starter	3.4.0		d7a948778f0be68fb7d248784cee8d22c301ceae
org.apache.camel.springboot	camel-paho-starter	3.4.1		2b42f5e38767003160595348e7e872b090452606
org.apache.camel.springboot	camel-paho-starter	3.4.2		1acd97dd2f6c581f942c0eb17f0fd59927b79062
org.apache.camel.springboot	camel-paho-starter	3.4.3		6f8c3680b35b7f66bd47cd3ba6a15c683e8af9fc
org.apache.camel.springboot	camel-paho-starter	3.4.4		606c11aac59f71702ba9ca733d85107f9b8bf50a
org.apache.camel.springboot	camel-paho-starter	3.4.5		2592d30f3d6d5cc35b1ff997871f543acd23e974
org.apache.camel.springboot	camel-paho-starter	3.4.6		a4c0739aa90a5cd7ac246d16ba307e1942118d14
org.apache.camel.springboot	camel-paho-starter	3.5.0		89b4c310f0531b78ad54131096721c5b23c48ecd
org.apache.camel.springboot	camel-paho-starter	3.6.0		e1482ad8bf967c2ab78b12a2105ccb65ce3bddc3
org.apache.camel.springboot	camel-paho-starter	3.7.0		bb8ec2238884c19b4fa288f471ff0fc604896bbf
org.apache.camel.springboot	camel-paho-starter	3.7.1		92cfd39de432ea848e7af96380c0b80458f794ae
org.apache.camel.springboot	camel-paho-starter	3.7.2		2c9b82958ac9a6245fb2179c97bfb00aa4b71583
org.apache.camel.springboot	camel-paho-starter	3.7.3		c99cbb170b129a4989640c99d66c85967100a7c4
org.apache.camel.springboot	camel-paho-starter	3.7.4		6b3f12eaeac2c32bb9a1dca9633447f7fe5f68b3
org.apache.camel.springboot	camel-paho-starter	3.7.5		25eed1f5461c9769d87917b803fe656a2291dc26
org.apache.camel.springboot	camel-paho-starter	3.7.6		ca89598cff456bab75149cb2ff8ebff2bae26445
org.apache.camel.springboot	camel-paho-starter	3.7.7		5182f426cf538055770af5487f1e8690b9544862
org.apache.camel.springboot	camel-paho-starter	3.8.0		1fb88734f69cf44f2c2ee41adf908a99ed73d89f
org.apache.camel.springboot	camel-paho-starter	3.9.0		323f5448c689dcc4afbd56f5e14a479614903521
org.apache.camel.springboot	camel-paho-starter	4.0.0		f40c3b67af5d0736017234ce01d38a70f6fb0cf4
org.apache.camel.springboot	camel-paho-starter	4.0.0-M1		91a42273d4e56a433a5de8ea7f1baeb4e6fb172c
org.apache.camel.springboot	camel-paho-starter	4.0.0-M2		a9fa5d3c4de2b1befaf23b34da9d88462136572c
org.apache.camel.springboot	camel-paho-starter	4.0.0-M3		6d0b5ce9cdaf4a29b9d44f2172a85be396d92590
org.apache.camel.springboot	camel-paho-starter	4.0.0-RC1		c865c46100a2c456542f46c71ece50da1965648a
org.apache.camel.springboot	camel-paho-starter	4.0.0-RC2		0f3f17d09381a66c8ff78f918dce06876f01828f
org.apache.camel.springboot	camel-paho-starter	4.0.1		b11c9601cc9773464e93ee9f1aaa44cbe9955b1e
org.apache.camel.springboot	camel-paho-starter	4.0.2		290d870a03db5490be11e9381ed20d0e356a06ef
org.apache.camel.springboot	camel-paho-starter	4.0.3		df091e67ac815c09c2af4adff659a9fb0db1491a
org.apache.camel.springboot	camel-paho-starter	4.0.4		f7652d4c80af4a2d2d92916cdc48b48a4a341fc5
org.apache.camel.springboot	camel-paho-starter	4.0.5		7f7079003e25615834539e1ed46d66590d0c9974
org.apache.camel.springboot	camel-paho-starter	4.0.6		db812c943de57583af837e559d5d11f9fd790c97
org.apache.camel.springboot	camel-paho-starter	4.1.0		fe6e881b4202d9d6450d199f859c4251698743a2
org.apache.camel.springboot	camel-paho-starter	4.10.0		bbf622bbb62a9998edb35cbe729620daa1c6a6d1
org.apache.camel.springboot	camel-paho-starter	4.10.1		fc559b57bf197338f03a0d8a271c8fa9b026fcd0
org.apache.camel.springboot	camel-paho-starter	4.10.2		b01d67efbb4f78a8603a65107788593aa0a26f80
org.apache.camel.springboot	camel-paho-starter	4.10.3		dfbd58768a5c648fdd38c56bfe13674701a8f227
org.apache.camel.springboot	camel-paho-starter	4.10.4		61d3e72850b55dacd039f4b49a219b86f06c036a
org.apache.camel.springboot	camel-paho-starter	4.11.0		5162a4ed243b0f25bea2ecb1ef15fb08caedf0e4
org.apache.camel.springboot	camel-paho-starter	4.2.0		3aef4859996a697871c47c0a1c87cf021f64f00c
org.apache.camel.springboot	camel-paho-starter	4.3.0		b57a93c55ead7f47a4376ec4089bfa0c9ba1482f
org.apache.camel.springboot	camel-paho-starter	4.4.0		76a921c9a09301798feef1c828a04a017678b414
org.apache.camel.springboot	camel-paho-starter	4.4.1		9cd38d5408f64010bfd35042a11e389b931098ce
org.apache.camel.springboot	camel-paho-starter	4.4.2		23b9e36fb3dfacefd0c1b7cbfd5e5a21fcfb3937
org.apache.camel.springboot	camel-paho-starter	4.4.3		2794122f20d2325d852a1a1009b20b5bc7c8b7be
org.apache.camel.springboot	camel-paho-starter	4.4.4		e5ba78a7ad1ead78e52fc3c271b76cd16b3f3428
org.apache.camel.springboot	camel-paho-starter	4.4.5		06a3afc922d68cd423952f7a12a44af1cdc36d88
org.apache.camel.springboot	camel-paho-starter	4.5.0		f43f96beac48d9054ef88b4ef8f348d51506a9d5
org.apache.camel.springboot	camel-paho-starter	4.6.0		a0c7807f25802572d08f33dad6506945c74bb2bc
org.apache.camel.springboot	camel-paho-starter	4.7.0		b87199421d016a440e61d43211c6dd65c61ba087
org.apache.camel.springboot	camel-paho-starter	4.8.0		9c69eec49a8147c26c731b21a56350a32cbda3f2
org.apache.camel.springboot	camel-paho-starter	4.8.1		733e74bb93481f98ad5e9459f9b80ccaf070f8b3
org.apache.camel.springboot	camel-paho-starter	4.8.2		bd2a4c7a367aa2fca5b8bcd21d8e0212bd85899b
org.apache.camel.springboot	camel-paho-starter	4.8.3		44483fc533d4b009f248c73854f1c24317a5ccb3
org.apache.camel.springboot	camel-paho-starter	4.8.4		874b73f19abe483259f5c11230b8daaed032605e
org.apache.camel.springboot	camel-paho-starter	4.8.5		ff35ee1ad6169787c9bfb1947c9ca70f4c622ccd
org.apache.camel.springboot	camel-paho-starter	4.8.6		6a40c52c6349aa6b1a76e4e15449561e5c198ccc
org.apache.camel.springboot	camel-paho-starter	4.8.7		2735beaaf7ce7d7b6f5fc66c7185f43b62c5c5d0
org.apache.camel.springboot	camel-paho-starter	4.9.0		105e5799467b7f4b352137ca2164fcea762a4422
org.apache.custos	custos	1.1		N/A
org.apache.geronimo.samples	fileupload-javaee6-jetty	3.0-M1		N/A
org.apache.ignite	ignite-ml-catboost-model-parser-ext	1.0.0		9207c31984c6a89a68a98e909684e07f9e8b2179
org.apache.kyuubi	kyuubi-relocated-zookeeper-parent	0.2.0		N/A
org.apache.kyuubi	kyuubi-relocated-zookeeper-parent	0.3.0		N/A
org.apache.kyuubi	kyuubi-relocated-zookeeper-parent	0.4.0		N/A
org.apache.kyuubi	kyuubi-relocated-zookeeper-parent	0.4.1		N/A
org.apache.pekko	pekko-connectors-simple-codecs_2.12	1.0.0		d30380067070820a8a1abe639d2a2f9792e94f40
org.apache.pekko	pekko-connectors-simple-codecs_2.12	1.0.1		3942fa36e755275aa62198c373f5675063bc0647
org.apache.pekko	pekko-connectors-simple-codecs_2.12	1.0.2		7960f1acf12d595301f9953567e07b10d51e3157
org.apache.pekko	pekko-connectors-simple-codecs_2.12	1.1.0		619ab954dd11264da50e0a9f4550f1115acdb3ac
org.apache.pekko	pekko-connectors-simple-codecs_2.12	1.1.0-M1		a085fd912f8e6cd4877b38e9bd78772c5c27259f
org.apache.skywalking	apm-httpclient-5.x-plugin	8.10.0		fcdc934521927d1db3fd0a63b225a5c2766e40c5
org.apache.skywalking	apm-httpclient-5.x-plugin	8.11.0		a9e107d0c31abf21bfbccd1e3512648146294e08
org.apache.skywalking	apm-httpclient-5.x-plugin	8.12.0		9b4a95df475c44db3c3b0f71cc7b31d701fc7c59
org.apache.skywalking	apm-httpclient-5.x-plugin	8.13.0		a5c341969086ead261af88e70479e5fbb7e1c194
org.apache.skywalking	apm-httpclient-5.x-plugin	8.14.0		9cfc1675059fc2cc7507c48c6745d7b7def3a86f
org.apache.skywalking	apm-httpclient-5.x-plugin	8.15.0		843ba4f9c0fcaeca137e7a61d305078a4e5cd65b
org.apache.skywalking	apm-httpclient-5.x-plugin	8.16.0		ea3a8aec956e487c1f41ccd272589fc7161c29cc
org.apache.skywalking	apm-httpclient-5.x-plugin	8.8.0		68868e80e39d8cbb903c624669c082268ca59885
org.apache.skywalking	apm-httpclient-5.x-plugin	8.9.0		314dc7b7de0974107d4e41976f205fce67ea72ac
org.apache.skywalking	apm-httpclient-5.x-plugin	9.0.0		ed2a05dd097d90ea6751686652a1a075fd6df226
org.apache.skywalking	apm-httpclient-5.x-plugin	9.1.0		05f9ea23b6e7a3af372feb6f37bc086f2fd1aaec
org.apache.skywalking	apm-httpclient-5.x-plugin	9.2.0		061f7181567f4a1c85079c3263038d9a044d2233
org.apache.skywalking	apm-httpclient-5.x-plugin	9.3.0		d2e9dcc000ca12e83a0429891329962a4a4d7ca0
org.apache.skywalking	apm-httpclient-5.x-plugin	9.4.0		77f756e4a04bce899201864a439c3b4a08a277af
org.bitcoin-s	bitcoin-s-esplora_2.13	0.0.9		20a68483dbe68b358d9f694aa2f2451c37fbaf58
org.bitcoin-s	bitcoin-s-esplora_2.13	1.9.0		b65540e58619399601e49bcfee2d18614bdb779a
org.bitcoin-s	bitcoin-s-esplora_2.13	1.9.1		6e5b0efccc282c98e7ca838c0cacf5162ba762b6
org.bitcoin-s	bitcoin-s-esplora_2.13	1.9.10		6294eacdf56564b9a9d3532370b2c47f505b1ea1
org.bitcoin-s	bitcoin-s-esplora_2.13	1.9.2		d8229b5f545ba518ff9134de6168fec953f13140
org.bitcoin-s	bitcoin-s-esplora_2.13	1.9.3		798790a6ff9d8ef3567c37b64cef19ca2c44da77
org.bitcoin-s	bitcoin-s-esplora_2.13	1.9.4		68cdfc14c9d0a0569f4267226c96d1d8743e7583
org.bitcoin-s	bitcoin-s-esplora_2.13	1.9.5		761667e5f8094f5560e46852956412b800bd2ff9
org.bitcoin-s	bitcoin-s-esplora_2.13	1.9.6		06727bade8059b10d1dbad059778c75d9b286bb7
org.bitcoin-s	bitcoin-s-esplora_2.13	1.9.7		680675175add5eb088f21b750dafc7b46b77ab78
org.bitcoin-s	bitcoin-s-esplora_2.13	1.9.8		f84404c8c75731d38b3b7b60ee7009708033da8f
org.bitcoin-s	bitcoin-s-esplora_2.13	1.9.9		b7f724dfc1405d9c2389fc4c816e90fdb4495b6e
org.buffalo-coders.aws.lambda	parent	1		N/A
org.florescu.android.rangeseekbar	rangeseekbar-library	0.2.0		N/A
org.florescu.android.rangeseekbar	rangeseekbar-library	0.3.0		N/A
org.florescu.android.rangeseekbar	rangeseekbar-library	0.4.0		N/A
org.fusesource.fabric.fabric-examples.fabric-camel-cluster	features	1.0		2b31a5217ae1ad7d5439232bc260f395bacd7d9f
org.fusesource.fabric.fabric-examples.fabric-camel-cluster	features	1.1		14e71b217bc66901b978854c28f76ef0f6d46580
org.fusesource.fabric.fabric-examples.fabric-camel-cluster	features	7.0.0.fuse-061		bc6e3e7d6231db8ec95d3cab16a56e21a8a2ce7f
org.fusesource.fabric.fabric-examples.fabric-camel-cluster	features	7.0.1.fuse-084		9bd68713d46d27a23f170eca2264b8382c3c9788
org.fusesource.fabric.fabric-examples.fabric-camel-cluster	features	7.0.2.fuse-097		566b2893ca96010b38b66a8952568640eb71b0da
org.fusesource.fabric.fabric-examples.fabric-camel-cluster	features	7.1.0.fuse-014		d8eb77f79fe4f0ef90ed43f2c4f678140ef77f9d
org.jvnet.hudson.tools	tools	1.0		N/A
org.jvnet.hudson.tools	tools	1.1		N/A
org.jvnet.hudson.tools	tools	1.4		N/A
org.jvnet.hudson.tools	tools	1.5		N/A
org.jvnet.hudson.tools	tools	1.6		N/A
org.jvnet.hudson.tools	tools	1.7		N/A
org.opendaylight.daexim	daexim-features	1.10.1		N/A
org.opendaylight.daexim	daexim-features	1.10.2		N/A
org.opendaylight.daexim	daexim-features	1.10.3		N/A
org.opendaylight.daexim	daexim-features	1.11.0		N/A
org.opendaylight.daexim	daexim-features	1.11.1		N/A
org.opendaylight.daexim	daexim-features	1.11.2		N/A
org.opendaylight.daexim	daexim-features	1.11.3		N/A
org.opendaylight.daexim	daexim-features	1.12.0		N/A
org.opendaylight.daexim	daexim-features	1.12.1		N/A
org.opendaylight.daexim	daexim-features	1.12.2		N/A
org.opendaylight.daexim	daexim-features	1.12.3		N/A
org.opendaylight.daexim	daexim-features	1.13.0		N/A
org.opendaylight.daexim	daexim-features	1.13.1		N/A
org.opendaylight.daexim	daexim-features	1.13.2		N/A
org.opendaylight.daexim	daexim-features	1.13.3		N/A
org.opendaylight.daexim	daexim-features	1.14.0		N/A
org.opendaylight.daexim	daexim-features	1.14.1		N/A
org.opendaylight.daexim	daexim-features	1.14.2		N/A
org.opendaylight.daexim	daexim-features	1.14.3		N/A
org.opendaylight.daexim	daexim-features	1.15.0		N/A
org.opendaylight.daexim	daexim-features	1.15.1		N/A
org.opendaylight.daexim	daexim-features	1.15.2		N/A
org.opendaylight.daexim	daexim-features	1.15.3		N/A
org.opendaylight.daexim	daexim-features	1.16.0		N/A
org.opendaylight.daexim	daexim-features	1.16.1		N/A
org.opendaylight.daexim	daexim-features	1.16.2		N/A
org.opendaylight.daexim	daexim-features	1.2.0		N/A
org.opendaylight.daexim	daexim-features	1.2.1		N/A
org.opendaylight.daexim	daexim-features	1.2.2		N/A
org.opendaylight.daexim	daexim-features	1.2.3		N/A
org.opendaylight.daexim	daexim-features	1.3.0		N/A
org.opendaylight.daexim	daexim-features	1.3.1		N/A
org.opendaylight.daexim	daexim-features	1.3.2		N/A
org.opendaylight.daexim	daexim-features	1.3.3		N/A
org.opendaylight.daexim	daexim-features	1.3.4		N/A
org.opendaylight.daexim	daexim-features	1.4.0		N/A
org.opendaylight.daexim	daexim-features	1.4.1		N/A
org.opendaylight.daexim	daexim-features	1.4.2		N/A
org.opendaylight.daexim	daexim-features	1.4.3		N/A
org.opendaylight.daexim	daexim-features	1.5.0		N/A
org.opendaylight.daexim	daexim-features	1.5.1		N/A
org.opendaylight.daexim	daexim-features	1.5.2		N/A
org.opendaylight.daexim	daexim-features	1.5.3		N/A
org.opendaylight.daexim	daexim-features	1.6.0		N/A
org.opendaylight.daexim	daexim-features	1.6.1		N/A
org.opendaylight.daexim	daexim-features	1.6.2		N/A
org.opendaylight.daexim	daexim-features	1.6.3		N/A
org.opendaylight.daexim	daexim-features	1.6.4		N/A
org.opendaylight.daexim	daexim-features	1.7.0		N/A
org.opendaylight.daexim	daexim-features	1.7.1		N/A
org.opendaylight.daexim	daexim-features	1.7.2		N/A
org.opendaylight.daexim	daexim-features	1.7.3		N/A
org.opendaylight.daexim	daexim-features	1.8.0		N/A
org.opendaylight.daexim	daexim-features	1.8.1		N/A
org.opendaylight.daexim	daexim-features	1.8.3		N/A
org.opendaylight.daexim	daexim-features	1.8.4		N/A
org.opendaylight.daexim	daexim-features	1.8.5		N/A
org.opendaylight.daexim	daexim-features	1.9.0		N/A
org.opendaylight.daexim	daexim-features	1.9.1		N/A
org.opendaylight.daexim	daexim-features	1.9.2		N/A
org.opendaylight.daexim	daexim-features	1.9.3		N/A
org.opendaylight.daexim	daexim-features	1.9.4		N/A
org.specsy	specsy-scala_2.7.7	2.0.0		3612dafb4e0009aa18fa752a1c2e609ca8f94ecd
org.specsy	specsy-scala_2.7.7	2.1.0		a037d7331397da277c7fd68c87bfa4bde362059a
org.specsy	specsy-scala_2.7.7	2.1.1		93f2710603f4a9d083f38edda5e2962dc7cd5e39
org.swisspush	kobuka-spring	1.0.2		d312b433a3b1e00ba4a9b80b65c4dc1299a6eaff
org.swisspush	kobuka-spring	1.0.3		165c26cd42b7f0471f2b263afe98da0d76421c8d
org.swisspush	kobuka-spring	1.1.0		dea623bdd74c9da2688d605cfd06f939ff20c5a2
org.swisspush	kobuka-spring	1.1.1		d5f63d4d6ad78e4e22cf4946bdd988e7aad37abf
org.swisspush	kobuka-spring	1.1.2		ed92bfc97bf19f70f5628987e635ca60ba95841b
org.swisspush	kobuka-spring	1.1.3		2cea00c804720b277488b45149ae06a1558d0781
org.swisspush	kobuka-spring	1.3.0		0fbf6763424325327a487d503508ea377e056dce
org.swisspush	kobuka-spring	1.4.0		59fc734218537f1201174b3a02bfe3754ced96f6
org.swisspush	kobuka-spring	1.4.1		ac449e2d55fe00b9bcfddbd3a1a51326ebbaa1c4
org.swisspush	kobuka-spring	1.4.2		ca0ae74321fe643020f689e62ebc5946c3433d5e
org.swisspush	kobuka-spring	1.4.3		952f241395730f7950b10d2f68c2ce8e21f4ce97
org.swisspush	kobuka-spring	1.4.4		191923d37b3d5c9ca20d04bd9a57bfe3f3d60a03
org.tinygroup	org.tinygroup.tinydb-sequence	3.1.0		f6317003fb0be9d75fe8e8ee473f3d869fa3ce8b
org.tinygroup	org.tinygroup.tinydb-sequence	3.1.1		abc1f15543b7f5d563dd0b854d4d743400fcb7b5
org.tinygroup	org.tinygroup.tinydb-sequence	3.1.2		29133c2f4cc3628aa3ed71fef68fb8fcdc9a8896
org.tinygroup	org.tinygroup.tinydb-sequence	3.2.0		c9f5c892d0a22ed97eb862bba9d1ead10974ec85
org.tinygroup	org.tinygroup.tinydb-sequence	3.2.1		dbe41b699ba8a8ac2efc53e55f954cb99a8d7e1b
org.tinygroup	org.tinygroup.tinydb-sequence	3.3.0		5d731ec6ccbdc8305e0f3d1ff76e16975f34aaf5
org.tinygroup	org.tinygroup.tinydb-sequence	3.4.0		da0761538ab1cd3b37cf350cd07752511948dfd0
org.tinygroup	org.tinygroup.tinydb-sequence	3.4.1		6fe2c741ddcacb2a4ad3bfb3e4e658f4bea8c584
org.tinygroup	org.tinygroup.tinydb-sequence	3.4.2		070d0cae73c9af0d7d2c3a19542f5539be85984f
org.tinygroup	org.tinygroup.tinydb-sequence	3.4.3		aa431829bf951358c0bfb3dc28e4fdae5d930d2f
org.tinygroup	org.tinygroup.tinydb-sequence	3.4.4		ebcfd6c6a587f0680a20d34cc8bc05532d9e320e
org.tinygroup	org.tinygroup.tinydb-sequence	3.4.5		c9aaed99c7921f5afec964eb20d6cad3e0abba55
org.tinygroup	org.tinygroup.tinydb-sequence	3.4.6		d1c7340524e5bad3d739814474d4755e931844c1
org.tinygroup	org.tinygroup.tinydb-sequence	3.4.7		a61ee364acd30fa62bb1ee8b96af8688b1f01254
org.tinygroup	org.tinygroup.tinydb-sequence	3.4.8		50c2146350a704f4c9553a193bcce281f1e326fd
org.tinygroup	org.tinygroup.tinydb-sequence	3.4.9		3c3fb4d15cac0cd1e70cfb0ca484332ec5dfa2fa
org.webjars.bowergithub.medikoo	es6-weak-map	2.0.2		533f34852fe4a7d0f7b78d1a4d1521e1443bbc3d
org.wso2.carbon.analytics	wso2sp-solutions.twitter-analytics.wordcloud	2.0.395		N/A
org.wso2.carbon.analytics	wso2sp-solutions.twitter-analytics.wordcloud	2.0.396		N/A
org.wso2.carbon.analytics	wso2sp-solutions.twitter-analytics.wordcloud	2.0.397		N/A
org.wso2.carbon.analytics	wso2sp-solutions.twitter-analytics.wordcloud	2.0.398		N/A
org.wso2.carbon.analytics	wso2sp-solutions.twitter-analytics.wordcloud	2.0.399		N/A
org.wso2.carbon.analytics	wso2sp-solutions.twitter-analytics.wordcloud	2.0.400		N/A
org.wso2.carbon.analytics	wso2sp-solutions.twitter-analytics.wordcloud	2.0.401		N/A
org.wso2.carbon.analytics	wso2sp-solutions.twitter-analytics.wordcloud	2.0.402		N/A
uk.co.electronstudio.jaylib	jaylib	4.2.0-0		2fdc44218c4c7ae271e0f06255fad1e0f259b4ba
uk.co.electronstudio.jaylib	jaylib	4.2.0-1		bd8b3687d71b52ac79a3b8f53929b86f57a770c1
uk.co.electronstudio.jaylib	jaylib	4.5.0-0		90c0d608df9bbd32f5f34683acc58cb433e94508
uk.co.electronstudio.jaylib	jaylib	5.0.0-0		b77d35a1b8bc6dea0bdd8acf8b563ac98991cdc0
uk.co.electronstudio.jaylib	jaylib	5.5.0-0		75e6cb88f5420705de59758588266ef1e9e255f8
uk.co.electronstudio.jaylib	jaylib	5.5.0-1		6d9cfd56db9eed447ff46f9ac395307b8ddad396
uk.co.electronstudio.jaylib	jaylib	5.5.0-2		f2131af8a2b69fa2333d92510f15f0d5fab72636
uz.rsteam.coil-3	coil-wasm-js	3.1.1		N/A
