ch.jodersky	flow-core_2.12.0-M4	3.0.1		d46ab153402a6fa3f28f11517e298f0dd92a01c5
com.bybutter.sisyphus	sisyphus-jackson	0.0.1		fb4f7e4253f656e2a84a86f9df68e5a7caa10823
com.bybutter.sisyphus	sisyphus-jackson	0.0.1-M5		75451740d4cbb6c6a6f772916570d4fe056850f0
com.bybutter.sisyphus	sisyphus-jackson	0.0.1-M6		8ca70d331fcf5290d78e0b516ce07aa161220c67
com.bybutter.sisyphus	sisyphus-jackson	0.0.11		d3d7f767547a770af6130d5b4d00b332792cfa9a
com.bybutter.sisyphus	sisyphus-jackson	0.0.12		a3a70bdb588c1d030a4c7a088a1e6fcc96a7fd5e
com.bybutter.sisyphus	sisyphus-jackson	0.0.12-M1		90097d5a610eaf8dc5f7a9d69410f2dd42e83833
com.bybutter.sisyphus	sisyphus-jackson	0.0.12-M2		51f9e176e9782f491894655317a4ee9b618c5275
com.bybutter.sisyphus	sisyphus-jackson	0.0.12-M3		c28cf737058bd5253a3b9f095e0f3bd1c5ac880e
com.bybutter.sisyphus	sisyphus-jackson	0.0.13		860a41e37e80de4a90e356e8e3487e78ad816f04
com.bybutter.sisyphus	sisyphus-jackson	0.0.14		13412107915512cee8b7b0730dba60b4728d13b6
com.bybutter.sisyphus	sisyphus-jackson	0.0.15		b88f291c5856e0a490f9529443597ec7dadf8cbf
com.bybutter.sisyphus	sisyphus-jackson	0.0.16		85742ba3269f82bf3d93e1642f462b28a2201624
com.bybutter.sisyphus	sisyphus-jackson	0.0.17		071d05aa5b2bd04a78580d50c992e8291cb5f7b1
com.bybutter.sisyphus	sisyphus-jackson	0.0.18		ace9e69b725009164edaf1955aed101c3e8a977b
com.bybutter.sisyphus	sisyphus-jackson	0.0.19		86f8eed1cc42a5529dfc828ea117471a601c7749
com.bybutter.sisyphus	sisyphus-jackson	0.0.2		86148159f9df0d073e9c52869ee80cc62e994b45
com.bybutter.sisyphus	sisyphus-jackson	0.0.20		7aa9471d01c6bb9612ffb35ac1ddfb37b4f04fee
com.bybutter.sisyphus	sisyphus-jackson	0.0.21		5f355cf082f8497124057d798697fa507d0b3572
com.bybutter.sisyphus	sisyphus-jackson	0.0.22		6d16e1d67e7abc930cdeece521e7683f51598c65
com.bybutter.sisyphus	sisyphus-jackson	0.0.23		5961ce8671971156ecc00674dbe00a6453d52c8e
com.bybutter.sisyphus	sisyphus-jackson	0.0.24		734ea692745ac1e34eb20e3038d9b647e2ca4add
com.bybutter.sisyphus	sisyphus-jackson	0.0.3		5eaa02a22d7b771173fc3ffc033140247c2a9f2f
com.bybutter.sisyphus	sisyphus-jackson	0.0.4		0938a2a9c0c441282d8f527bf8205520d46bd2ae
com.bybutter.sisyphus	sisyphus-jackson	0.0.4-M0		c4c76497a14c2307f0970f57f87c892e1f568a92
com.bybutter.sisyphus	sisyphus-jackson	0.0.5		8804d4d2bcd4658522901af3f8910e850c08c6c9
com.bybutter.sisyphus	sisyphus-jackson	0.0.6		cae2c83960cf9cfc9bfa1c989dd27282bd96ae2e
com.bybutter.sisyphus	sisyphus-jackson	0.0.6-M0		4b5111c8c4c88b730dc9ba3f1bbd33359298abfb
com.bybutter.sisyphus	sisyphus-jackson	0.0.6-M1		b35d3b4ae1e1ffa6fa51199bcc38f1d22bf85be9
com.bybutter.sisyphus	sisyphus-jackson	0.0.6-M2		33de4bf0140569d40e894a26918a07ff11af12f4
com.bybutter.sisyphus	sisyphus-jackson	0.0.6-M3		1e4ed20c40d8e5b759e8370e541cc359b5c45c9e
com.bybutter.sisyphus	sisyphus-jackson	0.0.7		0721e12b6c3824fbfdb460c8cc97eceba59d8b15
com.bybutter.sisyphus	sisyphus-jackson	0.0.8		c57d98bef03c7ecb3c1aa4891cdb071f57c20569
com.bybutter.sisyphus	sisyphus-jackson	0.0.9		6d5b22577d0d1a99a409a57d4a3cbab5cff0fb21
com.bybutter.sisyphus	sisyphus-jackson	0.0.9-M1		d9e184ac6d86f88377b9568d88943c1f9a25a591
com.bybutter.sisyphus	sisyphus-jackson	0.0.9-M2		5b06c2699239c54f51de8670de46f1b7c80d517f
com.bybutter.sisyphus	sisyphus-jackson	1.0.0		4b5ffd2b4bf6b970a234352ce5f2eb9bbba60d98
com.bybutter.sisyphus	sisyphus-jackson	1.0.1		8c85737eb2f7dbbac462bfe5dbbcb032073775ed
com.bybutter.sisyphus	sisyphus-jackson	1.0.2		6a8469b039bbed8238fa7169577c224144d291e6
com.bybutter.sisyphus	sisyphus-jackson	1.1.0		6cb196054f75fa1bcce5a87d9711f1bdbb4dc0fa
com.bybutter.sisyphus	sisyphus-jackson	1.1.1		ffd13e42570b177cb72a03d61edaf526893c76f4
com.bybutter.sisyphus	sisyphus-jackson	1.1.2		c4a2450892112638c7faaa9cac5100183a17e25b
com.bybutter.sisyphus	sisyphus-jackson	1.1.3		908f2f1422a322fc85e78811120afa81fbd59811
com.bybutter.sisyphus	sisyphus-jackson	1.1.4		d51320e78064cea130018b6f067782283e802aa4
com.bybutter.sisyphus	sisyphus-jackson	1.2.0		f8fe66dd21320ff1715e19c9650c6c529e0b28d3
com.bybutter.sisyphus	sisyphus-jackson	1.2.1		586caf41c4cae1d25dfdd6b987fa0dad1bddfe3c
com.bybutter.sisyphus	sisyphus-jackson	1.2.10		64aa3a593c6a9305c07935c968d72649aa1f2af0
com.bybutter.sisyphus	sisyphus-jackson	1.2.11		7f095cbb21d0c36009963250bda99b7dfc445fe1
com.bybutter.sisyphus	sisyphus-jackson	1.2.12		63e35228c8982404eb39b808716b3b912566a0f3
com.bybutter.sisyphus	sisyphus-jackson	1.2.2		840cf20007625232972b9a4029b5fca0c96bfff2
com.bybutter.sisyphus	sisyphus-jackson	1.2.3		577bf0c2f4acdab33d72c6eee22c40b5b175db39
com.bybutter.sisyphus	sisyphus-jackson	1.2.4		b043837a8e2731563feb4c4df71de0409e7996d7
com.bybutter.sisyphus	sisyphus-jackson	1.2.5		5b59d150fbe13f71bd59f643634a67a0df11e12e
com.bybutter.sisyphus	sisyphus-jackson	1.2.6		560ad054e1b29057a1f16d43654f1589372fd779
com.bybutter.sisyphus	sisyphus-jackson	1.2.7		c5a20ebb870481a163609767976ca704a225a385
com.bybutter.sisyphus	sisyphus-jackson	1.2.8		2705da9868d7a37edd482ff57c87dc6a3051907d
com.bybutter.sisyphus	sisyphus-jackson	1.2.9		9a0dc2651a4a4822d70cad4af99a0bf1bac98b57
com.bybutter.sisyphus	sisyphus-jackson	1.3.0		c82a49b4ea0b3063988ae84896aa423fade47e00
com.bybutter.sisyphus	sisyphus-jackson	1.3.10		9cd03a2b674b5a7753dea1ae072fd12f165d5387
com.bybutter.sisyphus	sisyphus-jackson	1.3.11		e890059dc01ef78f6456e088a0000531ce039752
com.bybutter.sisyphus	sisyphus-jackson	1.3.20		329979cd1379a63ad43ab1237bca82c2b2124b42
com.bybutter.sisyphus	sisyphus-jackson	1.3.21		1ea374b2dda9800aeadd08aff04735fad71dc9d0
com.bybutter.sisyphus	sisyphus-jackson	1.3.22		e64cf0bbfb771a9a8f42304775f3d5545fb9778f
com.bybutter.sisyphus	sisyphus-jackson	1.3.23		01c064294a0cbb4ecb27866b1687491c4c6c5e5a
com.bybutter.sisyphus	sisyphus-jackson	1.3.30		e8b5d4a0742292dd987d926c7b9df4c73418b1e6
com.bybutter.sisyphus	sisyphus-jackson	1.3.31		1022f89daf1e67d039cf160b4557f2183686d933
com.bybutter.sisyphus	sisyphus-jackson	1.3.32		6516321b8f9dcacb2bcaacd1736177b4b5b9d8e7
com.bybutter.sisyphus	sisyphus-jackson	1.3.33		0f8db0fa54b2612531a1722d4f14fe56d9923885
com.bybutter.sisyphus	sisyphus-jackson	1.3.34		00d471c011293d49bc4ba0fd53cf582e3efe9582
com.bybutter.sisyphus	sisyphus-jackson	1.3.35		c85d6ff3256fb2c8ec9f0e8da603e7693491090b
com.bybutter.sisyphus	sisyphus-jackson	1.3.40		6d0a236c226df3516fb1fe005ab98edaffc9ce5f
com.bybutter.sisyphus	sisyphus-jackson	1.3.41		24cac8cec774badcb86b4a39f6cd99f54d0b400d
com.bybutter.sisyphus	sisyphus-jackson	1.3.42		0cd94d9dce8786a85d852f0321282955a4d7382e
com.bybutter.sisyphus	sisyphus-jackson	1.3.50		2c1b1f9c5569d42a75efbecc208876db725c683b
com.bybutter.sisyphus	sisyphus-jackson	1.4.0		64aa5893eb579cda68006fa0c2dd25231ec846e5
com.bybutter.sisyphus	sisyphus-jackson	1.4.10		d86529a7ec87d5bfdc6ec99f11dfcf18de73bef9
com.bybutter.sisyphus	sisyphus-jackson	1.4.11		28b785d3e97d84fc0ac26eff090d0a1c50ff45e5
com.bybutter.sisyphus	sisyphus-jackson	1.5.0		f2ebe48c642b523af5fb7f6666249c399181bdaf
com.bybutter.sisyphus	sisyphus-jackson	1.5.11		227a371062a9369f6f6754091b6bfb0527d016f1
com.bybutter.sisyphus	sisyphus-jackson	1.5.20		d2e383ade1dec17f212884e3e8465d84ac7d29e0
com.bybutter.sisyphus	sisyphus-jackson	1.5.21		765211e1af796f167cddf5be72a2dbf673edda84
com.bybutter.sisyphus	sisyphus-jackson	1.5.22		d79077a07731b2dc10449ab1482650ea17ad4550
com.bybutter.sisyphus	sisyphus-jackson	1.5.23		b72bd42cb100c294a3b19b796b77202c0b6af201
com.bybutter.sisyphus	sisyphus-jackson	1.5.30		eb4205397e43591683e98717a448337221f1c19a
com.bybutter.sisyphus	sisyphus-jackson	1.5.31		fe37349ac7be8ab268ed220eb4d65528917e56a5
com.bybutter.sisyphus	sisyphus-jackson	1.6.0		806d9cce73352b503e9d457134726f38b97b339b
com.bybutter.sisyphus	sisyphus-jackson	1.6.10		5fd7d4f9911d353ec34364fdd9d58d414571b183
com.bybutter.sisyphus	sisyphus-jackson	1.7.0		58dfba174c243b29521b6403067ccfe4809449b5
com.bybutter.sisyphus	sisyphus-jackson	1.7.10		cb892c96e2cbc9cb6b562520732d505a52128154
com.bybutter.sisyphus	sisyphus-jackson	1.7.11		d04824a26fdc3d97ad685f20b4d7e4342d63dfbc
com.bybutter.sisyphus	sisyphus-jackson	1.7.12		159c7f6c293df67c4bb4df03af6f1e960db0267e
com.bybutter.sisyphus	sisyphus-jackson	1.7.13		a9193ba26590198ddddd64bdd3975988355df844
com.bybutter.sisyphus	sisyphus-jackson	1.7.14		cba758e592dfd17d5b3127d1e337917e3acb3006
com.bybutter.sisyphus	sisyphus-jackson	1.7.15		bc9afc6574922333060a828125eb43f2a3d2f2ae
com.bybutter.sisyphus	sisyphus-jackson	1.7.20		af82370ea851f0dee285d5a5f38094691121847b
com.bybutter.sisyphus	sisyphus-jackson	1.7.21		1fd06c932e9da452e6810863de76455fb1603e27
com.bybutter.sisyphus	sisyphus-jackson	2.0.0		207db8b6604099b2fd86b44d75f17f258d0df426
com.bybutter.sisyphus	sisyphus-jackson	2.0.10		7da7d173018324b88006a97373856b63be260e4f
com.bybutter.sisyphus	sisyphus-jackson	2.0.11		8e8aec168d95215d78e724f8ca57fd5bc2fa2ec7
com.bybutter.sisyphus	sisyphus-jackson	2.1.0		1c72b18f11f673937dbe94f14a47aa96914969cd
com.bybutter.sisyphus	sisyphus-jackson	2.1.10		a6db16e83e19efd9c512fd9791a67081f700a4e7
com.bybutter.sisyphus	sisyphus-jackson	2.1.20		96d5fe26a43bf55d2f75edec7e945a488430b5e4
com.bybutter.sisyphus	sisyphus-jackson	2.1.21		4209890bfed2fa148e8b7c3b0c24f7aceeafe175
com.bybutter.sisyphus	sisyphus-jackson	2.1.22		7b74f8b88f029f5ae2dc266772f4a1f8de944676
com.epam.reportportal	agent-java-cucumber3	4.0.0		52840f5ac4f37c4e20df91ba11b280320a74642b
com.epam.reportportal	agent-java-cucumber3	5.0.0		7570514cffe75697a6c583a81d2321a355e33122
com.epam.reportportal	agent-java-cucumber3	5.0.1		9f290492c4e6f92a9f12c05f792160361153990b
com.epam.reportportal	agent-java-cucumber3	5.0.2		044962a39c303919980718010b7cba436b0859ae
com.espertech	esperio-csv	3.4.0		00b72f23176831a391123b805d0c0f9def3e0d1c
com.espertech	esperio-csv	3.5.0		38acf1e1f0cf6bd2d80e28ab6ed96da5e49e55a8
com.espertech	esperio-csv	4.0.0		4e0c195de40769800f7289577dbf6f03aa060b7f
com.espertech	esperio-csv	4.1.0		4d401b38a5992d64ffa5cc24b3f51a6d83dcc205
com.espertech	esperio-csv	4.10.0		4e5e168b75d4bb2c503473ec8ce704d816483451
com.espertech	esperio-csv	4.11.0		6aae51062316759ecae4b6d4ca03b584daf4f192
com.espertech	esperio-csv	4.2.0		875dd9243d6e60e6eaf30aa1d9163d14eac6bd5c
com.espertech	esperio-csv	4.3.0		6ab1f85abf840b650771f6ee6eb685b7ccddc0cc
com.espertech	esperio-csv	4.4.0		feaf4559bf1d01d41166434b6f1895dbab9585fe
com.espertech	esperio-csv	4.5.0		6cb42080b725115b3df414bcd94a712b93c4a59b
com.espertech	esperio-csv	4.6.0		bc4e7cfa7a0552e961e9c834675e44e1a8d508c0
com.espertech	esperio-csv	4.7.0		aa829e95f85c79f9e76a8f3ca22d0346b537224a
com.espertech	esperio-csv	4.8.0		ff055b4aecc865d60ece0ced7b452d53c9530dca
com.espertech	esperio-csv	4.9.0		c18de6953f361a7584e023445335ba27f5438dc1
com.espertech	esperio-csv	5.0.0		32eba3b2bd27bc04f733f322439e0f31c20cc6cf
com.espertech	esperio-csv	5.1.0		1a7a737fd2398fa53bfda94f3ecceb9562af6787
com.espertech	esperio-csv	5.2.0		bab30d12a9bcb1a998edd2c89e7d99d948beead4
com.espertech	esperio-csv	5.3.0		c7926cc22adb1ea2bfcf975b30fc66dd1a545cbf
com.espertech	esperio-csv	5.4.0		b93a122bc82481e43dbe8a3f658b0589a373eca0
com.espertech	esperio-csv	5.5.0		b65d5e428b4b6d521c4150844974f851ec18e650
com.espertech	esperio-csv	6.0.0		da37eed5cc06e5848a1a57414fd429a17dcb9678
com.espertech	esperio-csv	6.0.1		973c2973d95b8c62086d4b8c241a3d6153e377a3
com.espertech	esperio-csv	6.1.0		ab07bcd6f81fab657c8ad720d65c069a4a36d76f
com.espertech	esperio-csv	7.0.0		ecfaf1d1ee0f33978ce3b1a3250b54ee9527d52e
com.espertech	esperio-csv	7.0.0-beta1		2ff2885a82f9f203a6dc18fd39b761b64321dd95
com.espertech	esperio-csv	7.0.0-beta2		52b800d006b13347053ee871f22fba27ad30a0cf
com.espertech	esperio-csv	7.0.0-beta3		6d08147a61fa360f70e3aefa3c661a12e6efec8d
com.espertech	esperio-csv	7.1.0		0f752afa00c0a90c549b74974d48ff5a11ddb30f
com.espertech	esperio-csv	8.0.0		425c21741ad9a2e4591edef311f627a6b5285c36
com.espertech	esperio-csv	8.0.0-beta1		0ac4634673337b1ab7e87db6872527c22ab11be5
com.espertech	esperio-csv	8.0.0-beta2		b6f5670420aae06c4fa5641ca0f1e818a035c863
com.espertech	esperio-csv	8.1.0		5ddcd6ba00c53fef0de8916b18cecd38f7ecfe59
com.espertech	esperio-csv	8.2.0		65d3dfb851bc4efade977a46c542adb0a9c0804f
com.espertech	esperio-csv	8.3.0		53699291b0244a1ad36925bb0c22477171587f14
com.espertech	esperio-csv	8.4.0		9e5f4fc012190912e5768dbd9b0a38ee99a54de9
com.espertech	esperio-csv	8.5.0		8e4e87705a71dca9fb294b849283ae84155ed1e0
com.espertech	esperio-csv	8.6.0		75e64735cc7a2505922bd5413a2c6967f5e44370
com.espertech	esperio-csv	8.7.0		3685d1e94da06b92f6825162dfa97cb3ed5dc630
com.espertech	esperio-csv	8.8.0		fa02e7457e8d4b1fa1853cc3912adf995e01375b
com.espertech	esperio-csv	8.9.0		e5c3a6e4dda712c618776989d9e19c5b172de433
com.espertech	esperio-csv	9.0.0		8073c2bdc27be6cd64c3a2bbf779ae0298d718a4
com.felipecsl.kales	kales-activerecord	0.0.4		cbfb4ab94e40bbaf135ff8e88b7b4864676d1024
com.gccloud	gc-starter-plugins-xxl-job-service	2.2.0.RELEASE		13a85563b6bb31a4dd0c4186029abd1910b0687f
com.gccloud	gc-starter-plugins-xxl-job-service	2.2.1.2023063001.Alpha		0863852566576a50ca7145e63b9b38185bb262f7
com.gccloud	gc-starter-plugins-xxl-job-service	2.2.1.RELEASE		6b3664ccd758ddfedafdf6cf3e622947fc3f594b
com.gccloud	gc-starter-plugins-xxl-job-service	2.2.2.RELEASE		df90de15ace6fdcadad2897e9da969b15a50b0bf
com.gccloud	gc-starter-plugins-xxl-job-service	2.3.0.RELEASE		dd6c095844f83ed78a5eac1085a65148931213dc
com.gccloud	gc-starter-plugins-xxl-job-service	2.3.5.RELEASE		c74e96d30eb60c1ae7ce167d164cec7046bed583
com.github.EmergentOrder	onnx-scala-backends_3.0.0-M1	0.8.0		2db379bb62097b44f623a76db4dd4c56765efda6
com.github.jobservice.workers.batch	worker-batch	4.0.0-452		91f642f2d23aefaf5d8ff51cc103286f436aba94
com.github.seratch	scalikejdbc_2.10.0-RC3	1.4.1		81ac489f0e545b881d7f78164e2951d74a1f135b
com.github.uscexp	jApiRecorder	1.0.0		ef2856af72b41663849b87390d91b8b5c284d31c
com.github.uscexp	jApiRecorder	1.0.1		a325a9c49049abcedea378948dfd734766493ef7
com.github.uscexp	jApiRecorder	1.1.0		595d6e7ddd43bbc7e4f204305fcdbf3c73d7917d
com.github.uscexp	jApiRecorder	1.2.0		5be40d1812f66024b055a86608afb4f9ae3d581e
com.github.uscexp	jApiRecorder	1.3.0-Beta		12163617f645a4ab7395278b00bfa1efb4751542
com.github.uscexp	jApiRecorder	1.4.0-Beta		bf72b7724260ee960f96f285f21a9f2d84197bab
com.github.workingDog	scalastix_2.13	1.1		a61605213e413fda62a355bef2308cd140ad56a7
com.ibm.cloud	schematics-common	1.0.1		3261d4ae997538c8af7e931b315966eb070526f5
com.ibm.cloud	schematics-common	1.0.2		7ff72212c798dca603845e118f9181ed8cb2bbc2
com.ibm.cloud	schematics-common	1.1.0		ae775c07beba1dea16d65cbfb2028d36baa75015
com.ibm.cloud	schematics-common	1.3.1		1e052ebce64af981865d52819d56b2fd82cc4e2b
com.juul.krayon	interpolate-jvm	0.10.0		240f78fc0a7e5c6e153786867295951a9442adb7
com.juul.krayon	interpolate-jvm	0.11.0		67eb334ac7e70e3313f465d9eeb41a90ddf467e5
com.juul.krayon	interpolate-jvm	0.11.1		fefc7bd1192e37cf1091f7dda7f5e4896cac3bef
com.juul.krayon	interpolate-jvm	0.11.2		46364d5db7c4d5e9e949e7f5bb2eb11134cd43f7
com.juul.krayon	interpolate-jvm	0.11.3		9f999c25e3adcd336d649c29f4b044b59f0295c7
com.juul.krayon	interpolate-jvm	0.11.4		5a98d861b5d4914341b8ff5330a12b3a618ea73f
com.juul.krayon	interpolate-jvm	0.12.0		9eb2e802ebb657bb1bda329edbf05d6fb6e7324c
com.juul.krayon	interpolate-jvm	0.12.1		97b9877658725879033df6a789dbde3dc1dfc2dc
com.juul.krayon	interpolate-jvm	0.13.0		857875511dda4037d17117b162b07ce88f8596c9
com.juul.krayon	interpolate-jvm	0.13.0-alpha1		f975bf402ccbdf85e697bfd4f3eb391642ec9936
com.juul.krayon	interpolate-jvm	0.13.0-alpha2		45e138606d07badb687fd061e6917fd01033838b
com.juul.krayon	interpolate-jvm	0.13.0-alpha3		5ea8a3f31cbd9536885d12c9132feb1a1942f567
com.juul.krayon	interpolate-jvm	0.13.0-alpha4		c5911372da8518398f8f835742c807e2456e5f88
com.juul.krayon	interpolate-jvm	0.13.1		bcd4cde85547d1d280907d135a54f97242eb9230
com.juul.krayon	interpolate-jvm	0.14.0		e0e674a78339b2e735626b6d53855d27f800c036
com.juul.krayon	interpolate-jvm	0.15.0		121f10584c716f007071e7bfff25ef3b09f1a88b
com.juul.krayon	interpolate-jvm	0.16.0		e2a91efcf26d95dbe6445be7167deee3f296a100
com.juul.krayon	interpolate-jvm	0.17.0		2dd662da7eb935978bf855f256732b74139b4b87
com.juul.krayon	interpolate-jvm	0.17.1		2dd662da7eb935978bf855f256732b74139b4b87
com.juul.krayon	interpolate-jvm	0.18.0		2dd662da7eb935978bf855f256732b74139b4b87
com.juul.krayon	interpolate-jvm	0.19.0		74f904c30a5c722ae134afc932f09383d345ca0a
com.juul.krayon	interpolate-jvm	0.19.1		74f904c30a5c722ae134afc932f09383d345ca0a
com.juul.krayon	interpolate-jvm	0.20.0		b3d76695f6f7143b2fac33faad41700d72316099
com.juul.krayon	interpolate-jvm	0.20.1		b3d76695f6f7143b2fac33faad41700d72316099
com.juul.krayon	interpolate-jvm	0.6.0		c8936158c37314d7b2957832e7f59560888cf67b
com.juul.krayon	interpolate-jvm	0.7.0		2751f57f00ad3496c696b652eb0e2e36484c1061
com.juul.krayon	interpolate-jvm	0.7.1		0080f08e74f85a9ef67b4d5babfad2df6cac8b59
com.juul.krayon	interpolate-jvm	0.8.0		987b593a206d71a2e360440e6a4da2b76c431db8
com.juul.krayon	interpolate-jvm	0.8.1		f6955402afbbb283d2940e0fe95c7e661f26f872
com.juul.krayon	interpolate-jvm	0.8.2		6f5917807445d6003a2c55bdb92581bc74996c8e
com.juul.krayon	interpolate-jvm	0.9.0		3ef5d221aa60fe860e740026e965d38e79a0258e
com.linecorp.bot	line-bot-jackson	7.0.0		998488250d05a975f4c84fec46f4f27fdbda536d
com.linecorp.bot	line-bot-jackson	7.0.0-RC2		ad6edce1263a1b52759529ca98ce8db63a215149
com.linecorp.bot	line-bot-jackson	7.0.0-RC3		271386eb38d0e0a7879f7f67e95bbf543a706dba
com.linecorp.bot	line-bot-jackson	7.0.1		97e69a9537b779c713dcf50012469f0eca612f99
com.linecorp.bot	line-bot-jackson	7.1.0		022f6a4494da5e5eda728689d01e2b14dc65c0f3
com.linecorp.bot	line-bot-jackson	7.10.0		afb3d82d6bcf345da2d57c2f715087377b179604
com.linecorp.bot	line-bot-jackson	7.2.0		94cc6e9f06e8f835797fddcdc327ae872778651e
com.linecorp.bot	line-bot-jackson	7.3.0		1032b8ea77ea6cd948c112d4ec1093e5fcb08b00
com.linecorp.bot	line-bot-jackson	7.4.0		c8bb80dc8bac7cc0a2cbcd6700cc0e4f020ea0fb
com.linecorp.bot	line-bot-jackson	7.5.0		cb154b2b8765234c82d286ec4952961fdae25010
com.linecorp.bot	line-bot-jackson	7.6.0		843801ce6f6cc947e9d219a17ffd54da8b7474e3
com.linecorp.bot	line-bot-jackson	7.7.0		ae8f9c9b01b47064f0241723c99f9d406bb67d6a
com.linecorp.bot	line-bot-jackson	7.8.0		611a98720d6a86280cac3b69d4b8fa7469351577
com.linecorp.bot	line-bot-jackson	7.9.0		c9a4fbd50217cc1012400a83a1882b27736d015b
com.linecorp.bot	line-bot-jackson	8.0.0		c0b45b2677c7d758459df16da193873613e7884a
com.linecorp.bot	line-bot-jackson	8.0.1		5a24bcc5ab025c15c74452f5d53e83d9e40ee991
com.linecorp.bot	line-bot-jackson	8.1.0		caf17021243c7276a54717b0b78c3f824cd136a6
com.linecorp.bot	line-bot-jackson	8.2.0		289e331d400ae62d569059701d1a3c11df0adda9
com.linecorp.bot	line-bot-jackson	8.3.0		1151a9e7df62865ca4d93111d8b680eb4dca8bbb
com.linecorp.bot	line-bot-jackson	8.3.1		d575f15a5c6d7351ec27f2fa2e457fe7af1d7f39
com.linecorp.bot	line-bot-jackson	8.4.0		b8afcec6d5c7781ecdabc4ae9df387c0e93c1ddb
com.linecorp.bot	line-bot-jackson	8.5.0		4d8dc741bf1d22c44ef179aa07dabacaf5796071
com.linecorp.bot	line-bot-jackson	8.6.0		044b2b3c50b74994fbff08455b56f9917579b6ed
com.linecorp.bot	line-bot-jackson	9.0.0		f19f208e6a508307ce49ccee5f79104c1a8349e5
com.linecorp.bot	line-bot-jackson	9.1.0		89330eff22cb7e22b38578c85e15602488dae173
com.linecorp.bot	line-bot-jackson	9.2.0		3bb919b5fa34689153d39cb805f66cc5eac9b4dc
com.linecorp.bot	line-bot-jackson	9.3.0		31e3c3e02f1d04226ba0c74c03b8ad4c8581b7cd
com.linecorp.bot	line-bot-jackson	9.3.1		89c06c4eca0be3ea0fcb49d37362fc28cb44f6a5
com.linecorp.bot	line-bot-jackson	9.4.0		adf4d04550d4a0fdf0fcc72c1f2bb29b6b93b5a1
com.linecorp.bot	line-bot-jackson	9.4.1		0979a51c0ec85c22f4390c32c95cda3d57380c4e
com.linecorp.bot	line-bot-jackson	9.4.2		d46e7338fc4dfafb440ed8dcabaeb7f99c7f20b8
com.linecorp.bot	line-bot-jackson	9.4.3		8ab5cca91cd5991107de8a1e5ae91a08713452d7
com.linecorp.bot	line-bot-jackson	9.5.0		d711ce7e2624ab529d9c402741e70453cafdffd5
com.linecorp.bot	line-bot-jackson	9.6.0		af379efd377cd33e8785a133d6bdbbd3af077272
com.linecorp.bot	line-bot-jackson	9.6.1		0243a5a6ce65b9ae32070a3d468c674d4f3a42f0
com.linecorp.bot	line-bot-jackson	9.7.0		2449f0ec19e548600b3cdae7867e36688e95d8a5
com.linecorp.bot	line-bot-jackson	9.7.1		b97164a68ade5057fd63ad2c0910f7097f7c4ccd
com.michael-bull.kotlin-inline-logger	kotlin-inline-logger-jvm	1.0.2		a775faa1f7f5769e13284efbe241292251b622d5
com.michael-bull.kotlin-inline-logger	kotlin-inline-logger-jvm	1.0.3		581352d70868aec6b211de87a52b0c6f3f0e9013
com.michael-bull.kotlin-inline-logger	kotlin-inline-logger-jvm	1.0.4		c1ea557bf2bf147349dea0d051e76920248b47b9
com.michael-bull.kotlin-inline-logger	kotlin-inline-logger-jvm	1.0.5		19635f46a61e8cbef3d261b82e7e7122346812af
com.michael-bull.kotlin-inline-logger	kotlin-inline-logger-jvm	1.0.6		7ed8385616be7ba480589bfa4d5d7f191ddfec12
com.rallyhealth	play26-test-ops-core_2.11	1.5.0		3ec1f126e69ef9ecc362fc9cc5eabe9412c42d2e
com.rallyhealth	play26-test-ops-core_2.11	1.6.0		6f5b7615c423c66acb7f1d6a5fbb2434f29c3c90
com.scylladb.alternator	emr-dynamodb-hadoop	5.6.0		9936b89210b5b138db7b4f9173c27b01f244f59f
com.scylladb.alternator	emr-dynamodb-hadoop	5.6.0	shaded	0f2b18bba882b8e683a381fb164a1ed211114f65
com.scylladb.alternator	emr-dynamodb-hadoop	5.6.1		44efe4d1420656852f31469675b8dcf964296996
com.scylladb.alternator	emr-dynamodb-hadoop	5.6.1	shaded	1445d5602eab734232415231771a6575c9d0f112
com.scylladb.alternator	emr-dynamodb-hadoop	5.7.0		199388e8c732a37b2ae1088131f36617ff731cb2
com.scylladb.alternator	emr-dynamodb-hadoop	5.7.0	shaded	00b0e26abe393e00377928a68ea513683f063d28
com.scylladb.alternator	emr-dynamodb-hadoop	5.7.1		dac3d8905c24fe7fb38040861087aff562e82d47
com.scylladb.alternator	emr-dynamodb-hadoop	5.7.1	shaded	642928628fc5282993a8da632e74ebbffd3aa751
com.scylladb.alternator	emr-dynamodb-hadoop	5.8.0		4920cf66d1c1ff9cd4ce0b6863f15f975bf40959
com.scylladb.alternator	emr-dynamodb-hadoop	5.8.0	shaded	d2550aa2c070cbc534ae477ec56ced3373a0b309
com.sksamuel.avro4s	avro4s-cats_2.13.0-M5	2.0.3		af78dbb98065388bc5d3b23693fe2dab402f9611
com.sksamuel.avro4s	avro4s-cats_2.13.0-M5	2.0.4		6f2f1f7517886a5c85b3a90f154a6f843fc32a6e
com.telenav.mesakit	mesakit-tools-applications-graph-slicer	0.10.0		005e0b9a85a76582f841aaae8b534c794629bb41
com.telenav.mesakit	mesakit-tools-applications-graph-slicer	0.11.0		5a95dbf2557ddb692ae52fd5ddf9c0b8e13b105a
com.telenav.mesakit	mesakit-tools-applications-graph-slicer	0.12.0		ae3a2f81ee5ee3537df70158d6bbd47748d4337f
com.telenav.mesakit	mesakit-tools-applications-graph-slicer	0.13.0		21107f498e9624cbe9371ef62176cd15084f928f
com.telenav.mesakit	mesakit-tools-applications-graph-slicer	0.14.0		c5d3eba5f7e32103f79a3ec82bb27e10a82ac6f9
com.telenav.mesakit	mesakit-tools-applications-graph-slicer	0.15.0		c63354aeadccc94c5a8c91aefd49bc7af1ebbf9a
com.telenav.mesakit	mesakit-tools-applications-graph-slicer	0.16.0		6917d4bddfc7a6bccdbf5227dbd86b39f4a47d21
com.telenav.mesakit	mesakit-tools-applications-graph-slicer	0.17.0		e95bb6929bf949f2b0f204aa2d148df72e25dbee
com.telenav.mesakit	mesakit-tools-applications-graph-slicer	0.17.1		edc14973e0e067abc2ef85254bf46a19b26f41be
com.telenav.mesakit	mesakit-tools-applications-graph-slicer	0.9.10		c023fdd70020f384bf73e397a9db1c7dde249953
com.telenav.mesakit	mesakit-tools-applications-graph-slicer	0.9.11		1d453ee4ffb3d9226b245df02b244528b550cbd1
com.telenav.mesakit	mesakit-tools-applications-graph-slicer	0.9.12		e446745571402fd412ff5c6316a5e848235ff53d
com.telenav.mesakit	mesakit-tools-applications-graph-slicer	0.9.13		d52ed70216dd3ebf7b7a6bc05093016cdce279b1
com.telenav.mesakit	mesakit-tools-applications-graph-slicer	0.9.14		868f98a68b8cf6e4d4b75383292db01de79db64a
com.telenav.mesakit	mesakit-tools-applications-graph-slicer	0.9.15		8719e9e56966221917e660780f576abc51d45fc8
com.telenav.mesakit	mesakit-tools-applications-graph-slicer	0.9.16		bd148dea9d2047c374440cdfe0eda9c5ab786b7d
com.telenav.mesakit	mesakit-tools-applications-graph-slicer	0.9.17		df8b3552ef2aeb061948183b64e6f7bd57cb8786
com.telenav.mesakit	mesakit-tools-applications-graph-slicer	0.9.18		a9c761350dd3ac7f7a0ea4b8aaa75173ff53c3e7
com.telenav.mesakit	mesakit-tools-applications-graph-slicer	0.9.19		6157c5ba3274093fffd4d40f33eaeb28a8a3a709
com.telenav.mesakit	mesakit-tools-applications-graph-slicer	0.9.20		bdfcc1489a06e8f69a6ed6cce53dd69b0859f779
com.telenav.mesakit	mesakit-tools-applications-graph-slicer	0.9.21		6c330b9d9a3f2e320f98deb5fef47585f1d4db2c
com.telenav.mesakit	mesakit-tools-applications-graph-slicer	0.9.22		756a4ff501cb92364d2d0e8b10eba1fec30e53d0
com.telenav.mesakit	mesakit-tools-applications-graph-slicer	0.9.23		c81082a252e0d18ef76e48f913060fb7fb4d3e66
com.telenav.mesakit	mesakit-tools-applications-graph-slicer	0.9.24		7d5d96dc2acda0de39e692bb95eb41bfa6b0b40d
com.telenav.mesakit	mesakit-tools-applications-graph-slicer	0.9.25		daeead0dab953aa43567c72125ac5d103a62695b
com.telenav.mesakit	mesakit-tools-applications-graph-slicer	0.9.26		8ec0a31ba69df33ae26adbee5ac5e3ddb9ef050b
com.twitter	util-app_2.12.0-M4	6.35.0		938c26913176fd784c1b66740662b8ca2aca0a75
com.twitter	util-app_2.12.0-M4	6.36.0		b2a9354b6b3f83800e33378c122c4eeee20f0565
com.twitter	util-app_2.12.0-M4	6.37.0		2cfb4e4187cf07d093ef3ceca1f3fdc6c2317552
com.twitter	util-app_2.12.0-M4	6.38.0		02e756691d84112209b316a24431dd823d81e950
com.ucasoft.komm	komm-plugins-exposed	0.10.3		b94fe605ea8ff0f68f3feab065ae0b7d67860964
com.ucasoft.komm	komm-plugins-exposed	0.20.2		b94fe605ea8ff0f68f3feab065ae0b7d67860964
com.ucasoft.komm	komm-plugins-exposed	0.22.8		b94fe605ea8ff0f68f3feab065ae0b7d67860964
com.ucasoft.komm	komm-plugins-exposed	0.24.3		b94fe605ea8ff0f68f3feab065ae0b7d67860964
com.ucasoft.komm	komm-plugins-exposed	0.7.4		b94fe605ea8ff0f68f3feab065ae0b7d67860964
com.ucasoft.komm	komm-plugins-exposed	0.7.5		b94fe605ea8ff0f68f3feab065ae0b7d67860964
com.ucasoft.komm	komm-plugins-exposed	0.9.10		b94fe605ea8ff0f68f3feab065ae0b7d67860964
com.uyatu.sdk	uyatu-spring-boot-starter	0.0.0.1		bd25c969d632cea5a90e09490231c8cce91c7fdb
com.uyatu.sdk	uyatu-spring-boot-starter	0.0.0.2		fbeae6cb79909a6a781030b2a05812bb38ca5552
com.uyatu.sdk	uyatu-spring-boot-starter	0.0.1		1e49bb5fddb964e56ccb6182080c3463e158b6d4
com.uyatu.sdk	uyatu-spring-boot-starter	0.0.10		7f2e11b0ef18a188bccc1a66b91c0a9737693cf3
com.uyatu.sdk	uyatu-spring-boot-starter	0.0.11		1b51fb356aef76c01d1423096528bb1c270079f5
com.uyatu.sdk	uyatu-spring-boot-starter	0.0.12		1f9221c7addf2e9fc9980f4ff0d949928fbf4a1a
com.uyatu.sdk	uyatu-spring-boot-starter	0.0.3		a031e03903ed929752c262d9572f72fe934d691a
com.uyatu.sdk	uyatu-spring-boot-starter	0.0.4		f8ff246b6632bc810d81cef8d8b746c5bbb28e3e
com.uyatu.sdk	uyatu-spring-boot-starter	0.0.5		b4503519aa1b23484e7cb7052071c4b1ca983492
com.uyatu.sdk	uyatu-spring-boot-starter	0.0.6		0db4f05e8eceb27121803ff035df4e637e242d4e
com.uyatu.sdk	uyatu-spring-boot-starter	0.0.7		2d1d8c7c515dc2d1c0cb675f55491fe4706a5976
com.uyatu.sdk	uyatu-spring-boot-starter	0.0.8		ea0db8bd49a102acf19d27ccb322d128e7c711ff
com.uyatu.sdk	uyatu-spring-boot-starter	0.0.9		106bd10a653b812571978273f6e4f564f94f65b4
com.uyatu.sdk	uyatu-spring-boot-starter	0.1.0		17fc8faf04f9a84e6fdb5628d116b5bc612f3bf6
com.uyatu.sdk	uyatu-spring-boot-starter	0.1.1		95871d5948e5cd91f0f2453f82299e7263aa0075
com.uyatu.sdk	uyatu-spring-boot-starter	0.1.2		d5084676de97f98aa794b315339936bf885f6b85
com.uyatu.sdk	uyatu-spring-boot-starter	0.1.3		f9773237d709e214643eb56cab3c1a1d66c9027c
com.uyatu.sdk	uyatu-spring-boot-starter	0.1.4		b525a3a73f7ac19fa3891d45d5580448f66e1fb9
com.uyatu.sdk	uyatu-spring-boot-starter	0.1.4.1		f14da5a1b119634773ae361b972921992a02fa72
com.uyatu.sdk	uyatu-spring-boot-starter	0.1.5		4dd32c749e46b73631062279fcc9a34026232b80
com.uyatu.sdk	uyatu-spring-boot-starter	0.1.6		6e222ca7285b6250a6ee900cd5dc50b707d136dd
com.uyatu.sdk	uyatu-spring-boot-starter	0.1.7		dc5a1fbbaf5cba0b7d333c4394be1c79b10e7748
com.uyatu.sdk	uyatu-spring-boot-starter	0.1.8		9613e7a7b4e37a503f3653e2412235d4c4641823
com.uyatu.sdk	uyatu-spring-boot-starter	0.1.9		9dd5752eaf6e6cffffac3d7ebf5bc0f9fa862d1d
com.uyatu.sdk	uyatu-spring-boot-starter	0.2		38b35b3886fb10b341419c3b957764caa0ef5b9b
com.uyatu.sdk	uyatu-spring-boot-starter	0.2.1		86a21d75b5c5a3b798126fd68a9aa4d796fbce1a
com.uyatu.sdk	uyatu-spring-boot-starter	0.2.2		4db4dbc145893cef8f3ae1e1757785b50fbfe11b
com.uyatu.sdk	uyatu-spring-boot-starter	0.2.3		dbe4bf74bfd2c5fbd1884636f8bea5c1510fc013
com.uyatu.sdk	uyatu-spring-boot-starter	0.2.4		041ec759fc466d390a78e88b4a310f4c55f745db
com.uyatu.sdk	uyatu-spring-boot-starter	0.2.5		2e720976f4e1a023e6df598dd29a15dbc77d2985
com.uyatu.sdk	uyatu-spring-boot-starter	0.2.6		8ed2f4d7db9b75f1cbf2f1d41a7efa21e8405f26
com.uyatu.sdk	uyatu-spring-boot-starter	0.2.7		889ac913f7b71e75ebcb0f7b4955f059871d5aab
com.uyatu.sdk	uyatu-spring-boot-starter	0.2.8		a2942d64bbe8ab81675de6f5d8a08b8ac2c5483d
com.uyatu.sdk	uyatu-spring-boot-starter	0.2.9		209c4a64104e21830d90b93fe8d66e52cb61010b
com.uyatu.sdk	uyatu-spring-boot-starter	0.3.0		4de10350ff6ee2d6670b43f516405b5f0e093ee0
com.uyatu.sdk	uyatu-spring-boot-starter	0.3.1		a138e006f8267d2e2d36d8ce68e93178b93587d9
com.uyatu.sdk	uyatu-spring-boot-starter	0.3.2		7d2a71e9e234c8c8b852921a284ad64cb6d9db5a
com.uyatu.sdk	uyatu-spring-boot-starter	0.3.3		357a32812c997df46273412ee236997be3b15855
com.uyatu.sdk	uyatu-spring-boot-starter	0.3.4		b87df8b6e24294f06b0b655305083cbe0b504af5
com.uyatu.sdk	uyatu-spring-boot-starter	0.3.5		1f7cb11ef8cd720f725d3daf1be96970e32434a3
com.uyatu.sdk	uyatu-spring-boot-starter	0.3.6		f7af13cabf38f3294cc716c5949cf1a88b764a98
com.uyatu.sdk	uyatu-spring-boot-starter	0.3.7		e3d7b6d7536ed2b81c083c8103d8a3b9a8ce53f6
com.uyatu.sdk	uyatu-spring-boot-starter	0.3.8		cb5506e42a29bc5b6562e338c22d2d9cb62380f2
com.uyatu.sdk	uyatu-spring-boot-starter	0.3.9		e166f8b800f2b75ab224b4d4aa7b863cd9c2f257
com.uyatu.sdk	uyatu-spring-boot-starter	0.4.0		507683da48d581424d4fa03922728608a7ce606d
com.uyatu.sdk	uyatu-spring-boot-starter	0.4.1		1f2ef3287e96a24e81b9b843a306f09f8bf8edc3
com.uyatu.sdk	uyatu-spring-boot-starter	0.4.2		59fec32ab6fe2dfeebe91d20359caf35145f8be8
com.uyatu.sdk	uyatu-spring-boot-starter	0.4.3		570e4045e6e9aba6e7cd061b88e62733d5e388df
com.uyatu.sdk	uyatu-spring-boot-starter	0.4.4		8ddba665866e9f76d592795c0fee0e5ab4806840
com.uyatu.sdk	uyatu-spring-boot-starter	1.0.0		aca5cf3cbf2ef34cbafdf54e7350598f5a259414
com.uyatu.sdk	uyatu-spring-boot-starter	1.0.1		b8c266019120a3ef42c5463d7df00cd9497c82cb
com.uyatu.sdk	uyatu-spring-boot-starter	1.0.2		ebe2c1f0978445b6cd2e826963a796c4cf3650c6
com.uyatu.sdk	uyatu-spring-boot-starter	1.0.4		fc4205af62363f39c8f0ec294a938e826375535f
com.uyatu.sdk	uyatu-spring-boot-starter	1.0.5		58849d414fd452568f6b583ee2de5840eddd13fe
com.uyatu.sdk	uyatu-spring-boot-starter	1.0.6		0cfcad1176b1e20205798b563efbd474927a787d
com.uyatu.sdk	uyatu-spring-boot-starter	1.0.7		4de3d49152b5a946d8d8d2889d0b34315f2792f3
com.uyatu.sdk	uyatu-spring-boot-starter	1.1.0		9f05fba247f9472ec2984d1e5148a6956a8eb00b
com.uyatu.sdk	uyatu-spring-boot-starter	1.1.1		d8f3ae3aa6d53c9d70125046adb0ae53cf6a905d
com.uyatu.sdk	uyatu-spring-boot-starter	1.1.2		2a8de335ac737358f13c8f4d46cc4f6a9fcaa2e1
com.uyatu.sdk	uyatu-spring-boot-starter	1.1.3		bfd7190354eb3c5964de45e8b311b8c6e5ace4a8
com.uyatu.sdk	uyatu-spring-boot-starter	1.1.4		71be099fec330a2269984d1b19eeaa4ad07a8175
com.uyatu.sdk	uyatu-spring-boot-starter	1.1.5		77e6e0d0b0f43b98f742aab0f66ddafb3c1fb986
com.uyatu.sdk	uyatu-spring-boot-starter	1.1.6		bce3d7aebc7ca93eb9d3e2d0489d3cea552f0e42
com.uyatu.sdk	uyatu-spring-boot-starter	1.1.7		ddbcd59eaf2dd60663a4931328a3ed6b285f59b4
com.uyatu.sdk	uyatu-spring-boot-starter	1.1.8		9fedcfb509fff8716fc39cde30e3b6696d1e6f1d
com.uyatu.sdk	uyatu-spring-boot-starter	1.1.9		41188a6741551fd1aae650a7aef267c21d5dfd27
com.varmateo.yawg	yawg-core	0.9.6		3457132bf3136158e41dbc43bfb263cc1379b615
com.varmateo.yawg	yawg-core	0.9.7		eac9641ee39f31555d428a7441fa571c189e747a
com.varmateo.yawg	yawg-core	0.9.8		2f4c841afe5f4abfda87419db4e14b85c8fe842d
com.varmateo.yawg	yawg-core	1.0.0-RC1		657673e36dbbf2657f368d0dc66515e5a2b61044
com.varmateo.yawg	yawg-core	1.0.0-RC2		08db4aebbf6e3d10325014e2bfee19a3612d9195
com.varmateo.yawg	yawg-core	1.0.0-RC3		10709b57ef872fe3dca9cc284e3129766b57f158
com.wl4g	xcloud-component-common-shade	2.0.0		1bc070ec22e1343131d2afd705fe69d0d3089951
com.wl4g	xcloud-component-common-shade	2.0.0	shade	710d8040f757425aa31142f50ddda0784a01ee2e
community.flock.flock-eco	flock-eco-cloud-azure	2.7.11		7482a0f74d3b0ff452632d33e7d7943e0afa23ff
community.flock.flock-eco	flock-eco-cloud-azure	2.7.11	develop	7482a0f74d3b0ff452632d33e7d7943e0afa23ff
community.flock.flock-eco	flock-eco-cloud-azure	2.8.0		e8b2221c95990e130f1e1bcd980c4ea6392549e7
community.flock.flock-eco	flock-eco-cloud-azure	2.8.0	develop	e8b2221c95990e130f1e1bcd980c4ea6392549e7
community.flock.flock-eco	flock-eco-cloud-azure	2.8.1		97277008535a0662454125507400b33189d7cd90
dev.gitlive	firebase-common-ios	0.1.0		N/A
dev.gitlive	firebase-common-ios	0.1.0-beta		N/A
dev.gitlive	firebase-common-ios	0.2.0		N/A
dev.gitlive	firebase-common-ios	0.4.0		N/A
dev.gitlive	firebase-common-ios	1.0.0		N/A
dev.gitlive	firebase-common-ios	1.1.0		N/A
dev.gitlive	firebase-common-ios	1.2.0		N/A
dev.inmo	micro_utils.android.alerts.recyclerview-jvm	0.25.5		2ad14aed781c4a73ed4dbb421966d408a0a06686
dev.zio	zio-aws-dynamodb_2.12	5.17.102.7		71edf508e938415a489c201039f9362171945552
dev.zio	zio-aws-dynamodb_2.12	5.17.102.8		82c815f4747f1cfc1ee29c4f28561aafbd437774
dev.zio	zio-aws-dynamodb_2.12	5.17.102.9		05bd7ed9485542b649448570bafb89d7d8178fa1
dev.zio	zio-aws-dynamodb_2.12	5.17.103.1		665f74f041abe54a0f58f14b013ebd9c79728f2c
dev.zio	zio-aws-dynamodb_2.12	5.17.104.1		fe928317e98983ee26335c8c7d63366f59ae6133
dev.zio	zio-aws-dynamodb_2.12	5.17.104.10		aae23696c55daa0897f940609b14bcaf6e043d58
dev.zio	zio-aws-dynamodb_2.12	5.17.104.11		e9ab3507a7b1a26e18d06090e34ad9c6d2f757e8
dev.zio	zio-aws-dynamodb_2.12	5.17.104.12		8c65954fdee1c9ef9c9608eb5e62bd5c72c86ab0
dev.zio	zio-aws-dynamodb_2.12	5.17.104.13		869ef56c12f59b5cb86e507ff60729e0231d9ac6
dev.zio	zio-aws-dynamodb_2.12	5.17.104.2		82e9366e17fc89040f9bc0047340fc00193ebb00
dev.zio	zio-aws-dynamodb_2.12	5.17.104.3		1be48c57581cd24aa096ad0d1c8fa757f4a21c75
dev.zio	zio-aws-dynamodb_2.12	5.17.104.4		c1d425875dd35d0bcd4e1f02eb89d70773d4f9b2
dev.zio	zio-aws-dynamodb_2.12	5.17.104.5		47a7568da0941b2125f763ccada562a98a6b1a0f
dev.zio	zio-aws-dynamodb_2.12	5.17.104.7		95064ec58c1f1ed7cf4f6d8e021ca4052ea101fc
dev.zio	zio-aws-dynamodb_2.12	5.17.104.8		9fa3484ff77dee42f2b95421567549d62eec5e4f
dev.zio	zio-aws-dynamodb_2.12	5.17.104.9		f9b3579580f20e8e22ba11467b9a7c2bf2c728b4
dev.zio	zio-aws-dynamodb_2.12	5.17.112.1		30ba16019a4e1420184c2e997901164c7a4b0955
dev.zio	zio-aws-dynamodb_2.12	5.17.113.1		1bc3d5e8766639ab2a555c22bd3e9e81e519531c
dev.zio	zio-aws-dynamodb_2.12	5.17.115.1		6013d2b7833191447fd34a0d173c75702089df9d
dev.zio	zio-aws-dynamodb_2.12	5.17.116.1		45a3b0c87fba8de461e1fdeec150afc891457ba5
dev.zio	zio-aws-dynamodb_2.12	5.17.116.2		f522cd6d96f46cb77952dc2447eda43457b25a50
dev.zio	zio-aws-dynamodb_2.12	5.17.121.2		4071c4619753737b1f4099409d9df26af86a3457
dev.zio	zio-aws-dynamodb_2.12	5.17.121.3		6aa86db8ebc6f2de116597ee13cb345a507255bd
dev.zio	zio-aws-dynamodb_2.12	5.17.122.1		34eed9f2ae21d78cdc1c27da234027ccd4ee25da
dev.zio	zio-aws-dynamodb_2.12	5.17.123.1		04e6c22fd4fda22771c10708107b8ccac19cb639
dev.zio	zio-aws-dynamodb_2.12	5.17.123.2		8cb26577a2149b947038baf980f0da42ede2706a
dev.zio	zio-aws-dynamodb_2.12	5.17.124.1		2f47d8447a78387702c485b360b348db88dae4d8
dev.zio	zio-aws-dynamodb_2.12	5.17.124.2		b22a6e9a2c59c69fa395f52515e12750e3b7ba7d
dev.zio	zio-aws-dynamodb_2.12	5.17.124.3		3cd9ad0c5d02988b88c97ca2d5b536c746d156da
dev.zio	zio-aws-dynamodb_2.12	5.17.125.1		4fd9a237c08aca499f41fa98ffa8e671a3f5432e
dev.zio	zio-aws-dynamodb_2.12	5.17.126.1		5cc9dccc103aedb088afae3b4d478a61b87c957d
dev.zio	zio-aws-dynamodb_2.12	5.17.126.2		3375aab72aad27dbe9388dc6406dbdf224084ce7
dev.zio	zio-aws-dynamodb_2.12	5.17.127.1		4cb6e972b232547de8f9afe7ff7363cd75afb1a2
dev.zio	zio-aws-dynamodb_2.12	5.17.127.2		5b4ff34ae5f91b114680e9d6af0f27c157d9ff08
dev.zio	zio-aws-dynamodb_2.12	5.17.128.1		aaab7484d90776c15e2ce61a373d3815b217e63b
dev.zio	zio-aws-dynamodb_2.12	5.17.129.1		4fb02cf4acb1ad1d6be4d7bdacd2c7d8be27ec84
dev.zio	zio-aws-dynamodb_2.12	5.17.129.2		6fdf3561ebdfbdd98554ece9b113696e197d5923
dev.zio	zio-aws-dynamodb_2.12	5.17.129.3		a9ba77e12c98629e6dcc8db900d2a78e6a3a82bc
dev.zio	zio-aws-dynamodb_2.12	5.17.130.1		83927ad8831e4c2489300712a0bd1ecfd59ed88b
dev.zio	zio-aws-dynamodb_2.12	5.17.130.2		cc1836490ee5922d00829ab8a04cddb1b091d0fc
dev.zio	zio-aws-dynamodb_2.12	5.17.130.3		b99c3c2dbb8c7298cb64ca753cd768a19dad6b73
dev.zio	zio-aws-dynamodb_2.12	5.17.130.5		2aba1d3da38a34a9bc9b0b1af5a4e69ef2b35756
dev.zio	zio-aws-dynamodb_2.12	5.17.130.6		18016151c1c3ba85801f8e0f692795aa9d712096
dev.zio	zio-aws-dynamodb_2.12	5.17.130.7		6a184b8b295ac24546db0f7381d1a6732341a6d7
dev.zio	zio-aws-dynamodb_2.12	5.17.130.8		a662d5c93f2b3688a9c9ff1eca32a8c57ebc5b44
dev.zio	zio-aws-dynamodb_2.12	5.17.144.1		616457408335b10bc2cfcfe738ac54b637bc3af6
dev.zio	zio-aws-dynamodb_2.12	5.17.145.1		b9e7c7ed9a4d2f13a8ce9df4af5f509b7669cb79
dev.zio	zio-aws-dynamodb_2.12	5.17.146.1		57e3f1507e5aaea4a157a8a054014c3d9b69fab3
dev.zio	zio-aws-dynamodb_2.12	5.17.146.2		d0efd4e17cbb0f3f5c0e9dc68141fbdf30527e7f
dev.zio	zio-aws-dynamodb_2.12	5.17.147.1		0303e49f0c7d04ce9ae72eb57648fd8634a242c8
dev.zio	zio-aws-dynamodb_2.12	5.17.148.1		92c69b118d7a4d49c45647e6b916613ae6fc4d27
dev.zio	zio-aws-dynamodb_2.12	5.17.149.1		6b5b2626c418d9335b04d14db672e32fbe6eca74
dev.zio	zio-aws-dynamodb_2.12	5.17.150.1		ef68f4b911be3b447c1f8e80f11c8fbb878a82ff
dev.zio	zio-aws-dynamodb_2.12	5.17.151.1		793c567815250c4bd0f3759ed361fe21a0d57f03
dev.zio	zio-aws-dynamodb_2.12	5.17.151.2		0617f1f1472cdc2a3d2d385f0bfbce2109939c07
dev.zio	zio-aws-dynamodb_2.12	5.17.152.1		33b6cd9516c3caa6b4203cd24c5d92c9b1d32bfd
dev.zio	zio-aws-dynamodb_2.12	5.17.153.1		0b0a4bbacbc8a29232ee1596aac960d50c51ed95
dev.zio	zio-aws-dynamodb_2.12	5.17.153.2		3fc3cb870aaa0c23254e29fe55522f7fe2cb6448
dev.zio	zio-aws-dynamodb_2.12	5.17.153.3		54a2a83485fdfee7479a8975a7fdf391aecd2eb9
dev.zio	zio-aws-dynamodb_2.12	5.17.154.1		5d578e6e27ac463377c4289ab7d53236cb6ba90e
dev.zio	zio-aws-dynamodb_2.12	5.17.155.1		ae1dd17680158abca93b521aeb1c23535b592c21
dev.zio	zio-aws-dynamodb_2.12	5.17.155.2		79aea1e3caf709d2a2f2da53dbafdc2a8d0a48d8
dev.zio	zio-aws-dynamodb_2.12	5.17.157.1		036811df3560b8558e88fc82b663f0b37dd78c20
dev.zio	zio-aws-dynamodb_2.12	5.17.157.2		7e3e736ebb4a9f7f67022f8c2ed467f83f96384f
dev.zio	zio-aws-dynamodb_2.12	5.17.158.1		18a94cbf05f4df54397c439d35f93ec0d5cfb43c
dev.zio	zio-aws-dynamodb_2.12	5.17.158.2		44ac7ee809b5e421316ce6f8c7672a64ca6dc0a4
dev.zio	zio-aws-dynamodb_2.12	5.17.158.3		3f156253ca93469521ae4e65600ca6fc80ca4602
dev.zio	zio-aws-dynamodb_2.12	5.17.158.4		5d89ca6e2cb95c05998cbb66746a73b84dd1374b
dev.zio	zio-aws-dynamodb_2.12	5.17.160.1		efbe5e2b0fc6f177a1779d2cd7a8c49ccdd3600b
dev.zio	zio-aws-dynamodb_2.12	5.17.161.1		3b23d1ccafc7f9c23158ac1d4e12552a322e0936
dev.zio	zio-aws-dynamodb_2.12	5.17.161.2		7d921fa0fca4e359a99723e1554535797269db06
dev.zio	zio-aws-dynamodb_2.12	5.17.162.1		72aff26b6043c93da569b0a915381d8ca392cbdb
dev.zio	zio-aws-dynamodb_2.12	5.17.162.2		afb7139bdc1dc664f5b362478b7e5371fd366d4e
dev.zio	zio-aws-dynamodb_2.12	5.17.162.3		ef46ad2eb43f591cb86dc62ec9c255fa1d7e5c82
dev.zio	zio-aws-dynamodb_2.12	5.17.163.1		eced7774af887d3d7a9dc1ef1b9131f79debf76f
dev.zio	zio-aws-dynamodb_2.12	5.17.164.1		a8b84d8646aa5eaa3187efdf292a5d86d1581c11
dev.zio	zio-aws-dynamodb_2.12	5.17.166.1		9263c7b6911e6ab673618e89a1fcde1a5c2f428c
dev.zio	zio-aws-dynamodb_2.12	5.17.166.2		81a7f04db70c2cdb06457dc1c21fa8b40872fb77
dev.zio	zio-aws-dynamodb_2.12	5.17.166.3		99bb732759afa528b1f5c40c39f839210bbcd72e
dev.zio	zio-aws-dynamodb_2.12	5.17.167.1		4e977394819fa73765d86c2796f287ff42decd04
dev.zio	zio-aws-dynamodb_2.12	5.17.168.1		fc33f8ddcd842a3d864248e72b335e4db1433b16
dev.zio	zio-aws-dynamodb_2.12	5.17.169.1		4dc1d82542042defc8a9a3ca4d9b0e4a984c9f20
dev.zio	zio-aws-dynamodb_2.12	5.17.170.1		a0f6991e0fdc18996dc6ad13499f6ed59108581e
dev.zio	zio-aws-dynamodb_2.12	5.17.171.1		4f7d3bd13d1f68ea42e6846e3e3a408843e6c2d1
dev.zio	zio-aws-dynamodb_2.12	5.17.172.1		904e1637c18f8f336e7a015b356580eaddd7076f
dev.zio	zio-aws-dynamodb_2.12	5.17.172.2		d0f89e9f786d616ebb6b73e73f8846e87cfd3140
dev.zio	zio-aws-dynamodb_2.12	5.17.174.1		ddfb391608cdae253a5dcca4711678c2cd537d86
dev.zio	zio-aws-dynamodb_2.12	5.17.175.1		bc96137077bfb89e7df780e027c6dbb028bd5ab2
dev.zio	zio-aws-dynamodb_2.12	5.17.176.1		834e2cec13a158ecf55c3800cf2f459d63b61f7f
dev.zio	zio-aws-dynamodb_2.12	5.17.176.2		b91e2b22cc0cd8a3f1437148c6e064ba1d24552f
dev.zio	zio-aws-dynamodb_2.12	5.17.177.1		c0d238d50a6fdec5c8f0178ba3bff431aaa6b677
dev.zio	zio-aws-dynamodb_2.12	5.17.178.1		f32c1288a38124f9044148055ca25c5ef8fde470
dev.zio	zio-aws-dynamodb_2.12	5.17.181.1		4f24b551235113783757e6537dacfb6764dbfc0d
dev.zio	zio-aws-dynamodb_2.12	5.17.182.1		d48faae015bf26c41fe332e25858a3bd8df9c403
dev.zio	zio-aws-dynamodb_2.12	5.17.183.1		6515e903f20140a9c4185e5616df12c91553458b
dev.zio	zio-aws-dynamodb_2.12	5.17.184.1		19f9e97dfd2fd8576bc5b27ab02c9d6264ad4064
dev.zio	zio-aws-dynamodb_2.12	5.17.186.1		fbdc07a444f2f11b2b3260ed56dc05218be7eb06
dev.zio	zio-aws-dynamodb_2.12	5.17.187.1		00f103c35007ffa8d7c9164552294d4057a2421b
dev.zio	zio-aws-dynamodb_2.12	5.17.188.1		58cc7d206441410e23cb8fd7d91d7855df28e245
dev.zio	zio-aws-dynamodb_2.12	5.17.190.1		f6cf4b682c848acadd7c83d6be4273be1288e2f0
dev.zio	zio-aws-dynamodb_2.12	5.17.190.2		133bd25d8539cad47de5e22d26a6d82f5b4d1726
dev.zio	zio-aws-dynamodb_2.12	5.17.191.2		efd0dbf0c45ca5fe0e70a9ef09ff6719fbce7b06
dev.zio	zio-aws-dynamodb_2.12	5.17.193.1		4cafabb82ebdf7aea5899934d685a2897df39d7a
dev.zio	zio-aws-dynamodb_2.12	5.17.193.2		80f7341a34c6855eaf5b69c2b6b8e8f1967c1fbb
dev.zio	zio-aws-dynamodb_2.12	5.17.194.1		4b478b573d0cccd935b11a1383f9e6a70248cd0c
dev.zio	zio-aws-dynamodb_2.12	5.17.195.1		c636d79cf0dbce970eaf774d7183eec5f21e46c6
dev.zio	zio-aws-dynamodb_2.12	5.17.195.2		4e929bbbff691475ec282901517d9fba0d37d555
dev.zio	zio-aws-dynamodb_2.12	5.17.195.3		83a77b7eb5ba29f0c9dd2406b08dcd46adb0ea60
dev.zio	zio-aws-dynamodb_2.12	5.17.196.1		c63f578850e40606bd3309b228cad28f5b7dcff9
dev.zio	zio-aws-dynamodb_2.12	5.17.197.1		ef0df1ce959d4e821e6546c7e9069ca3008de067
dev.zio	zio-aws-dynamodb_2.12	5.17.197.2		7d6ce31cb021880af3ff3158fd01bad3df01f3c5
dev.zio	zio-aws-dynamodb_2.12	5.17.201.1		c2a1052161fe27af6381be9f9935b10fe165fc9c
dev.zio	zio-aws-dynamodb_2.12	5.17.201.2		6b5185d92c26feccbe515dacfbbcba86ee674870
dev.zio	zio-aws-dynamodb_2.12	5.17.202.1		f190c1e01922ab35af6004313f15760a0c39d188
dev.zio	zio-aws-dynamodb_2.12	5.17.203.1		3f5ff4c9e8281e963d083ab255432dfb62a1e61c
dev.zio	zio-aws-dynamodb_2.12	5.17.203.2		5e0eb3fe8c56985e4e34eb6dd609a42beeb94365
dev.zio	zio-aws-dynamodb_2.12	5.17.204.1		90569db7c16ae7219c1599f8c32d60d2043b3c1a
dev.zio	zio-aws-dynamodb_2.12	5.17.205.1		ced1ac7decc8a6d8deaa294e56009c500d16bc9f
dev.zio	zio-aws-dynamodb_2.12	5.17.206.1		87e663cd10fbfa9bcb156a2694743108ccd4ff40
dev.zio	zio-aws-dynamodb_2.12	5.17.207.1		c0f11a919df726fdf547bc5849eb6a99db3f6fad
dev.zio	zio-aws-dynamodb_2.12	5.17.208.1		862295db67ed77835b2f937eb0106b1be4cadf3a
dev.zio	zio-aws-dynamodb_2.12	5.17.208.2		c2cbf4fda8be25e810bcf2a74e823ab1d79be28f
dev.zio	zio-aws-dynamodb_2.12	5.17.209.1		17fc9d4e699c8a3244b0428b3ad1ba65063b4bb6
dev.zio	zio-aws-dynamodb_2.12	5.17.211.1		c4c9c2a7ccfd17fdb425c5a85375a98f9d6ba279
dev.zio	zio-aws-dynamodb_2.12	5.17.212.1		fbe0796d2a2c84c8f701d7a3c8aed3b85a396acf
dev.zio	zio-aws-dynamodb_2.12	5.17.214.1		0894eda6ac983551607312d11a75465f77e95d6b
dev.zio	zio-aws-dynamodb_2.12	5.17.217.1		5187fc71a7fde5100d8eb1f29d633d0f4c6df94c
dev.zio	zio-aws-dynamodb_2.12	5.17.218.1		e14e4e569c32e23a96d908e55ad773d950b7500c
dev.zio	zio-aws-dynamodb_2.12	5.17.224.2		3a8b84c9df9d7ef7d706cd6d5c524c1fc09ddd2c
dev.zio	zio-aws-dynamodb_2.12	5.17.224.3		1c8844d9658e8fd6410c73d3f42bff73991dcba3
dev.zio	zio-aws-dynamodb_2.12	5.17.224.4		34e9bfc6fa774659ce922ce843b09802e994dc27
dev.zio	zio-aws-dynamodb_2.12	5.17.225.1		3ceff72f75c881a391c52c789af0d5f032e49b39
dev.zio	zio-aws-dynamodb_2.12	5.17.225.2		39b8fe8bb4b69158b7511e767d7a81f15f441448
dev.zio	zio-aws-dynamodb_2.12	5.17.233.1		92b0216aefe8b86e3ba934fc7b929dd260602638
dev.zio	zio-aws-dynamodb_2.12	5.17.234.1		cf6da28c2a47803064e6cd16cacc9a79fc8c4f6d
dev.zio	zio-aws-dynamodb_2.12	5.17.239.1		82f1d6d2ffb825b4084421180de372cf9e383a76
dev.zio	zio-aws-dynamodb_2.12	5.17.239.4		9e3ff18cf51e48b759c13e2b8e0503f16f378fed
dev.zio	zio-aws-dynamodb_2.12	5.17.252.1		5a035dd670f229e4a19b59771d13ceafa33994b6
dev.zio	zio-aws-dynamodb_2.12	5.17.257.1		0bc7a8378511e12e339660db1be656fe68945094
dev.zio	zio-aws-dynamodb_2.12	5.17.265.1		aef354533b1826b55aabf658f8a8f2420a4288f4
dev.zio	zio-aws-dynamodb_2.12	5.17.267.1		d59a38ed43089d6e44d1530b92d15540ed66f0d5
dev.zio	zio-aws-dynamodb_2.12	5.17.267.4		a0173c5a43450d5b51358540b743748928d5c6e4
dev.zio	zio-aws-dynamodb_2.12	5.17.267.6		a96c15aad26e56f4595fdfa91fce1c4630316a63
dev.zio	zio-aws-dynamodb_2.12	5.17.267.7		5cf5ebe52ea06cc6fac5f2c6d380cbba901ce5d6
dev.zio	zio-aws-dynamodb_2.12	5.17.269.1		860182c773eb4c737a41e0213b7941f61662ef42
dev.zio	zio-aws-dynamodb_2.12	5.17.271.1		ccfbb6dabcb61d225dd97c276964fe0990798eee
dev.zio	zio-aws-dynamodb_2.12	5.17.280.1		97c4c080115a81922d43bd96ad3faadc09db050a
dev.zio	zio-aws-dynamodb_2.12	5.17.295.1		8f2b372fa16b5f3d84d46a3b0d2191cd0487f844
dev.zio	zio-aws-dynamodb_2.12	5.17.295.10		0d1e344ae225d52629beff1d69172a253bc65fdd
dev.zio	zio-aws-dynamodb_2.12	5.17.295.11		e557eaa9eda65fd7388be9be80262ae0cd4522c0
dev.zio	zio-aws-dynamodb_2.12	5.17.295.12		c8f9368003d670d496ba70b20d13e181f2234a6b
dev.zio	zio-aws-dynamodb_2.12	5.17.295.13		ece83e63d00f5ce4d10cb7e5381cb6c6bad03566
dev.zio	zio-aws-dynamodb_2.12	5.17.295.14		5f8e3746daa3fb600169af3980be2578b00a8647
dev.zio	zio-aws-dynamodb_2.12	5.17.295.15		1c728af32aaeec1dd5c775500b37bc4437034b79
dev.zio	zio-aws-dynamodb_2.12	5.17.295.16		aee7ed179ea55a0de1fe962501c700bc21745b91
dev.zio	zio-aws-dynamodb_2.12	5.17.295.17		ed9024c351a2071e150fea94d097e4a3fcf44d95
dev.zio	zio-aws-dynamodb_2.12	5.17.295.18		5489627885e4d3a78e79a6cffe3b66727ce06e8c
dev.zio	zio-aws-dynamodb_2.12	5.17.295.19		5ff29ce379f4a5a9fd883142dbc1092567ab51f8
dev.zio	zio-aws-dynamodb_2.12	5.17.295.2		d114109b5d4a828791d2a27d5ef73fc55d734024
dev.zio	zio-aws-dynamodb_2.12	5.17.295.20		87ba748b13d07fdeb23ab17db13c16a451a663b3
dev.zio	zio-aws-dynamodb_2.12	5.17.295.22		f8fc2b5c182402ffdd5ae6dd630448060354eda8
dev.zio	zio-aws-dynamodb_2.12	5.17.295.3		9815854a5b7cf9ee69ca63f16dcfb5ff9cff188d
dev.zio	zio-aws-dynamodb_2.12	5.17.295.4		f56b153893cd9b3448987bfad71bdc647379c7e6
dev.zio	zio-aws-dynamodb_2.12	5.17.295.5		b0b2afee725ac383834c0375e0f87e0095d6186a
dev.zio	zio-aws-dynamodb_2.12	5.17.295.6		5dbd97342a3a3e22188d273143ca1f7ccc872126
dev.zio	zio-aws-dynamodb_2.12	5.17.295.8		9b615ef7d96dad8eeba822e28151778ca9eedf95
dev.zio	zio-aws-dynamodb_2.12	5.17.295.9		c45d093551b0379ef261af95e0ed698af5790a97
dev.zio	zio-aws-dynamodb_2.12	5.19.12.1		e5bfb28b7a3852442b4748671a904a996bafe034
dev.zio	zio-aws-dynamodb_2.12	5.19.17.1		c0db1a803d9c2ef58e8c075c0baed88fab14c828
dev.zio	zio-aws-dynamodb_2.12	5.19.17.2		3e5dffc1658246b78baff394d013a72b3841c040
dev.zio	zio-aws-dynamodb_2.12	5.19.26.1		5cd26e686029656491ceba9ccabe623f887681ab
dev.zio	zio-aws-dynamodb_2.12	5.19.31.1		b814b4261031f92a207d4164de1fcfbc588b989e
dev.zio	zio-aws-dynamodb_2.12	5.19.31.2		aa5269f223e49ef0de7d6fbd364412f73215daf9
dev.zio	zio-aws-dynamodb_2.12	5.19.31.3		d0a1409bd0875a9cc3811f48fadc300e56680b56
dev.zio	zio-aws-dynamodb_2.12	5.19.31.4		1d1452cdb973946819465a685911889ab87a6ca2
dev.zio	zio-aws-dynamodb_2.12	5.19.31.5		8ca85631c490df8d1d32c20922db1ce53ab6a2fe
dev.zio	zio-aws-dynamodb_2.12	5.19.33.1		b66ef92b0030bbf73d8660ed4cbe20a7bba17c4b
dev.zio	zio-aws-dynamodb_2.12	5.19.33.2		238101f5c0909a711a499e40540cb70e02d4e0d8
dev.zio	zio-aws-dynamodb_2.12	5.19.7.1		113091ad237c31f178031e9f33c33ff2bbcdbd51
dev.zio	zio-aws-dynamodb_2.12	5.19.7.2		f2933751b5b94510b71949014d70520ea86b928d
dev.zio	zio-aws-dynamodb_2.12	5.19.7.3		d45d096e1f79beb63309dd78378602f3c42ba970
dev.zio	zio-aws-dynamodb_2.12	5.19.7.4		1334e61fd7b0681a6e0fb60526c1b42ece3f958a
dev.zio	zio-aws-dynamodb_2.12	5.19.7.5		31e55ff1adf60bce5c91bc3bedb2d07c971b8e73
dev.zio	zio-aws-dynamodb_2.12	5.19.7.6		311e8a1b0f25b5fcc3cf76c56a3f39721b499268
dev.zio	zio-aws-dynamodb_2.12	5.19.8.1		653b57914717e7aaed27cc468be000150522f166
dev.zio	zio-aws-dynamodb_2.12	5.19.8.2		6e09e2fd24b7f39bbf074794ac4acecfdab3f33e
dev.zio	zio-aws-dynamodb_2.12	5.19.8.3		f3d0707d03979b0a6a4a06230a538a49af316d48
dev.zio	zio-aws-dynamodb_2.12	5.19.8.4		f8a0d2475cf97184e168b448ef13723a88db495a
dev.zio	zio-aws-dynamodb_2.12	5.20.17.1		f4267391d478ab893e3d6e0487a02bd0027faa3b
dev.zio	zio-aws-dynamodb_2.12	5.20.17.2		4ae24f8ce385ad624d6a2994f62b48547be7d01c
dev.zio	zio-aws-dynamodb_2.12	5.20.22.1		292875b9481a1ab0713dbb30537dce3c0dc8a389
dev.zio	zio-aws-dynamodb_2.12	5.20.22.2		6b7d43040e70b4e88c256af01ae7a8ac861c9262
dev.zio	zio-aws-dynamodb_2.12	5.20.22.3		15581d95d5abeacf8bb2be53bac11076f9c27176
dev.zio	zio-aws-dynamodb_2.12	5.20.32.1		6c4e030d8fefe615158d675c9b9f311324cba857
dev.zio	zio-aws-dynamodb_2.12	5.20.32.2		d80df1d6933ea6c244e5cadf5c21f193e7b609d6
dev.zio	zio-aws-dynamodb_2.12	5.20.37.1		6a0a0be251ab77b5cd1da4fc2218261dda7711b1
dev.zio	zio-aws-dynamodb_2.12	5.20.42.1		cbcb5d57f259383d8357d4e330d31a51e5498246
dev.zio	zio-aws-dynamodb_2.12	5.20.7.1		0b679454234fa41e326c696631f7fa898ed2172b
dev.zio	zio-aws-dynamodb_2.12	5.20.7.2		f626bf1c0376b2d18b831e1b027008f1aba15a48
dev.zio	zio-aws-dynamodb_2.12	5.20.7.3		46dda12d1947f1f8a8a0390ed85b2e8beb0f06dc
dev.zio	zio-aws-dynamodb_2.12	6.20.103.1		c9b1db80815a4df64ec71541995d5eab48f4d587
dev.zio	zio-aws-dynamodb_2.12	6.20.103.2		71525d32a7644d9a337fd5c55ab7ccc96da62ba8
dev.zio	zio-aws-dynamodb_2.12	6.20.115.1		969662a35be438ed346685da0dd36a320258c625
dev.zio	zio-aws-dynamodb_2.12	6.20.115.2		3e7435ca40c1ae5244a3a0b0b3c419d262ecfd31
dev.zio	zio-aws-dynamodb_2.12	6.20.120.1		886a3f0a72f024c0e685aad4d33e94f7c808123b
dev.zio	zio-aws-dynamodb_2.12	6.20.149.1		bdc36fcf0825935b2c9137f20f21d61b56f11ef3
dev.zio	zio-aws-dynamodb_2.12	6.20.149.2		3ac47d1abe70460adc882e8152c3c43e85ed776c
dev.zio	zio-aws-dynamodb_2.12	6.20.162.1		f28271bea28f74256db0d4cc3051302213b02c25
dev.zio	zio-aws-dynamodb_2.12	6.20.162.2		090dd7016d2a8ee1f9d42064305a14fb6a37a1ca
dev.zio	zio-aws-dynamodb_2.12	6.20.42.1		51395e9941a1f77bace1d85000bc3182379128fa
dev.zio	zio-aws-dynamodb_2.12	6.20.42.2		d92b919ab9dfa266ef06edd09d80d84558d7f168
dev.zio	zio-aws-dynamodb_2.12	6.20.47.1		ece7531e5ce2c56e17d490a37248eadf3afcb6e9
dev.zio	zio-aws-dynamodb_2.12	6.20.56.2		6e4e4eb7d91b594de716c9aa0fcbd73dcd295611
dev.zio	zio-aws-dynamodb_2.12	6.20.58.1		d5a32a03e6e5973cc5bd9a02c376477016505f8b
dev.zio	zio-aws-dynamodb_2.12	6.20.58.2		7962a687a8463ed57e71783453c426a55ea20761
dev.zio	zio-aws-dynamodb_2.12	6.20.58.3		7fa6332b222e0a01f25fcd163d0b98b82fb47a98
dev.zio	zio-aws-dynamodb_2.12	6.20.61.1		59e80208660fd2bfe17666c6469a09f7792f08c4
dev.zio	zio-aws-dynamodb_2.12	6.20.69.1		b67fafe025b1273d89e22bb9871c18f2598f5f2c
dev.zio	zio-aws-dynamodb_2.12	6.20.69.2		373ed58624045fcdfc8d1eb89adc20e15cdd42d8
dev.zio	zio-aws-dynamodb_2.12	6.20.74.1		4547bbb49e1833a265a387f189f2a9f50198a67b
dev.zio	zio-aws-dynamodb_2.12	6.20.74.2		4da9df719f858ac8dc645a8d27a948a194295aa8
dev.zio	zio-aws-dynamodb_2.12	6.20.78.1		f5a170a4c750a6e3cab1849eadeba5e8a68f782d
dev.zio	zio-aws-dynamodb_2.12	6.20.78.2		ee55df093b5d2b9ff4f2846173ee2bf6b5c9f29c
dev.zio	zio-aws-dynamodb_2.12	6.20.78.3		760b7ad21742ac397f4149feaba285cdaef79c18
dev.zio	zio-aws-dynamodb_2.12	6.20.83.1		190b19cc7f04ee213d63d3c409979ef40c1493af
dev.zio	zio-aws-dynamodb_2.12	6.20.83.2		503282f598fe803eed52de7940503bf8c6f41e23
dev.zio	zio-aws-dynamodb_2.12	6.20.97.2		a8d8737ee5b353625481874a3c2bfa3675abb072
dev.zio	zio-aws-dynamodb_2.12	7.21.15.1		ca056dbd30d1936c8a0ba905d06dbe53563df7b4
dev.zio	zio-aws-dynamodb_2.12	7.21.15.10		6f5ac8ef5174c3e6cf965c9e5af746f1024ff5c7
dev.zio	zio-aws-dynamodb_2.12	7.21.15.11		46a05fb4e6a3be1989d19d784e9f9bbded9506ec
dev.zio	zio-aws-dynamodb_2.12	7.21.15.12		f7467d6515ca61ece095441c74606184caee0d24
dev.zio	zio-aws-dynamodb_2.12	7.21.15.13		316bfceadcfd1280addbb14e4db764295324bbac
dev.zio	zio-aws-dynamodb_2.12	7.21.15.15		06e12e8ba17d7fdbb92344cb398b7521a3e6f984
dev.zio	zio-aws-dynamodb_2.12	7.21.15.2		9b325da719ad4e15d27579de9fb691cade116ff1
dev.zio	zio-aws-dynamodb_2.12	7.21.15.3		31fdcfa01751371aa6f43d3da7fe8d647b95f182
dev.zio	zio-aws-dynamodb_2.12	7.21.15.4		5487a0a030c6e05d725dd865a77d10809eb5ca4e
dev.zio	zio-aws-dynamodb_2.12	7.21.15.5		e4f6527cee05d8719f1e8a349a9871cae528f86e
dev.zio	zio-aws-dynamodb_2.12	7.21.15.7		5fdef65dd33c32f31371b98c188c411c08f1bd7d
dev.zio	zio-aws-dynamodb_2.12	7.21.15.8		b75972354fce53f14f405711bc34c270c1003e0a
dev.zio	zio-aws-dynamodb_2.12	7.21.15.9		e48490de3025b278096a7ae175e7d1b7b5a7dc1c
dev.zio	zio-aws-dynamodb_2.12	7.28.24.2		07a175dd4b0d8d464db05dbb44df5ffab6720fe6
dev.zio	zio-aws-dynamodb_2.12	7.28.26.1		8f867970a667e67370bb4e49cf1edd4d94a28d36
dev.zio	zio-aws-dynamodb_2.12	7.28.29.1		734a13bb0cb18c57443045a4c220c3848c1752f7
dev.zio	zio-aws-dynamodb_2.12	7.28.29.10		def4bef2c4e1b3dea2a704164a29aa27bd7ac57d
dev.zio	zio-aws-dynamodb_2.12	7.28.29.11		f21bfcda58bf78cfc00cc26de06cde2af8d1bcb3
dev.zio	zio-aws-dynamodb_2.12	7.28.29.12		cdbe72c1360328577cfd6d3579324525493e7697
dev.zio	zio-aws-dynamodb_2.12	7.28.29.13		4ace529f10b29fa004f90a6c75b3f2f9ef973633
dev.zio	zio-aws-dynamodb_2.12	7.28.29.14		291a5e898f842da725a3b39ce37b821f60eec4f4
dev.zio	zio-aws-dynamodb_2.12	7.28.29.15		85a22c3fd315c2e063eb4fe59bef3a16ac4c771d
dev.zio	zio-aws-dynamodb_2.12	7.28.29.16		08250ec4c76ad89896afb5b26e318489830b43cd
dev.zio	zio-aws-dynamodb_2.12	7.28.29.17		f5e670812df852edf57e10dc723068fc92a2e374
dev.zio	zio-aws-dynamodb_2.12	7.28.29.18		022521e7a9b47e31684a4435dccbc04a1b854f70
dev.zio	zio-aws-dynamodb_2.12	7.28.29.19		c830d37db8ac04bd87f8a962c320dc1182205e23
dev.zio	zio-aws-dynamodb_2.12	7.28.29.2		479dfbe2940bac7b01553be1439e7002e5e1a01e
dev.zio	zio-aws-dynamodb_2.12	7.28.29.3		29c459de0b40c4e5cd46b239ab42ccf2bfa9d8bf
dev.zio	zio-aws-dynamodb_2.12	7.28.29.4		ecd8ed9e5b6009db2e201f859343148eea531265
dev.zio	zio-aws-dynamodb_2.12	7.28.29.5		f4509e10f5f56a8840306160938eae11ce9a0f76
dev.zio	zio-aws-dynamodb_2.12	7.28.29.6		09f3d2db4e2cf7215922064832865bab66033f1a
dev.zio	zio-aws-dynamodb_2.12	7.28.29.7		be7eeb191917a600d266716eb39382716aecb109
dev.zio	zio-aws-dynamodb_2.12	7.28.29.8		311fbff061b8d0a8d29a3e4e0c1faee276391d74
dev.zio	zio-aws-dynamodb_2.12	7.28.29.9		d10fccec787b9620ea1ca25f0c90201f5565f348
dev.zio	zio-aws-dynamodb_2.12	7.30.15.1		58caf8c9f1e61fd2e9544f9925e47da8d6b9a289
dev.zio	zio-aws-dynamodb_2.12	7.30.15.2		ae4ee970a1d2fd6e61a9b25af5c3cbb8d9b3e194
dev.zio	zio-aws-dynamodb_2.12	7.30.16.1		8ba56ec9160e921aa1d6327d8c7e75fa0207ff00
dev.zio	zio-aws-dynamodb_2.12	7.30.16.2		5a19e5feb666fa99518066ff225aa1078cb22fa8
dev.zio	zio-aws-dynamodb_2.12	7.30.16.3		0a6864c9e858cd6ab927fc90d7ce01e7f213c86f
dev.zio	zio-aws-dynamodb_2.12	7.30.16.4		009777cd2329906f20827e40e88b97374bcd1021
dev.zio	zio-aws-dynamodb_2.12	7.30.20.1		ce054c3bb532e0262abd1d193b4272ad2591db16
dev.zio	zio-aws-dynamodb_2.12	7.30.22.1		9a229877cb2561a0185a7fd6a7d622d77b0d9c1d
dev.zio	zio-aws-dynamodb_2.12	7.30.22.2		a3d36c9f1ec88bcfe340f242fe20239469734ce4
dev.zio	zio-aws-dynamodb_2.12	7.30.23.1		41a4684ddb99ffd40f16366e4c2ec33d08952008
dev.zio	zio-aws-dynamodb_2.12	7.30.24.1		e04dc924c537d056f24aa3246785c6a333f255ff
dev.zio	zio-aws-dynamodb_2.12	7.30.24.2		4e23bf8f991dab69000a2c2edf00abed9032c57a
dev.zio	zio-aws-dynamodb_2.12	7.30.25.1		64a4f2420c49b8159a901a80da42c17d547e3ffa
dev.zio	zio-aws-dynamodb_2.12	7.30.26.1		7d965bdfb6acf20d8e706728af748b0e60088e28
dev.zio	zio-aws-dynamodb_2.12	7.30.27.1		c29ce9c3733031c5b85dcc95abdac1418173b0b5
dev.zio	zio-aws-dynamodb_2.12	7.30.27.2		a3729a86a00a46c322f7f47f29979f207cf965e7
dev.zio	zio-aws-dynamodb_2.12	7.30.29.1		b48cf7e26396e12641351abb0f3084b3d256ddb3
dev.zio	zio-aws-dynamodb_2.12	7.30.30.1		57d017d905bcc8026c0cf88a7ac222f31b1afdd7
dev.zio	zio-aws-dynamodb_2.12	7.30.31.1		7adce68c434444e8dfbad5e31332807ffbe02203
dev.zio	zio-aws-dynamodb_2.12	7.30.31.2		1da553038413a9c5cd81f287c23e3e40c2956f93
dev.zio	zio-aws-dynamodb_2.12	7.30.32.1		339cfe4018bf8c7871d9f5c787d81423ed5a0346
dev.zio	zio-aws-dynamodb_2.12	7.30.33.1		79afb56ce1f0e4c5cdcf614bfd0d27b1e7e3ad93
dev.zio	zio-aws-dynamodb_2.12	7.30.34.1		aa27d7133fcf2ef3ead6dd0bda1286a6a54e438d
dev.zio	zio-aws-dynamodb_2.12	7.30.34.2		a65f521751dfbabdc5e44b9ef7fefb61cf8eabaa
dev.zio	zio-aws-dynamodb_2.12	7.30.35.1		e244ce74257e55797f372580cd527ac6e153f5d4
dev.zio	zio-aws-dynamodb_2.12	7.30.36.1		5763e0fbc35a81a67dbb86ab26de21b283fe8661
dev.zio	zio-aws-dynamodb_2.12	7.30.37.1		dd4965f34b8e97de45a5601a5fdc3b67197e4576
dev.zio	zio-aws-dynamodb_2.12	7.30.38.1		47d5786070ac5dc4d3b140efe47667b9d4c56954
dev.zio	zio-aws-dynamodb_2.12	7.30.38.2		aa90d5ffde38569a50535728e67916f9d8fb2c7c
dev.zio	zio-aws-dynamodb_2.12	7.31.0.1		051327256f5539e4fa1a4239f624e688afe80e2e
dev.zio	zio-aws-dynamodb_2.12	7.31.1.1		6ba359c78dea823e4487a95c79d622d25c7ecff7
dev.zio	zio-aws-dynamodb_2.12	7.31.1.3		31bb662a829436655a367de0be30d0db6d89db6e
dev.zio	zio-aws-dynamodb_2.12	7.31.1.4		c13398725794eede90f83f426679825cf8d952c0
dev.zio	zio-aws-dynamodb_2.12	7.31.1.5		e3f48cb677a4ba07037f9908d03b60d36e5996c3
dev.zio	zio-aws-dynamodb_2.12	7.31.10.1		3ab6a90c078805b929a483197d90e934072a6f51
dev.zio	zio-aws-dynamodb_2.12	7.31.11.1		81f752033b2b8e9bd534a14fc42fdb3a3b2acff1
dev.zio	zio-aws-dynamodb_2.12	7.31.13.1		40b28985da46738e4706c2cc3fd3af5b026e5a32
dev.zio	zio-aws-dynamodb_2.12	7.31.14.1		4f2c3c025f5c845cd06a3adeaa0ad155154d5395
dev.zio	zio-aws-dynamodb_2.12	7.31.15.1		2b0cbd815cccdd4af315cd00243b23a6b8e244a0
dev.zio	zio-aws-dynamodb_2.12	7.31.16.1		ee7fb370bb072ce83a3f530446988d8f85c92996
dev.zio	zio-aws-dynamodb_2.12	7.31.16.2		b80ab3258564aafda2b1cc5723a4d219d32cb33d
dev.zio	zio-aws-dynamodb_2.12	7.31.17.1		d3cf8e82482259b69842946e3351d61425800b67
dev.zio	zio-aws-dynamodb_2.12	7.31.18.1		7f19d0a5806915b8d1e8703e59ecc234e5d54f96
dev.zio	zio-aws-dynamodb_2.12	7.31.19.1		42aa36976541fe524e42b414a9cba56dace5bec4
dev.zio	zio-aws-dynamodb_2.12	7.31.2.1		8b0b9f7395df4f1cf593cada4a681b6aef91c98a
dev.zio	zio-aws-dynamodb_2.12	7.31.20.1		26517b5b24652b92d84db5c47b2341b80fd131aa
dev.zio	zio-aws-dynamodb_2.12	7.31.21.1		db9e8c3328c94e4e4815d047cee03f1b6aa82c68
dev.zio	zio-aws-dynamodb_2.12	7.31.22.1		e0f2cda4da8b34326e82753145712d5bf5c62961
dev.zio	zio-aws-dynamodb_2.12	7.31.22.2		dd243bed1073f7e5f47743df73c8f78fa0ee3753
dev.zio	zio-aws-dynamodb_2.12	7.31.24.1		e9e7e217b1d44ef2e73ce9aa478b1894c71879c6
dev.zio	zio-aws-dynamodb_2.12	7.31.25.1		d88a72322af9e820b5b239da22a0087dce12a5ec
dev.zio	zio-aws-dynamodb_2.12	7.31.26.1		d0d21f69bd5b23202fb6e8fff4575d04304b5cee
dev.zio	zio-aws-dynamodb_2.12	7.31.26.2		c8ed5f7b7420341beb4ba4c544e07dc3a0af700d
dev.zio	zio-aws-dynamodb_2.12	7.31.27.1		65835649e7dae85ee46a2d4a3d6107c9229503a9
dev.zio	zio-aws-dynamodb_2.12	7.31.28.1		01074922a6706320a636c00c5c1f6e928364b1e2
dev.zio	zio-aws-dynamodb_2.12	7.31.3.1		8ee1f97a7f6ca94d0e208b42dd5ebe7d2dd03726
dev.zio	zio-aws-dynamodb_2.12	7.31.30.1		bd22bc961481cec169cc9677b59ed9a06ff7a290
dev.zio	zio-aws-dynamodb_2.12	7.31.4.1		d16990b7b1ad67a6fad7504e98780200798b1735
dev.zio	zio-aws-dynamodb_2.12	7.31.6.1		ca1b52f5d276ff86ecb24c70d891086b26cd550e
dev.zio	zio-aws-dynamodb_2.12	7.31.6.2		8e36530d7faa0edbf344ab41600e86baa9725a9c
dev.zio	zio-aws-dynamodb_2.12	7.31.6.3		21182b1b0576b0c11de6f38757b6286fe4b8e7cb
dev.zio	zio-aws-dynamodb_2.12	7.31.7.1		081b436491fbdb0eb621a565ed21806ec42febd8
dev.zio	zio-aws-dynamodb_2.12	7.31.8.1		1cab9072a28b5b1d884f3bbf9e762eba33f64427
dev.zio	zio-aws-dynamodb_2.12	7.31.9.1		42eeb28055545e0e0a8b8c84011ef5e3649c3fe1
eu.vendeli	rethis-iosx64	0.2.5		N/A
eu.vendeli	rethis-iosx64	0.2.5	metadata	543249e81604ae078100611af237d447a681cf8f
eu.vendeli	rethis-iosx64	0.2.6		N/A
eu.vendeli	rethis-iosx64	0.2.6	metadata	c25e93e41e6f46bda28b5e56e0779b8933ba27a3
eu.vendeli	rethis-iosx64	0.2.7		N/A
eu.vendeli	rethis-iosx64	0.2.7	metadata	9321529d7fa084201e1a3ed698f6887bdc22614a
eu.vendeli	rethis-iosx64	0.2.8		N/A
eu.vendeli	rethis-iosx64	0.2.8	metadata	e5cbd594748e802e72eb8a32ca41eb20e284e783
eu.vendeli	rethis-iosx64	0.2.9		N/A
eu.vendeli	rethis-iosx64	0.2.9	metadata	e93c3ba79960ff855deda0d424b6d04142d1d51c
io.arrow-kt	arrow-analysis-laws-watchosarm32	2.0		N/A
io.arrow-kt	arrow-analysis-laws-watchosarm32	2.0-RC		N/A
io.arrow-kt	arrow-analysis-laws-watchosarm32	2.0-RC3		N/A
io.arrow-kt	arrow-analysis-laws-watchosarm32	2.0.2		N/A
io.arrow-kt	arrow-analysis-laws-watchosarm32	2.0.2	metadata	61fe3c2d5f0bf5f5b34058ddcad413c1aa152d07
io.arrow-kt	arrow-analysis-laws-watchosarm32	2.0.2-alpha.10		N/A
io.arrow-kt	arrow-analysis-laws-watchosarm32	2.0.2-alpha.11		N/A
io.arrow-kt	arrow-analysis-laws-watchosarm32	2.0.2-alpha.12		N/A
io.arrow-kt	arrow-analysis-laws-watchosarm32	2.0.2-alpha.13		N/A
io.arrow-kt	arrow-analysis-laws-watchosarm32	2.0.2-alpha.14		N/A
io.arrow-kt	arrow-analysis-laws-watchosarm32	2.0.2-alpha.15		N/A
io.arrow-kt	arrow-analysis-laws-watchosarm32	2.0.2-alpha.16		N/A
io.arrow-kt	arrow-analysis-laws-watchosarm32	2.0.2-alpha.16	metadata	8d4b29eab7e378b24a1f64fab8df6b53d0dfb252
io.arrow-kt	arrow-analysis-laws-watchosarm32	2.0.2-alpha.17		N/A
io.arrow-kt	arrow-analysis-laws-watchosarm32	2.0.2-alpha.17	metadata	f1036d6d94d7ff730dc34f0ca251f6d8e2f0e4c9
io.arrow-kt	arrow-analysis-laws-watchosarm32	2.0.2-alpha.18		N/A
io.arrow-kt	arrow-analysis-laws-watchosarm32	2.0.2-alpha.18	metadata	1e450879210a7140f86a407f5f47066fa241e466
io.arrow-kt	arrow-analysis-laws-watchosarm32	2.0.2-alpha.19		N/A
io.arrow-kt	arrow-analysis-laws-watchosarm32	2.0.2-alpha.19	metadata	b8928205853619e2a51664e0d98bb340e216bb86
io.arrow-kt	arrow-analysis-laws-watchosarm32	2.0.2-alpha.20		N/A
io.arrow-kt	arrow-analysis-laws-watchosarm32	2.0.2-alpha.20	metadata	eee407e6677cbd647a3883b77d9096b1ccb800fd
io.arrow-kt	arrow-analysis-laws-watchosarm32	2.0.2-alpha.7		N/A
io.arrow-kt	arrow-analysis-laws-watchosarm32	2.0.2-alpha.9		N/A
io.arrow-kt	arrow-analysis-laws-watchosarm32	2.0.3-alpha.1		N/A
io.arrow-kt	arrow-analysis-laws-watchosarm32	2.0.3-alpha.1	metadata	005f42d15dfbd036497f734d06f7d75af496cdb0
io.arrow-kt	arrow-analysis-laws-watchosarm32	2.0.3-alpha.2		N/A
io.arrow-kt	arrow-analysis-laws-watchosarm32	2.0.3-alpha.2	metadata	87d07a10da6654956832e6fe55bcfd6638bfc53f
io.digified	digified_android	1.0.0		N/A
io.digified	digified_android	1.0.2		N/A
io.enabl3.android.enabl3androidsdk	referral-data	1.0.24		N/A
io.enabl3.android.enabl3androidsdk	referral-data	1.0.25		N/A
io.enabl3.android.enabl3androidsdk	referral-data	1.0.26		N/A
io.enabl3.android.enabl3androidsdk	referral-data	1.0.27		N/A
io.github.aecsocket	klam-configurate	0.1.0		fe4b2ffd9a944b0d25536e51c77f9233af3b5bb7
io.github.aecsocket	klam-configurate	0.1.1		762e04384b10683369ea7091006d32f46fd683a5
io.github.aecsocket	klam-configurate	0.1.2		762e04384b10683369ea7091006d32f46fd683a5
io.github.aecsocket	klam-configurate	0.1.3		84653eda1cc5080954a085f2171804f0720c932f
io.github.aecsocket	klam-configurate	0.1.4		c0026bb3b6c3cdb1a9b6dd97a4836b1efeaf457b
io.github.aecsocket	klam-configurate	0.2.0		b11a9ebb5c1eaf17e8b839f7b46d97c8b707cdfa
io.github.aecsocket	klam-configurate	0.2.1		b11a9ebb5c1eaf17e8b839f7b46d97c8b707cdfa
io.github.aecsocket	klam-configurate	0.2.2		b11a9ebb5c1eaf17e8b839f7b46d97c8b707cdfa
io.github.aecsocket	klam-configurate	0.2.3		b11a9ebb5c1eaf17e8b839f7b46d97c8b707cdfa
io.github.aecsocket	klam-configurate	0.2.4		b11a9ebb5c1eaf17e8b839f7b46d97c8b707cdfa
io.github.aecsocket	klam-configurate	0.2.5		b11a9ebb5c1eaf17e8b839f7b46d97c8b707cdfa
io.github.aecsocket	klam-configurate	0.2.6		b11a9ebb5c1eaf17e8b839f7b46d97c8b707cdfa
io.github.aecsocket	klam-configurate	0.3.0		3df6a2ec2d6de1a3789cbb58c04967ab5b4805ba
io.github.aecsocket	klam-configurate	0.4.0		3df6a2ec2d6de1a3789cbb58c04967ab5b4805ba
io.github.aecsocket	klam-configurate	0.4.1		1c22a94350f918beabd1fc5c712fcbb3e872147c
io.github.colagom	shared-iosarm64	1.0		N/A
io.github.colagom	shared-iosarm64	1.0	metadata	99628dfd2be72a2fa217d309a4451fea5ead1b04
io.github.colagom	shared-iosarm64	1.0.0		N/A
io.github.colagom	shared-iosarm64	1.0.0	metadata	52b6bf751984cdb099ddc211d3de0b9488bbd259
io.github.eaopen	eap-bpm-api	2.2.0		14a6774bc8b190e1f921b1d30ab79dcf18c56a71
io.github.mjarosinec.tstc	tstc-lib	0.0.1		32ea11b4a65ff1b4bd230a1778f29bdc77438cd5
io.github.normansteinhoff	fibonacci-iosarm64	1.0.8		N/A
io.github.normansteinhoff	fibonacci-iosarm64	1.0.8	metadata	24a3377a50d79f206cb00775e2a090f1edafad61
io.github.nort3x	molekool-core-wasm-js	1.0.0.alpha-1		N/A
io.github.open-accelerators	e-c-m-and-d-c-m-common	1.0.2		77599c7ab779a409c81c9677910aa309b1fd7988
io.github.openfeign.opentracing	feign-hystrix-opentracing	0.0.1		b30cad3b72f01140753d215253a299aa04989929
io.github.openfeign.opentracing	feign-hystrix-opentracing	0.0.2		d265dfe14334d771195061161147e302916080b2
io.github.openfeign.opentracing	feign-hystrix-opentracing	0.0.3		97cb7bb85f333918d4ca11c9f9ed184d372bb752
io.github.openfeign.opentracing	feign-hystrix-opentracing	0.0.4		5b44d4afa6f9a824bcdeadf1a7fef28c484f3be5
io.github.openfeign.opentracing	feign-hystrix-opentracing	0.0.5		8df7d054f925b6526997efc63e25b8c6f137075e
io.github.openfeign.opentracing	feign-hystrix-opentracing	0.1.0		6211ebf3645b2dc2154243fa68a103cf5da646a2
io.github.openfeign.opentracing	feign-hystrix-opentracing	0.1.0-RC1		2c13a91a6d36bb0c377f7942190c9861b5e81e77
io.github.openfeign.opentracing	feign-hystrix-opentracing	0.2.0		cc28a66a9e9ea8f5113dc7f30d34a414935ce17a
io.github.openfeign.opentracing	feign-hystrix-opentracing	0.3.0		c2ab90c8dd3d59a98388eb7f91a572920afa96c2
io.github.openfeign.opentracing	feign-hystrix-opentracing	0.4.0		62606edbbc57f53245730c5957ebd47969562dc6
io.github.openfeign.opentracing	feign-hystrix-opentracing	0.4.1		ab9ccc30fdb8f097bef2e0b4f4353634a57e2977
io.github.robothy	local-s3-datatypes	1.10		ad4850080e6d2eef99ebadd6df26cd60b9418644
io.github.robothy	local-s3-datatypes	1.11		decddbcebe970998ed19b1e1e831d9f1b8301a04
io.github.robothy	local-s3-datatypes	1.12		bacf012a031d85f9104367d2c1681d18887e74eb
io.github.robothy	local-s3-datatypes	1.12.1		fcf16ae911e48e141f74a72e9a9c66dd6603c053
io.github.robothy	local-s3-datatypes	1.12.2		b96b50f842a78792d72cb4b19b4018ad630a547d
io.github.robothy	local-s3-datatypes	1.13		8cf3db2114cca20e31dc3407a6d9e4522af9aa20
io.github.robothy	local-s3-datatypes	1.14		fd2240a14889fe9093c04af316774d70a0300031
io.github.robothy	local-s3-datatypes	1.15		9131ed051b4f96ff90916e32c8a124125b59f6bb
io.github.robothy	local-s3-datatypes	1.16		776478c71b61b19c6336872911fb8dbe25922a2a
io.github.robothy	local-s3-datatypes	1.17		f239fa25cd16d4804f4f645f9bde5080193c0933
io.github.robothy	local-s3-datatypes	1.18		6689aed31ad7b22b5f2541555b0c4b6d102f5be7
io.github.robothy	local-s3-datatypes	1.19		75f9e190bc48b0859c8a2ff9bac1111aeab9d219
io.github.robothy	local-s3-datatypes	1.2		ef16f2c9cea82807b1a4bd5eef3548e8719df7e3
io.github.robothy	local-s3-datatypes	1.20		4d1ae96af34314fb57daaf21f4aa0618761ba5c6
io.github.robothy	local-s3-datatypes	1.21		02bdb31ad25f8b79939222a76128d48de2e53f1c
io.github.robothy	local-s3-datatypes	1.22		b9a566ee7740750131d2426d03123f3c95e481f5
io.github.robothy	local-s3-datatypes	1.4		54c7f0b0b63a91eb342bf20744e20c54a2bd78f3
io.github.robothy	local-s3-datatypes	1.5		b068eb7ca62f42bfca51b169c503d94b18f6b42e
io.github.robothy	local-s3-datatypes	1.6		75d35518e20eb570ac3a85dc0074c99884ecb124
io.github.robothy	local-s3-datatypes	1.7		f6020939bb17172a1c2d757d5ecb93a473e992bd
io.github.robothy	local-s3-datatypes	1.8		736c5a760669e4ddc60761f278bb9a5028422771
io.github.robothy	local-s3-datatypes	1.9		4556fa323db5a3d80db2302e3b332bdec2f9e14c
io.github.shabinder	zipline-jvm	1.10.0-LEGACY		67133f840798b8f57448e62be14747bf4d8ea2b7
io.github.shabinder	zipline-jvm	1.17.0-CUSTOM		a230f0ba5d1043d0fbf16f07c85eb137b7f9aa55
io.github.shabinder	zipline-jvm	1.17.1-CUSTOM		d5ee6e8884be32ddb5fd73205d6d205c18c6eaf7
io.github.shabinder	zipline-jvm	1.17.2-CUSTOM		d5ee6e8884be32ddb5fd73205d6d205c18c6eaf7
io.github.shabinder	zipline-jvm	1.17.3-CUSTOM		934f415dbe7ab9f14a1af5d59b6d059b4648a398
io.github.shabinder	zipline-jvm	1.17.4-CUSTOM		e5dbcb279241d388ad41ebe26747eabc989e95c6
io.github.shabinder	zipline-jvm	1.17.5-CUSTOM		22cce76859559d6103e5879a784239b514b4a5f4
io.github.shabinder	zipline-jvm	1.18.5-CUSTOM		e94684fc0840a38477b5574fb68f59c52df0ff0c
io.kevinlee	extras-doobie-newtype-ce2_2.13	0.38.0		aae2e75976e8d339631155186379bb9059ee2698
io.kevinlee	extras-doobie-newtype-ce2_2.13	0.39.0		66c8a83271e93ec35e4f9b74e20cdb354c2f66be
io.kevinlee	extras-doobie-newtype-ce2_2.13	0.40.0		5fe367be8c0df8e97a553fb7351f9dab39d096c5
io.kevinlee	extras-doobie-newtype-ce2_2.13	0.41.0		306b9c4364c7c24960b07ea845092430106d16f0
io.kevinlee	extras-doobie-newtype-ce2_2.13	0.42.0		894e6e6a3a48f3ff41fb4c20355e88c668a99e18
io.kevinlee	extras-doobie-newtype-ce2_2.13	0.43.0		62a252778f817c267a6cacf662a2cf41ef548cae
io.kevinlee	extras-doobie-newtype-ce2_2.13	0.44.0		0cc4912cd60077637d728b83227992857bc1368a
io.kotest	kotest-framework-engine-js	2.4.1		2881af6b87ab4cc83549bce5553e9f10ce098866
io.kotest	kotest-framework-engine-js	4.2.0		07e4c40b4045e9c9bd9ce2fc01cb19dde571ed39
io.kotest	kotest-framework-engine-js	4.2.0.RC3		22a92146fa6bf2f123cde3a35bf9fd30a41c39c9
io.kotest	kotest-framework-engine-js	4.2.2		0337b922f89069fa29264471902ce9b10d84614a
io.kotest	kotest-framework-engine-js	4.2.3		1f08694fcd2ca744b78945838064ac09d10823cc
io.kotest	kotest-framework-engine-js	4.2.4		e5091486618153c18396d2bbd71d4db1590c1b6a
io.kotest	kotest-framework-engine-js	4.2.5		461d6fd4b2cdb616fe4a65d1fb40aaf042782556
io.kotest	kotest-framework-engine-js	4.2.6		a447df424b6defd8394bbfb76df500cc4ff24c4c
io.kotest	kotest-framework-engine-js	4.3.0		84856ea992bc671613061f7d708931d13f652cc8
io.kotest	kotest-framework-engine-js	4.3.1		702ff58aa21bb94226b5e47c688fa934ac5c29a1
io.kotest	kotest-framework-engine-js	4.3.2		b44a976b60407c3fab20e7b904c9e179c4ff81a6
io.kotest	kotest-framework-engine-js	4.4.0		327b9e55905ac5ea6f9e539b77347100fb66624e
io.kotest	kotest-framework-engine-js	4.4.0.RC1		8fa442ace76366ddeaf19ac0e8c1a6a00bbad77b
io.kotest	kotest-framework-engine-js	4.4.0.RC2		5dbeeaaa1ec7357802c77b03db2f23dd4a06d7d1
io.kotest	kotest-framework-engine-js	4.4.0.RC3		eb1afce5b7e464e7768f0559c3a8d0a6abcf5532
io.kotest	kotest-framework-engine-js	4.4.1		cf36ac79c725cd78233b3b6fa74ae17149a693f7
io.kotest	kotest-framework-engine-js	4.4.2		cfc140ed771f4f1f3e4e1c1a2c6975cc486b9b71
io.kotest	kotest-framework-engine-js	4.4.3		1ca1eb8d4d90b356a15b4fc0277f071bde4e14c3
io.kotest	kotest-framework-engine-js	4.5.0		a0188e6edd9eb92286aed2faf566b35524e81af4
io.kotest	kotest-framework-engine-js	4.5.0.RC1		1c6d4f3f2ec9a3ab553d313cda0227fd69992457
io.kotest	kotest-framework-engine-js	4.6.0		4949e8a7ade3dfb3ed7011f4f57351a5d91a3c6b
io.kotest	kotest-framework-engine-js	4.6.1		e6998149704102c88daf03cfdfd83f19fa86fc1b
io.kotest	kotest-framework-engine-js	4.6.2		04205af5b110085d0ef6855383fbf41f48489914
io.kotest	kotest-framework-engine-js	4.6.3		a6ed509beacb33dd9af8ee6433c0ed718681d49e
io.kotest	kotest-framework-engine-js	4.6.4		0502081bf84d2c6ee8d4083bfd607342587b734d
io.kotest	kotest-framework-engine-js	5.0.0		N/A
io.kotest	kotest-framework-engine-js	5.0.0.M1		N/A
io.kotest	kotest-framework-engine-js	5.0.0.M2		N/A
io.kotest	kotest-framework-engine-js	5.0.0.M3		N/A
io.kotest	kotest-framework-engine-js	5.0.0.M4		N/A
io.kotest	kotest-framework-engine-js	5.0.0.RC		N/A
io.kotest	kotest-framework-engine-js	5.0.0.RC2		N/A
io.kotest	kotest-framework-engine-js	5.0.1		N/A
io.kotest	kotest-framework-engine-js	5.0.2		N/A
io.kotest	kotest-framework-engine-js	5.0.3		N/A
io.kotest	kotest-framework-engine-js	5.1.0		N/A
io.kotest	kotest-framework-engine-js	5.2.0		N/A
io.kotest	kotest-framework-engine-js	5.2.1		N/A
io.kotest	kotest-framework-engine-js	5.2.2		N/A
io.kotest	kotest-framework-engine-js	5.2.3		N/A
io.kotest	kotest-framework-engine-js	5.3.0		N/A
io.kotest	kotest-framework-engine-js	5.3.1		N/A
io.kotest	kotest-framework-engine-js	5.3.2		N/A
io.kotest	kotest-framework-engine-js	5.4.0		c4578af44b746dbecbbdccfb3f33c944277f47e3
io.kotest	kotest-framework-engine-js	5.4.1		e08807d97a5f9b3e58e8d5f46b9e38daa0aa7ae3
io.kotest	kotest-framework-engine-js	5.4.2		93f7df9a28de7842d930d965e56d7127212aee22
io.kotest	kotest-framework-engine-js	5.5.0		adb96f978f0819d04888e3da5517fe815e8f9b30
io.kotest	kotest-framework-engine-js	5.5.1		0b03a130216f771810ae8e307dfa8b15aea4c888
io.kotest	kotest-framework-engine-js	5.5.2		b79b80079b5614c0229a28fcd4e85210cc1c8fcc
io.kotest	kotest-framework-engine-js	5.5.3		bf81bc1f0e6e0d2c3a053a822f6e9dbdd1841899
io.kotest	kotest-framework-engine-js	5.5.4		28080ff9c0c8b3f95e5b0127d89a3780df755c06
io.kotest	kotest-framework-engine-js	5.5.5		d54e79f3e3f4d65d4c5e1c8e72f1b60dfa7b1b0e
io.kotest	kotest-framework-engine-js	5.6.0		N/A
io.kotest	kotest-framework-engine-js	5.6.1		N/A
io.kotest	kotest-framework-engine-js	5.6.2		N/A
io.kotest	kotest-framework-engine-js	5.7.0		N/A
io.kotest	kotest-framework-engine-js	5.7.1		N/A
io.kotest	kotest-framework-engine-js	5.7.2		N/A
io.kotest	kotest-framework-engine-js	5.8.0		N/A
io.kotest	kotest-framework-engine-js	5.8.1		N/A
io.kotest	kotest-framework-engine-js	5.9.0		N/A
io.kotest	kotest-framework-engine-js	5.9.1		N/A
io.kotest	kotest-framework-engine-js	6.0.0.M1		N/A
io.kotest	kotest-framework-engine-js	6.0.0.M2		N/A
io.kotest	kotest-framework-engine-js	6.0.0.M3		N/A
io.springboot.plugin	screw-extension	0.0.1		92dd44c911aba0e9a520c94d2cec24edb2e70ace
io.springboot.plugin	screw-extension	0.0.2		ff466ae1dc093597595e9a74b3c8215ae21e89d0
io.springboot.plugin	screw-extension	0.0.3		b26335bd597109322d13266d37b9ee7b72b0445f
it.tidalwave.bluebill	bluebill-core-modules	0.16		N/A
it.tidalwave.bluebill	bluebill-core-modules	0.17		N/A
it.tidalwave.bluebill	bluebill-core-modules	0.18		N/A
it.tidalwave.bluebill	bluebill-core-modules	0.19		N/A
it.tidalwave.bluebill	bluebill-core-modules	0.20		N/A
it.tidalwave.bluebill	bluebill-core-modules	0.21		N/A
it.tidalwave.bluebill	bluebill-core-modules	0.22		N/A
net.cilib	cilib_2.11	2.0.0-M1		550f62e2e5ae9536eba18611e842d59bf71e672d
net.exoego	aws-sdk-scalajs-facade-lexmodelsv2_sjs1_2.13	0.33.0-v2.892.0		d930c71656f6ae0e654a9d0ed4bbf66443d435f4
net.silthus.schat	schat-bukkit	1.0.0		1f69a952698c5a1dd093df3bb8f936f81512d93f
net.silthus.schat	schat-bukkit	1.0.0-alpha.5		6055f5b5905f2eba4f31c9060e8d44940a76dc6a
net.silthus.schat	schat-bukkit	1.0.1		bcaedbaaf3706d6ae33a4c319c72242c789eda8f
org.apache.camel.karaf	camel-jsonata	4.10.3		f2a8d97baaa089b6ddc9150e5c70b01f08d56be4
org.apache.camel.karaf	camel-jsonata	4.7.0		294a85b8cab90658645d94f676da614d94d48714
org.apache.camel.karaf	camel-jsonata	4.8.1		942e3eb9e5dfe3d94e83670f4524de03bea44382
org.apache.camel.karaf	camel-jsonata	4.8.2		847b6ac6cbc6f9d7640dcfd73962b7d2fbf9bd75
org.apache.camel.karaf	camel-jsonata	4.8.5		14d527c4b03f7d18b89b55d1bfeffa733e241d41
org.apache.camel.karaf	camel-jsonata	4.8.6		a8ca38e6c3786b56274992305cb78f250e7c7941
org.apache.camel.karaf	camel-jsonata	4.9.0		9ae93abc90c6416ab9e4a678039e94d1b1744c35
org.apache.camel.quarkus	camel-quarkus-google-pubsub-parent	1.0.0-CR2		N/A
org.apache.camel.quarkus	camel-quarkus-jsonata	1.6.0		06d1f31955d5c418652258a6d24e8f938bdbcd9c
org.apache.camel.quarkus	camel-quarkus-jsonata	1.7.0		bce64f77ee4eb817894e612c4745f9dd3262ca48
org.apache.camel.quarkus	camel-quarkus-jsonata	1.8.0		108a55f7f029f3a48b3b9a86fbcdf537e50ba5b2
org.apache.camel.quarkus	camel-quarkus-jsonata	1.8.1		ad4cba1d89393ce831b76b345972bb0cdf742fa1
org.apache.camel.quarkus	camel-quarkus-jsonata	2.0.0		401c56cddd50de5c68132aa07c61d32d5e538993
org.apache.camel.quarkus	camel-quarkus-jsonata	2.0.0-M1		9180f659210a8e051dc2d458fd59d553df8534b1
org.apache.camel.quarkus	camel-quarkus-jsonata	2.0.0-M2		007275b692c6cc03ab89800632600d6bcdcbb689
org.apache.camel.quarkus	camel-quarkus-jsonata	2.1.0		a770a7d7f9a71e8c0e8f89730cceafa6d72e75ab
org.apache.camel.quarkus	camel-quarkus-jsonata	2.10.0		77b5df7b733e96ed8703a48a781c4319878c504b
org.apache.camel.quarkus	camel-quarkus-jsonata	2.11.0		76aabcd7b4bb61fbbe03c95c37f50bf81f663d98
org.apache.camel.quarkus	camel-quarkus-jsonata	2.12.0		4bbd985bd1798139d0cee7377dc069a63e2a1737
org.apache.camel.quarkus	camel-quarkus-jsonata	2.13.0		19618f5c4094de1bdab6e4bb302018f57f5274a3
org.apache.camel.quarkus	camel-quarkus-jsonata	2.13.1		7353e635b707fa6503cb7c56d4e0a04f6ebb717a
org.apache.camel.quarkus	camel-quarkus-jsonata	2.13.2		e97eef4e320432719a5ddda91b2dd137757564b9
org.apache.camel.quarkus	camel-quarkus-jsonata	2.13.3		d1d23b52dd01e83bd61210195ec43b904c38a27e
org.apache.camel.quarkus	camel-quarkus-jsonata	2.14.0		c73ea66074e30d20fb2e6acabc74205dfbe10281
org.apache.camel.quarkus	camel-quarkus-jsonata	2.15.0		b3c921f77858434afacf1dc69ca8ee6bbe2f942f
org.apache.camel.quarkus	camel-quarkus-jsonata	2.16.0		da29432eb6ba550abd50ac6c876be4a283fad507
org.apache.camel.quarkus	camel-quarkus-jsonata	2.2.0		ae09f577bde56ccd80a17c924c9e9c6b0eb98554
org.apache.camel.quarkus	camel-quarkus-jsonata	2.2.1		52869733a9ac555633f96edbc6e24f08dd60eed2
org.apache.camel.quarkus	camel-quarkus-jsonata	2.3.0		950afa2ec1d744c7229371a21eb9137a409423db
org.apache.camel.quarkus	camel-quarkus-jsonata	2.4.0		e9fa305344c0c9d82383f3042fb191291ca3a3a7
org.apache.camel.quarkus	camel-quarkus-jsonata	2.5.0		5fc4edb80c3a27b88ad8464df8c84bd3e3df1a9a
org.apache.camel.quarkus	camel-quarkus-jsonata	2.6.0		864b0e0e9f1c8d8ac0019a72b6d22764a630c16a
org.apache.camel.quarkus	camel-quarkus-jsonata	2.7.0		936f26dd3ee70c9e2b1f28fe292bf506d39cad3b
org.apache.camel.quarkus	camel-quarkus-jsonata	2.7.1		6f04e6fe73520440befd32fe7314ab4774deb356
org.apache.camel.quarkus	camel-quarkus-jsonata	2.7.2		d44265d6702e38be999ca92163139f0aac2e615c
org.apache.camel.quarkus	camel-quarkus-jsonata	2.8.0		93bc42c3d0e4dc7503efd4fea3cade680597f00b
org.apache.camel.quarkus	camel-quarkus-jsonata	2.8.0-M1		f5cc00add39f03544aeaaacd57b071f5b5d13481
org.apache.camel.quarkus	camel-quarkus-jsonata	2.9.0		8ce0e3a29b38147b3844ab83069a39a8b050b027
org.apache.camel.quarkus	camel-quarkus-jsonata	3.0.0-M1		63448372bae85c9eae230906b3b25bb992c17e8e
org.apache.camel.quarkus	camel-quarkus-jsonata	3.0.0-M2		ed8ca9e2d901dcc05f98e42a3cf7e21c724e8690
org.apache.camel.quarkus	camel-quarkus-jsonata	3.0.0-RC1		8598601247abf8fa1eac568b9f0b2b3cb8705de0
org.apache.camel.quarkus	camel-quarkus-jsonata	3.0.0-RC2		724cf18db4a607334d3a85b6bac863f55223af9f
org.apache.camel.quarkus	camel-quarkus-jsonata	3.10.0		f99fff439823bdaf6355110b2b06f636da45e745
org.apache.camel.quarkus	camel-quarkus-jsonata	3.11.0		81393d3754e33b32fdf1c62213a948ff0a5070d7
org.apache.camel.quarkus	camel-quarkus-jsonata	3.12.0		750a4660aa2a07a8492ecd79205e917a69204115
org.apache.camel.quarkus	camel-quarkus-jsonata	3.13.0		da5106de62c2ccced6dbdcda9464d36c821585ad
org.apache.camel.quarkus	camel-quarkus-jsonata	3.14.0		f8397512b80eb9e773f749e83c6fd43c38b90f90
org.apache.camel.quarkus	camel-quarkus-jsonata	3.15.0		7586ae2dc5c47e9904c47ca9295a4b017b2cc21c
org.apache.camel.quarkus	camel-quarkus-jsonata	3.15.1		a2e4fed5e11186b2f612fa70f7207a4d950adc68
org.apache.camel.quarkus	camel-quarkus-jsonata	3.15.2		80e772a573a8c538587c29e0a3868589abec7dd0
org.apache.camel.quarkus	camel-quarkus-jsonata	3.15.3		533d9ef78e277cbfad3d0ba6d27297d64c44125c
org.apache.camel.quarkus	camel-quarkus-jsonata	3.16.0		53fa3e3026727900694f2d30a3d44d766c955d67
org.apache.camel.quarkus	camel-quarkus-jsonata	3.17.0		6278e8026b121067665f62240f6e1e7d08de9f01
org.apache.camel.quarkus	camel-quarkus-jsonata	3.18.0		d1019da195a4961d91fb63f46095c446957a4826
org.apache.camel.quarkus	camel-quarkus-jsonata	3.19.0		8038d28795f7559c4eb2bd351f304bb381bcbd78
org.apache.camel.quarkus	camel-quarkus-jsonata	3.2.0		eb8ee5f2b18fbca078550bba1fbdcecd6c1fffdb
org.apache.camel.quarkus	camel-quarkus-jsonata	3.2.1		926bcda5140b0ae34a676bf8fc3f8a8a8dd0fd43
org.apache.camel.quarkus	camel-quarkus-jsonata	3.2.2		0e685d2bbb80bf95432e08d29e8b69ca3635b547
org.apache.camel.quarkus	camel-quarkus-jsonata	3.2.3		91ec190d14d6a783851c0f666196acda1c51af18
org.apache.camel.quarkus	camel-quarkus-jsonata	3.20.0		e430516f0ae4e27a626b00b27cddf65bf8062eab
org.apache.camel.quarkus	camel-quarkus-jsonata	3.22.0		9cfe01e628dd713203d71cca32fd23926aedf5b9
org.apache.camel.quarkus	camel-quarkus-jsonata	3.4.0		b64a00d3d43c4276c5adb4d2878350213ddf7600
org.apache.camel.quarkus	camel-quarkus-jsonata	3.5.0		246a7b0f6446b9e19a5fda38ea80ad4185c69b90
org.apache.camel.quarkus	camel-quarkus-jsonata	3.6.0		380ffbe9a35f942703fe94a2a5addc44f43f32c8
org.apache.camel.quarkus	camel-quarkus-jsonata	3.7.0		267233341a2007e59c9e626a3e652f6fa9d57480
org.apache.camel.quarkus	camel-quarkus-jsonata	3.8.0		db6af8f4746b8fbf8ef01dc7f972f1ae0bb6af4c
org.apache.camel.quarkus	camel-quarkus-jsonata	3.8.1		ccbd4930ec381ec6fc29462d99cf55d9d638b3c1
org.apache.camel.quarkus	camel-quarkus-jsonata	3.8.2		310c1829c145904f8fb3969265f318eb766119a6
org.apache.camel.quarkus	camel-quarkus-jsonata	3.8.3		d9cd34d3768e547f23d14a7eeb9cb4a133fa4caf
org.apache.camel.quarkus	camel-quarkus-jsonata	3.8.4		e9405be95c750ab32c626d1ea9a77842e0f705b7
org.apache.camel.quarkus	camel-quarkus-jsonata	3.9.0		6fd8161f8c7defd78361a2d8c33f475097a37a29
org.apache.causeway.core	causeway-core-security	2.0.0		cb120f2108e3145cc957282dbace3d2acae10fc3
org.apache.causeway.core	causeway-core-security	2.0.0-RC1		83c9ca1bc66b520c93cc0d5749842bf9668a3381
org.apache.causeway.core	causeway-core-security	2.0.0-RC2		a0748af803578133d4b9e58ccd2721d0e457adeb
org.apache.causeway.core	causeway-core-security	2.0.0-RC3		e1be0622e460223be94787c1760d9f95538f22cb
org.apache.causeway.core	causeway-core-security	2.0.0-RC4		4ee61edb282059b8053ee11ed3261ce7fd63a1f5
org.apache.causeway.core	causeway-core-security	2.1.0		d439ca02ea8da2f77dbd6ba33cefb566bfcca730
org.apache.causeway.core	causeway-core-security	3.0.0		bdd7c183656355f553b63df6ced0979f5f219ff8
org.apache.causeway.core	causeway-core-security	3.1.0		a6ca764277b9a8b698f36821444a9b42f217f75e
org.apache.causeway.core	causeway-core-security	3.2.0		11cac89dbc355a458fa65db8175e998eae6a7aba
org.apache.causeway.core	causeway-core-security	3.3.0		eac98e20f9fb2e5df6cd48a7d0cbf705423d35de
org.apache.seatunnel	checkpoint-storage-local-file	2.3.0		888271c3c4309ee2cdc396290ea2bf3765c45236
org.apache.seatunnel	checkpoint-storage-local-file	2.3.0-beta		48c40095e66556525c1844398a2c8c2fb441f865
org.apache.seatunnel	checkpoint-storage-local-file	2.3.1		b89187c1a3ac3b9a1d3cbf24dff19673c25a3fbe
org.apache.seatunnel	checkpoint-storage-local-file	2.3.10		4107a4be65c9bbeee8d1c28e6b30e006008982ad
org.apache.seatunnel	checkpoint-storage-local-file	2.3.2		08e3194142ff89f74c8d0dcf2774d7937c8dbe9f
org.apache.seatunnel	checkpoint-storage-local-file	2.3.3		31ddf8fadb916fcb5fcfb2465ded596627390f91
org.apache.seatunnel	checkpoint-storage-local-file	2.3.4		9e70cd8a98e68401276700843eb0edacc8fb011e
org.apache.seatunnel	checkpoint-storage-local-file	2.3.5		1f9159a9acdbc99727fbc41c93e4e12b3bcee10a
org.apache.seatunnel	checkpoint-storage-local-file	2.3.6		9ed59f8c2c6a06e896cbf538b84a9fbf587c31bd
org.apache.seatunnel	checkpoint-storage-local-file	2.3.7		8a3deccc3ea4865b95fd315e7667caa547c7a8b8
org.apache.seatunnel	checkpoint-storage-local-file	2.3.8		24a49306c725c10fa4e25dc442805fc61c4be225
org.apache.seatunnel	checkpoint-storage-local-file	2.3.9		f2e993c70fde6279187711ba501f1290f4622d51
org.beryx	streamplify	1.0.0		8136188a9c51f4b35610b54900a1a7fec06aab6a
org.beryx	streamplify	1.1.0		8a4c49d3aad858daad6d86407047e49a699210d1
org.beryx	streamplify	1.1.1		eb792c8ddf5b90c899746f39ee3a62ecf813aac9
org.codehaus.modello	modello-db-keywords	1.0-alpha-15		bf84095e11e3457e8bceeece944d012a5d3a2456
org.codehaus.modello	modello-db-keywords	1.0-alpha-16		528d79f859bd5ec1988425e6ef6d9b45ddf8510f
org.codehaus.modello	modello-db-keywords	1.0-alpha-17		34d8ce4689d314ae47715fc4f8494cdeff236cf8
org.codehaus.modello	modello-db-keywords	1.0-alpha-18		3dd08fb883e1304c6fc62c15f20916d65e3d0b30
org.codehaus.modello	modello-db-keywords	1.0-alpha-19		a2a2ccdcc16d150c77a5a86a5c00d24d8a8dda97
org.codehaus.modello	modello-db-keywords	1.0-alpha-20		ac6fbf5942499fbf51552c54d1ef4390eea74e2c
org.codehaus.modello	modello-db-keywords	1.0-alpha-21		3b7a97e2b8ed959889f98a19aa23b82865139951
org.eclipse.pde	org.eclipse.pde.ui	3.10.0		fb4e08704dd91e2303ef18e22f7081def8f6cce2
org.eclipse.pde	org.eclipse.pde.ui	3.10.100		4dd3b80175b28a3887721a23714086a0455743f0
org.eclipse.pde	org.eclipse.pde.ui	3.10.200		0b665c978cb69bcb3e4c64bbc72db1a5405cb9c7
org.eclipse.pde	org.eclipse.pde.ui	3.10.400		abce8df1dc0da51244588e7cc1d4ae62784bf3c9
org.eclipse.pde	org.eclipse.pde.ui	3.10.50		a490111fe7ee8f1ad091258121e09ffec51ca96d
org.eclipse.pde	org.eclipse.pde.ui	3.10.500		cc097cfa9e52bf9d39d62324a56410945ab62fbd
org.eclipse.pde	org.eclipse.pde.ui	3.10.51		ed800e8ef8eae3aba47218499329ddc06e184d9c
org.eclipse.pde	org.eclipse.pde.ui	3.10.52		849e481c212f119ffd1b3b4e26ead1c284f09141
org.eclipse.pde	org.eclipse.pde.ui	3.10.600		8c7aa9874a4140902c30f110f60ee02f5cc47981
org.eclipse.pde	org.eclipse.pde.ui	3.11.0		e06cf5c61d552bd000f7dbc9ef6d9942d8f76bf4
org.eclipse.pde	org.eclipse.pde.ui	3.11.100		ad7359ebb6bf0f2394ded88872efb4fe3eec08f1
org.eclipse.pde	org.eclipse.pde.ui	3.11.200		d3beb88f5d322c967550928f5526bc6b9e6011ee
org.eclipse.pde	org.eclipse.pde.ui	3.11.300		3ecaa7085d50ec1836ae3c841b1fd3b52b5f6d7d
org.eclipse.pde	org.eclipse.pde.ui	3.11.400		f18be7aa40c04bcc597efe2da6741d804d3d6d8d
org.eclipse.pde	org.eclipse.pde.ui	3.12.0		02629b9569edf08a0e022eedfde91b71e1aeda7c
org.eclipse.pde	org.eclipse.pde.ui	3.12.100		ff307f4839acf1d06b3a168b7337b57e6929768a
org.eclipse.pde	org.eclipse.pde.ui	3.13.0		8ab15067e5115aa0876a26ed04efde15d886eedb
org.eclipse.pde	org.eclipse.pde.ui	3.13.100		2bbf2645eaa837415987ebbad7ba8291e3106f98
org.eclipse.pde	org.eclipse.pde.ui	3.13.200		0bdf58c035853dd17d97e29858f7a92fd5412373
org.eclipse.pde	org.eclipse.pde.ui	3.13.300		e49ad03c73940edfe5cb0441caeaaea577cfe225
org.eclipse.pde	org.eclipse.pde.ui	3.13.400		4ea22fa2507604a6d1a4812a1d2924bfe45f6a82
org.eclipse.pde	org.eclipse.pde.ui	3.13.500		06ab0f644a2b74e44acea3691c4c15534792360c
org.eclipse.pde	org.eclipse.pde.ui	3.13.600		0546c124ac271f2105f20b060dc26ad39f2dcf1b
org.eclipse.pde	org.eclipse.pde.ui	3.13.700		217677aaf6f2c5b85e12328b2b98f7b63dc232cc
org.eclipse.pde	org.eclipse.pde.ui	3.13.800		a1639b77aa25d00352190f51c00a3896762d4024
org.eclipse.pde	org.eclipse.pde.ui	3.14.0		1ca4878c09bbdeff44e7fa5436151af4b132331f
org.eclipse.pde	org.eclipse.pde.ui	3.14.100		2e8eba8c5bf7179fe29dd97340ebe620acf47210
org.eclipse.pde	org.eclipse.pde.ui	3.15.0		b04ae457f47d2aeca61f64ed64e9bb7b6d26809b
org.eclipse.pde	org.eclipse.pde.ui	3.15.100		4f1367b7e225ba29465d394c67d64625cac12a0b
org.eclipse.pde	org.eclipse.pde.ui	3.15.200		b5ec33948b8eac6eeb9634bf82088cf54efba0ec
org.eclipse.pde	org.eclipse.pde.ui	3.15.300		b1e3276aa56dfbaa712da978893d8ffe6b6ac26f
org.eclipse.pde	org.eclipse.pde.ui	3.15.400		69f3457dccac422731aaad38bbf351ee9fba43c5
org.eclipse.pde	org.eclipse.pde.ui	3.16.0		529d5ec9b76083ab061142621736ca5f81570747
org.eclipse.pde	org.eclipse.pde.ui	3.9.100		b1de522eab78520207445c051614d80c91396565
org.hawkular.metrics	hawkular-htpasswd	0.31.2.Final		8bb4a3dc61b84b5a296e73a5e467ec405f8561eb
org.opencredo.esper	simple-esper-si-sample	2.0		9538e2873c0d7bb72ce1be4750c1110ed2bdb0ab
org.opencredo.esper	simple-esper-si-sample	2.1		ef7140d2a3e484c4e5b0151df7c463178aef8ae2
org.scalatestplus	scalatestplus-testng_2.12	1.0.0-M1		21dd75f48d5b9f77963ee346eb86df19f3ea0003
org.scalatestplus	scalatestplus-testng_2.12	1.0.0-M2		92a1bfd9fefae051c113421ff7c03d5d496e12ce
org.scalatestplus	scalatestplus-testng_2.12	1.0.0-SNAP1		9ed6b0f4719736b308b0c1712d14f6bb583ba550
org.scalatestplus	scalatestplus-testng_2.12	1.0.0-SNAP2		d9f96649006073c43c91be339d83d39ed893420d
org.scalatestplus	scalatestplus-testng_2.12	1.0.0-SNAP3		0d7bc82d8a9b0a1611221bc43f49242cd29b0a51
org.scalatestplus	scalatestplus-testng_2.12	1.0.0-SNAP4		9cb11123db4dc5e63e16dabee1e4fd55cdfe9228
org.scalatestplus	scalatestplus-testng_2.12	1.0.0-SNAP5		99f006b870edf260dca5b58d85bfb149a45e0e17
org.scalatestplus	scalatestplus-testng_2.12	1.0.0-SNAP6		9c49a24ff5606ead327064a6a337949d6536369e
org.scalatestplus	scalatestplus-testng_2.12	1.0.0-SNAP7		f4b32e420149e9a12abf68c4b549435b9540d4a2
org.scalatestplus	scalatestplus-testng_2.12	1.0.0-SNAP8		109db6b30a8357544e709bc24d4848dc48c75b4f
org.skyscreamer	yoga-demo-jaxrs-shared	1.0.2		78c55834ceaba89e9c9052c5390803ac2728428c
org.skyscreamer	yoga-demo-jaxrs-shared	1.0.4		6a2a47efa217c959db74f47fe4682789b347d8ff
org.skyscreamer	yoga-demo-jaxrs-shared	1.0.5		cea7d2411578e9ab72ea562fde293a4a4131bdfb
org.skyscreamer	yoga-demo-jaxrs-shared	1.0.6		03562d4e02ff65d6964824c9c87392ea0e857f8c
org.webjars.bowergithub.polygonplanet	encoding.js	1.0.26		048b217098d6eab89c781e36bde8268195362290
org.webjars.bowergithub.polygonplanet	encoding.js	1.0.28		6c6ca84b8af8f7b203fd5023642b02a4307bf09d
org.webjars.bowergithub.polygonplanet	encoding.js	1.0.30		d107d6a8fef39f8d84a5f1bf682d9a8314738762
org.webjars.bowergithub.polygonplanet	encoding.js	2.0.0		33fc515f782df0889c44c775cdd9dc65ba5b24a4
org.webjars.bowergithub.sindresorhus	is-stream	1.1.0		67a5fdc1707c26ae16955003a9fc72f4a110360c
org.webjars.npm	speech-to-element	0.1.66		03fcd7c148c7d3969c064f85740df6c180027eaa
org.webjars.npm	webview-nodejs	0.1.3		7200650f2ce926ed5a90deddb52b8953c59f3de7
org.webjars.npm	webview-nodejs	0.1.5		ad947040de67b5a76a4857d86e80e748fddab961
pro.respawn	apiresult-wasm-wasi	2.0.0-beta01		N/A
tz.co.asoft	later-test-expect-watchosx86	0.0.51		N/A
tz.co.asoft	later-test-expect-watchosx86	0.0.60		N/A
tz.co.asoft	later-test-expect-watchosx86	0.0.61		N/A
tz.co.asoft	later-test-expect-watchosx86	0.0.62		N/A
tz.co.asoft	later-test-expect-watchosx86	0.0.63		N/A
tz.co.asoft	later-test-expect-watchosx86	0.0.64		N/A
tz.co.asoft	later-test-expect-watchosx86	1.4.0		N/A
tz.co.asoft	later-test-expect-watchosx86	1.4.10		N/A
tz.co.asoft	later-test-expect-watchosx86	1.4.11		N/A
tz.co.asoft	later-test-expect-watchosx86	1.4.12		N/A
tz.co.asoft	later-test-expect-watchosx86	1.4.20		N/A
tz.co.asoft	later-test-expect-watchosx86	1.4.30		N/A
tz.co.asoft	later-test-expect-watchosx86	1.4.40		N/A
tz.co.asoft	later-test-expect-watchosx86	1.4.50		N/A
tz.co.asoft	later-test-expect-watchosx86	1.4.60		N/A
tz.co.asoft	later-test-expect-watchosx86	1.4.61		N/A
tz.co.asoft	later-test-expect-watchosx86	1.4.62		N/A
tz.co.asoft	later-test-expect-watchosx86	1.5.0		N/A
tz.co.asoft	later-test-expect-watchosx86	1.5.0	metadata	74f4a4d714385f11b6ece346e0df62e61a83102e
