app.softwork.kotlin.actions	ktor-engine	0.0.10		b3b8bf147a210c2f0912cf8f759f1daa4e93153b
app.softwork.kotlin.actions	ktor-engine	0.0.11		b3b8bf147a210c2f0912cf8f759f1daa4e93153b
app.softwork.kotlin.actions	ktor-engine	0.0.12		b3b8bf147a210c2f0912cf8f759f1daa4e93153b
app.softwork.kotlin.actions	ktor-engine	0.0.13		b3b8bf147a210c2f0912cf8f759f1daa4e93153b
app.softwork.kotlin.actions	ktor-engine	0.0.14		b3b8bf147a210c2f0912cf8f759f1daa4e93153b
app.softwork.kotlin.actions	ktor-engine	0.0.15		b3b8bf147a210c2f0912cf8f759f1daa4e93153b
app.softwork.kotlin.actions	ktor-engine	0.0.16		b3b8bf147a210c2f0912cf8f759f1daa4e93153b
app.softwork.kotlin.actions	ktor-engine	0.0.17		4a2b0530c6748a26507ba65dad6b356852a4267b
app.softwork.kotlin.actions	ktor-engine	0.0.5		b3b8bf147a210c2f0912cf8f759f1daa4e93153b
app.softwork.kotlin.actions	ktor-engine	0.0.6		9fa905d86d6a9e924e47001681bc7391e3aeb832
app.softwork.kotlin.actions	ktor-engine	0.0.7		9fa905d86d6a9e924e47001681bc7391e3aeb832
app.softwork.kotlin.actions	ktor-engine	0.0.8		b3b8bf147a210c2f0912cf8f759f1daa4e93153b
app.softwork.kotlin.actions	ktor-engine	0.0.9		b3b8bf147a210c2f0912cf8f759f1daa4e93153b
ch.cern.hadoop	hadoop-hdfs-native-client	3.2.1		67a1c168b2eeb6ce23390261f384ae3bac14975f
com.antiaction	common-cli	0.2.0		f8f5b55352ff81f3575e3f9da07a0eeb3b9ac930
com.github.120011676	credential-common	0.0.1		e8dbbbc358a038845f69efe7c6a5843a586fabf1
com.github.120011676	credential-common	0.0.2		83a1a2b5b93a897c0299da35e0e1cb365879aee4
com.github.120011676	credential-common	0.1.0		832ed9ab4add0b6df1c33ad522bbc884897a27a5
com.github.120011676	credential-common	0.1.1		b3af7bf7e48c8ab71695a0cad0b5fc3eecb50f25
com.github.120011676	credential-common	0.1.2		dad6fbc1d0d7ada29793a41bc853b978e6b9bed2
com.github.anylogic	alogic-mq-rabbitmq	1.6.15		77266b771250fca81600a1d6626d7590c4fe1fa1
com.github.anylogic	alogic-mq-rabbitmq	1.6.16		21bc9ac7563073a5efe4d2baebb38c27786ec09f
com.github.javadev	search-file-by-template	1.0		f6d5ddf21abb2a77ed973730a2e429021bf9a803
com.github.luismanuelamengual	NeoGroup-Sparks-FreemarkerViewFactory	1.0		03abd15a273ae44c0a353c6dd27d92d044d02dd4
com.github.yanirta	assertio-java-client	0.0.1		9173fa5dab8870d0918edd7769618e73d5747aa3
com.hexagontk.http	http_client_jetty	4.0.0		c45533107f12adfe2aae9253928e823842ca625b
com.hexagontk.http	http_client_jetty	4.0.0-B1		14166b06cadfc7e74e908a85605eddf69da1c63d
com.hexagontk.http	http_client_jetty	4.0.0-B2		c278724f111a74e5c5d19843b8a9e39a55b5dd63
com.hexagontk.http	http_client_jetty	4.0.0-B3		b97cd1ff6b91baa33c7fb582370ecf0e9c08eed1
com.hexagontk.http	http_client_jetty	4.0.0-B4		d78fdcd58fb276f9ac3646b740ac3d90513a6e75
com.hexagontk.http	http_client_jetty	4.0.0-B5		c634a2fba381406e17789a09b196e4c9d4950e0d
com.hexagontk.http	http_client_jetty	4.0.1		dfbc64f386215661aea15e28bb7aeabd555b55c1
com.hexagontk.http	http_client_jetty	4.0.2		362e82d6632aba468295bc1fc46686422229e123
com.hexagontk.http	http_client_jetty	4.0.3		35d7166245952d17d1b29efc5817e8ae4154154d
com.hexagontk.http	http_client_jetty	4.0.4		d6f458f37a4987917e9202e516d30cf7f86f302e
com.hexagontk.http	http_client_jetty	4.1.0		6c6ad70b66e1e82c7505cfd1ba30c9cfc46c38a8
com.hexagontk.http	http_client_jetty	4.1.1		0b6c92f2668295330ac7712c2c45551039d0ae94
com.ibm.sbt	demosocial.webapp	1.0.1		N/A
com.ibm.sbt	demosocial.webapp	1.0.2.20140527-1807		N/A
com.ibm.sbt	demosocial.webapp	1.0.3.20140717-1200		N/A
com.ibm.sbt	demosocial.webapp	1.1.0.20140717-1200		N/A
com.ibm.sbt	demosocial.webapp	1.1.1.20141111-1200		N/A
com.ibm.sbt	demosocial.webapp	1.1.10.20151002-1200		N/A
com.ibm.sbt	demosocial.webapp	1.1.11.20151208-1200		N/A
com.ibm.sbt	demosocial.webapp	1.1.12.20161007-1200		N/A
com.ibm.sbt	demosocial.webapp	1.1.2.20141211-1200		N/A
com.ibm.sbt	demosocial.webapp	1.1.3.20150220-1200		N/A
com.ibm.sbt	demosocial.webapp	1.1.4.20150504-1700		N/A
com.ibm.sbt	demosocial.webapp	1.1.5.20150520-1200		N/A
com.ibm.sbt	demosocial.webapp	1.1.6.20150817-1200		N/A
com.ibm.sbt	demosocial.webapp	1.1.7.20150908-1400		N/A
com.ibm.sbt	demosocial.webapp	1.1.8.20150911-1400		N/A
com.ibm.sbt	demosocial.webapp	1.1.9.20150917-1200		N/A
com.io7m.fsbind	com.io7m.fsbind.core	0.0.1		bf9b109dd9670f5131e675447cb85a04e742ff9a
com.io7m.verona	com.io7m.verona.tests	0.0.1		5422e4e35bac1b931a37a962f2be1dd51246709c
com.io7m.verona	com.io7m.verona.tests	0.0.2		2f7dd1b1b8986831179703e8f1aa0fab8e36af0c
com.io7m.verona	com.io7m.verona.tests	0.0.3		4291805ece3c7ccc0efabb5abf6b8916ab6695b2
com.io7m.verona	com.io7m.verona.tests	1.0.0		b2e77aeca6cdf7ecb8bd23942da6004c41d810a0
com.io7m.verona	com.io7m.verona.tests	1.0.1		24337bf5c18a2f4510b75bef9eafbb9dafaf2548
com.kpi4j	kpi4j	0.0.2-beta		7c6fb1a7957a3feccfab90aa540913705c52ecc9
com.lucadev.trampoline	trampoline-common	20190308		81f444d446f92e6b35e587ee9b66a553cdba693b
com.lucadev.trampoline	trampoline-common	20190329		e4cee83be10e6c17367febf5a155333a63fd8f41
com.microsoft.testing	fluentui_progress	0.0.28		N/A
com.saucelabs.selenium	selenium-client-factory	1.0		6f1a41ee145d9191e6196d8f79ec82c4ed212a95
com.saucelabs.selenium	selenium-client-factory	1.0	jar-with-dependencies	f1504d8d9f9f9652099425c3fad3604542d5b71c
com.saucelabs.selenium	selenium-client-factory	1.1		62260d003f1eb1b44d9093f86b6e2231dc1ab05d
com.saucelabs.selenium	selenium-client-factory	1.1	jar-with-dependencies	f2543a74eb2fc36194a982074c73d2ce1edbe1bc
com.saucelabs.selenium	selenium-client-factory	1.2		d2b6381f86c02a2280573a0e916520085f4ecd77
com.saucelabs.selenium	selenium-client-factory	1.2	jar-with-dependencies	440356b936f250301e8206605f49ed7086d126b1
com.typesafe.genjavadoc	genjavadoc-plugin_2.13.4	0.16		922152f8226aac96d2e34dedf03f83202787da4c
com.typesafe.genjavadoc	genjavadoc-plugin_2.13.4	0.17		df2be704c837f9fc7f6a564fb30141f1e6e83286
com.typesafe.genjavadoc	genjavadoc-plugin_2.13.4	0.18		c0df97803d4a06ae0747494d3c625f48b763145a
com.typesafe.genjavadoc	genjavadoc-plugin_2.13.4	0.18-RC1		eaf977b1fa4a11c5f03f7dbc5e8070d4e534fc3e
com.typesafe.genjavadoc	genjavadoc-plugin_2.13.4	0.18_2.12.15		2ddd89c5f1f5107749a898ef46ce891d5aa6c3b7
com.typesafe.genjavadoc	genjavadoc-plugin_2.13.4	0.18_2.12.16		a05f7d9c1dc11df3763e6694d2be9c86548e5d11
com.typesafe.genjavadoc	genjavadoc-plugin_2.13.4	0.18_2.12.17		7fce962d777d508bde4bde8112b6d20dbb29ec0d
com.typesafe.genjavadoc	genjavadoc-plugin_2.13.4	0.18_2.12.18		da933b5221f63e90f3f4cbf3a3e14e7e39625580
com.typesafe.genjavadoc	genjavadoc-plugin_2.13.4	0.18_2.13.10		0e84db58f4d8ce23a367263b3bee13a3dbd61561
com.typesafe.genjavadoc	genjavadoc-plugin_2.13.4	0.18_2.13.8		957723356e8a8547a20b5931437a2a2b82ccb070
com.typesafe.genjavadoc	genjavadoc-plugin_2.13.4	0.18_2.13.9		da198a8d0c21a2d033cf9b9bdb6b22876edb6636
com.yandex.varioqub	proto	0.2.0		N/A
com.yandex.varioqub	proto	0.3.0		N/A
com.yandex.varioqub	proto	0.4.0		N/A
com.yandex.varioqub	proto	0.5.0		N/A
com.yandex.varioqub	proto	0.6.0		N/A
com.yandex.varioqub	proto	0.7.0		N/A
de.adorsys.psd2	consent-xs2a-web	1.12		4e5d39bdc0b7467d31467dcaaa26da06e196ef70
de.adorsys.psd2	consent-xs2a-web	1.13		3d1af72f1e2b3dd77f66348c45a52e2c5d070a77
de.adorsys.psd2	consent-xs2a-web	1.14		935b49c73b5a501ddda7b26f5470d8e615e4d9e8
de.adorsys.psd2	consent-xs2a-web	1.14-RC2		545f690e77b44072e9491f087c59f0252b27e3d8
de.adorsys.psd2	consent-xs2a-web	1.15		f0176c852c24c5a867d2f7069ba1a8cfc5e32d33
de.adorsys.psd2	consent-xs2a-web	1.16		04e86adcf76f03335009be58ba2f4498c38d707b
de.adorsys.psd2	consent-xs2a-web	1.16.1		5bf54974cfc92bc961a5d535ec4a833707a48682
de.adorsys.psd2	consent-xs2a-web	1.17		7882f1effc6dced2b57a7958ce34abacffab6874
de.adorsys.psd2	consent-xs2a-web	10.0		f436ff24008e2a4e866d9133e340430a71b8e648
de.adorsys.psd2	consent-xs2a-web	10.0.1		f027728187f6cfe9baf8f06c861e6d5640c781af
de.adorsys.psd2	consent-xs2a-web	10.0.2		87b5878f8645c530f10d8d20623171889d963686
de.adorsys.psd2	consent-xs2a-web	10.1		00298e0c79748ade82809df0b2c6e892da6ca0bb
de.adorsys.psd2	consent-xs2a-web	10.10		f13d3b0911255298bd5233d6e85b2371de796860
de.adorsys.psd2	consent-xs2a-web	10.11		6a04dfd1b97b04b653105840ebd52db53fa38d61
de.adorsys.psd2	consent-xs2a-web	10.2		9be09e13e4a36c20bf9424367d78f35242b9e83d
de.adorsys.psd2	consent-xs2a-web	10.3		8ed48ec7bc29d4dc5cbca66822d9ab4dfdc80413
de.adorsys.psd2	consent-xs2a-web	10.4		01ef80bcc028ebef48145dbca0c4675cd14ca7f7
de.adorsys.psd2	consent-xs2a-web	10.5		5d7b64258d3618eaff869e64152369144b621a83
de.adorsys.psd2	consent-xs2a-web	10.6		c76d7039194b451fcbdf76e2ef117ce4bd6fb220
de.adorsys.psd2	consent-xs2a-web	10.7		14847fb306d08765cdc0fee460e2fc8b1ddf2073
de.adorsys.psd2	consent-xs2a-web	10.8		ee2a54287ba878c5df8bb99b8e7c179b79d70d7d
de.adorsys.psd2	consent-xs2a-web	10.9		adfb024a7e8eb66e45a9822d219f415ae38ee1d8
de.adorsys.psd2	consent-xs2a-web	11.0		d19d24d08a797aa3c9886014567634cbbcc24e9d
de.adorsys.psd2	consent-xs2a-web	11.1		d6acb37de173898ec0b0cabc2365a6193bb5ecae
de.adorsys.psd2	consent-xs2a-web	11.10		aba8b409167f03fa33f29d06625f07521959f413
de.adorsys.psd2	consent-xs2a-web	11.11		e51aebc73a8f4f2c0a344cd3226f5a3c895a9531
de.adorsys.psd2	consent-xs2a-web	11.2		fd93326c51783c9053a2dba893b73af959d1982c
de.adorsys.psd2	consent-xs2a-web	11.3		ac177b77439c9f2b17fd4aba4aae6ad555aad173
de.adorsys.psd2	consent-xs2a-web	11.4		3b5745190c194fdec2e5c17139d7e348719c8a08
de.adorsys.psd2	consent-xs2a-web	11.5		c7cd42b914d83f5ffeab20b9a2cd933fec7f4407
de.adorsys.psd2	consent-xs2a-web	11.6		2f9580e43b03d0b261227fe4a343adbaecc93ac2
de.adorsys.psd2	consent-xs2a-web	11.7		a5eacbade5a4628e0adab8126ef90ae133b65104
de.adorsys.psd2	consent-xs2a-web	11.8		10bbf098252f74fbfb736dc4a3d1eaee49c6adad
de.adorsys.psd2	consent-xs2a-web	11.9		f98abbb4dc2288dad19429df4dbd278e4b160f2a
de.adorsys.psd2	consent-xs2a-web	12.0		7f6d729bc170673613be42308a67584c7b569965
de.adorsys.psd2	consent-xs2a-web	12.1		8c6c6b0d65a84daee2a464882d2284a14311e0a1
de.adorsys.psd2	consent-xs2a-web	12.2		a30d2d347073c955e2ae42a85283e2918e29cbb7
de.adorsys.psd2	consent-xs2a-web	12.3		74bbbf1d9f622ca3860e1498b61d5c52bab8b51b
de.adorsys.psd2	consent-xs2a-web	12.4		1c15fd7165d9feb4cf19e7dee1d450fba5ffe9b8
de.adorsys.psd2	consent-xs2a-web	13.0		744011cee64f17e74f2e6a99668e099eff51729d
de.adorsys.psd2	consent-xs2a-web	13.1		ed4268342d96b43540cff3a72701258df788daad
de.adorsys.psd2	consent-xs2a-web	13.2		7797a50da6a4c2613d28e0c9416c9aaf9a845cfe
de.adorsys.psd2	consent-xs2a-web	13.3		b075894edec3e7bd7f648105efef09140fbab28c
de.adorsys.psd2	consent-xs2a-web	13.4		55ffd7deb3cc84bf880c4d8d0448d7b63a80f914
de.adorsys.psd2	consent-xs2a-web	2.0		fc0d0f5ca22e39c1106f1b0ce36dc6e3e199aaa1
de.adorsys.psd2	consent-xs2a-web	2.0.1		eadad5c17915522ec8b37671bfcf8c7335ee642a
de.adorsys.psd2	consent-xs2a-web	2.0.2		295ce65d0e616a449594a94eda378619186927ba
de.adorsys.psd2	consent-xs2a-web	2.0.3		1c6f78ae9a6b2f4cd6a322f1e8a6f4409971e2ab
de.adorsys.psd2	consent-xs2a-web	2.0.4		98644e6f2393e8d3bc817abb8524629daf367816
de.adorsys.psd2	consent-xs2a-web	2.0.5		d663c6b8974776c3243d0db2d1ae99d6d760008c
de.adorsys.psd2	consent-xs2a-web	2.1		6dcf855219cd5ab91e5e6e3966e36da6eb45fff0
de.adorsys.psd2	consent-xs2a-web	2.1.1		10476870eac562601df63b1072c7912ab52dae17
de.adorsys.psd2	consent-xs2a-web	2.10		20f238c9165ba39cc29da502889ba2c93ab692cf
de.adorsys.psd2	consent-xs2a-web	2.11		0231d1e6344fe5688988904ff32a79f731e9b322
de.adorsys.psd2	consent-xs2a-web	2.12		0b3699872170bddc7619a9036480318494ec2b8f
de.adorsys.psd2	consent-xs2a-web	2.13		c2100675a74d6b55d846703f3f11da63cc995bbf
de.adorsys.psd2	consent-xs2a-web	2.2		a3ed3354671753be90a1a80a9989ce88cbc34e71
de.adorsys.psd2	consent-xs2a-web	2.3		6efb25ed199d1c6d0f34f490fbb5a2631d9ddac9
de.adorsys.psd2	consent-xs2a-web	2.4		08fc68d59c943f0ab3d348abf2051eae23de8ac5
de.adorsys.psd2	consent-xs2a-web	2.5		c8c62e4489bb325edac2f4bb1df22339b0717571
de.adorsys.psd2	consent-xs2a-web	2.5.1		8bf34caef581ce3183b711a409ae8761f8a52848
de.adorsys.psd2	consent-xs2a-web	2.5.2		66fc1793daf996556b0a569dbede21eca7aec3dd
de.adorsys.psd2	consent-xs2a-web	2.5.2-RC4		c6d5ed3da6ef2bfe7b27aeeb2c2344a55b49a03b
de.adorsys.psd2	consent-xs2a-web	2.6		55371d04c288bfeb07fa0be39cf3123c9591aa54
de.adorsys.psd2	consent-xs2a-web	2.7		470e2ac26e29084471f431541c4782efbbb940ec
de.adorsys.psd2	consent-xs2a-web	2.8		d4ad1eec4212b94d4d70d70c0214105c1a50a850
de.adorsys.psd2	consent-xs2a-web	2.9		180e8b37e6fab06762bab3e6bf0535b43d180679
de.adorsys.psd2	consent-xs2a-web	3.0		f0357036d61905be7dbf912b752fe13f571c993b
de.adorsys.psd2	consent-xs2a-web	3.1		00fc11cc540fe2c61d8af070a0d33cf32873b205
de.adorsys.psd2	consent-xs2a-web	3.10		8becebcac178735cd0a2c3c9a60b4ef5b50287bd
de.adorsys.psd2	consent-xs2a-web	3.11		f9b6f7fb26275b3047cccf5d983767670e39f0a9
de.adorsys.psd2	consent-xs2a-web	3.2		8ab2c915cead7118e96d585879ac93422f069ec6
de.adorsys.psd2	consent-xs2a-web	3.3		cced3363615ac324e4497a0a2294879449d3f6ee
de.adorsys.psd2	consent-xs2a-web	3.3.1		5fb95effe2395c482182c37a61e3f18a0c0a6b6c
de.adorsys.psd2	consent-xs2a-web	3.3.2		eed5f7aaf8e440caa7d20973cc717e03f31ecc3a
de.adorsys.psd2	consent-xs2a-web	3.4		f67c74d24a2deff6378a1eceaacae6d06a0da287
de.adorsys.psd2	consent-xs2a-web	3.4.1-RC1		c0dcf3bf04dd73d236650d104ef21b2461a52fc6
de.adorsys.psd2	consent-xs2a-web	3.5		1788f8c70cefc123d2baa830b45167433d0fd95c
de.adorsys.psd2	consent-xs2a-web	3.5-RC1		20eea23bd3df9be66a904d42def275e4482f0341
de.adorsys.psd2	consent-xs2a-web	3.5-RC1.1.1		e8142125e51954d9b093927162286a59592e4bf7
de.adorsys.psd2	consent-xs2a-web	3.5-RC2		20992e26bedbf00dc92444eee7c5c25b32db19fc
de.adorsys.psd2	consent-xs2a-web	3.6		fc8ebe619685c3e794c050357af63caec6dac556
de.adorsys.psd2	consent-xs2a-web	3.6.1		f2debeba114ff30f9df3fe22641e370d7e1bbe78
de.adorsys.psd2	consent-xs2a-web	3.7		3a7f3badbee604c0a597a1af4d63a3e9cb114282
de.adorsys.psd2	consent-xs2a-web	3.8		ea834033eef295f39667566daad31bd5957a566b
de.adorsys.psd2	consent-xs2a-web	3.9		20b280884f55d246d7c0925308beac09ccfaec39
de.adorsys.psd2	consent-xs2a-web	4.0		8b6178fb8195271b953ba6b94d1b16cb44254acf
de.adorsys.psd2	consent-xs2a-web	4.0.1		d545acd13e75c7b0abedf3d51ca58d2a78a989dd
de.adorsys.psd2	consent-xs2a-web	4.1		00f6809343fa2b2edaa8ad2a03ac7b4cf4885477
de.adorsys.psd2	consent-xs2a-web	4.10		72a379574b490b9d58f06f8263424dcdd1c2cea8
de.adorsys.psd2	consent-xs2a-web	4.11		f2f2270e94f3fabde715b38fbdb26dba3fde146c
de.adorsys.psd2	consent-xs2a-web	4.2		6d1abca849ddf849dac2c9f1055923d86ca1279a
de.adorsys.psd2	consent-xs2a-web	4.2.1		76cd7f75a96ea5742a91562d3248667260f1a686
de.adorsys.psd2	consent-xs2a-web	4.2.2		09d8956983f53ba60561edd28b17d18dfc98e3a8
de.adorsys.psd2	consent-xs2a-web	4.3		9107ee4d0b073d0067c333507c5e3c393f6651e6
de.adorsys.psd2	consent-xs2a-web	4.4		a87a4085b855f1886b46ad0104b6ba9ad68fd6d8
de.adorsys.psd2	consent-xs2a-web	4.5		8ba188df72a4425bd7a341dac21a22df534e09a9
de.adorsys.psd2	consent-xs2a-web	4.6		73894b7cbcf20ae71d4ae0e6a71b442c319c4a47
de.adorsys.psd2	consent-xs2a-web	4.7		55c7a589e143b2cdc4e72053c05e5f7b955002ad
de.adorsys.psd2	consent-xs2a-web	4.8		f19e2173f48af1be5992c90ecc709c0582afdb74
de.adorsys.psd2	consent-xs2a-web	4.9		4e6427513074e2cdc00b8eb3c615e4248079aedb
de.adorsys.psd2	consent-xs2a-web	5.0		0f15e2d35b86739a031969863c0be0c95af63c50
de.adorsys.psd2	consent-xs2a-web	5.0.1		8c10416af772f7eee429fe5865c383bd971cc1d2
de.adorsys.psd2	consent-xs2a-web	5.1		c47e8adb7a1549e851968efb24d35296948108f0
de.adorsys.psd2	consent-xs2a-web	5.1.1		e794197e321c2a175fef840d2dbbf1631aece021
de.adorsys.psd2	consent-xs2a-web	5.10		be921b881ea58d6a0b8af9721385bf923a9ad160
de.adorsys.psd2	consent-xs2a-web	5.10.1		edafcbc8b5a626aee7779c56ce8b05c6e1592496
de.adorsys.psd2	consent-xs2a-web	5.10.2		cb64769ac9d48795d2428791205ea3a8f6c21f52
de.adorsys.psd2	consent-xs2a-web	5.10.3		0fe935828ed4d6b077170bcabe48e48ff10fc608
de.adorsys.psd2	consent-xs2a-web	5.10.4		b2a0a240fba4c33a1bedb728712351d2c2ae4313
de.adorsys.psd2	consent-xs2a-web	5.10.5		003e9446b8d50143608388bce5e68eceae258679
de.adorsys.psd2	consent-xs2a-web	5.11		56a56193e279b4f8ca8a5437c4460ac5314c9ff3
de.adorsys.psd2	consent-xs2a-web	5.2		abebb9ab303d3fade07f02c24c8ca817ce407155
de.adorsys.psd2	consent-xs2a-web	5.3		1b69968dac8ec343b8964350fbc3008fb7e5530e
de.adorsys.psd2	consent-xs2a-web	5.4		a32a07d94e15714fa1e9c8a4b6844c6d87d294ef
de.adorsys.psd2	consent-xs2a-web	5.5		7673d41b36a1ba2d5e678356875fc12cfe4f3ef0
de.adorsys.psd2	consent-xs2a-web	5.6		bc6a18fe0c2644b6e1c45b3945bb6fa4d0127ece
de.adorsys.psd2	consent-xs2a-web	5.7		e5d2ed44e33ab0345763e4ca5bde5acec3d0ab8c
de.adorsys.psd2	consent-xs2a-web	5.8		9cc06a89dc15f62df30aa622485167a4f7879069
de.adorsys.psd2	consent-xs2a-web	5.8-RC2		b39b320a6c7a172188621473d553a3f07aa997e3
de.adorsys.psd2	consent-xs2a-web	5.9		886f2ecfc57fff1abca4117352fba3a4e128b032
de.adorsys.psd2	consent-xs2a-web	6.0		2934029c97171812c82fba4436fde245cbc40a2a
de.adorsys.psd2	consent-xs2a-web	6.1		b934643f4dbb21bbb562ad4bc2302cf035f48425
de.adorsys.psd2	consent-xs2a-web	6.10		bdd18ef91cc3633bd2ec40b294a04f0e1c41ed74
de.adorsys.psd2	consent-xs2a-web	6.2		b7a345205a341a356a70aa066021614fd2226b35
de.adorsys.psd2	consent-xs2a-web	6.3		714182d57883776d177357fc3b697d97ab72b9bf
de.adorsys.psd2	consent-xs2a-web	6.4		c00d2aca2eb4e777c5b93061f6318c94dbe1acc9
de.adorsys.psd2	consent-xs2a-web	6.4.1		36135d44d45875d599b6eb4958b694a268b47eae
de.adorsys.psd2	consent-xs2a-web	6.5		980af6c495ea7927c0417f7a21d9583b1e57309e
de.adorsys.psd2	consent-xs2a-web	6.6		98ad514faf9a5819781b9350c6bafdbfab979331
de.adorsys.psd2	consent-xs2a-web	6.7		fd9c6360e5b6a2f14e5ddb659e6e5f1f95324987
de.adorsys.psd2	consent-xs2a-web	6.8		26f1d29801ee15c3b877dfa5520eccee70a905e6
de.adorsys.psd2	consent-xs2a-web	6.9		f9ddca16654fb1f8522ff1671a8940139209ed0f
de.adorsys.psd2	consent-xs2a-web	7.0		f077822d9117917fb82e1cf8c094fac1dd428084
de.adorsys.psd2	consent-xs2a-web	7.1		a549ef2117108b043f0ceafd711a9cdcef20ba1e
de.adorsys.psd2	consent-xs2a-web	7.2		5f789cb4b1fce7d8766a17c8982a0e8532d8d98d
de.adorsys.psd2	consent-xs2a-web	7.3		53b72167022987f3205d5fa6c602e3a6ed500767
de.adorsys.psd2	consent-xs2a-web	7.4		13a1aead93521ade5e17a1f1b2f9eec35118261e
de.adorsys.psd2	consent-xs2a-web	7.4.1		7fd72c716a3ca00bd41055746c1620c4a98f8d8f
de.adorsys.psd2	consent-xs2a-web	7.5		1dec791df807d066f9f3f8b54ec22a4d648b345a
de.adorsys.psd2	consent-xs2a-web	7.5.1		da74c2d530a8cd604f3218e156d08cb497ac11ff
de.adorsys.psd2	consent-xs2a-web	7.6		e0309b30a9dee9b1dba64ff691745c38d48c3937
de.adorsys.psd2	consent-xs2a-web	7.6.1		801ce78eb1b63b32bce3ac89afbc60747c4e3068
de.adorsys.psd2	consent-xs2a-web	7.6.10		b1a01fd43b2a738f196238b310ca0dbdbdd13557
de.adorsys.psd2	consent-xs2a-web	7.6.11		bb9aadc564f7bf340688d0a2ca4cae549663cc31
de.adorsys.psd2	consent-xs2a-web	7.6.12		b977bb7926f328b6fdfe9fbdf4af130833a7eacd
de.adorsys.psd2	consent-xs2a-web	7.6.13		2aa51b374a63fcbf3b802aafaa62f3bc3622827c
de.adorsys.psd2	consent-xs2a-web	7.6.14		3b0cca5a88127e5788b1fa2530f28b8e54bed934
de.adorsys.psd2	consent-xs2a-web	7.6.15		00b2362a7005ea2ef433057587a681e9e6abad2e
de.adorsys.psd2	consent-xs2a-web	7.6.2		d4ebd0231555f9c06c0f0e18de33b6fae4519eb8
de.adorsys.psd2	consent-xs2a-web	7.6.3		1bdb2461ddac88a97b9f5affe8f85eeeff08683d
de.adorsys.psd2	consent-xs2a-web	7.6.4		080c7f65124092268404f4f1876e2e67ea6da3ac
de.adorsys.psd2	consent-xs2a-web	7.6.5		44cb45e013025c9d86cad7a97fa32c455fdb5591
de.adorsys.psd2	consent-xs2a-web	7.6.6		b927d3a2933397d2e4cd5323bca0630a3b32231b
de.adorsys.psd2	consent-xs2a-web	7.6.7		7ee13228efd32bd7eccbce471f9293e082153195
de.adorsys.psd2	consent-xs2a-web	7.6.8		4ac0be6f6f40119e080c3120d94f9fec49129112
de.adorsys.psd2	consent-xs2a-web	7.6.9		94397995333411eb996ac6a9b3714479da5dda47
de.adorsys.psd2	consent-xs2a-web	7.7		429b86200a1aa470be088a35783a96f32aac4e4a
de.adorsys.psd2	consent-xs2a-web	7.8		9e6813a81e26ab08760b3ea107410f4556719217
de.adorsys.psd2	consent-xs2a-web	7.9		6881c7330670a0509ec61522c4c1b4db4089273f
de.adorsys.psd2	consent-xs2a-web	8.0		a8e730bb54359462d858916e8a4a84b6f5b2ae32
de.adorsys.psd2	consent-xs2a-web	8.0.1		d53cedb759f1289a1a4537aa29fb508804768246
de.adorsys.psd2	consent-xs2a-web	8.1		e8c57e6bf37cce01d0a10a6d6e89c2e128a3515a
de.adorsys.psd2	consent-xs2a-web	8.10		7ec928d1db904379a5282d454de46ea193be697e
de.adorsys.psd2	consent-xs2a-web	8.11		1b9cdc12975101915512c47d73f66be5c396635d
de.adorsys.psd2	consent-xs2a-web	8.12		594554c29d0a1a59e829f1f89029854368ce8d16
de.adorsys.psd2	consent-xs2a-web	8.13		20b006fa5b470c2571ba1ca8028c36cd4cecaa5b
de.adorsys.psd2	consent-xs2a-web	8.2		3391bebc0cc313f91208aa6df209970aaa1881f5
de.adorsys.psd2	consent-xs2a-web	8.3		848985e2c3bfdbdfb0957e73f80bc7c233b86bd6
de.adorsys.psd2	consent-xs2a-web	8.4		4a805f30cefd3db4aeb75e1ead090c22a4374a73
de.adorsys.psd2	consent-xs2a-web	8.5		05e6a6928b097a20457a3099b6d73ac0803b6aee
de.adorsys.psd2	consent-xs2a-web	8.6		ec5e136cfc1e5ab5c5d51443ce1118d594245331
de.adorsys.psd2	consent-xs2a-web	8.7		7bfc8ca341a399a74060eab05eb01e11c732d27d
de.adorsys.psd2	consent-xs2a-web	8.8		22812c60b4fb67d423eec70367c3c46b265df175
de.adorsys.psd2	consent-xs2a-web	8.9		3775ebcfde75deb4552c87b3ea0ca0917163931f
de.adorsys.psd2	consent-xs2a-web	9.0		d4b4c84943e415636fde8713863d669aff6ccde4
de.adorsys.psd2	consent-xs2a-web	9.1		3ab59196fe338e4a4765677e6a3acf658e5470f0
de.adorsys.psd2	consent-xs2a-web	9.10		8d7371aa2aa04b0e0469d5dd9213279f88df61c9
de.adorsys.psd2	consent-xs2a-web	9.2		a33d532862db0649150ea5bec5a555d55212821d
de.adorsys.psd2	consent-xs2a-web	9.3		7de98c66195c3f646bd0fb6eb7b968678e462de2
de.adorsys.psd2	consent-xs2a-web	9.4		d91c6a321e32fb4ac4f076cc2f37b854baa89917
de.adorsys.psd2	consent-xs2a-web	9.5		aa71bcd72576467cd7610c8ff8a3b5d5576a2ef1
de.adorsys.psd2	consent-xs2a-web	9.6		ea9e225a4dd1608ae90ad4f5d0347e108f6b7d55
de.adorsys.psd2	consent-xs2a-web	9.7		92254125d5b2fb2b757a9339e1fc34418e5b9c00
de.adorsys.psd2	consent-xs2a-web	9.8		e9b15f3a34f6d17230375f4ceed170b1d8554571
de.adorsys.psd2	consent-xs2a-web	9.9		c3f880c850ba766bbba506ba79f6642c7cf83a88
de.taimos	dvalin-interconnect-core	1.10		bfaeb37358d09c0ff5576ffe8120712a054b247a
de.taimos	dvalin-interconnect-core	1.11		ba07cc87fef3eb2ed5b74df6971c5fc62a052ab4
de.taimos	dvalin-interconnect-core	1.12		506de4e1d4db696dfb97c52981aaa62711e7e0f5
de.taimos	dvalin-interconnect-core	1.13		164b5c9e025ce5c28e4e14d5ca4e10c1ea5e75b7
de.taimos	dvalin-interconnect-core	1.14		a16867e0713874c1ae2b041ff29b8cb5ea0724b1
de.taimos	dvalin-interconnect-core	1.15		944649312907beeb50eda84b40a595b85322dd60
de.taimos	dvalin-interconnect-core	1.16		9892a2a6e55dc4f3e109ddf0d7dac780379cbb8d
de.taimos	dvalin-interconnect-core	1.17		bbe4b3377e8363a1e817f240dd1d59ea44112055
de.taimos	dvalin-interconnect-core	1.18		d355f413e6a1fdb7484b12a14070090368d45bd4
de.taimos	dvalin-interconnect-core	1.19		eb9bcd3a4255d8b367220cd6f47067a61a6bf14d
de.taimos	dvalin-interconnect-core	1.2		ea3c464edb550c22fa1e81a0a74e2fb0975dea97
de.taimos	dvalin-interconnect-core	1.20		bf44a93b2f70c7a1d9a27adf614ee29ff74fb058
de.taimos	dvalin-interconnect-core	1.21		fecaaad78ed428df32be15666c949324081f94a4
de.taimos	dvalin-interconnect-core	1.22		50277c6a57e1266e2f38b5d06b1627d8efd65888
de.taimos	dvalin-interconnect-core	1.23		a042ad3303ee7050be67f8e0a6f5ab370039bde6
de.taimos	dvalin-interconnect-core	1.24		a38469333a97be74f27adea980cb556c0660a43f
de.taimos	dvalin-interconnect-core	1.25		7ab557317d5e4aeffdc8b837ed003ca3af3daaeb
de.taimos	dvalin-interconnect-core	1.26		e3d31014c38f7a7f65c46607f92e5dbc3f3011fa
de.taimos	dvalin-interconnect-core	1.27		bcc55f566a68415fa4d72703f96c2d6e51b4cad1
de.taimos	dvalin-interconnect-core	1.28		58312d70cb01d3882ab0babe635ac4f54670b05d
de.taimos	dvalin-interconnect-core	1.29		0edaa890ccb39e5f8467d3021e44945909b7f936
de.taimos	dvalin-interconnect-core	1.3		fbb53145d55365d98749a19596cd630639965594
de.taimos	dvalin-interconnect-core	1.30		3a1c000ecc38950eff6119323403e114de914495
de.taimos	dvalin-interconnect-core	1.31		0d413d5394d6e38a0202bf4ca1824515c713d5db
de.taimos	dvalin-interconnect-core	1.32		8c89f67d8263c812481d5edb95d5ab79122102b3
de.taimos	dvalin-interconnect-core	1.33		c1018af0036e863838caa0ea6ca1208f2ac65084
de.taimos	dvalin-interconnect-core	1.34		5eef89e47acd6d7be349b9024a51a818383223f3
de.taimos	dvalin-interconnect-core	1.35		ee09f5ee89d307cf86acd0c4c945340f38386680
de.taimos	dvalin-interconnect-core	1.36		0285a5e6cd54322780b96e400b057dd94f1bd4ca
de.taimos	dvalin-interconnect-core	1.37		3b5cf6070fbe513e7055cb3c596d1123a17e7179
de.taimos	dvalin-interconnect-core	1.4		d6377b977f0362a6031a4d6ed9992711df290a9c
de.taimos	dvalin-interconnect-core	1.5		bb5f083f9d39fc0ce8b63d2aa32fdad7e1641237
de.taimos	dvalin-interconnect-core	1.6		ff1f61597a588c0cfc0261878593fe68c849a0ed
de.taimos	dvalin-interconnect-core	1.7		9b046bc9f6319fb4c70281a9a2bee318c40108c8
de.taimos	dvalin-interconnect-core	1.8		39402e82a53efa36de87c89366b049712bcd1990
de.taimos	dvalin-interconnect-core	1.9		b73a7c6afa1b1309078de702e48f51ea870faa00
dev.jordond.connectivity	connectivity-android	0.1.0		9362cd29c8a664c382f746688a2745a6fe53b82c
dev.jordond.connectivity	connectivity-android	1.0.0		9362cd29c8a664c382f746688a2745a6fe53b82c
dev.jordond.connectivity	connectivity-android	1.0.1		9362cd29c8a664c382f746688a2745a6fe53b82c
dev.jordond.connectivity	connectivity-android	1.1.0		9362cd29c8a664c382f746688a2745a6fe53b82c
dev.jordond.connectivity	connectivity-android	1.1.1		9362cd29c8a664c382f746688a2745a6fe53b82c
dev.jordond.connectivity	connectivity-android	1.1.2		9362cd29c8a664c382f746688a2745a6fe53b82c
dev.jordond.connectivity	connectivity-android	1.1.3		9362cd29c8a664c382f746688a2745a6fe53b82c
dev.jordond.connectivity	connectivity-android	1.2.0		9362cd29c8a664c382f746688a2745a6fe53b82c
dev.jordond.connectivity	connectivity-android	2.0.0		b5c589b0e46d99e25aebe48839215aaec925ae55
dev.jordond.connectivity	connectivity-android	2.0.0-beta01		b5c589b0e46d99e25aebe48839215aaec925ae55
dev.zio	zio-aws-rbin_3	5.17.104.10		5cc4a8e082867674381021e932ab604fb78d8c54
dev.zio	zio-aws-rbin_3	5.17.104.11		bd85ffddba83f44c2791884743382694bf25d8df
dev.zio	zio-aws-rbin_3	5.17.104.12		26ed3c68742cddc8369b35d9193f97025c3db9a1
dev.zio	zio-aws-rbin_3	5.17.104.13		9d9339911dd90860420853c6c116aaf6be5286b9
dev.zio	zio-aws-rbin_3	5.17.104.2		3264b10a2b4a56779de360a23083b929b9decc66
dev.zio	zio-aws-rbin_3	5.17.104.3		0e341dc80ab2813f28242af5af09eecbbd0cba75
dev.zio	zio-aws-rbin_3	5.17.104.4		cfbf0c48d5349a9d28f6915f6da5cf5a3a0ade00
dev.zio	zio-aws-rbin_3	5.17.104.5		963a506f70610ed004f771225a9fff2be211546b
dev.zio	zio-aws-rbin_3	5.17.104.7		ac4483a7c1d1ffeaa3e0157524a592c6489a564f
dev.zio	zio-aws-rbin_3	5.17.104.8		5e0f88207ce144472f6039ec8bb2a8532a37e46b
dev.zio	zio-aws-rbin_3	5.17.104.9		ab520323fc53d3b8b3f107bb85d64c8f7ecaf616
dev.zio	zio-aws-rbin_3	5.17.112.1		5be5ccee957d0846312ac91c9701b325dd5cf525
dev.zio	zio-aws-rbin_3	5.17.113.1		21bbbc31cf28896e8d618c654ead04cb6d09933a
dev.zio	zio-aws-rbin_3	5.17.115.1		6b8cf4f8c092bf4da480f741f1815b2c83adc17a
dev.zio	zio-aws-rbin_3	5.17.116.1		7107087ff8698f0be46e28bff69419e8d15912b8
dev.zio	zio-aws-rbin_3	5.17.116.2		960169f4062685d21576f729ca3099f10eaa9974
dev.zio	zio-aws-rbin_3	5.17.121.2		489da2143fd9295e6395966aeecc99259f7f8389
dev.zio	zio-aws-rbin_3	5.17.121.3		ac3db64406a5beaf637b89535fa5d0ba232d7ff7
dev.zio	zio-aws-rbin_3	5.17.122.1		20424a523205cb486d32a114408c85fcfb48fb6a
dev.zio	zio-aws-rbin_3	5.17.123.1		1d2ec12549ec793a0871af865d16fe174061ed04
dev.zio	zio-aws-rbin_3	5.17.123.2		e23a50e96a246ecbc262e12806ce8e093afc9ce4
dev.zio	zio-aws-rbin_3	5.17.124.1		a1fbea577e9c0ae0748c34c6684398a4b5319fd6
dev.zio	zio-aws-rbin_3	5.17.124.2		21f61c92d1c0db1290b9dfb0e569de2fb8079add
dev.zio	zio-aws-rbin_3	5.17.124.3		11a8b2afe4da5356745e1621c8a7f9883fc2e2f5
dev.zio	zio-aws-rbin_3	5.17.125.1		95c7e4cb2764a84299ffb3445dd0ec33c0c4b7ec
dev.zio	zio-aws-rbin_3	5.17.126.1		eed59419c2a408bf99b9f41fca9138b0af2d883c
dev.zio	zio-aws-rbin_3	5.17.126.2		6a787a26ed185d2da210cc8e4b835b6b465ab67d
dev.zio	zio-aws-rbin_3	5.17.127.1		037cf202e08473a4045677839c6a4716744503d5
dev.zio	zio-aws-rbin_3	5.17.127.2		ebef4594847f7ff97105564c4be13e57ca5e1ada
dev.zio	zio-aws-rbin_3	5.17.128.1		5f1210229280e12fcfa901f40404ab150b7fd289
dev.zio	zio-aws-rbin_3	5.17.129.1		2a495328bc74e09b2c4f7dd063b478c8daff253b
dev.zio	zio-aws-rbin_3	5.17.129.2		f88dc578291cc90f4d6d6d9f25ad651cd1a3df8e
dev.zio	zio-aws-rbin_3	5.17.129.3		41ea75573e93f081239cbaa676296207823ce2a2
dev.zio	zio-aws-rbin_3	5.17.130.1		2d36f962d870333ad5c7eacefb15f01075fbf948
dev.zio	zio-aws-rbin_3	5.17.130.2		62c5a73df90777a9e80af19c40eedaec9fa30545
dev.zio	zio-aws-rbin_3	5.17.130.3		f360e6e50fb4913dcf10d6d874c421f94c927958
dev.zio	zio-aws-rbin_3	5.17.130.5		883a423e2e95859245895a1a9c6353c002187ea6
dev.zio	zio-aws-rbin_3	5.17.130.6		1057e13fb35d5f0e0a930a181341d8b6051c0dd5
dev.zio	zio-aws-rbin_3	5.17.130.7		dcd280545a3014b02fe09f0d4661fb06e7c339bb
dev.zio	zio-aws-rbin_3	5.17.130.8		cae74b655431e7429ad6a01b66e1d4c2d869a79c
dev.zio	zio-aws-rbin_3	5.17.144.1		fe91748d55a1ad920fc471d2018acf9acbb0ca5b
dev.zio	zio-aws-rbin_3	5.17.145.1		cf1422769fd77aa1f0b263d74b3d6f76b124ddcd
dev.zio	zio-aws-rbin_3	5.17.146.1		0af51fb3114abd15170c7faeae271954593149ec
dev.zio	zio-aws-rbin_3	5.17.146.2		706767990d39595c89d3078d72c540aab44d5389
dev.zio	zio-aws-rbin_3	5.17.147.1		38ab9ff56e84d160c17eeda0d6f554211a6f29f8
dev.zio	zio-aws-rbin_3	5.17.148.1		feb6e1f509be3f82a7af06227d8b3c2666f4aa16
dev.zio	zio-aws-rbin_3	5.17.149.1		e57c4c7193bc1c25d62bcf4fae089a8ba21a150d
dev.zio	zio-aws-rbin_3	5.17.150.1		1d5c260a6e9ee4bc91c018c1029227b9543fd83d
dev.zio	zio-aws-rbin_3	5.17.151.1		b82f4be0e065c2246ab56b07975b19b4a064a710
dev.zio	zio-aws-rbin_3	5.17.151.2		4482a2e066e6102946df4c1d7ed1ec5722442b0f
dev.zio	zio-aws-rbin_3	5.17.152.1		23c3775397bc5732d0b3075e1622322bc9a93d58
dev.zio	zio-aws-rbin_3	5.17.153.1		36905e5d1750602b3fcaa34f5bccea66e7793c5c
dev.zio	zio-aws-rbin_3	5.17.153.2		b31d7887e5109517086b7b28949460084831b07c
dev.zio	zio-aws-rbin_3	5.17.153.3		866f1e4190677e24d10368418104a2a1861ff0fa
dev.zio	zio-aws-rbin_3	5.17.154.1		b138205c66c75e6f9926fd413d9a0bbd03069142
dev.zio	zio-aws-rbin_3	5.17.155.1		fd259b2234939d7336a1daa014dd9e76760c1d39
dev.zio	zio-aws-rbin_3	5.17.155.2		0332819d0b8a36e61a46b347f99f2e102a2e8013
dev.zio	zio-aws-rbin_3	5.17.157.1		ab27d5fc5cb30b367ae27ed3baf02217f52d2aa6
dev.zio	zio-aws-rbin_3	5.17.157.2		66a6d42a53e264c332c30507256cf71438fc9d24
dev.zio	zio-aws-rbin_3	5.17.158.1		bf8a11eeb45b9e44fef43003cce6b56f4e0f7cce
dev.zio	zio-aws-rbin_3	5.17.158.2		fad3dac10b4b8c31e2571e6292231f092b133e1a
dev.zio	zio-aws-rbin_3	5.17.158.3		70f2e5486c2243f29ba6c5adb93999a6badca63e
dev.zio	zio-aws-rbin_3	5.17.158.4		c3677d8d6c4d8f655ca26da8c183e68de61b1530
dev.zio	zio-aws-rbin_3	5.17.160.1		854ca5c08abc68dd429bc3848c80dc352ca9553f
dev.zio	zio-aws-rbin_3	5.17.161.1		2af3c85976d34098c37d1fe61e62e0dfac80a364
dev.zio	zio-aws-rbin_3	5.17.161.2		5ff62202d24d67ddd6ddf6b6590f410e2eb5e29c
dev.zio	zio-aws-rbin_3	5.17.162.1		e6867b3528b7d6aeb7bed24bd5600e24a856d0d5
dev.zio	zio-aws-rbin_3	5.17.162.2		812b483158e927874d2a8aa89c6dd1a4921a2581
dev.zio	zio-aws-rbin_3	5.17.162.3		7e678a69fbf6b820bd914793171ad07fa40adf83
dev.zio	zio-aws-rbin_3	5.17.163.1		442645faedf16866ead712ec565be89e4fb8903c
dev.zio	zio-aws-rbin_3	5.17.164.1		685876a4d775ea9bb33d20a1934e239903f55e46
dev.zio	zio-aws-rbin_3	5.17.166.1		7c853d114920c6251b1d762e74465c37e79972d6
dev.zio	zio-aws-rbin_3	5.17.166.2		2748831e5d8da8b6472ae01fabd94d777430f8c6
dev.zio	zio-aws-rbin_3	5.17.166.3		db79222d10c937b92adc9cb44529b0e87fa2fa0e
dev.zio	zio-aws-rbin_3	5.17.167.1		89fb5960c49f669d568388813b1959b36d846d42
dev.zio	zio-aws-rbin_3	5.17.168.1		64f98d36b326ca59fd94b95840699edb33fe0b6d
dev.zio	zio-aws-rbin_3	5.17.169.1		5c77424bb9edaa3f9892ea85e1a226b6e4afe985
dev.zio	zio-aws-rbin_3	5.17.170.1		4475c5f754e9aceae00011874a600df82683d865
dev.zio	zio-aws-rbin_3	5.17.171.1		38d060f981e99aa7c46405554361156c5e0e7d65
dev.zio	zio-aws-rbin_3	5.17.172.1		2d1ec655fc4149557e26e17dda2e2dba2110ab28
dev.zio	zio-aws-rbin_3	5.17.172.2		475f63cd5522cf1fa5963aa53565a348581810b8
dev.zio	zio-aws-rbin_3	5.17.174.1		f659124dc583e750cadddd98a8f7b449382211ba
dev.zio	zio-aws-rbin_3	5.17.175.1		d8159e421917ab408a537167d1fdb6242275ba98
dev.zio	zio-aws-rbin_3	5.17.176.1		1515603ec8c4ab296502da9d775b6ca14f02077b
dev.zio	zio-aws-rbin_3	5.17.176.2		a532c290f625b7db147a79ea892b4088073c3c02
dev.zio	zio-aws-rbin_3	5.17.177.1		c8989e6a3ee02a1c339ba31f868b0a0c4b1e72c6
dev.zio	zio-aws-rbin_3	5.17.178.1		9be249efa18bb450fb8cc1df8781d130c951d917
dev.zio	zio-aws-rbin_3	5.17.181.1		249453296c2208f300d5bf377cb7abdd7f409e02
dev.zio	zio-aws-rbin_3	5.17.182.1		0cc490c433378f0be91dc99661dcd921d80a1de4
dev.zio	zio-aws-rbin_3	5.17.183.1		db4f5481e4f407698f08b24e0e239ade279aaf83
dev.zio	zio-aws-rbin_3	5.17.184.1		4f9d62321f955a5181d0c778e27f998ecbc18446
dev.zio	zio-aws-rbin_3	5.17.186.1		5eacaba225ab25052975b5c58496cd88c48fc2f9
dev.zio	zio-aws-rbin_3	5.17.187.1		024bb46eb2413aa708645eed70591245d1fae360
dev.zio	zio-aws-rbin_3	5.17.188.1		ee29dee6f02a8c50874ae412db7c2e2aea9877e7
dev.zio	zio-aws-rbin_3	5.17.190.1		f050e95351ba19c0dc1facbcfe3774901d7308d2
dev.zio	zio-aws-rbin_3	5.17.190.2		c4c125296d784240a5760a857c28793e95c269f5
dev.zio	zio-aws-rbin_3	5.17.191.2		ef3be22899214e40dcb70413450a5ff4d0dce246
dev.zio	zio-aws-rbin_3	5.17.193.1		c31c6eb8091da18595df7683fa3e619806fa7774
dev.zio	zio-aws-rbin_3	5.17.193.2		427d1d41da4307b46e244487fb5ab0a5081ed606
dev.zio	zio-aws-rbin_3	5.17.194.1		56ce65d50bcd1ac5b2abc56ce229adfd3fa8ddc4
dev.zio	zio-aws-rbin_3	5.17.195.1		3875d0db07760415ef16923da18d88500c885d95
dev.zio	zio-aws-rbin_3	5.17.195.2		968c628095aa609777ffecd48ee46ab0f373c50f
dev.zio	zio-aws-rbin_3	5.17.195.3		4de9225ae4c6c374f4e5c5b7ffb109571c5e4ae7
dev.zio	zio-aws-rbin_3	5.17.196.1		af779f3b694402d21abf37215fc052fa8b197d06
dev.zio	zio-aws-rbin_3	5.17.197.1		6715a4532d9e1be9e0e5e9f8ff256c3f29a3dba4
dev.zio	zio-aws-rbin_3	5.17.197.2		b9806e3fd41fdf85d9803357cba602074e1498aa
dev.zio	zio-aws-rbin_3	5.17.201.1		c2d2afca370728082132a69393f71276feafdda1
dev.zio	zio-aws-rbin_3	5.17.201.2		3211edda21a7172c1241448925ca90a5df50546a
dev.zio	zio-aws-rbin_3	5.17.202.1		04e141e1fe1d2d30b2dbb15342bc0e87f83531a8
dev.zio	zio-aws-rbin_3	5.17.203.1		ba9d60ac1ff3d3e42a09cfca74037f1d4e33eafb
dev.zio	zio-aws-rbin_3	5.17.203.2		ba3080a3f4e3bfb1f119c488dc24ec5b2af67450
dev.zio	zio-aws-rbin_3	5.17.204.1		b21140c3cb11a9f867317ff47632e9d20e2d7b67
dev.zio	zio-aws-rbin_3	5.17.205.1		1f942abae3e02135f47602ef57e4c14a14e70a7f
dev.zio	zio-aws-rbin_3	5.17.206.1		0cb3da3acb3642cb761d4396924761acda9a514a
dev.zio	zio-aws-rbin_3	5.17.207.1		b25eecd1819841056c142b02e03787e77988b782
dev.zio	zio-aws-rbin_3	5.17.208.1		9a35c283fd4e7af46fcd08b8f15584f62c17365c
dev.zio	zio-aws-rbin_3	5.17.208.2		f6671b6d6b3a857743321a77195841cc821773c0
dev.zio	zio-aws-rbin_3	5.17.209.1		4d075d0a97ef5ce9a23b46436421f8458ab0d7e2
dev.zio	zio-aws-rbin_3	5.17.211.1		565e6ba69c261c605e4658219403433fac58dbfa
dev.zio	zio-aws-rbin_3	5.17.212.1		998f878f51042786e54f9abc7b94b2fca3123442
dev.zio	zio-aws-rbin_3	5.17.214.1		1db36d24b66691874a359d91d307e78d275fce85
dev.zio	zio-aws-rbin_3	5.17.217.1		ba654b7ff40ad64049223401f4b4fb36962e924b
dev.zio	zio-aws-rbin_3	5.17.218.1		fefe8697ef787889d5399e9a1be00dbf3d95a6a9
dev.zio	zio-aws-rbin_3	5.17.224.2		10e9b3a4171578a5e7904b45abfbdba4ef56be7e
dev.zio	zio-aws-rbin_3	5.17.224.3		6bf95036389d2b240150e2e2764edbf71a9835c4
dev.zio	zio-aws-rbin_3	5.17.224.4		87fcb837fe66d91801b09dd3ff7be690c6b9278b
dev.zio	zio-aws-rbin_3	5.17.225.1		356e345f13028d97092a00db67842c457a802bf5
dev.zio	zio-aws-rbin_3	5.17.225.2		c2ed83a907d0611f3d9b9487716a1f00bec3ce1e
dev.zio	zio-aws-rbin_3	5.17.233.1		39802563690b092b500c86f8a7c769481f7ccb09
dev.zio	zio-aws-rbin_3	5.17.234.1		231d44718d9e9ba8aafab9d235c078068b02af11
dev.zio	zio-aws-rbin_3	5.17.239.1		d6ac87f4258d5c2869498fe6fc1e4dac3a4aca5a
dev.zio	zio-aws-rbin_3	5.17.239.4		29a62256d1d0772e39b89bc276a547e19fd45860
dev.zio	zio-aws-rbin_3	5.17.252.1		702d6897ddbb558a75f9d77925bbbef8a7030942
dev.zio	zio-aws-rbin_3	5.17.257.1		a427e420144071b63bef0d8b01c1b3afd1c62f06
dev.zio	zio-aws-rbin_3	5.17.265.1		3fbcee2305130b59dd6932af32a4cb2a4616f854
dev.zio	zio-aws-rbin_3	5.17.267.1		0c60d8eae4a242d09f329c5a1c559c8c4d005d93
dev.zio	zio-aws-rbin_3	5.17.267.4		14ae8586010365b13c8d8697552b212cd2b73cce
dev.zio	zio-aws-rbin_3	5.17.267.6		f4410156fe2ae1531f41bd62e86daeb543265829
dev.zio	zio-aws-rbin_3	5.17.267.7		c29f9216b3d91e93e404f82c6153da87debd7636
dev.zio	zio-aws-rbin_3	5.17.269.1		72f4a2e44bd8828abc6ad23a352063eeea81b8cf
dev.zio	zio-aws-rbin_3	5.17.271.1		67cf734c75bd9f381c9db77efa7e0f123d6a7162
dev.zio	zio-aws-rbin_3	5.17.280.1		f1e8b4e82c93d2359ea0c9dee90898adbf64f40f
dev.zio	zio-aws-rbin_3	5.17.295.1		360dbd5f1a8e134035ffb27ac46a7b8717094c7e
dev.zio	zio-aws-rbin_3	5.17.295.10		2cd42b2c8d2e3fd4b9a1d1c16dcdfd378e407a48
dev.zio	zio-aws-rbin_3	5.17.295.11		b7185de6020b5dd039aab95238bf2027281a1556
dev.zio	zio-aws-rbin_3	5.17.295.12		4f4b624e9525cfad7a61a09106ef516c1cdfd9a3
dev.zio	zio-aws-rbin_3	5.17.295.13		026bc2fe7a3f8606903f7d79ae9ca2650a5bee1b
dev.zio	zio-aws-rbin_3	5.17.295.14		54e31a60b656b3a613dc84c0c25d67278a1c4660
dev.zio	zio-aws-rbin_3	5.17.295.15		b355ed8519748b533ff62f3cbad589eeeda51cb4
dev.zio	zio-aws-rbin_3	5.17.295.16		8737fb891fe6e858d3a7cce96cbd8dd9f6191c48
dev.zio	zio-aws-rbin_3	5.17.295.17		d0f1d285082c28a9e55e0bdc5318f61adc78e63f
dev.zio	zio-aws-rbin_3	5.17.295.18		9dec1ddeba5be606d09bdb2ae6ef9fbae83bd3a6
dev.zio	zio-aws-rbin_3	5.17.295.19		61008bd7152b8342a1547abe2e9c0cbe724e11b7
dev.zio	zio-aws-rbin_3	5.17.295.2		34ef162fc1a3bfaa8e364c91700169a0d70280b0
dev.zio	zio-aws-rbin_3	5.17.295.20		c084be15f858f1dc7d8b63ae1150e8eaf92c7356
dev.zio	zio-aws-rbin_3	5.17.295.22		0ad364d54dee8e95a80c5f6c5d9d81982513cf30
dev.zio	zio-aws-rbin_3	5.17.295.3		1545eaaf2cae3b0d1e57ee21c40f93c30834cab3
dev.zio	zio-aws-rbin_3	5.17.295.4		feaf989d3ceecb525d521d873cb8824900a7ec02
dev.zio	zio-aws-rbin_3	5.17.295.5		ac2e8da20e7148c4c04e220346a483dde6255d45
dev.zio	zio-aws-rbin_3	5.17.295.6		f42a9ba7724f57f11b87782c4f44a343603eb936
dev.zio	zio-aws-rbin_3	5.17.295.8		51b4be398f1e4091c0367405c7ccdd60c93799f7
dev.zio	zio-aws-rbin_3	5.17.295.9		8955b43760a7f75f334b402539719ba7682b5b75
dev.zio	zio-aws-rbin_3	5.19.12.1		23ff3e50288fbfa2313d0aada03b3e66cf15cc3e
dev.zio	zio-aws-rbin_3	5.19.17.1		61051a62ab9132e08f3e9ce3fc05642d3005b7ac
dev.zio	zio-aws-rbin_3	5.19.17.2		42ef05cfad5caa1b8a1c0f595a74d85b634648cc
dev.zio	zio-aws-rbin_3	5.19.26.1		5c487c048ca467e4374b91ebeeced04584644c59
dev.zio	zio-aws-rbin_3	5.19.31.1		037a986289be8caac42c3e3bf1d323b5e716163f
dev.zio	zio-aws-rbin_3	5.19.31.2		1058307ace811819fb775c46de408f9e06f7f703
dev.zio	zio-aws-rbin_3	5.19.31.3		2099a2b2cfa9428bdeed8215cd130e3f2cabb972
dev.zio	zio-aws-rbin_3	5.19.31.4		d83dd057b4b6f2c0291aa17d00a8b2fad96b4ff7
dev.zio	zio-aws-rbin_3	5.19.31.5		03420351290fe67236cb44706c0d576866816c1f
dev.zio	zio-aws-rbin_3	5.19.33.1		0de9882c126c3f38d12dc80070012027c8ddf1a6
dev.zio	zio-aws-rbin_3	5.19.33.2		127410b0e20cda8137f41dfc097116a0133a4d71
dev.zio	zio-aws-rbin_3	5.19.7.1		3187a7cc5d95e76241cc166e106492dded99516b
dev.zio	zio-aws-rbin_3	5.19.7.2		25de54c951ad7a5bc67e387ad15dd0a281cd9aa7
dev.zio	zio-aws-rbin_3	5.19.7.3		e6dbce14361df78a4b282067ba0b07c06b7df23d
dev.zio	zio-aws-rbin_3	5.19.7.4		6dee8a3d25c4d7aead704be3b4883092568f06b9
dev.zio	zio-aws-rbin_3	5.19.7.5		cd8eb8a88f0f516097d1f4bd10deef14b3c444e3
dev.zio	zio-aws-rbin_3	5.19.7.6		3312667e0f5be22300534939c727a8b7287cd8ed
dev.zio	zio-aws-rbin_3	5.19.8.1		5ca6a38d6b1165fc29ed9dfbcbdaa52a3a2f93eb
dev.zio	zio-aws-rbin_3	5.19.8.2		07b883507950bf2750eadd1d27be8619c866ef17
dev.zio	zio-aws-rbin_3	5.19.8.3		13fc935e86a3dc11049248be3b2b8dc414449e7e
dev.zio	zio-aws-rbin_3	5.19.8.4		5c4bf87acab67ef57eaa1f86b90fa328cf71a8b5
dev.zio	zio-aws-rbin_3	5.20.17.1		2b7c2c363bdad945ab23d33ba6871fa2d8642270
dev.zio	zio-aws-rbin_3	5.20.17.2		f8997a3098fc97e940f9f441792c7e5c84ff6d45
dev.zio	zio-aws-rbin_3	5.20.22.1		a7dbd523837e2a3836427f57788ee70c9a3f4b4a
dev.zio	zio-aws-rbin_3	5.20.22.2		dcfea32306e2230e96f159818f2e93787625280a
dev.zio	zio-aws-rbin_3	5.20.22.3		6029e45a98ae2d6cc3d06e226206e6a42b616017
dev.zio	zio-aws-rbin_3	5.20.32.1		4133a2dcbf8fb5f2dfacd373b0ae3b93f6ee37d3
dev.zio	zio-aws-rbin_3	5.20.32.2		1224bb10a4a8b6ed7adcc6499b6b9ea54cda689b
dev.zio	zio-aws-rbin_3	5.20.37.1		0383f63bb0a20be1953b525f35d362141435487b
dev.zio	zio-aws-rbin_3	5.20.42.1		ea46a542ec9839d3e1a3b4d9d80bd008b76e2e27
dev.zio	zio-aws-rbin_3	5.20.7.1		64cadcc09596b7d8aeb7b6b6c8717c130fdf1b93
dev.zio	zio-aws-rbin_3	5.20.7.2		9900176d6ade17b520bd59858b928c5738af236c
dev.zio	zio-aws-rbin_3	5.20.7.3		5f067fdf1424d90f6fe144e3a88a9162f50e84e1
dev.zio	zio-aws-rbin_3	6.20.103.1		6be292c76663bd15c329e122eb9247f206071bf7
dev.zio	zio-aws-rbin_3	6.20.103.2		207c9d4d3e1abb62658d8170548b95cac660fba1
dev.zio	zio-aws-rbin_3	6.20.115.1		b5e78e19dc52a0accc79a3cecc52359f8802fc5b
dev.zio	zio-aws-rbin_3	6.20.115.2		47405021ec48fdf902b8dbc7bacb13c7868604e6
dev.zio	zio-aws-rbin_3	6.20.120.1		8f31f22e1781f4b6152fa015a9dfd56087e28d57
dev.zio	zio-aws-rbin_3	6.20.149.1		9b55637f9242ebbc53fd26fe917366a84f5fa4b9
dev.zio	zio-aws-rbin_3	6.20.149.2		761268cb3310fe855e118cc24447b47cc302d15a
dev.zio	zio-aws-rbin_3	6.20.162.1		8305eca7adaf84b685f3de142fb36507ac35e349
dev.zio	zio-aws-rbin_3	6.20.162.2		bda683adfc7912e1b445b27c1314333ab26b5d72
dev.zio	zio-aws-rbin_3	6.20.42.1		d368393812059baa2573ca612eb71550d6e4e857
dev.zio	zio-aws-rbin_3	6.20.42.2		80edaff949df587de1ef84bf9c392cadd89bc941
dev.zio	zio-aws-rbin_3	6.20.47.1		680effafe1f98ee706b6aad72ce3db111ed47353
dev.zio	zio-aws-rbin_3	6.20.56.2		d89f1d4ad64e2c0e12ae30a38d693bf707fe9e13
dev.zio	zio-aws-rbin_3	6.20.58.1		db5882e51432f50b03b5dd5cd2e14dc5d17b7b1a
dev.zio	zio-aws-rbin_3	6.20.58.2		e977a38c78f6d99039ea9a2b7b89c1ace5d3d101
dev.zio	zio-aws-rbin_3	6.20.58.3		941887722e508bec1d073f14310aa0e080d676ca
dev.zio	zio-aws-rbin_3	6.20.61.1		93a67f9f6a269b684c730106364508a75c5cdfdf
dev.zio	zio-aws-rbin_3	6.20.69.1		db9413868201a40076e50368ab1c4d2985d560f6
dev.zio	zio-aws-rbin_3	6.20.69.2		f28c83cbd26fa1b7aa815349ffc0899353a9de88
dev.zio	zio-aws-rbin_3	6.20.74.1		86bf9bf7b7cd3ee03a84c9bcc06e80231734a84d
dev.zio	zio-aws-rbin_3	6.20.74.2		e73105406fe0c6a8adc9c9b769c396c3afc45758
dev.zio	zio-aws-rbin_3	6.20.78.1		d18326944cae1ea0426aad78d5d1adc1b89877b6
dev.zio	zio-aws-rbin_3	6.20.78.2		d810c906397c0d86079985e36f898daad68ffd95
dev.zio	zio-aws-rbin_3	6.20.78.3		0e5a9f53b5fff00a99292d4a1d3990336aae6ecf
dev.zio	zio-aws-rbin_3	6.20.83.1		badcdec155d868a0a58f4aa057fcd588a191082c
dev.zio	zio-aws-rbin_3	6.20.83.2		d3b9c65a5d335dfb18c9d3e4cb36cb0b8be29484
dev.zio	zio-aws-rbin_3	6.20.97.2		55ed1dec83b5df368f08bcc41713a0d91929b6fa
dev.zio	zio-aws-rbin_3	7.21.15.1		81c46839b61d5634c764ae8eefe0e696d3d259e5
dev.zio	zio-aws-rbin_3	7.21.15.10		30ecc299c4552219f513e0972ae75e3fc9823fff
dev.zio	zio-aws-rbin_3	7.21.15.11		ae2d6130823c3414ddd7fc813b8f48a633523327
dev.zio	zio-aws-rbin_3	7.21.15.12		6f072387c7373cab0828b5483536b9e8692d90c8
dev.zio	zio-aws-rbin_3	7.21.15.13		7f6fe986ffe88595b23080c5c371c3564a07f44d
dev.zio	zio-aws-rbin_3	7.21.15.15		00ca87f93cabba9befae7c42fed6af2172d0233d
dev.zio	zio-aws-rbin_3	7.21.15.2		89cd8ce4feeeddde11191854ff7edb9d2a8f48c7
dev.zio	zio-aws-rbin_3	7.21.15.3		449a134b830da2aff531dabe4cf87962ecbe380d
dev.zio	zio-aws-rbin_3	7.21.15.4		b20732021cc3d618f4eeaee6c38f444498c68ce5
dev.zio	zio-aws-rbin_3	7.21.15.5		ee77bf10e18234c978a8d7ff41221e023c141bbd
dev.zio	zio-aws-rbin_3	7.21.15.7		cb8012ba9ae8c613589d8921bf19575e53366880
dev.zio	zio-aws-rbin_3	7.21.15.8		bdecfb18ee3aaefe11281d7b4726a12772eb708c
dev.zio	zio-aws-rbin_3	7.21.15.9		cf6b70adf20ee19f3858a1b19490d67931208cf0
dev.zio	zio-aws-rbin_3	7.28.24.2		d9c6d324050eb2f7ca16ce4cb180ee3b99bd1205
dev.zio	zio-aws-rbin_3	7.28.26.1		2c34023f99bc03b37cdd518ffe73f1a490b8680f
dev.zio	zio-aws-rbin_3	7.28.29.1		8a8b2fdfe88ae1e18004cf4c2b0f06d8d157d04d
dev.zio	zio-aws-rbin_3	7.28.29.10		9048f03d423039ba2a076f9097615f89d1f3d171
dev.zio	zio-aws-rbin_3	7.28.29.11		ddadeb1cfb22d4c335d22a3fe3c384fc4c586adb
dev.zio	zio-aws-rbin_3	7.28.29.12		2a55b8f3c29e1371a4d0e7efaef0cff6308f6c64
dev.zio	zio-aws-rbin_3	7.28.29.13		2372039197731d266f4cd39309155f33dda59573
dev.zio	zio-aws-rbin_3	7.28.29.14		2536aba852299907f064522d3620ed445bc4a810
dev.zio	zio-aws-rbin_3	7.28.29.15		d92e24670c9b90df219c70fe153c807cdd8dc694
dev.zio	zio-aws-rbin_3	7.28.29.16		aae5fb3016869e46b7911b30bb1952d727302d5b
dev.zio	zio-aws-rbin_3	7.28.29.17		080576a42c6699ff9228684a919be4a8b7bfe6af
dev.zio	zio-aws-rbin_3	7.28.29.18		db9678924745377098fa010afb681f9d4e0bc19c
dev.zio	zio-aws-rbin_3	7.28.29.19		5b4910bb682db26e22f59b8f79ddeb9bdf1cb166
dev.zio	zio-aws-rbin_3	7.28.29.2		7aea9bbd994ecb091026d7010ad3da03d9b7f3a5
dev.zio	zio-aws-rbin_3	7.28.29.3		1c6bdb5bccb5a3d0caccab3ac679641b010e3189
dev.zio	zio-aws-rbin_3	7.28.29.4		eea1d363812ce0af8edb41d5a667b1d581b0d56c
dev.zio	zio-aws-rbin_3	7.28.29.5		4161d78132bbb40f1fffe9a93935b0051dc10dbe
dev.zio	zio-aws-rbin_3	7.28.29.6		8f0710c73939eb64431942ff94338fad967df374
dev.zio	zio-aws-rbin_3	7.28.29.7		b7a7c9e22b4bf42a5f24c8ff0cc3ec19e65cdb4d
dev.zio	zio-aws-rbin_3	7.28.29.8		f281ab27af7ce8a9d027bc1603b4fb9a0ee2d944
dev.zio	zio-aws-rbin_3	7.28.29.9		da1fc5a1459f4ce5d0ddc23bcf669a9e05db65fc
dev.zio	zio-aws-rbin_3	7.30.15.1		a96e754c51265f269cf8c6ccad8fa1cfbea6ce72
dev.zio	zio-aws-rbin_3	7.30.15.2		7bc65915538cc4966a7f8ddc6692b28e6513175b
dev.zio	zio-aws-rbin_3	7.30.16.1		76b408ac943392ce72aca4a07e3e4102add4a18c
dev.zio	zio-aws-rbin_3	7.30.16.2		02355bd672bc2b9587af03676bda64428982b788
dev.zio	zio-aws-rbin_3	7.30.16.3		a6e22d8def72408fbf066c62dfd32597092a6876
dev.zio	zio-aws-rbin_3	7.30.16.4		118ee88cdb50f23eb68199a70a225563d36d9529
dev.zio	zio-aws-rbin_3	7.30.20.1		27e59d046ab9c9f49a4355751c9eb27577205582
dev.zio	zio-aws-rbin_3	7.30.22.1		f802b2ddc8d5c3b2480aabe8fe060ccc5a03b911
dev.zio	zio-aws-rbin_3	7.30.22.2		7d3418bb6c129576404744685a73efd6f29e27aa
dev.zio	zio-aws-rbin_3	7.30.23.1		cdbb96608ad99a5f975dd3c701590c1709799493
dev.zio	zio-aws-rbin_3	7.30.24.1		41e2ab5c81e7f7456d83df254650242489427436
dev.zio	zio-aws-rbin_3	7.30.24.2		1e05ba9e9e501a8673eb8f0911744a2dc9edc98d
dev.zio	zio-aws-rbin_3	7.30.25.1		41fd07ace47cc80d943078d9fddfb96a39997139
dev.zio	zio-aws-rbin_3	7.30.26.1		d168576d171dd7ce73388f6c72948dcfa311804c
dev.zio	zio-aws-rbin_3	7.30.27.1		bd9e1f26ea386905262a9dfe08a563d5e5bae574
dev.zio	zio-aws-rbin_3	7.30.27.2		50c39277d39d3d082b4bcf0ec3397e24b085fc63
dev.zio	zio-aws-rbin_3	7.30.29.1		2669d37e3d11b3f3634d3921fdd07f10d33db095
dev.zio	zio-aws-rbin_3	7.30.30.1		8902129300b51a5c4f95b67e72a66099355c3bd3
dev.zio	zio-aws-rbin_3	7.30.31.1		3878def6bbd5871fce04c5f32d41481296abcabe
dev.zio	zio-aws-rbin_3	7.30.31.2		e5eeaba175168b0055f4aea7c9d4424dbfe8086c
dev.zio	zio-aws-rbin_3	7.30.32.1		4374493b30b1d17ddfa97505b9aaf996c8b05b76
dev.zio	zio-aws-rbin_3	7.30.33.1		133a2451a4e0357bdcc9eebb0e1a3ee8e73a05af
dev.zio	zio-aws-rbin_3	7.30.34.1		fdfb31ac771b78bfd130e2484d6973a79424619d
dev.zio	zio-aws-rbin_3	7.30.34.2		db403c497555cf9e09d077c745b146786ecd73b7
dev.zio	zio-aws-rbin_3	7.30.35.1		283fd017bb4f47a594358f21358100afaee6d100
dev.zio	zio-aws-rbin_3	7.30.36.1		2a8f41bd965c7b0cb39bff7ce7639ba7c13da21d
dev.zio	zio-aws-rbin_3	7.30.37.1		ee9bdc49384df3ac027362072fd785ec79b54b7c
dev.zio	zio-aws-rbin_3	7.30.38.1		cfb797c82a9607891b5f64d71419db028ef831e4
dev.zio	zio-aws-rbin_3	7.30.38.2		b64729c713c657e38d20d7aa864f78dd9c74006e
dev.zio	zio-aws-rbin_3	7.31.0.1		6eafdb8d1790fa1ca505fec2351fa3fc8fbd4044
dev.zio	zio-aws-rbin_3	7.31.1.1		a6c3ae3d5ccb23e8521f26dae3b10d6b4e06ff3c
dev.zio	zio-aws-rbin_3	7.31.1.3		3a079992d118305900cc4acf6ec56a88f7524639
dev.zio	zio-aws-rbin_3	7.31.1.4		6bc96baec816a9b50d6ec7e12a23ae41d0e51ee3
dev.zio	zio-aws-rbin_3	7.31.1.5		5fcd02ab2054181745fab4995d93bed3cadeb972
dev.zio	zio-aws-rbin_3	7.31.10.1		4ca573e8c0b75cfcb78cb206dec13bac1f972ac9
dev.zio	zio-aws-rbin_3	7.31.11.1		823e82d82aaf5ec85a05b265ccebe68871a54b74
dev.zio	zio-aws-rbin_3	7.31.13.1		729396a3f3814a853b1f6f3264315edb9a0452f8
dev.zio	zio-aws-rbin_3	7.31.14.1		4b0db559cc51b57157e9a7b5784813015a34e956
dev.zio	zio-aws-rbin_3	7.31.15.1		ab5ee477d1d7dbab60404e2db4eb5ea4015fd2f1
dev.zio	zio-aws-rbin_3	7.31.16.1		e6d28489e2db41e4db687a5ddf928fdea45ce27a
dev.zio	zio-aws-rbin_3	7.31.16.2		047b03702a8479a9bddaa3f7330bb0b4b2985afb
dev.zio	zio-aws-rbin_3	7.31.17.1		0f153144b516110042cb446c6174943d0e1658a6
dev.zio	zio-aws-rbin_3	7.31.18.1		c20745336acad1b41e6271bac0734ef4b5a046f1
dev.zio	zio-aws-rbin_3	7.31.19.1		f65450bb9f949a77157e6314a2f59335c19bf9e6
dev.zio	zio-aws-rbin_3	7.31.2.1		a5c444ac4cfa6645beec9a47da4cea32a5145a44
dev.zio	zio-aws-rbin_3	7.31.20.1		d6bdc8a76330d2329b4aa15520a667ed37d7abde
dev.zio	zio-aws-rbin_3	7.31.21.1		9a5f8df0444b1715ce1a41fb13ed484cb6d12a1c
dev.zio	zio-aws-rbin_3	7.31.22.1		006d57a8ad278da63388617253ed9a56e761c437
dev.zio	zio-aws-rbin_3	7.31.22.2		04be060fc8cea75981590407b1871b2ff942a1a1
dev.zio	zio-aws-rbin_3	7.31.24.1		064c674ba0d4d905f1e8d33462964c81ea1da09d
dev.zio	zio-aws-rbin_3	7.31.25.1		62e3a62340cba98a0384bb5fb95f3e17a75872c1
dev.zio	zio-aws-rbin_3	7.31.26.1		960bcedc01cb896ca19f11f52c74d3dedb90d648
dev.zio	zio-aws-rbin_3	7.31.26.2		d562d45db0197aa0fabdebbd6c635b85271653e7
dev.zio	zio-aws-rbin_3	7.31.27.1		22dc82f2a9debc12f774efe0c82e4bc182fa4355
dev.zio	zio-aws-rbin_3	7.31.28.1		a6898c67f2a7a5fb4490561e57e87aafd30d4c2a
dev.zio	zio-aws-rbin_3	7.31.3.1		3e1344b32489ff70e0d71fc8218a51db83ac1204
dev.zio	zio-aws-rbin_3	7.31.30.1		bb7e5404e4ec236dfc6b48973f1572f12a165bb9
dev.zio	zio-aws-rbin_3	7.31.4.1		af2a78df66afee410bf0ab472b759a1d43c18cc2
dev.zio	zio-aws-rbin_3	7.31.6.1		1bedda030b307d1826c0ec905692728976a5452c
dev.zio	zio-aws-rbin_3	7.31.6.2		3b4d323aeb9d45f113acc9fff2aa32130edf8504
dev.zio	zio-aws-rbin_3	7.31.6.3		f4926689c2504af4373325d5567361bbdde200ae
dev.zio	zio-aws-rbin_3	7.31.7.1		a073a13454f1272a6c3147fbc6bb36b9e1975482
dev.zio	zio-aws-rbin_3	7.31.8.1		e62bc6438231a7398afd6aff0f0ca811db375f93
dev.zio	zio-aws-rbin_3	7.31.9.1		72023265ac4c0902421d0051f78cd2e3fffb2c41
io.basestar	basestar-storage-dynamodb	1.0		0ca88a372b23dd32e1302969cc5b5964a34f2c7d
io.basestar	basestar-storage-dynamodb	1.1		33948e193e37617e579800f15ea3c7cc99e9ad1a
io.basestar	basestar-storage-dynamodb	1.1.1		8d8b5c24cc89c657706a62839615d19425e38920
io.basestar	basestar-storage-dynamodb	1.1.10		a1060ab41b1f51869b95a0d187fe5f9f43b0779d
io.basestar	basestar-storage-dynamodb	1.1.11		568d04969342e219975b5a164d9879f4f6d93e50
io.basestar	basestar-storage-dynamodb	1.1.12		7baa591a73cd3d867bbdec1e5278d43d2e15951d
io.basestar	basestar-storage-dynamodb	1.1.2		4afde947c04b47979f39947ea32c1bcbed4960d0
io.basestar	basestar-storage-dynamodb	1.1.3		4b1a3856e64ca1d501e83c7c8e380214a031c56c
io.basestar	basestar-storage-dynamodb	1.1.4		f19c726c0c23c682a86e77938b22f1a47872cac7
io.basestar	basestar-storage-dynamodb	1.1.5		b7295203b7f44ad13dbd00c142bf391b8f03973a
io.basestar	basestar-storage-dynamodb	1.1.6		366cebba09db5b17f484467a6361affea916384f
io.basestar	basestar-storage-dynamodb	1.1.7		5a691738a65b4b16ec5b98feb6c388ad12f4291d
io.basestar	basestar-storage-dynamodb	1.1.8		30fe91ee23d06a937e18093246a1c5ea7195bd69
io.basestar	basestar-storage-dynamodb	1.1.9		793c5ed0b28b9910ed5ac83570f8dfaf5098842b
io.basestar	basestar-storage-dynamodb	1.2.1		e394df50febfdf6039cbb4e8a0241fabbc537818
io.basestar	basestar-storage-dynamodb	1.2.2		ad0b592e01464b05bdb451af8d2696fce1509fd9
io.cordite	metering-cordapp	0.1.5		417af61b40115359c4566e87fee444b27c44fc99
io.cordite	metering-cordapp	0.1.6		656094a9b1bab30296670468941d19818ea8f110
io.cordite	metering-cordapp	0.2.0		0ae57dbbf0440c0b0ca391b40f159abc680c2728
io.cordite	metering-cordapp	0.2.1		10d14cfb875aedd38ba9a295db7437476b9cf6a4
io.cordite	metering-cordapp	0.2.2		5b15c2ecb286588cccbc43f433fe4a134d3566ba
io.cordite	metering-cordapp	0.2.3		179c7753b853cba488fd15d1091a818adb79acb7
io.cordite	metering-cordapp	0.3.0		d4d8c39a2de02231708be120326fc0136098a84c
io.cordite	metering-cordapp	0.3.1		5ec25f8bff0573e693c365f737698f3cbb622f75
io.cordite	metering-cordapp	0.3.10		25f91f1dcfbacf7faca1a031db8e8b33b4dcd608
io.cordite	metering-cordapp	0.3.2		6e65572afa496c3a15ad497463ab46c09a1b49b3
io.cordite	metering-cordapp	0.3.3		b4e329f63018de0c879e1d18e552153a87dc54ae
io.cordite	metering-cordapp	0.3.4		4e63e39c43b8308b0da65f3acc5e71dc51e7dd91
io.cordite	metering-cordapp	0.3.5		7bddd40e7c47b4b7e3caa1e744b8a7ab453f03e7
io.cordite	metering-cordapp	0.3.6		c06b50e1cd71ae2e108a967803b5bc86420419b1
io.cordite	metering-cordapp	0.3.7		cd986cb7440c8366400f1b160dad9005d6c113a5
io.cordite	metering-cordapp	0.3.8		0cda14098bb513a1678de56869c4309d79991fb8
io.cordite	metering-cordapp	0.3.9		02c9863a3a36818a69d8963c860aca5096c53647
io.cordite	metering-cordapp	v0.3.3		0c62c3f90bc7211ea233a64f12c778a8b4c4c168
io.github.meituan-dianping	interfaces	1.2.1		7ab60e4500068e369592883880d0c340956da631
io.github.shengchaojie	spring-strategy-tool	1.2.0		7165db4dda030793b1d3616ea7012f78c12e4a8c
io.github.thebesteric.framework.agile.plugins	logger-plugin	1.0.0		84d5d3f03086f4f3a174a9db61ad9cedf3b658bb
io.github.thebesteric.framework.agile.plugins	logger-plugin	1.0.1		c41350f2f5609ce5d63a094f152c3ebe8aabbe5f
io.github.thebesteric.framework.agile.plugins	logger-plugin	1.0.10		0fb6a1ca9b94e7581a61091acbac06aa372789f5
io.github.thebesteric.framework.agile.plugins	logger-plugin	1.0.11		86e2a49fb297600fd3e5ca50e8f4be67bb93899c
io.github.thebesteric.framework.agile.plugins	logger-plugin	1.0.11.1		1a5c846522b45bf49c206a50cb9612d5ea3414a9
io.github.thebesteric.framework.agile.plugins	logger-plugin	1.0.11.10		67f0bbfe59570c7374c3feb3fddc9106204ba143
io.github.thebesteric.framework.agile.plugins	logger-plugin	1.0.11.11		051f7346d0d02e6910303ed0107f15060d785bfb
io.github.thebesteric.framework.agile.plugins	logger-plugin	1.0.11.12		9101e2db0875fa00a2cc8d987e60db2c91d5d843
io.github.thebesteric.framework.agile.plugins	logger-plugin	1.0.11.13		ecf48f06473ecb5da7b57c9f819b2a563fb1eccd
io.github.thebesteric.framework.agile.plugins	logger-plugin	1.0.11.14		39f12abc22aba246009d9aacb5cb9f4c00c48d74
io.github.thebesteric.framework.agile.plugins	logger-plugin	1.0.11.15		b6cbe965d3b891554937fcc1a73036f0b84a9edf
io.github.thebesteric.framework.agile.plugins	logger-plugin	1.0.11.2		f37334f84cf55215095b270826e4fb80f99abc1a
io.github.thebesteric.framework.agile.plugins	logger-plugin	1.0.11.3		463a4929c96765e9887cd6e99c705497ebce1928
io.github.thebesteric.framework.agile.plugins	logger-plugin	1.0.11.4		becc0a614b6511aedf0bc41f7d4bf3204fecc3cd
io.github.thebesteric.framework.agile.plugins	logger-plugin	1.0.11.5		61ea4dc83a8f93ffe5068871a5e61bd0b8cdfad7
io.github.thebesteric.framework.agile.plugins	logger-plugin	1.0.11.6		3b2830047e4b26d71d02568e59a1eedfd4310a1a
io.github.thebesteric.framework.agile.plugins	logger-plugin	1.0.11.7		b4c0a29de90955b1b6ec34f8e89d6826798ed32c
io.github.thebesteric.framework.agile.plugins	logger-plugin	1.0.11.8		d0dd6e8d9a90c5f112ec3bd961545af03a9fc9a7
io.github.thebesteric.framework.agile.plugins	logger-plugin	1.0.11.9		6f45c986ef894ff39975211b027da6cdeaf25e25
io.github.thebesteric.framework.agile.plugins	logger-plugin	1.0.12		60f6d93681aec5a4e013869960b55f0f0638e713
io.github.thebesteric.framework.agile.plugins	logger-plugin	1.0.12.1		adb9438db416cab89c52527e9430d18a233a996a
io.github.thebesteric.framework.agile.plugins	logger-plugin	1.0.13		ba8147ad3a7b78cec1a16a8f3af405fbf9b22b0a
io.github.thebesteric.framework.agile.plugins	logger-plugin	1.0.13.1		5dcd8a04a1fa6a88dff75407bf97f35e05b38e64
io.github.thebesteric.framework.agile.plugins	logger-plugin	1.0.14		99f5b6f374a7083eb403a033ee17a64dd1ad4110
io.github.thebesteric.framework.agile.plugins	logger-plugin	1.0.14.1		ab1ed53c26274781cf1c7ffd4fbfe32ee0f5095e
io.github.thebesteric.framework.agile.plugins	logger-plugin	1.0.14.2		6d37e302346a4e8676d1b55df117e82412097493
io.github.thebesteric.framework.agile.plugins	logger-plugin	1.0.14.3		385503475bb66beff3b8dc7c6493624291c5310b
io.github.thebesteric.framework.agile.plugins	logger-plugin	1.0.14.4		b6fd2c06880a5a1c16124e12d1bc981783f69abb
io.github.thebesteric.framework.agile.plugins	logger-plugin	1.0.15		a2aaa29f05be127efbac02304c6c5a4e9a3fbc0e
io.github.thebesteric.framework.agile.plugins	logger-plugin	1.0.15.1		b3b44621f1c17462c31bd761c2e6af030bb83bae
io.github.thebesteric.framework.agile.plugins	logger-plugin	1.0.15.10		50a390c5aab5de78739e6d5a8463016c867fbbc5
io.github.thebesteric.framework.agile.plugins	logger-plugin	1.0.15.11		648a71d87085fd09cf764c7e8b82a9a15da1f1b1
io.github.thebesteric.framework.agile.plugins	logger-plugin	1.0.15.12		7afd8eee361f0d1d61ab40231c20b7ad4676f467
io.github.thebesteric.framework.agile.plugins	logger-plugin	1.0.15.13		4c9a9c3c980567509a43a2af7980ce68037562a3
io.github.thebesteric.framework.agile.plugins	logger-plugin	1.0.15.14		eee649031620940bc776af86b322e7ea918c6d81
io.github.thebesteric.framework.agile.plugins	logger-plugin	1.0.15.15		021be4daccb6c9adcfd809e55275a3d380b6f87f
io.github.thebesteric.framework.agile.plugins	logger-plugin	1.0.15.16		f779655dd3e9810efb407529e59dfe04aadc0062
io.github.thebesteric.framework.agile.plugins	logger-plugin	1.0.15.17		569a6774a6ac3eca1fc221579a6d3e9165056c8f
io.github.thebesteric.framework.agile.plugins	logger-plugin	1.0.15.18		927a53c2e30d9607b137d6d435a733b3a435179d
io.github.thebesteric.framework.agile.plugins	logger-plugin	1.0.15.2		00151d7b5dd89b7f0a22de6fe7fa3e5c76be8bdc
io.github.thebesteric.framework.agile.plugins	logger-plugin	1.0.15.3		e018a66da34a3729dd0d64c926838959bc1d7bb2
io.github.thebesteric.framework.agile.plugins	logger-plugin	1.0.15.4		ab5f02508df26a45f1dabd9ed611e907110a9c3b
io.github.thebesteric.framework.agile.plugins	logger-plugin	1.0.15.5		03b2d15870c6bad6dadbed02209e25449ab9f15d
io.github.thebesteric.framework.agile.plugins	logger-plugin	1.0.15.6		30acc40a9922361699758724cb7f2f29d1ee962f
io.github.thebesteric.framework.agile.plugins	logger-plugin	1.0.15.7		5e9295696063c986b17cc4a553ae9a8240a9555d
io.github.thebesteric.framework.agile.plugins	logger-plugin	1.0.15.8		c69cdbe3b4a7b555d44ea1030294f387fc0c1a57
io.github.thebesteric.framework.agile.plugins	logger-plugin	1.0.15.9		9d8ff39123f9cac68638fea4407bdeb3a4123fcf
io.github.thebesteric.framework.agile.plugins	logger-plugin	1.0.16		d779c8a31103c5fd75b1ed18e2617183f96dbe30
io.github.thebesteric.framework.agile.plugins	logger-plugin	1.0.16.1		49fbef84edd849b674d28431056c40bf1fc44d8f
io.github.thebesteric.framework.agile.plugins	logger-plugin	1.0.16.10		f2b45543d39146b05325cc18757a67de4f5aa791
io.github.thebesteric.framework.agile.plugins	logger-plugin	1.0.16.2		21004c43f4c9a44e1116429f1a5de4e8d180507a
io.github.thebesteric.framework.agile.plugins	logger-plugin	1.0.16.3		70518f81b630cff2eaed52690789880acf0dc73a
io.github.thebesteric.framework.agile.plugins	logger-plugin	1.0.16.4		4bee7432923bb94c3baf4278592bf41335714d86
io.github.thebesteric.framework.agile.plugins	logger-plugin	1.0.16.5		c8ced4660c20e70294b01b4f2da7de90d75dd6f3
io.github.thebesteric.framework.agile.plugins	logger-plugin	1.0.16.6		5272fbc280ffc1cdcc24954323d8605d6aea6b32
io.github.thebesteric.framework.agile.plugins	logger-plugin	1.0.16.7		be09c6a6ba1e53c9558de113da2467b2fbbecf53
io.github.thebesteric.framework.agile.plugins	logger-plugin	1.0.16.8		29cd895f959790473cab721313672e6d9ad7b621
io.github.thebesteric.framework.agile.plugins	logger-plugin	1.0.16.9		1e0d00ec7454f3ec995d8b5709fa428ccf01f62d
io.github.thebesteric.framework.agile.plugins	logger-plugin	1.0.17		cdfde487f4fbecab65d8d3e020a531df74d7d11b
io.github.thebesteric.framework.agile.plugins	logger-plugin	1.0.17.1		02b57564d90e36b00d148e31c5faeea0d07b5cf2
io.github.thebesteric.framework.agile.plugins	logger-plugin	1.0.17.2		046740b0306802739464fa3fbfb101672f32212f
io.github.thebesteric.framework.agile.plugins	logger-plugin	1.0.17.3		d6fde7b3f83fedf3beddd08c956eb2f7a950551c
io.github.thebesteric.framework.agile.plugins	logger-plugin	1.0.17.4		7ed6b5f0b361691984ab5b8e0a22ac37eaaf74b1
io.github.thebesteric.framework.agile.plugins	logger-plugin	1.0.18		d94e53403d51818acab81888ae4ac203ade132a5
io.github.thebesteric.framework.agile.plugins	logger-plugin	1.0.18.1		52b2f68be775a9dfdd7c6a6a83b1ca919cfe4407
io.github.thebesteric.framework.agile.plugins	logger-plugin	1.0.18.10		97a6b834f37e279953031726a5a4f8c3e78264b4
io.github.thebesteric.framework.agile.plugins	logger-plugin	1.0.18.2		42f697dd5077273056bd73ed1a8fd6a8b698f825
io.github.thebesteric.framework.agile.plugins	logger-plugin	1.0.18.3		3fb17ec8c3bfc80cf37c3da0ea5e9eaa1e5aa42d
io.github.thebesteric.framework.agile.plugins	logger-plugin	1.0.18.4		d486f1fa35f6839960f0827b1cdfb626b7f45961
io.github.thebesteric.framework.agile.plugins	logger-plugin	1.0.18.5		21a685dd59f38029fc1645bbd64857d903914282
io.github.thebesteric.framework.agile.plugins	logger-plugin	1.0.18.6		2dac141ebc0d4fb33e662c3d26c8157d22b6e36c
io.github.thebesteric.framework.agile.plugins	logger-plugin	1.0.18.7		b9e4d20a136a93ab52ab49ca0afde0cad9649b15
io.github.thebesteric.framework.agile.plugins	logger-plugin	1.0.18.8		031f0bb298b04c3d6e6356c6695139457a3b2182
io.github.thebesteric.framework.agile.plugins	logger-plugin	1.0.18.9		e5c1c1d3be0c4e4d0bb4cde74b36711c0081faa8
io.github.thebesteric.framework.agile.plugins	logger-plugin	1.0.19		7f479d1d7515387560d57fe6aeefb3979d757b04
io.github.thebesteric.framework.agile.plugins	logger-plugin	1.0.19.1		87cab242def219b377152c56e664312665d946aa
io.github.thebesteric.framework.agile.plugins	logger-plugin	1.0.19.10		9a8652b60825c1b1c2c0b59227cced6f37100536
io.github.thebesteric.framework.agile.plugins	logger-plugin	1.0.19.2		a6a4db22b81e8d9a3207eb4b953b8c09710836d4
io.github.thebesteric.framework.agile.plugins	logger-plugin	1.0.19.3		aa678a17a8ed7d5065d0f5a39b430329358c17ff
io.github.thebesteric.framework.agile.plugins	logger-plugin	1.0.19.4		e3a097a5601cbb2fb555e765e3a4583b316daa8a
io.github.thebesteric.framework.agile.plugins	logger-plugin	1.0.19.5		20f45414b7a4cea5bc07dbe15d96ffc72a0398b2
io.github.thebesteric.framework.agile.plugins	logger-plugin	1.0.19.6		4ed4ee21ec6e5f9da42d63089dc5da4f8d742587
io.github.thebesteric.framework.agile.plugins	logger-plugin	1.0.19.7		c8b5a1f1302e91bc8da65d11da23d908a1a9c8b4
io.github.thebesteric.framework.agile.plugins	logger-plugin	1.0.19.8		8f69344a9434532b0ba41ca8ba24cddec2ba2ced
io.github.thebesteric.framework.agile.plugins	logger-plugin	1.0.19.9		2b956d0d5a9078b6d7abdc04d9e5cc9ed2359b04
io.github.thebesteric.framework.agile.plugins	logger-plugin	1.0.2		036e09525f2fec4ce1b11b12275ea6a2fa6e6ec1
io.github.thebesteric.framework.agile.plugins	logger-plugin	1.0.20		f640518a93b35014d4cecc094351205fd5bccd3e
io.github.thebesteric.framework.agile.plugins	logger-plugin	1.0.20.1		1e688f5c0d87ae58019736cd438e5c09eca4db28
io.github.thebesteric.framework.agile.plugins	logger-plugin	1.0.20.2		7b5b3aad406acc0b24692d2e27c4e17f55ae9da2
io.github.thebesteric.framework.agile.plugins	logger-plugin	1.0.20.3		7acaacfea11d015bf98847f068ee43ffd71eaef5
io.github.thebesteric.framework.agile.plugins	logger-plugin	1.0.3		3e3864ed0e782773fefefa624b232f0ac50fbe25
io.github.thebesteric.framework.agile.plugins	logger-plugin	1.0.4		6b6c7136551684ecf4e593ad3f6d29b3e891a174
io.github.thebesteric.framework.agile.plugins	logger-plugin	1.0.5		61519c765cc5b8f738ce86a437e336801ee8bf40
io.github.thebesteric.framework.agile.plugins	logger-plugin	1.0.6		cb392d15a1770e0a9135788b73d6804e2cd7674a
io.github.thebesteric.framework.agile.plugins	logger-plugin	1.0.7		df9a9d99c92154d9b225a874ce81c8032eda19b0
io.github.thebesteric.framework.agile.plugins	logger-plugin	1.0.8		fb90efbc2803acc8b290213bff0dc4a6f6958a38
io.github.thebesteric.framework.agile.plugins	logger-plugin	1.0.9		7f9afb9d3b7546ded44a30188d46df94b67c722f
io.ktor	ktor-server-html-builder-tvossimulatorarm64	2.0.0		6a1b704a818895f5a3d7e88a89762ddaa4228916
io.ktor	ktor-server-html-builder-tvossimulatorarm64	2.0.0	metadata	0c358a796bf75220789d8ebb3608283279a527fa
io.ktor	ktor-server-html-builder-tvossimulatorarm64	2.0.0-rc-1		e3b6b50a3ab42410ad339c120baf59afe1cc0abd
io.ktor	ktor-server-html-builder-tvossimulatorarm64	2.0.0-rc-1	metadata	0ec798962ed265fd8529e816c6402e2f5ee37bb4
io.ktor	ktor-server-html-builder-tvossimulatorarm64	2.0.1		e78ccfb264ebec1dc9c25f1ca8c1e1e3eaa438eb
io.ktor	ktor-server-html-builder-tvossimulatorarm64	2.0.1	metadata	c8e10fe0185b08bfdfc9b655e0396da0f6a343b4
io.ktor	ktor-server-html-builder-tvossimulatorarm64	2.0.2		3e35c9dfa6ab1d84455074cc442b981bf417277a
io.ktor	ktor-server-html-builder-tvossimulatorarm64	2.0.2	metadata	90650506fe2c2b0343fc1e34e0547f903c86452b
io.ktor	ktor-server-html-builder-tvossimulatorarm64	2.0.3		2cf5070036eb4503e28403575653afbd6debca40
io.ktor	ktor-server-html-builder-tvossimulatorarm64	2.0.3	metadata	7650a01e2ca8cb30edc20841dca7d8b96731e3d6
io.ktor	ktor-server-html-builder-tvossimulatorarm64	2.1.0		e4280ade4c8a6813954728ac77cc349ad1883336
io.ktor	ktor-server-html-builder-tvossimulatorarm64	2.1.0	metadata	1892a88ea085ca4eb5881e0d3fc7b09f4688f5b9
io.ktor	ktor-server-html-builder-tvossimulatorarm64	2.1.1		cc30791a046d5b748b53b3b2e9edc5dce084ae0b
io.ktor	ktor-server-html-builder-tvossimulatorarm64	2.1.1	metadata	3e3a34234634a0bdf2a78a0d2acbf257f1a6e11c
io.ktor	ktor-server-html-builder-tvossimulatorarm64	2.1.2		4447cc72bdf08e21edd0c14967237dbc141ce3b1
io.ktor	ktor-server-html-builder-tvossimulatorarm64	2.1.2	metadata	94da944763b8cae66b519b9c3c8f26cae064933f
io.ktor	ktor-server-html-builder-tvossimulatorarm64	2.1.3		d2339b14399ce67b33bb806895f6d6bdd6296147
io.ktor	ktor-server-html-builder-tvossimulatorarm64	2.1.3	metadata	96c558e1a0619ce89fc932504872992ecb08a007
io.ktor	ktor-server-html-builder-tvossimulatorarm64	2.2.0		97a4cadf01b869ac54a835d7fca69c93d6f01871
io.ktor	ktor-server-html-builder-tvossimulatorarm64	2.2.0	metadata	e6cb6a7af9e96f7e487b03f54dcfb72935a35403
io.ktor	ktor-server-html-builder-tvossimulatorarm64	2.2.1		0498010af7c9ac9751e0c7b31c6ad256ce38be27
io.ktor	ktor-server-html-builder-tvossimulatorarm64	2.2.1	metadata	dfe7c3fe36d74e88c0459bb1fa895264269971ac
io.ktor	ktor-server-html-builder-tvossimulatorarm64	2.2.2		c82ca70f9e20ca804254c5be0a3abee074f5f674
io.ktor	ktor-server-html-builder-tvossimulatorarm64	2.2.2	metadata	0f7a56ef5985f5b435e86fe40c802b034be086d7
io.ktor	ktor-server-html-builder-tvossimulatorarm64	2.2.3		a8259f42e361b7ecc4a74e432c4feafca4315926
io.ktor	ktor-server-html-builder-tvossimulatorarm64	2.2.3	metadata	817b15a0c6982f460bb0226477194d14df3bc846
io.ktor	ktor-server-html-builder-tvossimulatorarm64	2.2.4		829c53ad229c5bfa7090f4a4c232a1685e95b99c
io.ktor	ktor-server-html-builder-tvossimulatorarm64	2.2.4	metadata	71a37d53abd85c3132d08ebe9660579bb26113ba
io.ktor	ktor-server-html-builder-tvossimulatorarm64	2.3.0		613b4ab177ceaebcbb0a61603407240191dd52b7
io.ktor	ktor-server-html-builder-tvossimulatorarm64	2.3.0	metadata	c6b603a192bb0455dd4b2e92cd1df1bd75eec29f
io.ktor	ktor-server-html-builder-tvossimulatorarm64	2.3.1		35d0cf50d7ba9c0d70d41c362c962bfc1f0711e3
io.ktor	ktor-server-html-builder-tvossimulatorarm64	2.3.1	metadata	8738bac65ca5c267057fbde15cefcc2385009077
io.ktor	ktor-server-html-builder-tvossimulatorarm64	2.3.10		7f4f1840526c4a265bcd71ec247b971e5c396663
io.ktor	ktor-server-html-builder-tvossimulatorarm64	2.3.10	metadata	f40034fc8759b3c28c25e32ddd5c1ba45a5fa751
io.ktor	ktor-server-html-builder-tvossimulatorarm64	2.3.11		0a89acbaad570eb8594757935ac3f438a6b7b72b
io.ktor	ktor-server-html-builder-tvossimulatorarm64	2.3.11	metadata	3253f3c2b8ff04348ceaafe1a536be2d626ad08a
io.ktor	ktor-server-html-builder-tvossimulatorarm64	2.3.12		3a2129b83ea890fd0c853b8e36edf7a2b64d8480
io.ktor	ktor-server-html-builder-tvossimulatorarm64	2.3.12	metadata	99ec8c19d55cc26818ddae5b98c08fb6a3dc8469
io.ktor	ktor-server-html-builder-tvossimulatorarm64	2.3.13		106aa29af9ef88d8d4c05210981353f8209381aa
io.ktor	ktor-server-html-builder-tvossimulatorarm64	2.3.13	metadata	3d4b7ddfe4ac0fcc21adddf5de3e5f6b21211c89
io.ktor	ktor-server-html-builder-tvossimulatorarm64	2.3.2		c2e26e49a05b8aaa05d19d00fadcba94a8446f4f
io.ktor	ktor-server-html-builder-tvossimulatorarm64	2.3.2	metadata	2f999e14cd1dc0e3bcd6b7ec7b19fde9effb4ed8
io.ktor	ktor-server-html-builder-tvossimulatorarm64	2.3.3		c1699da3589b0266a8938c43e4dc275ef78ace26
io.ktor	ktor-server-html-builder-tvossimulatorarm64	2.3.3	metadata	7929ccf88bde3d499d90d0d9ceb6d97006a69154
io.ktor	ktor-server-html-builder-tvossimulatorarm64	2.3.4		8d0f25dccef8b0c768a490392c3622e24ed8f455
io.ktor	ktor-server-html-builder-tvossimulatorarm64	2.3.4	metadata	3737376aea3c95d81a9dca743ee690ac3aaceab3
io.ktor	ktor-server-html-builder-tvossimulatorarm64	2.3.5		e18d05ad1ee2dffb74a9ba89f567c453e4d10086
io.ktor	ktor-server-html-builder-tvossimulatorarm64	2.3.5	metadata	76eeffa0dd00457dde05baf1af10f71016ac4cd5
io.ktor	ktor-server-html-builder-tvossimulatorarm64	2.3.6		c108cf8b5317400637868e4fc1ab361e4738382d
io.ktor	ktor-server-html-builder-tvossimulatorarm64	2.3.6	metadata	a7efe8c2ba6fba0dec886b5aaf84fac6578305ad
io.ktor	ktor-server-html-builder-tvossimulatorarm64	2.3.7		8034d53e4a76142eee57f217dcd5ded4788aa8d6
io.ktor	ktor-server-html-builder-tvossimulatorarm64	2.3.7	metadata	e1558538157badb23adcfd273b0e0e3a7cc6ec31
io.ktor	ktor-server-html-builder-tvossimulatorarm64	2.3.8		2519669d135a268376f020ddfd2d2c175fadb6af
io.ktor	ktor-server-html-builder-tvossimulatorarm64	2.3.8	metadata	6921714f8dbff3bd3221b871d39678e5a699ceb8
io.ktor	ktor-server-html-builder-tvossimulatorarm64	2.3.9		2c28106b94d061ed01ccf485685497583066ae1c
io.ktor	ktor-server-html-builder-tvossimulatorarm64	2.3.9	metadata	53f1938bb0fb5348464854e9db413dda48a4ed8d
io.ktor	ktor-server-html-builder-tvossimulatorarm64	3.0.0		9628c53726eb9f25aa70368270a7355c9b21fa04
io.ktor	ktor-server-html-builder-tvossimulatorarm64	3.0.0	metadata	b6224a3acbaa0eb5925827fabb2e07060a7b4924
io.ktor	ktor-server-html-builder-tvossimulatorarm64	3.0.0-beta-1		bfe1d16aea6b15cc4339ad4e0df1c5c4954e09ac
io.ktor	ktor-server-html-builder-tvossimulatorarm64	3.0.0-beta-1	metadata	5979c7f543be601e3a54fbab2664a2128dfd1bfd
io.ktor	ktor-server-html-builder-tvossimulatorarm64	3.0.0-beta-2		836aaa549af28c44b81006534fe7cc295c9fb72d
io.ktor	ktor-server-html-builder-tvossimulatorarm64	3.0.0-beta-2	metadata	d781782f838f1141536c806638fff3b3e494062d
io.ktor	ktor-server-html-builder-tvossimulatorarm64	3.0.0-rc-1		8b243ef4179eb4b4a0d2981de9dd8b305fcd482f
io.ktor	ktor-server-html-builder-tvossimulatorarm64	3.0.0-rc-1	metadata	f593155d92bb57a7925891267e0a4db05dcdede1
io.ktor	ktor-server-html-builder-tvossimulatorarm64	3.0.0-rc-2		7c0023ffbc21844fd6bcab787b6e6c36eeaad4d5
io.ktor	ktor-server-html-builder-tvossimulatorarm64	3.0.0-rc-2	metadata	6ad6710aa8f3703022610fe4cfc6e4e986e2ac6c
io.ktor	ktor-server-html-builder-tvossimulatorarm64	3.0.1		70c19d685fd15d53c139753f199ab1a4c9eb2d3d
io.ktor	ktor-server-html-builder-tvossimulatorarm64	3.0.1	metadata	ac92a40ee2ccede6b6500ca43520e5918e39aedf
io.ktor	ktor-server-html-builder-tvossimulatorarm64	3.0.2		a8b562db3d48f940d1994dcef98a02a327058579
io.ktor	ktor-server-html-builder-tvossimulatorarm64	3.0.2	metadata	b8634997350e406185f73d98dfa696c25a21d227
io.ktor	ktor-server-html-builder-tvossimulatorarm64	3.0.3		2b6fafbebee9e154ee9380b51447a52a8bff534b
io.ktor	ktor-server-html-builder-tvossimulatorarm64	3.0.3	metadata	3ab754d8b80792ea597e2221a12d2b5d8ccc36fc
io.ktor	ktor-server-html-builder-tvossimulatorarm64	3.1.0		c42c0c7c6333bb2c0baf84e1bc792172522ffd51
io.ktor	ktor-server-html-builder-tvossimulatorarm64	3.1.0	metadata	f66eba33254a9a94515b217f45d9e99e83f84b60
io.ktor	ktor-server-html-builder-tvossimulatorarm64	3.1.1		8e6b53467195ae0907a16cf3b02b2f1af8f5423a
io.ktor	ktor-server-html-builder-tvossimulatorarm64	3.1.1	metadata	f95c134e79cb46ab091b3c7e04036b88fa9051ac
io.ktor	ktor-server-html-builder-tvossimulatorarm64	3.1.2		99301cb9aac7ecb741e7e1a77e3c9236a62562ab
io.ktor	ktor-server-html-builder-tvossimulatorarm64	3.1.2	metadata	1f0f9715a11a4b5ae2398f19bde468c36eff1ccf
io.opensw.scheduler	snap-scheduler-core	0.10.0		2775006a9fb08f7c08d2de1647bf67f1aed20761
io.opensw.scheduler	snap-scheduler-core	0.11.0		726aa23734922658786cac65b4e4f0abd3e79188
io.opensw.scheduler	snap-scheduler-core	0.12.0		884a1b12183e311fc07204a6ac0ae3ccf68adcd6
io.opensw.scheduler	snap-scheduler-core	0.13.0		c39771c1f553f0950b6c19e61f2c95bfd9206c5d
io.opensw.scheduler	snap-scheduler-core	0.14.0		39710359aeafc48beb0faa581c9794037fe8c31f
io.opensw.scheduler	snap-scheduler-core	0.15.0		91bcd7cbef21d20a00fb3c41694370002a950445
io.opensw.scheduler	snap-scheduler-core	0.16.0		85fcb41bab377a236b3f46a54e1dbbbff6b7d590
io.opensw.scheduler	snap-scheduler-core	0.17.0		ecf96430abefb3ec76a87c4aeb0fa0c82fcf1aa8
io.opensw.scheduler	snap-scheduler-core	0.18.0		d6d571619881a11a880730061e83786020a88b8f
io.opensw.scheduler	snap-scheduler-core	0.19.0		8b8c9eb6b7eb3e5ff3bd7cd58139822b35d67d3a
io.opensw.scheduler	snap-scheduler-core	0.20.0		fcf6b49d768a164b1b7d63fa4c2cd36aa839afb2
io.opensw.scheduler	snap-scheduler-core	0.21.0		5ff84f4acdfb46bc67ba582a7955821fcc8cebc4
io.opensw.scheduler	snap-scheduler-core	0.22.0		48ad50f57107bca1d04a48cee35ff307f8e63932
io.opensw.scheduler	snap-scheduler-core	0.3.0		16535b30db6234e93026bbb27635266eaee98968
io.opensw.scheduler	snap-scheduler-core	0.4.0		54b6ddd9bd867335d892148306ed781d7ae365ed
io.opensw.scheduler	snap-scheduler-core	0.5.0		0a1b920e3ee24a61942465295b254b2e7cd614ad
io.opensw.scheduler	snap-scheduler-core	0.6.0		cc089303c16f339f1a9ab2c57bd47f1f57523c45
io.opensw.scheduler	snap-scheduler-core	0.7.0		727bc66ce45d58accf364350727b570f9f007272
io.opensw.scheduler	snap-scheduler-core	0.8.0		4c60fab6ab5e5d4a15860afdbaa3ade5201e9d8f
io.opensw.scheduler	snap-scheduler-core	0.9.0		98af9ffeb363ab377709923ec461e248cdd0aad3
io.youi	youi-hypertext_sjs0.6_2.12	0.6.0		9923cf308258ce1dca05c0afadfa7a6a4b395e7b
io.youi	youi-hypertext_sjs0.6_2.12	0.6.1		126bf4df54898fb4c56d3d2089c29e5e430610ca
io.youi	youi-hypertext_sjs0.6_2.12	0.6.2		73743770964069f3090ff07564c0fb5b4eaf74f2
io.youi	youi-hypertext_sjs0.6_2.12	0.6.3		801273fa1a131e9fc14ce98219230931c8a20f9a
io.youi	youi-hypertext_sjs0.6_2.12	0.6.4		2341ee0c4e5e1819093cd23703a99520cd55babf
io.youi	youi-hypertext_sjs0.6_2.12	0.6.5		5139f9f205cc7e353772ccdd9b8956dd5181cc06
io.youi	youi-hypertext_sjs0.6_2.12	0.6.6		a065dbd4ec65654b903edd27ff571bbeb7568914
io.youi	youi-hypertext_sjs0.6_2.12	0.6.7		04e41b02a26b078b998928ef7e93ce96fdc1c16a
io.youi	youi-hypertext_sjs0.6_2.12	0.6.8		7d6516b8b9aa2816fa6cc4ac2b96830748f1c345
io.youi	youi-hypertext_sjs0.6_2.12	0.6.9		1a0b9fc8ce629477cbea56fe17e9ef40f26deca3
io.youi	youi-hypertext_sjs0.6_2.12	0.7.0		6494e83d2ea167a55162489687b4a15bd752fe3c
io.youi	youi-hypertext_sjs0.6_2.12	0.7.1		7b474c1120a8a28a0cb267e00a3ddd1e80a1d499
io.youi	youi-hypertext_sjs0.6_2.12	0.7.2		9f9c85c527d8f29a8d1a0b2a1bd42b8e23e7da42
io.youi	youi-hypertext_sjs0.6_2.12	0.7.3		5b359dfd12389a1817e8aebe638297e8070b32cb
io.youi	youi-hypertext_sjs0.6_2.12	0.8.0		1ebfec7f15a1712a7c8b2832207b42b97d63ac2c
io.youi	youi-hypertext_sjs0.6_2.12	0.8.1		cc8014d4b95c136c04fcfc2f89588de35ddbcfde
io.youi	youi-hypertext_sjs0.6_2.12	0.8.2		1de22f1f186b650699ca575a9ad668d4ebf5af49
it.netgrid.got	utils	0.0.1		f61ff8855535be777c919bdb2546a30923dd67c3
it.netgrid.got	utils	0.0.4		cff73dd2d7eb0f6993176392f957ef85d33c98b1
live.100ms	room-kit	0.0.1		N/A
live.100ms	room-kit	0.0.2		N/A
live.100ms	room-kit	0.0.3		N/A
live.100ms	room-kit	0.0.4		N/A
live.100ms	room-kit	0.0.5		N/A
live.100ms	room-kit	1.0.0		N/A
live.100ms	room-kit	1.0.1		N/A
live.100ms	room-kit	1.0.2		N/A
live.100ms	room-kit	1.1.0		N/A
live.100ms	room-kit	1.1.1		N/A
live.100ms	room-kit	1.1.2		N/A
live.100ms	room-kit	1.1.3		N/A
live.100ms	room-kit	1.1.4		N/A
live.100ms	room-kit	1.1.5		N/A
live.100ms	room-kit	1.1.6		N/A
live.100ms	room-kit	1.1.7		N/A
live.100ms	room-kit	1.1.8		N/A
live.100ms	room-kit	1.1.9		N/A
live.100ms	room-kit	1.1.91		N/A
live.100ms	room-kit	1.1.92		N/A
live.100ms	room-kit	1.1.93		N/A
live.100ms	room-kit	1.1.94		N/A
live.100ms	room-kit	1.1.95		N/A
live.100ms	room-kit	1.1.96		N/A
live.100ms	room-kit	1.1.97		N/A
live.100ms	room-kit	1.1.98		N/A
live.100ms	room-kit	1.1.99		N/A
live.100ms	room-kit	1.2.0		N/A
live.100ms	room-kit	1.2.1		N/A
live.100ms	room-kit	1.2.11		N/A
live.100ms	room-kit	1.2.12		N/A
live.100ms	room-kit	1.2.13		N/A
live.100ms	room-kit	1.2.14		N/A
live.100ms	room-kit	1.2.15		N/A
live.100ms	room-kit	1.2.16		N/A
live.100ms	room-kit	1.2.17		N/A
live.100ms	room-kit	1.2.18		N/A
live.100ms	room-kit	1.2.19		N/A
live.100ms	room-kit	1.2.21		N/A
live.100ms	room-kit	1.2.22		N/A
moe.maple	crypto	1.1.0		2ef16526f22a03b87c46b67a40fb433b2d15c2c6
nz.co.senanque	madura-objects-maven-plugin	3.0.0		13017b68315f92b876250f5277cde3526c29db30
nz.co.senanque	madura-objects-maven-plugin	3.0.1		ff79625e473bd055f8770ef2491b33d88b7a4f66
nz.co.senanque	madura-objects-maven-plugin	3.0.2		005cc0f91d6fdcdabca7acf057cc002c312ce39d
nz.co.senanque	madura-objects-maven-plugin	3.0.3		e93bbb9b29d82e94e995f831e1ce7adc20f79253
nz.co.senanque	madura-objects-maven-plugin	3.0.4		beb15b265e76916bf0b7e7fdb6e69d9d4cc008cc
nz.co.senanque	madura-objects-maven-plugin	3.0.5		58a3c47673bc4e1e59d41913f3c68842036160ab
nz.co.senanque	madura-objects-maven-plugin	3.0.6		88492f145be2510ca488fc1b25561a0085a2b6e3
nz.co.senanque	madura-objects-maven-plugin	3.1.0		c8571100ebf72f0b366476e37d9e3a8d158cbb6d
nz.co.senanque	madura-objects-maven-plugin	3.2.0		524989baceca8dc87f8d34448cfe7f3b11cbbaba
nz.co.senanque	madura-objects-maven-plugin	3.3.1		bb20a4afaea19adac659586962e1aa76e08358f0
nz.co.senanque	madura-objects-maven-plugin	3.3.3		23e7de574afe9499691a72f8c5bbfc5c4f88322a
nz.co.senanque	madura-objects-maven-plugin	3.3.4		c97a5b90228ff525f114ce964ec063ab0353e1ee
nz.co.senanque	madura-objects-maven-plugin	3.3.5		11c522e0e3a4f6ecad8f5249c20cc86c22180f57
nz.co.trademe.plunge	plunge-parsing	1.0.1		a813aa0c4568e88e21c7a29f55598c4ed9a042f8
nz.co.trademe.plunge	plunge-parsing	1.0.2		ad6ee3b5f287f97b2892e17b6a8fd6b67dea5c38
org.andromda.thirdparty.jaxb2_commons	runtime	0.4.1.5		b4e1eaffa8214f2c3752e8b79c23bedcf8d595ac
org.apache.dolphinscheduler	dolphinscheduler-datasource-hive	2.0.1		60476bcc59c095a1b4b72c92ba739bcc32475f92
org.apache.dolphinscheduler	dolphinscheduler-datasource-hive	2.0.2		f5d42590867fbcc2c0f8bf6c49d289fbb7212622
org.apache.dolphinscheduler	dolphinscheduler-datasource-hive	2.0.3		1f10c0e23891eef2689f684d74ba211cf2c365ca
org.apache.dolphinscheduler	dolphinscheduler-datasource-hive	2.0.4		4765a75fc0a5f1119f172391644fa0c0169671ff
org.apache.dolphinscheduler	dolphinscheduler-datasource-hive	2.0.5		ed2ec3a434f670426f4b8cd64ea73cb91145e74f
org.apache.dolphinscheduler	dolphinscheduler-datasource-hive	2.0.6		30da1428bbc4cd9eea7a397a5ef5f4b422f0eb14
org.apache.dolphinscheduler	dolphinscheduler-datasource-hive	2.0.7		7a4a8b9639a9699cfc1bcaceb82e98b697658fde
org.apache.dolphinscheduler	dolphinscheduler-datasource-hive	2.0.8		eecc18b65db791c360e76902cbeb3df7a4874088
org.apache.dolphinscheduler	dolphinscheduler-datasource-hive	2.0.9		8250805b949fa4d6bd21b552fd2d97e21e3a719f
org.apache.dolphinscheduler	dolphinscheduler-datasource-hive	3.0.0		106ff7b3c51039245f34dabd931aaab3bea111f4
org.apache.dolphinscheduler	dolphinscheduler-datasource-hive	3.0.0-alpha		16ab386d0b9ddf297b4202d14c908552ecc98891
org.apache.dolphinscheduler	dolphinscheduler-datasource-hive	3.0.0-beta-1		31b477d21d551788080af53e42b1f68bad48886f
org.apache.dolphinscheduler	dolphinscheduler-datasource-hive	3.0.0-beta-2		90e253ee9b1af9fbc8b6916a5d472069b2c9be79
org.apache.dolphinscheduler	dolphinscheduler-datasource-hive	3.0.1		104d2b83d97c4ea4b170719fac388e2c35ac0675
org.apache.dolphinscheduler	dolphinscheduler-datasource-hive	3.0.2		dffea4157a8f3880961bdc4eb35bf05e919d4b8d
org.apache.dolphinscheduler	dolphinscheduler-datasource-hive	3.0.3		f4d6c0de369870185118ed5466f601ce9732dd86
org.apache.dolphinscheduler	dolphinscheduler-datasource-hive	3.0.4		9fa21649bdd11d22ed0e3ea42a791ade1adba513
org.apache.dolphinscheduler	dolphinscheduler-datasource-hive	3.0.5		67b07a943cb39df375e09466d34ed658f9f2f49e
org.apache.dolphinscheduler	dolphinscheduler-datasource-hive	3.0.6		adc6eb4a7a504cc5cf1b5cf23d265e9b067002fd
org.apache.dolphinscheduler	dolphinscheduler-datasource-hive	3.1.0		264fd66e7b3904606fc3e738c02dd78817cdf17c
org.apache.dolphinscheduler	dolphinscheduler-datasource-hive	3.1.1		56ba21d2b7730f7de45f2335aa973b8adcbadf68
org.apache.dolphinscheduler	dolphinscheduler-datasource-hive	3.1.2		656a851d3bb3255261b9acd73822675f0fbd154c
org.apache.dolphinscheduler	dolphinscheduler-datasource-hive	3.1.3		0df769d8aa522d46e4bdf441a0ffdaaf5508667c
org.apache.dolphinscheduler	dolphinscheduler-datasource-hive	3.1.4		01fa4a65c81fbb02519786521749a85b9b6dd718
org.apache.dolphinscheduler	dolphinscheduler-datasource-hive	3.1.5		46ee73ce891014c869c504a4578fa0a988efe608
org.apache.dolphinscheduler	dolphinscheduler-datasource-hive	3.1.6		313cf9f0c360cd6d6d37af9175dca40cad207240
org.apache.dolphinscheduler	dolphinscheduler-datasource-hive	3.1.7		57c0d344637ed36ed27c4523a9d6719bcf848524
org.apache.dolphinscheduler	dolphinscheduler-datasource-hive	3.1.8		22adbd93cf034a8dbbe53313ca4d3d87409ae771
org.apache.dolphinscheduler	dolphinscheduler-datasource-hive	3.1.9		adbf30815549ea1d9363a41769c24075ae636771
org.apache.dolphinscheduler	dolphinscheduler-datasource-hive	3.2.0		83b612e498f4efc9a7b19f4728a6989f8d914c0f
org.apache.dolphinscheduler	dolphinscheduler-datasource-hive	3.2.1		7f5a7ecc8481cb16b8c06146debae27d3034a7dd
org.apache.dolphinscheduler	dolphinscheduler-datasource-hive	3.3.0-alpha		a0ce2d3b1fe860ee25bfdba76a30b360ed3c0c0a
org.apache.dolphinscheduler	dolphinscheduler-datasource-hive	3.3.0-alpha	shade	688a41cdbcc470b3e99e3c73be3a49fdce2ee668
org.apache.hadoop	hadoop-yarn-csi	3.3.0		e407360d01d8f4b23e5287362a0231d3339d2cac
org.apache.hadoop	hadoop-yarn-csi	3.3.1		848feac763d52908d35eaf3535276839494d5e69
org.apache.hadoop	hadoop-yarn-csi	3.3.2		fd658334ae9db9968ee950826d97aceb156017bf
org.apache.hadoop	hadoop-yarn-csi	3.3.3		feb82952e4f2adb26749bf6b46da809703d7b131
org.apache.hadoop	hadoop-yarn-csi	3.3.4		2acca841b088390414600414d6a79218c0feb905
org.apache.hadoop	hadoop-yarn-csi	3.3.5		ee9781b42a8fc483a689772f51960c7fc3febcee
org.apache.hadoop	hadoop-yarn-csi	3.3.6		20ac673e88a4182c60115c21e5d86e92bb90fc59
org.apache.hadoop	hadoop-yarn-csi	3.4.0		855b8821ba0682ff70ccee498e06f755dc785044
org.apache.hadoop	hadoop-yarn-csi	3.4.1		3ad2b35874b315d95ae35d7a0267c877adc0c611
org.apache.tika	tika-parser-zip-commons	2.0.0		8fa9b5f1a247000a76ed055c4fc7ad3943c0fb7c
org.apache.tika	tika-parser-zip-commons	2.0.0-ALPHA		99f0c4e71bfff556ecf041e2d3d96949604caddf
org.apache.tika	tika-parser-zip-commons	2.0.0-BETA		27fc7d3609b76d5e7d53ea98a620cc55909c4801
org.apache.tika	tika-parser-zip-commons	2.1.0		60ead7ed644315726de427122a6b311ded9887b1
org.apache.tika	tika-parser-zip-commons	2.2.0		dd78ed297e3a9f232a6ebbce8bcf55f2b99fcf26
org.apache.tika	tika-parser-zip-commons	2.2.1		40df6beaee4cad4811ca185e22f4933b890f5421
org.apache.tika	tika-parser-zip-commons	2.3.0		cb2e847c71e7b27cd14d9026c74ec62dc83ed20f
org.apache.tika	tika-parser-zip-commons	2.4.0		a35f88b193c8e43bdf909e022a0325b306a43c87
org.apache.tika	tika-parser-zip-commons	2.4.1		b7a9c67f70936fd185b3ea118d0f5bdd12d8e2f0
org.apache.tika	tika-parser-zip-commons	2.5.0		7df168504e0cb6253553495b925698fd7023bbef
org.apache.tika	tika-parser-zip-commons	2.6.0		98f9283f88e23bb247740aecfdf95de10258f1c3
org.apache.tika	tika-parser-zip-commons	2.7.0		d1d92afbcc44f14ea179b1d7bbf165f204212319
org.apache.tika	tika-parser-zip-commons	2.8.0		1db8b56c4b8e10b5b8c4b67cef0995ee9b9f2b11
org.apache.tika	tika-parser-zip-commons	2.9.0		c174488197c9976e39904ed68e233b1af6250dfd
org.apache.tika	tika-parser-zip-commons	2.9.1		2c06ac859bc325a8468a98cb5714b3c4471427af
org.apache.tika	tika-parser-zip-commons	2.9.2		2fcea85a56f93a5c0cb81f3d6dd8673f3d81c598
org.apache.tika	tika-parser-zip-commons	2.9.3		be5de1d58214626b498e4fddf3a0fe1fbf23df34
org.apache.tika	tika-parser-zip-commons	3.0.0		d206fcedd1a3d17850586477a22af1dcc8592100
org.apache.tika	tika-parser-zip-commons	3.0.0-BETA		54bab26655170b18c90c06bab09423f828d79508
org.apache.tika	tika-parser-zip-commons	3.0.0-BETA2		4a5b9f263c59ee7b150ac72b45134c856f4fd1e3
org.apache.tika	tika-parser-zip-commons	3.1.0		a6040f4b229f799be6716b1e1989929219c32cec
org.apache.tuweni	tuweni-les	0.10.0		c91e6704f2fc5f33ec9a0de0fb0598cdaab24f43
org.apache.tuweni	tuweni-les	0.8.2		fef95bb56655c7db171af9130e667382d59ab3c1
org.apache.tuweni	tuweni-les	0.9.0		17e54acbf8ff5aca36e7a9784a9727d13e266d5e
org.apache.tuweni	tuweni-les	1.0.0		ff12e7abfca0080fcb898a80c87fc57b9d136ea7
org.apache.tuweni	tuweni-les	1.1.0		98133e3368525e8dab094680855d366323516b61
org.apache.tuweni	tuweni-les	2.0.0		f80164cd86c6942be011f52e68419163faa81c9d
org.apache.tuweni	tuweni-les	2.1.0		35f6e29ef658874a5f844e67ac968b27f676c206
org.apache.tuweni	tuweni-les	2.2.0		49b4ab7de952343ae7a946af092bd7620d607990
org.apache.tuweni	tuweni-les	2.3.0		001c9ff42c5ac79d8356e72b9cc63aa90fe21653
org.apache.tuweni	tuweni-les	2.3.1		1580d3ecaeecee149e7b061d4bcbd84b9647d436
org.commonjava.aprox	aprox-subsys-maven	0.10.0		ef42e95805ae52d7a15f4fa00d6800ade2e1f3eb
org.commonjava.aprox	aprox-subsys-maven	0.11.0		df7bbf044ddefbc5b5121ec8a081d1e02fa1720b
org.commonjava.aprox	aprox-subsys-maven	0.11.1		272821ffc5693cffc8e3f47e9e81014bb212a402
org.commonjava.aprox	aprox-subsys-maven	0.11.2		8bba8ac4212997ea1657285964f571e109588ed6
org.commonjava.aprox	aprox-subsys-maven	0.11.3		3af290b078f42ced04bbf9a0aab44dea3e46939e
org.commonjava.aprox	aprox-subsys-maven	0.12.0		cb8991b06e9cb6edef2b1fdcdb6d5d72d7d6bab2
org.commonjava.aprox	aprox-subsys-maven	0.12.1		688822fdc5cbbbe3fe258c4bf248741b5910dbe7
org.commonjava.aprox	aprox-subsys-maven	0.12.2		22f74b1e078ae0470802472bd653ff134c0d53ac
org.commonjava.aprox	aprox-subsys-maven	0.13.0		24fdbb6b91b7ad6a37811a999f7f482606b1badd
org.commonjava.aprox	aprox-subsys-maven	0.13.1		b1cae166ca71d727f938fcd20071d2cc5a1cff03
org.commonjava.aprox	aprox-subsys-maven	0.13.2		158d03bde39e0583cc7fcdbe6400537651d4c2ab
org.commonjava.aprox	aprox-subsys-maven	0.14.0		ae689fd36c57d90fc574b52ff5b4b0493f472f87
org.commonjava.aprox	aprox-subsys-maven	0.14.1		f542763eba2778125ce13774f01431f1160e58a3
org.commonjava.aprox	aprox-subsys-maven	0.14.2		5814fbbe2bbbf2417e3500403700f50ef29d3fbc
org.commonjava.aprox	aprox-subsys-maven	0.14.3		8838a1ff112b007c4ffe3cfafbaeacee64c410a5
org.commonjava.aprox	aprox-subsys-maven	0.14.4		d58656fd5deec5c7443551ce716d807e035b854c
org.commonjava.aprox	aprox-subsys-maven	0.14.5		ea2c539b5582bbdb1a0c671c681705f77b427f77
org.commonjava.aprox	aprox-subsys-maven	0.14.6		5062c128e6b730c299ac0bdc1606fab696045ea9
org.commonjava.aprox	aprox-subsys-maven	0.14.7		51e55fe3fc941c3f1107cbe2ea00f11d21c0bd1e
org.commonjava.aprox	aprox-subsys-maven	0.15.0		e1539dbdf58e4107a4549d167e418a4e64f25204
org.commonjava.aprox	aprox-subsys-maven	0.15.1		2ba7cda1738f31af4f5ee2901aa9b1e7b460ae28
org.commonjava.aprox	aprox-subsys-maven	0.15.2		f47f7e408ac3615ab674dc28394ff3e0273ffe6d
org.commonjava.aprox	aprox-subsys-maven	0.15.3		de424037ec6e8f636e8ca85960584510ca296b6c
org.commonjava.aprox	aprox-subsys-maven	0.16.0		228ae4770beb64557edcda571de6b585c7ba4b7b
org.commonjava.aprox	aprox-subsys-maven	0.16.1		5b497b02e91fd078aa99bc49ba480595b6ebfb40
org.commonjava.aprox	aprox-subsys-maven	0.16.2		9e2c6676ce5cc8b611a487f9ddae96f3c08bcbc7
org.commonjava.aprox	aprox-subsys-maven	0.16.3		414b8143490bc2e0223d4f9c09755f1758abcc2e
org.commonjava.aprox	aprox-subsys-maven	0.16.4		910d592fc52086ee49551e88a8f07fdd9ce5a863
org.commonjava.aprox	aprox-subsys-maven	0.17.0		7eee7fbb687749a0d2281ce283235cc32be14978
org.commonjava.aprox	aprox-subsys-maven	0.18.0		7b0aa14f7975b39b1bfb871ac429af670d0b6038
org.commonjava.aprox	aprox-subsys-maven	0.18.1		6ceeb3e022d7b75ccd968e5914f946d9199bc7ce
org.commonjava.aprox	aprox-subsys-maven	0.18.2		436a87f18521c9007d67361ee27544f24a171100
org.commonjava.aprox	aprox-subsys-maven	0.18.3		05f1b0ccfa1fe1b34e3b0f9cbedfc322bd002677
org.commonjava.aprox	aprox-subsys-maven	0.18.4		e1dfda304a016c20a63c9a28b1e504abb3efa3f2
org.commonjava.aprox	aprox-subsys-maven	0.18.5		8cc3e7704c03d831c70494c1592a13855ddd3d80
org.commonjava.aprox	aprox-subsys-maven	0.19		e5804a7497f1b22fdf8188791e3dc7d12192d9ba
org.commonjava.aprox	aprox-subsys-maven	0.19.1		32872beef53a27dfbcca9bce8d3deb890267f9a0
org.commonjava.aprox	aprox-subsys-maven	0.19.2		578ff19023ad3e64218a10c4df30a13e59c1c595
org.commonjava.aprox	aprox-subsys-maven	0.20.0		f76604db604e36214a118883e9a91c6e96e16a08
org.commonjava.aprox	aprox-subsys-maven	0.21.0		7d91653eb2201b5664ba45fe57d10c2e1cf63b8c
org.commonjava.aprox	aprox-subsys-maven	0.22.0		d6f2e038b9fee7c9a34406bbde9ff4e2214721e4
org.commonjava.aprox	aprox-subsys-maven	0.23.0		c894e0aa68696c3819a5e2eeae3924631718fc8e
org.commonjava.aprox	aprox-subsys-maven	0.23.1		620215e8e5e86ab497f3bc3ea9547a3b909ea026
org.commonjava.aprox	aprox-subsys-maven	0.23.2		80b6277aaf1e3fa299f27c67f4cd07ad4a9e5cb2
org.commonjava.aprox	aprox-subsys-maven	0.24.0		8e742d6fc1d82f8c3760259e8f5b4eee792f3f24
org.commonjava.aprox	aprox-subsys-maven	0.25.0		496fa745bc86155be03cc6c2d37eadf301a8f718
org.commonjava.aprox	aprox-subsys-maven	0.25.1		148760e4148c10aa69114ed66e4144d652853ea1
org.commonjava.aprox	aprox-subsys-maven	0.6		9afe060f0bcb6d2f6bc94ae1b7c7c3abccd2bfd0
org.commonjava.aprox	aprox-subsys-maven	0.6.1		18503ff2ad917ff5d0064b41f302c582aefb85e5
org.commonjava.aprox	aprox-subsys-maven	0.7		8e2f1927a82abdaa6e073d9a675d1ad0cd185745
org.commonjava.aprox	aprox-subsys-maven	0.8		cd912d482c6be1b7abad640a182af22bb44b8f2d
org.commonjava.aprox	aprox-subsys-maven	0.8.1		d3bff466e136dd2af6de6274ca3a373659cc45f7
org.commonjava.aprox	aprox-subsys-maven	0.8.2		9ac527595c4e7679284b82c4bc812ebe3212a0d7
org.commonjava.aprox	aprox-subsys-maven	0.9.0		41b526017dec9fc422f7c4fc90f50f985e6ecf04
org.commonjava.aprox	aprox-subsys-maven	0.9.1		afaca787642da6770f22d2f7d02f4bca89c2afb4
org.danbrough.ktor	ktor-server-netty-jvm	2.1.1		fc1f2c08b83e05f99e6939994de5edecfe0c2c1f
org.danbrough.ktor	ktor-server-netty-jvm	2.1.1a		612f58052ea3dc1b7265ec9d7ea301e3ea7500d8
org.danbrough.ktor	ktor-server-netty-jvm	2.2.3		dcaf40b7fc0a65f69e7b91cf2c925010aaf90548
org.danbrough.ktor	ktor-server-netty-jvm	2.2.4		779991bbf0789d359fee52afdff70d205c777678
org.graylog.shaded	opensearch20-rest-client-sniffer	2.0.1-0		c90195e312af4d22919580cb29c9e8b18100670f
org.graylog.shaded	opensearch20-rest-client-sniffer	2.0.1-1		76567c700b3b348c20ae38f57745b6108157748f
org.incendo	core	1.0.0		d37e796fe2d7feb40f93b951b0732f88045e4e06
org.n52.arctic-sea	iceland-statistics-generator	10.0.0		29c6f624ef562eb55bd4601451a17a17eafabcbf
org.n52.arctic-sea	iceland-statistics-generator	10.0.1		697e6ebbc30d8b7a40df16ec5e3f9c34d421639f
org.n52.arctic-sea	iceland-statistics-generator	10.0.2		c25c2190ccfc209c2b8c2516320d3a7b967b149c
org.n52.arctic-sea	iceland-statistics-generator	10.1.0		990d15daea47c36b4eed5f5519f29f8207591de5
org.n52.arctic-sea	iceland-statistics-generator	10.1.1		a6d19b8129c66dc38d8010349869cded532ef792
org.n52.arctic-sea	iceland-statistics-generator	3.0.0		3dd384cad9bec3d24be83e85ed875307b5989f00
org.n52.arctic-sea	iceland-statistics-generator	3.1.0		48099d528d3d34252a06a63110f9c5f736a08d63
org.n52.arctic-sea	iceland-statistics-generator	4.0.0		93c5b5237ddc3515d74f74c7e8f99407c49b56f5
org.n52.arctic-sea	iceland-statistics-generator	4.1.0		943582273b2e4949f0bc17c6235609efbf8fa957
org.n52.arctic-sea	iceland-statistics-generator	5.0.0		b691abf0c8ab0676b46e3808526ae1a0067c0ae2
org.n52.arctic-sea	iceland-statistics-generator	5.0.1		d61a40c98f782a9b23beffd539ef432cac3b182f
org.n52.arctic-sea	iceland-statistics-generator	5.1.0		8229fb566ff0d1923c3a15e6fe59edb0cf5b1cf5
org.n52.arctic-sea	iceland-statistics-generator	5.2.0		7030e8025d66abb2ca6ac19ba8e9d9bcdbc59c56
org.n52.arctic-sea	iceland-statistics-generator	5.3.0		26f12ed70dfeb0a742cdd89ea44c5ffec54d76af
org.n52.arctic-sea	iceland-statistics-generator	6.0.0		816ab98a046fae9089c4015d6c74080ac4dcae8e
org.n52.arctic-sea	iceland-statistics-generator	7.0.0		9dc6a232fa48a5622cf090f5f6794a24f0bf240b
org.n52.arctic-sea	iceland-statistics-generator	7.1.0		0d4e87d1234664483699f64af2c5097b6d9c93a0
org.n52.arctic-sea	iceland-statistics-generator	7.2.0		6d84855e4e190cb94a8b199614b4d491650a84a2
org.n52.arctic-sea	iceland-statistics-generator	7.3.0		0be81e97ae9e8d96bb26101f25f6d38f805f58f6
org.n52.arctic-sea	iceland-statistics-generator	7.3.1		6f93407d2d73b1a3d80250aacb0deaee3117c74c
org.n52.arctic-sea	iceland-statistics-generator	7.4.0		3336457e3ca5d75a8fcb05440a81a60da4bf2969
org.n52.arctic-sea	iceland-statistics-generator	7.4.1		b6ee203a918a72c1229c4f9a4f33b7dedf463416
org.n52.arctic-sea	iceland-statistics-generator	7.5.0		0538ef721aff180a68f9dfc0a94061e486decd05
org.n52.arctic-sea	iceland-statistics-generator	7.5.1		9fb338606ad79a6e00f37276d50e0ed7db7cb47f
org.n52.arctic-sea	iceland-statistics-generator	7.6.0		db3b2e440f8136a2b4226d1b48f144b7ef5b7f12
org.n52.arctic-sea	iceland-statistics-generator	7.6.1		a92f4931a6b158d4f9ca0cac980eb32cf6cb5fe3
org.n52.arctic-sea	iceland-statistics-generator	7.6.2		4f15c6cb54d19bb9464d2ebcb9e1e64f96288009
org.n52.arctic-sea	iceland-statistics-generator	8.0.0		3d870b37cfa08cbf2f3e6a32c693600c19dc8607
org.n52.arctic-sea	iceland-statistics-generator	8.0.1		5170472c99651adfe687c1807ada3de552082a60
org.n52.arctic-sea	iceland-statistics-generator	8.0.2		f43a571e4248b713556c471063fccfb648096456
org.n52.arctic-sea	iceland-statistics-generator	8.0.3		bb1895278553a4d631515318d8c1309fc8977948
org.n52.arctic-sea	iceland-statistics-generator	8.1.0		58faa5248ac6634fc6505e781a0438ac084e45fd
org.n52.arctic-sea	iceland-statistics-generator	8.2.0		90dfd0615f45566747a5038efc5caa6f2019a0fa
org.n52.arctic-sea	iceland-statistics-generator	8.2.1		a8ba816dd63774371dfd14f24210b31649795640
org.n52.arctic-sea	iceland-statistics-generator	9.0.0		25c2599ac367426b1cb0b5841d91ccbef92ca6fa
org.n52.arctic-sea	iceland-statistics-generator	9.0.1		51081bdbfd193525eecd1b8f36f1ebaf2741f9db
org.n52.arctic-sea	iceland-statistics-generator	9.1.0		0627f734fa4e0e9e075afba8ff4ac080816fe132
org.n52.arctic-sea	iceland-statistics-generator	9.1.1		e906d8e8d7718fac2282497abb2570aa4cb14d11
org.n52.arctic-sea	iceland-statistics-generator	9.2.0		951ee0a196e7f2f5b47b92f174b224ef50a36736
org.n52.arctic-sea	iceland-statistics-generator	9.2.1		47f3ee756757c3dc9534bffb056a1b4f768d06c1
org.n52.arctic-sea	iceland-statistics-generator	9.3.0		dcccac9198be35302617ceb179aa2c61ce541e54
org.n52.arctic-sea	iceland-statistics-generator	9.3.1		e723257fbd6033f8e4e3949d1b4fcac820308604
org.n52.arctic-sea	iceland-statistics-generator	9.4.0		3649359b23d2113da92808bfe31ea258652c2248
org.n52.arctic-sea	iceland-statistics-generator	9.5.0		d984fefe8a1b1e6b94d6eb959259a1d887ed5681
org.n52.arctic-sea	iceland-statistics-generator	9.5.1		91dd00b1722c5aba70b0fc8f0dee43611492fdb8
org.n52.arctic-sea	iceland-statistics-generator	9.5.2		e6e4a2d1087fba8c0a7739e762f0787fb16218fa
org.n52.arctic-sea	iceland-statistics-generator	9.5.3		bc11d09a635f98e2dbeef93f076d1609dcb05e1f
org.n52.arctic-sea	iceland-statistics-generator	9.6.0		902e8362e2a2b62b26d3695d7d07d0f72262f4e4
org.n52.arctic-sea	iceland-statistics-generator	9.6.1		2bc844a851c0d170d7e9f3257e83f313f5b5f599
org.n52.arctic-sea	iceland-statistics-generator	9.7.0		d22293bd26bbb77ee43048d9b132b098df450b80
org.n52.arctic-sea	iceland-statistics-generator	9.8.0		091122f50dcf4b20b203753168a8b1305fc27e1a
org.n52.arctic-sea	iceland-statistics-generator	9.9.0		4748bd793110c3c8b0ccad99904d7a6a953c5c75
org.netbeans.microedition.lcdui	netbeans_midp_components_wma	6.5		dde55e034d3ecfa1e19e1819268e7c742ad3843a
org.openidentityplatform.openidm	openidm-infoservice	6.0.0		02c9c3f17e09c1fbff40e8bb0f1b64828f3cc339
org.openidentityplatform.openidm	openidm-infoservice	6.0.1		7f1fc54c5732c0062d2c2aaed37f037d9c07b81c
org.openidentityplatform.openidm	openidm-infoservice	6.0.2		990377a266cf1102d4469187346fdc109602493f
org.openidentityplatform.openidm	openidm-infoservice	6.1.0		947fab720dfaa37cbdedae3aa0087b062e50ac3f
org.openidentityplatform.openidm	openidm-infoservice	6.1.1		0d66a8dca3fc2543441ea1de5439d394e7b9dcc6
org.openidentityplatform.openidm	openidm-infoservice	6.1.2		dc8f55674952b95e2cc00017839e3c94e404df1a
org.openidentityplatform.openidm	openidm-infoservice	6.2.0		67e00a24c6ead9f30bee597288b2e32122813312
org.openidentityplatform.openidm	openidm-infoservice	6.2.1		84a96e22093dbf17f41c215ea99ad010de6ac20d
org.openidentityplatform.openidm	openidm-infoservice	6.2.2		254926a39314969c20bff617e3ef943fc1ed6f4a
org.openidentityplatform.openidm	openidm-infoservice	6.2.3		a6a9307cca33ab39be9b13345ba2ddde7a1c9c88
org.openidentityplatform.openidm	openidm-infoservice	6.2.4		e020e1f71602e5980e87aa14bdf431e7b6ce2579
org.openidentityplatform.openidm	openidm-infoservice	6.2.5		3e5cd0262a38f9ca2e509f58325fcb315a3fd5b7
org.operaton.bpm.webapp	operaton-webapp-jakarta	1.0.0-beta-1		N/A
org.operaton.bpm.webapp	operaton-webapp-jakarta	1.0.0-beta-1	classes	fbad4d638f97780e68bb5dc2fd212f07a8bc3acd
org.operaton.bpm.webapp	operaton-webapp-jakarta	1.0.0-beta-2		N/A
org.operaton.bpm.webapp	operaton-webapp-jakarta	1.0.0-beta-2	classes	5a303bc752ae2a1fdb269edfc6c9618814477387
org.operaton.bpm.webapp	operaton-webapp-jakarta	1.0.0-beta-3		N/A
org.operaton.bpm.webapp	operaton-webapp-jakarta	1.0.0-beta-3	classes	60a2d9d69e3f1f70ef7b2a97a842bd3d4469c83c
org.scalesxml	scales-jaxen_2.8.2	0.3		8a252f4784faedfd00dd792eb04f50eb2d579992
org.scalesxml	scales-jaxen_2.8.2	0.3-RC6		3fc04d66c4a476c1dc94ae67e0cb9f3b006119d7
org.scalesxml	scales-jaxen_2.8.2	0.3-RC7		451257a5f2481946034e91f62c1ba22b9af9f885
org.scalesxml	scales-jaxen_2.8.2	0.3.1		7a8464f33688906d5da327ce7caa7c75dee98d07
org.scalesxml	scales-jaxen_2.8.2	0.3.2		e832bff68ce030f9c739d6514d95092acc7d7244
org.scalesxml	scales-jaxen_2.8.2	0.3.3		f9c75495f995f649908e4615878746a8c926e458
org.scalesxml	scales-jaxen_2.8.2	0.4.1		a0915dcea19c8e3716284e9e8ed8bc2df7da4f85
org.scalesxml	scales-jaxen_2.8.2	0.4.2		39bff62809fa7c1ce9a9dbf04defd32a63122e6b
org.scalesxml	scales-jaxen_2.8.2	0.4.3		682e11096e1a62bb2b4b39ce7ec6a174d7c9ed51
org.scalesxml	scales-jaxen_2.8.2	0.4.4		6f33be7ed700a4ab10a9b066feedfe852115fbbc
org.scalesxml	scales-jaxen_2.8.2	0.4.5		5637e9d4246c8712307a82f900e399a9dc944a7d
org.scalesxml	scales-jaxen_2.8.2	0.5.0-M1		b0d5e43ec636286523e17fa04ec1d0683a1a266f
org.ton	ton-kotlin-tlb-watchosarm64	0.3.0		N/A
org.ton	ton-kotlin-tlb-watchosarm64	0.3.0	metadata	2faaf2a74ff792b4b5e994754187c785456a2037
org.ton	ton-kotlin-tlb-watchosarm64	0.3.1		N/A
org.ton	ton-kotlin-tlb-watchosarm64	0.3.1	metadata	18cd9de5ff2e3feb0062303a228b6a5f96a6ffab
org.ton	ton-kotlin-tlb-watchosarm64	0.4.2		N/A
org.ton	ton-kotlin-tlb-watchosarm64	0.4.2	metadata	4320bb3e818181de51f03be762a3f0edf98ee7f0
org.ton	ton-kotlin-tlb-watchosarm64	0.4.3		N/A
org.ton	ton-kotlin-tlb-watchosarm64	0.4.3	metadata	b9a086e6d603ef8940d47b1660bee27592290495
org.webjars.bower	github-com-butterflyhug-rickshaw	1.6.0		a9e969e99565c2ad8d3ce6657748088aeffb588b
org.webjars.npm	awesomplete	1.1.1		f32c03d7a852d127387748f6b2d93a2ae186edf5
org.webjars.npm	awesomplete	1.1.4		4e53348926e271893c0e95b4754884c4d5acdaae
org.webjars.npm	awesomplete	1.1.5		adde97ea2c46c747667c18431c9544fc4e657973
org.webjars.npm	awesomplete	1.1.7		a3f9522b1d77e8371d7a8a911b08091478b2eed1
org.webjars.npm	github-com-cisco-node-jose	2.2.0		7d107709b3ce9d66aeb6a0e492263b9c20884a1f
si.inova.tws	interstitial	0.10.0		N/A
si.inova.tws	interstitial	0.11.0		N/A
si.inova.tws	interstitial	0.11.1		N/A
si.inova.tws	interstitial	0.12.0		N/A
si.inova.tws	interstitial	0.13.0		N/A
si.inova.tws	interstitial	0.7.0		N/A
si.inova.tws	interstitial	0.7.1		N/A
si.inova.tws	interstitial	0.8.0		N/A
si.inova.tws	interstitial	0.9.0		N/A
tech.sparse	trail_native0.4.0-M2_2.11	0.3.0		4df2d7957e068bb977eaa4bcb30839891fdf6718
tools.aqua	jconstraints-core	0.9.9		40f3a7b46e403015c0f9eb59ae63dfd211e971ca
