ai.hyacinth.framework	core-service-config-server	0.5.0		d7bc02749b5ec2f0c42c90c11a0379716f652321
ai.hyacinth.framework	core-service-config-server	0.5.2		8c0e6d3dda85dc77b84d6bd6196a868461a4641d
ai.hyacinth.framework	core-service-config-server	0.5.21		c620cf05b4a7f206fba0a94ccd9df81e3df92d52
ai.hyacinth.framework	core-service-config-server	0.5.24		67b66b6a522beffce444ce7ab71e322758d13233
ai.hyacinth.framework	core-service-config-server	0.5.3		d82fd06dd2c6c336719c3a233501e3e2ebef69ee
ai.hyacinth.framework	core-service-config-server	0.5.5		982696ae2d81027f58c7cfd042d604ebcd6454a2
ai.hyacinth.framework	core-service-config-server	0.5.8		309e97b0a67938c8a9473602423d540c0cf88f1b
app.tulz	tuplez-full_2.12	0.3.0		0df07c38bdc13621690063cd0a2120059337dc8d
app.tulz	tuplez-full_2.12	0.3.1		cacae4fb84f9d10f1eacbc9bcd428327eb875681
app.tulz	tuplez-full_2.12	0.3.2		eb6ac2ee28a965844292143af33dd4e6317d04a5
app.tulz	tuplez-full_2.12	0.3.3		8beb5e67701ed48beda67e5064f3a09824b43ea4
app.tulz	tuplez-full_2.12	0.3.4		2f54b78657338f16e2fc2d43e4a62100cd9fa8c0
app.tulz	tuplez-full_2.12	0.3.5		dc1d56638eabcee83452d2d67f406f319d0a760c
app.tulz	tuplez-full_2.12	0.3.5-RC1		d9e4758ddb3e733c3104fd2cca9fa9966f611376
app.tulz	tuplez-full_2.12	0.3.6		98dd6ea5abd34125144c29ba3f30c64918cd2249
app.tulz	tuplez-full_2.12	0.3.7		8e483e592c80e23c6c08ae7a459b3ce8ba03cf9e
app.tulz	tuplez-full_2.12	0.3.8		bafb7a559c9431a6d92eb331a86d408e0dba3dfd
app.tulz	tuplez-full_2.12	0.4.0		0233042131b5e19dff921a7f44fe29f982bcafcd
app.tulz	tuplez-full_2.12	0.4.0-M1		06cb0d63a1e2b362bc1de68a7235b0982b43f5b0
app.tulz	tuplez-full_2.12	0.4.0-RC1		172f1483bf381a308f391ed50a9496fe6ed99e3c
cn.com.kingbase	KesDialect-for-hibernate6.0	2.0.0		d92004470d3a10388e7b2b07fb5654e200f1eb0f
cn.com.kingbase	KesDialect-for-hibernate6.0	2.0.1		4735a2b9b4f6fa15d99a330b48cc88b2e8daef09
cn.herodotus.engine	data-sdk-p6spy	2.7.0.0		948aa4358a9af16dce788b4bfbfed91cf021d6cf
cn.herodotus.engine	data-sdk-p6spy	2.7.0.10		bfa4381c80fbdec28b40fc6d8e24bd470b790bce
cn.herodotus.engine	data-sdk-p6spy	2.7.0.20		d5e625be1ba669c9c59da42b611378c0818080df
cn.herodotus.engine	data-sdk-p6spy	2.7.0.30		b38975eda5de383d5f8b2800ff413751979f9759
cn.herodotus.engine	data-sdk-p6spy	2.7.0.40		64089f1d50285aa80a514a0f8db5d3bb32ce93e3
cn.herodotus.engine	data-sdk-p6spy	2.7.0.50		6f498b330a70dbdb2d1b422d36069e344a812a9b
cn.herodotus.engine	data-sdk-p6spy	2.7.0.60		fd4c073949525c8e8ac7b13cad5a14558857e0f2
cn.herodotus.engine	data-sdk-p6spy	2.7.0.Beta1		1a55c9fa1f494bf10ef0dfc29ec646e266c9b329
cn.herodotus.engine	data-sdk-p6spy	2.7.0.Beta2		7cfb5ecef1e8bd1fbdf1b27c6c5540e3ca438fff
cn.herodotus.engine	data-sdk-p6spy	2.7.0.Beta3		120dc8a8e79b4eaadda97d22e4da3426e7f9e5af
cn.herodotus.engine	data-sdk-p6spy	2.7.0.Beta4		42d91fbd1f84e5575ea2be909621e08b19d749d7
cn.herodotus.engine	data-sdk-p6spy	2.7.0.Beta5		8d152fce29c0077cca61edce964d6fc213fa68c1
cn.herodotus.engine	data-sdk-p6spy	2.7.0.RC1		b84d04337c34d5cf5451ccb8da6e87d60a50cff4
cn.herodotus.engine	data-sdk-p6spy	2.7.1.0		f951f5076be6d410f20d697a47f3431878eb8274
cn.herodotus.engine	data-sdk-p6spy	2.7.1.1		7737b8cffd9df0b4f2d1af1694e910648c5e6ece
cn.herodotus.engine	data-sdk-p6spy	2.7.1.2		6d98c5ed7587870c8590c219a6393145b7d182ef
cn.herodotus.engine	data-sdk-p6spy	2.7.1.3		44058f9d831703dd67e3ce2384252a00633e06e5
cn.herodotus.engine	data-sdk-p6spy	2.7.10.0		0166113b1a31ecca0b9ef674c8cf04d14bd645ee
cn.herodotus.engine	data-sdk-p6spy	2.7.10.1		69b351ad77f25af740ce38bf4a3f985404058181
cn.herodotus.engine	data-sdk-p6spy	2.7.10.2		8967fb69c502f057407f0788970648baa92a23c1
cn.herodotus.engine	data-sdk-p6spy	2.7.11.0		f4e7756abfc6fa94a0df86b334361e4b0ba9215a
cn.herodotus.engine	data-sdk-p6spy	2.7.11.1		d1e36afcacd9685f3081fe52e4e4bb49ee568895
cn.herodotus.engine	data-sdk-p6spy	2.7.12.0		2767fcec49b7b12d38c52af274c1578b2303857a
cn.herodotus.engine	data-sdk-p6spy	2.7.12.1		76f4a65da380762921438bcb830496686027bd71
cn.herodotus.engine	data-sdk-p6spy	2.7.13.0		67a6ff5770cac7fd0dfe82bfca2b985f99b29b65
cn.herodotus.engine	data-sdk-p6spy	2.7.14.0		322fd6df0c986c6b2ebb433ead76a041747bed67
cn.herodotus.engine	data-sdk-p6spy	2.7.15.0		043615ed5edb3cdfce05e8718d25ec59d22c58ab
cn.herodotus.engine	data-sdk-p6spy	2.7.16.Final		c453aa80cd620e50efd0b64ee895260b85ef7545
cn.herodotus.engine	data-sdk-p6spy	2.7.18.Final		bd9f0ed567ee41711a45267d4ad6d84aacecf9b5
cn.herodotus.engine	data-sdk-p6spy	2.7.2.0		bc8c1231e2de2ce438fae5e1ba7f02fef867a904
cn.herodotus.engine	data-sdk-p6spy	2.7.2.1		722515bda94b93a64e314dfadbae4cebe4835c37
cn.herodotus.engine	data-sdk-p6spy	2.7.2.2		cc55d851d7fe18e718cfb5a7d7b9ce422f28c3b8
cn.herodotus.engine	data-sdk-p6spy	2.7.2.3		36c8918ddc802fbf6538b9ba10ecda6e1eefbd0f
cn.herodotus.engine	data-sdk-p6spy	2.7.2.4		b97302fda72bf04a39b4a392288af74d366184bc
cn.herodotus.engine	data-sdk-p6spy	2.7.2.5		e2b3c4cea451969d9bcdaae9cfa2c2d27ea50d41
cn.herodotus.engine	data-sdk-p6spy	2.7.2.6		cdaac563f48d640b6c1a769d18ccb7763f713324
cn.herodotus.engine	data-sdk-p6spy	2.7.3.0		a0204d680990404d8835fbc99422ffda61cc6cd0
cn.herodotus.engine	data-sdk-p6spy	2.7.3.1		bab7888a8eeb0b076bd1af0dc999caf5dab7fee5
cn.herodotus.engine	data-sdk-p6spy	2.7.3.2		a31cca7ba0fe1e07e66deb082ad82ea6c1f22a21
cn.herodotus.engine	data-sdk-p6spy	2.7.3.3		6d75b93a31600c118ca678a6580e98042ec3f874
cn.herodotus.engine	data-sdk-p6spy	2.7.3.4		9755cdacdcd0edd51dc8c964fc270a3dc0994930
cn.herodotus.engine	data-sdk-p6spy	2.7.3.5		3370f87b4bbcdf5bac02622b92357cad78f1cb13
cn.herodotus.engine	data-sdk-p6spy	2.7.3.6		989614a33d73e15b0a4e9397b3701aae448fb224
cn.herodotus.engine	data-sdk-p6spy	2.7.4.0		402def02f8d668944213ea844823387c035cd297
cn.herodotus.engine	data-sdk-p6spy	2.7.4.1		ee16ee2d00f5246cff32720219a0e385ab0c6bdb
cn.herodotus.engine	data-sdk-p6spy	2.7.4.2		a007f4e2ca984dfb4b8f88ed894e7231eccfd837
cn.herodotus.engine	data-sdk-p6spy	2.7.4.3		fb7d7c18c067c5d17ec8fc106df78b6df6a7f2d2
cn.herodotus.engine	data-sdk-p6spy	2.7.4.4		8e55a65c961f1f2b13355323345658b977e771d7
cn.herodotus.engine	data-sdk-p6spy	2.7.4.5		2f36b81e7dfb647834f48282cf5d257e0f4df1e1
cn.herodotus.engine	data-sdk-p6spy	2.7.5.0		59732f6a9f55ef957a11100fa98a939c65e96241
cn.herodotus.engine	data-sdk-p6spy	2.7.5.1		57f3e2549e6d81a822c5007ea725cf35e639b339
cn.herodotus.engine	data-sdk-p6spy	2.7.5.2		c602d2ee16d0fb710ed2ae8c8a80f9502568697b
cn.herodotus.engine	data-sdk-p6spy	2.7.5.3		b11242e98404c42f9424a10a26c74d0f8f04eb55
cn.herodotus.engine	data-sdk-p6spy	2.7.6.0		6e574bc14a754e2585f9cfa02730c715e77f14c2
cn.herodotus.engine	data-sdk-p6spy	2.7.6.1		d98448956490e5983d97da0b3115db953a47c398
cn.herodotus.engine	data-sdk-p6spy	2.7.7.0		c852f2e60c141451ef8eb53a9ea8469da8b53edb
cn.herodotus.engine	data-sdk-p6spy	2.7.7.1		1d536cf975651f97e401fc7b06b40d1446e1afb9
cn.herodotus.engine	data-sdk-p6spy	2.7.7.2		738090e0735ce69d404d2da1bfb1e69b1f3e0348
cn.herodotus.engine	data-sdk-p6spy	2.7.7.3		7ad959d01a969f73d2279a6ccb1127aec133cc1d
cn.herodotus.engine	data-sdk-p6spy	2.7.7.4		e785ae2e71eef44e48916f2c366f57eafdbd3d31
cn.herodotus.engine	data-sdk-p6spy	2.7.7.5		4ec6ec6eaa89bfc2863d6ea14840fd84a68d09a6
cn.herodotus.engine	data-sdk-p6spy	2.7.8.0		957060bfa99fef1f59bc1017958869d5dc072e75
cn.herodotus.engine	data-sdk-p6spy	2.7.8.1		acdbed83621d100317883fb3d592be8bd43f8ffe
cn.herodotus.engine	data-sdk-p6spy	2.7.9.0		1895772d997effbffaa79659c8dfbda6f09b3586
cn.herodotus.engine	data-sdk-p6spy	2.7.9.1		f390d721b0d0c3b7662e997cd3aac68115a23e34
cn.herodotus.engine	data-sdk-p6spy	2.7.9.2		5bd53743f6c0922197cc68d77e69d873ccfdd88f
cn.herodotus.engine	data-sdk-p6spy	3.0.0-M1		75a66c3215df927f2b6b4d535d6b53f135162135
cn.herodotus.engine	data-sdk-p6spy	3.0.0-M2		605dcb32ee85d21ee008ac13edd4c7215167fefd
cn.herodotus.engine	data-sdk-p6spy	3.0.0-M3		8c33b42a3faa67d4160e5d467ba6413a45cf4363
cn.herodotus.engine	data-sdk-p6spy	3.0.0-M5		2ac1141d46b1b662d32261b705b7fc189c8c37fb
cn.herodotus.engine	data-sdk-p6spy	3.0.0-RC1		95dea1b37d094b238e393011ba63ef3be78ed42a
cn.herodotus.engine	data-sdk-p6spy	3.0.0-RC2		162c64b997624c4fbbc4472df84e316bc84b24e2
cn.herodotus.engine	data-sdk-p6spy	3.0.0-RC3		c29ca746a4cc401aa0864f143d9e4a63b6695bd2
cn.herodotus.engine	data-sdk-p6spy	3.0.0.0		34ea6b4c0792a255d7dd9bb08017d3b4cb89b265
cn.herodotus.engine	data-sdk-p6spy	3.0.1.0		f520c2a027c68f99b47b7385eb679d5054473ccb
cn.herodotus.engine	data-sdk-p6spy	3.0.2.0		6317f2b8f6478fb3efe303069c3847a8112b37de
cn.herodotus.engine	data-sdk-p6spy	3.0.2.1		629f83ea183de3e15f68c681f947c567df4ed29d
cn.herodotus.engine	data-sdk-p6spy	3.0.2.2		283d8aab99bb65256e57038fed60692f2a7cbcdf
cn.herodotus.engine	data-sdk-p6spy	3.0.2.3		3f8895e7cfec37e05c18494555ccdc43f2f9e65c
cn.herodotus.engine	data-sdk-p6spy	3.0.3.0		28dd3a2b53edaf4a831666a740c86a6987a77dc6
cn.herodotus.engine	data-sdk-p6spy	3.0.4.0		cee76341301300b55fb7392e2d8f3619f9d09428
cn.herodotus.engine	data-sdk-p6spy	3.0.4.1		6a3886a7c56317ec1e0c49440164802f2eea2b6a
cn.herodotus.engine	data-sdk-p6spy	3.0.4.2		39342369f1a40c8fdffa09214333cf1a16f64e49
cn.herodotus.engine	data-sdk-p6spy	3.0.5.0		5ee96e52f44ce22bbeee974f9e8d488e2673403a
com.aliyun	cspro20180315	0.1.0		7e22a21e50c395c1775100a1ead9546338a4984d
com.amazon.device.easyport	com.amazon.device.easyport.gradle.plugin	1.0.0		3b16ba7d96dc198e7bad8f7395c7a6f873e80219
com.axibase	math	1.0.0		f87014a960acea1284a173dbaa3bb6aa205e9ebc
com.axibase	math	1.0.1		cca7631948a8a882389e6ac95d153454f77280a8
com.baidu	leansoft-bigqueue	0.7.2		883e3a6f3e08f5ff080c11b17fd73e7d54ef0922
com.baidu	leansoft-bigqueue	0.7.3		92b5c8bb5ea16e102ec60c6effbd785889ddfa19
com.eygraber	jsonpathkt-kotlinx-watchosx64	3.0.0		N/A
com.eygraber	jsonpathkt-kotlinx-watchosx64	3.0.0	metadata	84434cb0e3a8804d9fbe5ab9ba2b9e101a3ce3c5
com.eygraber	jsonpathkt-kotlinx-watchosx64	3.0.1		N/A
com.eygraber	jsonpathkt-kotlinx-watchosx64	3.0.1	metadata	ec5788f93873bdbf027fedf9e814c1de05a923b4
com.eygraber	jsonpathkt-kotlinx-watchosx64	3.0.2		N/A
com.eygraber	jsonpathkt-kotlinx-watchosx64	3.0.2	metadata	46a54a0658594c87d42399ff2b8ae218f24f3268
com.github.cjhit	fdp-core-starter	1.0.0		1eb1fc18ef467311e337c4411b494e24bd73b5da
com.github.cjhit	fdp-core-starter	1.0.1		41d747bf209d469b6fb4533e8761b2dfb33c7ada
com.github.cjhit	fdp-core-starter	1.0.2		983c749dcfacabb4b8891cf50548ea0917ba3898
com.github.cjhit	fdp-core-starter	1.0.3		ae929b2e264df9d243c3588ad2edd29fbff39c80
com.github.cjhit	fdp-core-starter	1.0.4		6722620263df159c0171d127b0ef1575625f8e06
com.github.cjhit	fdp-core-starter	1.0.5		70514f83fb3e143b8b3b5fcb0b1f7c50544531fe
com.github.japgolly.scalajs-react	extra_sjs0.6.0-RC1_2.11	0.7.2-RC1		83a9b5bc4927f40e4748020b67be9720e36d860e
com.github.jinahya	kisa-aria	0.0.1		84c97e0bc4b74a9210356d0d08dcc8d062e07d63
com.github.jinahya	kisa-aria	0.0.1	retrotranslated13	d65f686abd7da68de42ca6692c7c10833d583dad
com.github.jinahya	kisa-aria	0.0.1	retrotranslated14	60275e347443e37c6ec7116a9f0d8b938d833933
com.google.api.grpc	grpc-google-analytics-data-v1alpha	0.1.0		55195b62252bc476efa1fc6435bf8efae86d0419
com.google.api.grpc	grpc-google-analytics-data-v1alpha	0.10.0		92bc7d76bb02acefa4e0eeb0545830b016a29af6
com.google.api.grpc	grpc-google-analytics-data-v1alpha	0.10.1		ff41053b6e22719c5fd1d5c19b36e0d960ecf2e6
com.google.api.grpc	grpc-google-analytics-data-v1alpha	0.10.2		316ab1fa749f84741bd5515fbca7bf8ad703049d
com.google.api.grpc	grpc-google-analytics-data-v1alpha	0.12.0		6efc40db6c39667079ad435a0d5ea17b35d2bd1e
com.google.api.grpc	grpc-google-analytics-data-v1alpha	0.13.0		a8ba66eec629b6694392d87eabf5c7f1989c6552
com.google.api.grpc	grpc-google-analytics-data-v1alpha	0.14.0		7510e36fa528652e31975fd88699c1dbaf73117f
com.google.api.grpc	grpc-google-analytics-data-v1alpha	0.14.1		1b64597350a5ddccd4b09e4988649367073323e0
com.google.api.grpc	grpc-google-analytics-data-v1alpha	0.14.3		b3eacbd1d6e460d588299902fab696f368e1a557
com.google.api.grpc	grpc-google-analytics-data-v1alpha	0.14.4		98745d8dba9f0820ae93240931086ca4b6f58049
com.google.api.grpc	grpc-google-analytics-data-v1alpha	0.14.5		d74b9ca635a1633efd7184c927e9935dc3fe032d
com.google.api.grpc	grpc-google-analytics-data-v1alpha	0.14.6		94403c226c6dac75e4f00aa008a6ff2b76453d10
com.google.api.grpc	grpc-google-analytics-data-v1alpha	0.14.7		41f757cb2508b115f9fc86208e955851ac4c2376
com.google.api.grpc	grpc-google-analytics-data-v1alpha	0.14.9		2c2fb0a726fd5bb257094ff41befdbc47963ba9c
com.google.api.grpc	grpc-google-analytics-data-v1alpha	0.15.0		4060b7fb668640aa398ad06426a444ef0e752bd4
com.google.api.grpc	grpc-google-analytics-data-v1alpha	0.16.0		f663620a40c72ebf93f0c060150c40d057f9f84f
com.google.api.grpc	grpc-google-analytics-data-v1alpha	0.17.0		cff148b912b68534fda233aae81470305f133cbd
com.google.api.grpc	grpc-google-analytics-data-v1alpha	0.18.0		d1e0a0b1e621d7c321b9d1dfcc32bfd6325fd8d3
com.google.api.grpc	grpc-google-analytics-data-v1alpha	0.19.0		e490d47a82becc2e73d1be4e01e479c55f6e2002
com.google.api.grpc	grpc-google-analytics-data-v1alpha	0.2.0		b602dbfe48e6188c841248d27f1f849e245a954d
com.google.api.grpc	grpc-google-analytics-data-v1alpha	0.2.1		149cdddf59f93f26627995f90283f10711a9bfc6
com.google.api.grpc	grpc-google-analytics-data-v1alpha	0.20.0		8a12e745e02656fb4b6f8bd3b414ad77310ee3ba
com.google.api.grpc	grpc-google-analytics-data-v1alpha	0.21.0		4400562bcf2032ef474f79f67c3dc990e51fba53
com.google.api.grpc	grpc-google-analytics-data-v1alpha	0.22.0		b137a6b3bab14f2725979314b1c1c46f013da26e
com.google.api.grpc	grpc-google-analytics-data-v1alpha	0.23.0		97efe1b0a77a88bb48abf0038738d24f9b022469
com.google.api.grpc	grpc-google-analytics-data-v1alpha	0.24.0		47b16f6fb06a8eb5cacadeff38f1dff8defd7d45
com.google.api.grpc	grpc-google-analytics-data-v1alpha	0.25.0		0136b55f329073ef6cd568467b83a1920fc8c638
com.google.api.grpc	grpc-google-analytics-data-v1alpha	0.26.0		8fec11195aae54898a25f00ff326b819c34fcf0e
com.google.api.grpc	grpc-google-analytics-data-v1alpha	0.27.0		e30ea15d3c8f3294a60100815b728eb8d3686648
com.google.api.grpc	grpc-google-analytics-data-v1alpha	0.28.0		95fc4fd7a4c0c069e9af1893c06dce838e0681ed
com.google.api.grpc	grpc-google-analytics-data-v1alpha	0.29.0		4e9786bde51b997f33ccecc448179534ac178ef2
com.google.api.grpc	grpc-google-analytics-data-v1alpha	0.3.0		d8c0ff7dfeae7efe902c051da25e6f1653452854
com.google.api.grpc	grpc-google-analytics-data-v1alpha	0.30.0		b9b6cd929f2a7aeafa8141a046ba9104f14a3e07
com.google.api.grpc	grpc-google-analytics-data-v1alpha	0.31.0		857f3ad05cf5ad2d16e1f1df365db6e0d62651ad
com.google.api.grpc	grpc-google-analytics-data-v1alpha	0.32.0		5d8f791f6b527e1165a03ddd9110eff35ae1d291
com.google.api.grpc	grpc-google-analytics-data-v1alpha	0.33.0		ec9550507516526f98e87a35cfd58417e6db0abf
com.google.api.grpc	grpc-google-analytics-data-v1alpha	0.34.0		686692d6e87dda1304555e17884f2dce5877c4d9
com.google.api.grpc	grpc-google-analytics-data-v1alpha	0.35.0		43d4a5b0de085b61b2117376af2c72a7aafeb039
com.google.api.grpc	grpc-google-analytics-data-v1alpha	0.38.0		a6b89a3819b6d66ea634c8e82caef631bac7fc8c
com.google.api.grpc	grpc-google-analytics-data-v1alpha	0.39.0		47dca8c88ff80c09034571929592d4abbb67d596
com.google.api.grpc	grpc-google-analytics-data-v1alpha	0.4.0		8585559f045e277d717101bf2df0a58b459a4e04
com.google.api.grpc	grpc-google-analytics-data-v1alpha	0.40.0		e71d66c5f661b95b1f0d6cac6ae23b2baaddf20d
com.google.api.grpc	grpc-google-analytics-data-v1alpha	0.41.0		42cc2bb677b6cf4467266b8b5fba255288a762b5
com.google.api.grpc	grpc-google-analytics-data-v1alpha	0.42.0		0e1b726e9f987cbfc10e4f1ebd0df7cb1236c29f
com.google.api.grpc	grpc-google-analytics-data-v1alpha	0.43.0		2470c7ef558be7325ca2946626b3f3dd7e5b2196
com.google.api.grpc	grpc-google-analytics-data-v1alpha	0.44.0		451a601428fdf3be6a992e998393a1504ec853d3
com.google.api.grpc	grpc-google-analytics-data-v1alpha	0.45.0		8ffd8e4f40bf8df1347eb466050690fe7471811d
com.google.api.grpc	grpc-google-analytics-data-v1alpha	0.46.0		0bfa27df30a87919a92c5967b20ff72272a0994a
com.google.api.grpc	grpc-google-analytics-data-v1alpha	0.47.0		7a491e186192762a56559d8a9f8d9d4612327791
com.google.api.grpc	grpc-google-analytics-data-v1alpha	0.48.0		c889e6dfd6ffc52375d8b8cbaf1d74fdc6c3a5c1
com.google.api.grpc	grpc-google-analytics-data-v1alpha	0.49.0		97b950f950474e6afc97aad03e6822df7892da8b
com.google.api.grpc	grpc-google-analytics-data-v1alpha	0.5.0		1d6b27d2e8163bd3fed46bd39ffd999e252d98b3
com.google.api.grpc	grpc-google-analytics-data-v1alpha	0.5.1		cbf840a226c6bbdf7cb2e43be0ca83cd96f609ce
com.google.api.grpc	grpc-google-analytics-data-v1alpha	0.5.4		58c6866dbecf5dbf28e4624c8107043a5b4d236e
com.google.api.grpc	grpc-google-analytics-data-v1alpha	0.5.5		2da52937f5b1da5ff5191262da10b9eb40a924d0
com.google.api.grpc	grpc-google-analytics-data-v1alpha	0.50.0		fa83ff87a24b943b6b077785bfef78b108205223
com.google.api.grpc	grpc-google-analytics-data-v1alpha	0.51.0		638c269fe70659f1e3c172cad838f78bab1a1c68
com.google.api.grpc	grpc-google-analytics-data-v1alpha	0.52.0		f35639bb4ba5ad2c543f623d2d31960d34e00dfa
com.google.api.grpc	grpc-google-analytics-data-v1alpha	0.53.0		4a9692dd11e3ca7629659ac34d7e3a145ac104bc
com.google.api.grpc	grpc-google-analytics-data-v1alpha	0.54.0		6a47b7f9dd8cdc8fc1602c5d716440182b2e48e5
com.google.api.grpc	grpc-google-analytics-data-v1alpha	0.55.0		d5604204a75e033841acda33ca317b6bf5af5a04
com.google.api.grpc	grpc-google-analytics-data-v1alpha	0.56.0		5b76120fbbb327c95b48a87e2087607117ea12bb
com.google.api.grpc	grpc-google-analytics-data-v1alpha	0.57.0		671865461557ffd038710ec6d96e794e03bde9e8
com.google.api.grpc	grpc-google-analytics-data-v1alpha	0.58.0		503363e5f852c3aa8f5968e6e78ebe570b34a684
com.google.api.grpc	grpc-google-analytics-data-v1alpha	0.59.0		4d2a5c6d1f966cd79bf0d26a662b46074e00c76a
com.google.api.grpc	grpc-google-analytics-data-v1alpha	0.6.0		d40f7b3b1541bf7fff2df26df6cd43379cd5f245
com.google.api.grpc	grpc-google-analytics-data-v1alpha	0.60.0		d471704f1fc59160fd70c5c293571150817e8a64
com.google.api.grpc	grpc-google-analytics-data-v1alpha	0.62.0		472280bdbac52a46d1348053180c40d3a813f2b8
com.google.api.grpc	grpc-google-analytics-data-v1alpha	0.63.0		1c4e57661a7bc2583bdf53edd1213f71688134f5
com.google.api.grpc	grpc-google-analytics-data-v1alpha	0.64.0		f3f0f27ce43b322bd5df44db412d3ff0ee94efc5
com.google.api.grpc	grpc-google-analytics-data-v1alpha	0.65.0		3fc6e3ecbd7945e2990bc30a1e22c0c9309fb3a8
com.google.api.grpc	grpc-google-analytics-data-v1alpha	0.66.0		9f5861b6869bb96fa000e75434a610519cf75ac7
com.google.api.grpc	grpc-google-analytics-data-v1alpha	0.67.0		c929f7eb83c6919ba7e57264b32c8e1861beb16c
com.google.api.grpc	grpc-google-analytics-data-v1alpha	0.68.0		1c7eb8e7c1cfc590bf1ee9024a6abcaf905b2dd3
com.google.api.grpc	grpc-google-analytics-data-v1alpha	0.69.0		a0f8f663cc580595238c45056a92744c5223481d
com.google.api.grpc	grpc-google-analytics-data-v1alpha	0.7.0		8fffbfc851629b2929c6b5c73776f1345e236caf
com.google.api.grpc	grpc-google-analytics-data-v1alpha	0.7.1		b93725292b0fc642fc492b662e7257de448f9ab2
com.google.api.grpc	grpc-google-analytics-data-v1alpha	0.70.0		192769e2c36b71b139d9ecb30a887f9bc4540758
com.google.api.grpc	grpc-google-analytics-data-v1alpha	0.71.0		ac63e1f5b09c81a7201b2f8f9362be5e49a27741
com.google.api.grpc	grpc-google-analytics-data-v1alpha	0.72.0		25b3d113f06b211b99d5603cf7884eeb69e7fa66
com.google.api.grpc	grpc-google-analytics-data-v1alpha	0.8.0		77c2c79e7472ce9c55992acc2a85aa9ae1778087
com.google.api.grpc	grpc-google-analytics-data-v1alpha	0.9.0		5a42074447d4c65050321ea84dbeba26392b3b5a
com.google.api.grpc	grpc-google-analytics-data-v1alpha	0.9.1		b8e96f1732ae26b902a0a79c85b671efc3a43354
com.google.api.grpc	grpc-google-analytics-data-v1alpha	0.9.2		b59e58028c8042cbe082f5029aa08ef665444898
com.google.appengine	runtime-impl	2.0.0		00d430a25fe4760f25354b3a2314eac30e5b611d
com.google.appengine	runtime-impl	2.0.1		5e9b3aed2debcd25a699e1e756d4e2920b2da46c
com.google.appengine	runtime-impl	2.0.10		f3099ea92c719de9b195a307129b3a4ff62fb07e
com.google.appengine	runtime-impl	2.0.11		51b67fca050c1c506041f6f2ac3bf7f71e3a7686
com.google.appengine	runtime-impl	2.0.12		92818294eb4e7de3250811df8e85cfefec34bc43
com.google.appengine	runtime-impl	2.0.13		1f8065dc7e42ef61eff931fc584e8c2e0789cd2a
com.google.appengine	runtime-impl	2.0.14		e239de4b403abd86dd7b4b3d0137a80be683f696
com.google.appengine	runtime-impl	2.0.15		b0c105ebab86095e293fc4e36a556671575bf386
com.google.appengine	runtime-impl	2.0.16		f66c3af06ce2081c7b1b903f0bc50f1b94dbf692
com.google.appengine	runtime-impl	2.0.17		7c82d78c0f2a035edd8e7f284cc363ab12318895
com.google.appengine	runtime-impl	2.0.19		039f5f0339f52ada3dd28b2cdff005d8c0f79381
com.google.appengine	runtime-impl	2.0.2		c5b91c351d73a7ce1ad520797db46452221ab058
com.google.appengine	runtime-impl	2.0.20		b2c8c0bbd4520ac1fbc58310e67f2701d4919a9a
com.google.appengine	runtime-impl	2.0.21		d01d84a24822b1dc57b00f7a0cca9bc85b6de38f
com.google.appengine	runtime-impl	2.0.22		208c67bb5582488436589447801b9397dc468211
com.google.appengine	runtime-impl	2.0.23		6e8a200cce92d034522ccc448e8ba72d9a87d1d3
com.google.appengine	runtime-impl	2.0.24		a41f7c1df3216aac3424e49797f5395b21dbc6b3
com.google.appengine	runtime-impl	2.0.25		879a762cbe53b49fab534f150a43b71fd900cc62
com.google.appengine	runtime-impl	2.0.26		50cd923b2f239222adefacb7f7cda229ad967ad7
com.google.appengine	runtime-impl	2.0.27		7191514b83f304706020ef9bbb9fce0f6d921fc4
com.google.appengine	runtime-impl	2.0.28		b80cb563b4554d48a39714158b554a0e60baa515
com.google.appengine	runtime-impl	2.0.29		77544eb1211626a7754bd121685de9982efc492f
com.google.appengine	runtime-impl	2.0.3		6d15f45fbf8c2032c922533544d0a669f2211d5b
com.google.appengine	runtime-impl	2.0.30		5d1c137d6a89838efab967e195901f041fb687ff
com.google.appengine	runtime-impl	2.0.31		14f71ee0b14fd9c0ae245e3a88e90218b473e4cb
com.google.appengine	runtime-impl	2.0.32		a6f6ca27714a2e8aa94ed5177fc5f4dc284e233e
com.google.appengine	runtime-impl	2.0.33		6be323e3294d363bb42b3c3a473726c603f3ffb2
com.google.appengine	runtime-impl	2.0.34		c433b651722bb46281df83e9d8d714dae48f872a
com.google.appengine	runtime-impl	2.0.35		de0e06d364834b18cadf8e1d21fe51829eb00aa9
com.google.appengine	runtime-impl	2.0.4		e7b2f91e3a20cf27d7c1826b03cc37ea761ea118
com.google.appengine	runtime-impl	2.0.5		bb3c6db553ad26dbc0a0a616788c3ed1dfc7dfb8
com.google.appengine	runtime-impl	2.0.6		17b5fc01b7e4f90ec71cbe0332be6bb4e7f29cde
com.google.appengine	runtime-impl	2.0.7		8d3944c62433c5d60ad197657e58a9803c50039b
com.google.appengine	runtime-impl	2.0.8		644c83fe94f227aa848d99a4537e1403a23bb91f
com.google.appengine	runtime-impl	2.0.9		46e20f8af69ff03e3941873c418222fd5c94271e
com.guigarage	animations	0.7		1829e2befb9f30d4ac32c3eb5173aea0f901f62c
com.inmobi.swishfolder	packagesSDK	1.6.5.6		N/A
com.inmobi.swishfolder	packagesSDK	1.6.5.8		N/A
com.inmobi.swishfolder	packagesSDK	1.6.6.1		N/A
com.inmobi.swishfolder	packagesSDK	1.6.8		N/A
com.inmobi.swishfolder	packagesSDK	1.6.8.1		N/A
com.inmobi.swishfolder	packagesSDK	1.6.8.2		N/A
com.inmobi.swishfolder	packagesSDK	1.6.8.3		N/A
com.inmobi.swishfolder	packagesSDK	1.9.0.1		N/A
com.jakewharton.cite	cite-api-watchosarm64	0.5.0		N/A
com.jakewharton.cite	cite-api-watchosarm64	0.5.0	metadata	30f54960afe890f505b8ae6ed262dafbb12a2c8b
com.jakewharton.cite	cite-api-watchosarm64	0.6.0		N/A
com.jakewharton.cite	cite-api-watchosarm64	0.6.0	metadata	79adb7393246b5d7ceb1d5f19e4a0276b004953d
com.jakewharton.cite	cite-api-watchosarm64	0.6.1		N/A
com.jakewharton.cite	cite-api-watchosarm64	0.6.1	metadata	7dc9911f1592042dd0ae9390967de3638280d4b8
com.jamesmcg.easylib	Android	1.0.0		N/A
com.malinskiy.marathon	vendor-android	0.1.0		14da60b9726922cbaf53e333a01ef81fd2f7aa49
com.malinskiy.marathon	vendor-android	0.1.1		0ee85de6866f019352b0c37595637aac25dd1ffb
com.malinskiy.marathon	vendor-android	0.1.2		0f7cf20e7909a99524e2e3013d43f1d153f4536b
com.malinskiy.marathon	vendor-android	0.1.3		caf652606ecbb8cde637b11e3eb598f2248ff0ab
com.malinskiy.marathon	vendor-android	0.1.4		7afb8a3eb8530f5f3d2efdec7bb28ca8a912617b
com.malinskiy.marathon	vendor-android	0.1.5		344acb67d825c9817c54ead7b1e8ad21f5cefd4d
com.malinskiy.marathon	vendor-android	0.1.8		0fa8ac89e6f8b11c9742f11988ae9114d0407b49
com.malinskiy.marathon	vendor-android	0.2.0		51a7a27563daeeb8bc275223bd491188d35b0007
com.malinskiy.marathon	vendor-android	0.2.1		4c8ecdd83b4f99c0ccf88e25db162153c5653959
com.malinskiy.marathon	vendor-android	0.2.2		a32768f3039b8431e56dcd33ea24164f4972344c
com.malinskiy.marathon	vendor-android	0.3.1		fe0f4a6cad90281ef748e5bc2f7541350f00fdad
com.malinskiy.marathon	vendor-android	0.3.5		699f2a5977922793ca2b059cb433a2261b25b279
com.malinskiy.marathon	vendor-android	0.4.0		7dcdc097b15fb35e0002040ffc48d70f04c55209
com.malinskiy.marathon	vendor-android	0.4.1		49a9f26ca5487bf4b07ba9d361dbaeef9b268402
com.malinskiy.marathon	vendor-android	0.5.0		73abcf89370ff020b589fed192cd54de01d35253
com.malinskiy.marathon	vendor-android	0.5.1		9c3a6a87de0452d737a2195fa88cfcdd63112474
com.malinskiy.marathon	vendor-android	0.8.0		8bb810bb21c42cb478c6c968e8f22b5af5f2e796
com.malinskiy.marathon	vendor-android	0.8.1		d9d34563e4845d3b4a0bbe35ab2d58e06ab5eee0
com.malinskiy.marathon	vendor-android	0.8.2		9c7f322b94a9b1f4689f77773ca58420e78ad25d
com.malinskiy.marathon	vendor-android	0.8.3		dd3e48912c0dcb7992f9a95683fca784cf163be6
com.malinskiy.marathon	vendor-android	0.8.4		b174148ac3347f8dcc7e4faa03573d883e0a182e
com.malinskiy.marathon	vendor-android	0.9.0		c803c1b7070f7a7c4436460fd37ca576b8a0b863
com.malinskiy.marathon	vendor-android	0.9.1		ddb68389b8ad217034ce40cb41e2f15d743ddc7d
com.nervepoint	identity4j-mysql	1.0.1		ed1fbad48d727a47163a1e2bb07a741396041f01
com.nervepoint	identity4j-mysql	1.0.4		1ebae26a21befa8ed553cff256b7e8c1217dd62d
com.nervepoint	identity4j-mysql	1.1.0		a235916ee699f8ae77e614d7a877771093ca1a8d
com.nervepoint	identity4j-mysql	1.2.0		3bb7d200fb4d94b34fbabd0a417d4c40d07cc3d8
com.nervepoint	identity4j-mysql	1.2.1		a078f96e85a4c76ee2a84abb62ebb951b004742f
com.nervepoint	identity4j-mysql	1.2.2		9e9204fd0574e51523f16dd5b052f7ae1a7a3f72
com.paremus.dosgi	com.paremus.dosgi.api	1.1.0		5cbe1d2d7d2f4ffe72a4c614792d7f606cb7d3d4
com.paremus.dosgi	com.paremus.dosgi.api	1.1.1		52baa2b5c54b8676e0b6bebcac0eaaafa429a4d0
com.power4j.fist	fist-boot-security-oauth2-server	2022.1.1		5e782ce99055a654820a65a3fcb9f0c532878169
com.power4j.fist	fist-boot-security-oauth2-server	2022.1.10		b241c943c779de1e6e2f3ec4cbda2154972b8ad6
com.power4j.fist	fist-boot-security-oauth2-server	2022.1.11		d5fa0cc7869a4a5e3e063ee923d99dec7b454828
com.power4j.fist	fist-boot-security-oauth2-server	2022.1.2		69266f4c38788084a4f5230d805c3afbfd3d418e
com.power4j.fist	fist-boot-security-oauth2-server	2022.1.3		074e9e2e0c2a4a4973951596551797784f571cfe
com.power4j.fist	fist-boot-security-oauth2-server	2022.1.4		3e76b27635f1f27af70e6baf2e1e990aa9ca5d42
com.power4j.fist	fist-boot-security-oauth2-server	2022.1.5		2d6125fb44139461628b85620be00c308a594485
com.power4j.fist	fist-boot-security-oauth2-server	2022.1.6		11d26b2bf9383b4ce258f4dfcdb24cef5588b5bc
com.power4j.fist	fist-boot-security-oauth2-server	2022.1.7		894c21053effc79a8f647cc4b4d31d77dc26f8eb
com.power4j.fist	fist-boot-security-oauth2-server	2022.1.8		14c69b9f568aeda33c2666d63822e798eef35521
com.power4j.fist	fist-boot-security-oauth2-server	2022.1.9		6575f2865833700ece485b1c63022d6b8f563c4c
com.power4j.fist	fist-boot-security-oauth2-server	2022.2.1		6206dc418818ef09f3c4ac2da2af358ae061ab8e
com.power4j.fist	fist-boot-security-oauth2-server	2022.2.2		4dfe0dbff827b5bd9ac405cd115ffe1596d46a08
com.power4j.fist	fist-boot-security-oauth2-server	2022.2.3		8f8a1ae04370df64d237ba8b2f30c00db65cf5f8
com.power4j.fist	fist-boot-security-oauth2-server	2022.2.4		7ae36342388fed690ba6fe90f373cd612f141ae4
com.soywiz	korlibs-audio-core-watchosarm32	6.0.0		N/A
com.soywiz	korlibs-audio-core-watchosarm32	6.0.0	metadata	a7926dfd49ccf6c1ce264988b03f06bc744233cf
com.soywiz	korlibs-audio-core-watchosarm32	6.0.0-alpha1		N/A
com.soywiz	korlibs-audio-core-watchosarm32	6.0.0-alpha1	metadata	42659229d4e86d2c4db5f2b20f7ebda9a0e9244e
com.soywiz	korlibs-audio-core-watchosarm32	6.0.0-alpha2		N/A
com.soywiz	korlibs-audio-core-watchosarm32	6.0.0-alpha2	metadata	41340aafbd30a2f638f8e4f9a2f40303acace32d
com.soywiz	korlibs-audio-core-watchosarm32	6.0.0-alpha3		N/A
com.soywiz	korlibs-audio-core-watchosarm32	6.0.0-alpha3	metadata	788b32fee89f1bace31eb0331f6d23f1142b7816
com.soywiz	korlibs-audio-core-watchosarm32	6.0.0-alpha4		N/A
com.soywiz	korlibs-audio-core-watchosarm32	6.0.0-alpha4	metadata	276274a9f2ee281b99e31637790eddf0cbef9080
com.soywiz	korlibs-audio-core-watchosarm32	6.0.0-alpha5		N/A
com.soywiz	korlibs-audio-core-watchosarm32	6.0.0-alpha5	metadata	9d416348fa79cd88fb8a55c25589e1012e933094
com.soywiz	korlibs-audio-core-watchosarm32	6.0.0-alpha6		N/A
com.soywiz	korlibs-audio-core-watchosarm32	6.0.0-alpha6	metadata	453d6482bfaa029ac00601d3958eae9ef5be065d
com.soywiz	korlibs-audio-core-watchosarm32	6.0.0-alpha7		N/A
com.soywiz	korlibs-audio-core-watchosarm32	6.0.0-alpha7	metadata	6d966bd59ef036bf039d70b55b721d62b502b64a
com.soywiz	korlibs-audio-core-watchosarm32	6.0.0-alpha8		N/A
com.soywiz	korlibs-audio-core-watchosarm32	6.0.0-alpha8	metadata	d80123138c3a8cca10d608dd1ec26af2e8f97186
com.soywiz	korlibs-audio-core-watchosarm32	6.0.0-alpha9		N/A
com.soywiz	korlibs-audio-core-watchosarm32	6.0.0-alpha9	metadata	d9ae8f70ed4ab8a6b5805fa60812194adfe2113e
com.sparkutils	quality_testshade_9.1.dbr_3.1_2.12	0.0.1		4435120a4bd7197a6fbf41e5ee57c2646ffd3fbe
com.sparkutils	quality_testshade_9.1.dbr_3.1_2.12	0.0.2		3390193c6f8e3d502db430321817a3c41beb78c4
com.sparkutils	quality_testshade_9.1.dbr_3.1_2.12	0.0.3		cb62d5032748a9dabdb6f5939faabbec95c71eba
com.sparkutils	quality_testshade_9.1.dbr_3.1_2.12	0.1.0		4f75a01c8dca7986db969de2ac7cd57dbd29634d
com.sparkutils	quality_testshade_9.1.dbr_3.1_2.12	0.1.1		0c650d8a5066f44e7d46faf1282fd7569f5dd55b
com.sparkutils	quality_testshade_9.1.dbr_3.1_2.12	0.1.2.1		39509bc6a9d0ba21668d5e0ba592d236b5aca6f9
com.sparkutils	quality_testshade_9.1.dbr_3.1_2.12	0.1.3		16ba916834c54af2e1291dd63c75c3ea18082fdd
com.sparkutils	quality_testshade_9.1.dbr_3.1_2.12	0.1.3-RC1		1b28d3b5a199c923dd5d513bf5ea720816d41ab3
com.sparkutils	quality_testshade_9.1.dbr_3.1_2.12	0.1.3-RC2		e43da2d8263f5741fc572bb884af32fa3c37e670
com.sparkutils	quality_testshade_9.1.dbr_3.1_2.12	0.1.3-RC3		ea7ee71db3228cb387da99b2756b7592e1e62800
com.sparkutils	quality_testshade_9.1.dbr_3.1_2.12	0.1.3-RC4		88e1337f1ab60591b81c1b974acfa1e821e550a7
com.sparkutils	quality_testshade_9.1.dbr_3.1_2.12	0.1.3-RC5		44e5a3e97f0a9fbb78dea4deaba5d0906efaf9aa
com.sparkutils	quality_testshade_9.1.dbr_3.1_2.12	0.1.3.1-RC1		018d887f5300bbe5dbf915225149bcd2d15551ed
com.sparkutils	quality_testshade_9.1.dbr_3.1_2.12	0.1.3.1-RC3		5f1484f611b457e10299a9a2fc91c46840df2b25
com.sparkutils	quality_testshade_9.1.dbr_3.1_2.12	0.1.3.1-RC4		ee92916486d3dad47029553e06c23ba58db88e96
com.sparkutils	quality_testshade_9.1.dbr_3.1_2.12	0.1.3.1-RC5		dd049b23ae0cb2d294c12eee01683d39074be37b
com.twitter	util-stats_3	21.10.0		b73145ffd32aaf3b446ab815da61cef43472010f
com.twitter	util-stats_3	21.11.0		0004b6efc8d6bfbd352975532c3ce54fd3c62ba8
com.twitter	util-stats_3	21.12.0		09cf220d132e149960bdd570e646aeff43f9a496
com.twitter	util-stats_3	21.9.0		b1b2f17f215ac05455cf672d69beb4cb6ded03f4
com.twitter	util-stats_3	22.1.0		38be82be39b01242cbcdeb742f7189f9780ff6cf
com.twitter	util-stats_3	22.12.0		be99bfdb3611921481fd16968aca1b97753f0d19
com.twitter	util-stats_3	22.2.0		1606d325682ff0eb5a0d31160b9a641d686c28a6
com.twitter	util-stats_3	22.3.0		ad24d5716eeafbfe7ce76a90a9def3b913e01d75
com.twitter	util-stats_3	22.4.0		d34add6a3e4a26ec1601cd2f8dac489f3236b338
com.twitter	util-stats_3	22.7.0		b896b8e230ef9c95a8a61d4a61972caf6914ab71
com.twitter	util-stats_3	23.11.0		b2ffe0ee05e29419e838212d526163506d464e6b
com.twitter	util-stats_3	24.2.0		1ca8a5c3adddc97a3bdad33d7e339930c94579bd
com.typesafe.genjavadoc	genjavadoc-plugin_2.12.13	0.16		29c238d4a99ef49b8f44ca5ac0d195e10744add6
com.typesafe.genjavadoc	genjavadoc-plugin_2.12.13	0.17		81dbe7767a7c0354402d5c8f19d6389bdda90127
com.typesafe.genjavadoc	genjavadoc-plugin_2.12.13	0.18		53ad5a5f1e8fa69d1d8d8ad657f62142cc709e95
com.typesafe.genjavadoc	genjavadoc-plugin_2.12.13	0.18-RC1		de949dfecbe41d1ce8340773f8c9fe0597119aaa
com.typesafe.genjavadoc	genjavadoc-plugin_2.12.13	0.18_2.12.15		760d0c5b721e46bc5a4c8b3e84f6d90dc36a5635
com.typesafe.genjavadoc	genjavadoc-plugin_2.12.13	0.18_2.12.16		fe0e3d1d90626b1b1b5be04009640cfeaf879b6e
com.typesafe.genjavadoc	genjavadoc-plugin_2.12.13	0.18_2.12.17		ea49630fd6010ea9c7de37c054b99e1f3e9dfbe8
com.typesafe.genjavadoc	genjavadoc-plugin_2.12.13	0.18_2.12.18		490f2f8b4fe4aa07dcd6a3dfac95f03a8a4c42c2
com.typesafe.genjavadoc	genjavadoc-plugin_2.12.13	0.18_2.13.10		6d2ab7b7779a15d72a1d5b3f9f912476238df5c6
com.typesafe.genjavadoc	genjavadoc-plugin_2.12.13	0.18_2.13.8		419807523aa2dc487e4b459ffc7dfbb4434a97d7
com.typesafe.genjavadoc	genjavadoc-plugin_2.12.13	0.18_2.13.9		718f38dc16d8892d567d674bd80a1832baf00854
com.typesafe.play	play-omnidoc_2.10	2.4.0		973a3854a57106fb37aa40039bc014d4a2af06e2
com.typesafe.play	play-omnidoc_2.10	2.4.0-M2		bcda171ee93d0fab13f044bf8a771d203a340600
com.typesafe.play	play-omnidoc_2.10	2.4.0-M3		62edc2337c3b03164c6416e0bd0978a20b5bd227
com.typesafe.play	play-omnidoc_2.10	2.4.0-RC1		1b4e1d9d39ae35b9ebd013d0c89b44785781dcd9
com.typesafe.play	play-omnidoc_2.10	2.4.0-RC2		1042781c0b3424b274c997240be3e46e95952dd2
com.typesafe.play	play-omnidoc_2.10	2.4.0-RC3		ed4405df962f30f0d827ab60ad5eba730054b011
com.typesafe.play	play-omnidoc_2.10	2.4.0-RC5		38aa115c23462bfb9077e7f01ba0765aae9b9830
com.typesafe.play	play-omnidoc_2.10	2.4.1		6a07aa937f15128a9d93d3d5f8b3629e5496e829
com.typesafe.play	play-omnidoc_2.10	2.4.10		4e2dfbf7a0e3601b432edf68c7e16fa93b547bf4
com.typesafe.play	play-omnidoc_2.10	2.4.11		410b9ca408c315cba8f242b18dde983c4d22891b
com.typesafe.play	play-omnidoc_2.10	2.4.2		364c27f1eb06cb3f4ed0f63c3f31a0d631cea1d9
com.typesafe.play	play-omnidoc_2.10	2.4.3		75280a04cd01053c4933d7f808299337715e2aa9
com.typesafe.play	play-omnidoc_2.10	2.4.4		90a9b477f0aa7f8fce9cb256de7e76705b7db127
com.typesafe.play	play-omnidoc_2.10	2.4.6		214339710f4201fc79a5b02fa5044c7d4c651835
com.typesafe.play	play-omnidoc_2.10	2.4.7		0a30ebb04305ff262f4906d6cf8efc78005c5a1f
com.typesafe.play	play-omnidoc_2.10	2.4.8		1b05539ab591bdf9c1a2b367bd728dac9020cd4d
com.typesafe.play	play-omnidoc_2.10	2.4.9		afb4a57590baeba79d8ef8e8407701ee432cdc14
com.wordnik	swaggersocket-sample-helloword2	2.0.0		2ee9403513ce145f1c4f717b629c7a192698cc24
com.wordnik	swaggersocket-sample-helloword2	2.0.1		7a3615ab79522ba324744aa50b134b9ce6d5942e
com.wordnik	swaggersocket-sample-helloword2	2.0.2		8db62c5df61a9bc6cede9ade08848bb9442f2886
com.wordnik	swaggersocket-sample-helloword2	2.1.0		4e70f331c9451d96d5c217189e070e1162c921d3
com.zsmartsystems.zigbee	com.zsmartsystems.zigbee.autocode	1.2.3		efa9db3a869f7f834768fdb894d11a580383c9cd
com.zsmartsystems.zigbee	com.zsmartsystems.zigbee.autocode	1.2.4		e731aab8e06f0dc97f2a690466052552306e8fda
com.zsmartsystems.zigbee	com.zsmartsystems.zigbee.autocode	1.2.5		5619ad4d2eac0aa36f99bbeea6e1da728aca7715
com.zsmartsystems.zigbee	com.zsmartsystems.zigbee.autocode	1.2.6		ac52691f1542df40ccce28a56bf118bc81df95c4
com.zsmartsystems.zigbee	com.zsmartsystems.zigbee.autocode	1.2.7		746334120942e9e674c4d45172499741850206f2
com.zsmartsystems.zigbee	com.zsmartsystems.zigbee.autocode	1.2.8		52264ced5c40eda026a659638b5d10d2f12291a4
com.zsmartsystems.zigbee	com.zsmartsystems.zigbee.autocode	1.2.8.5		4b6c2809774d4c5a55b0d28134fe6ed98870d91e
com.zsmartsystems.zigbee	com.zsmartsystems.zigbee.autocode	1.2.9		b1ce55e0d5a75c84da561f09ea6ea3e8f655df69
com.zsmartsystems.zigbee	com.zsmartsystems.zigbee.autocode	1.3.0		791e5790a9309a59cff9d8d74c40de4ac42095fb
com.zsmartsystems.zigbee	com.zsmartsystems.zigbee.autocode	1.3.1		a4475b0d85e607fd7f360aa3196a1a93b6c54a34
com.zsmartsystems.zigbee	com.zsmartsystems.zigbee.autocode	1.3.10		90de4c0f41534c7b8721d7f73a8c14197d8e8231
com.zsmartsystems.zigbee	com.zsmartsystems.zigbee.autocode	1.3.11		20ef2a51ff2098d28bbf0334b72c4a72ce9354bd
com.zsmartsystems.zigbee	com.zsmartsystems.zigbee.autocode	1.3.2		c2a967dd903f4815683a022d90d13441c402f2ca
com.zsmartsystems.zigbee	com.zsmartsystems.zigbee.autocode	1.3.3		710ae84001769b7377fa88434c0af71d1abadf63
com.zsmartsystems.zigbee	com.zsmartsystems.zigbee.autocode	1.3.4		5b54072768d2ba286e27dab5c08b79305440f6c8
com.zsmartsystems.zigbee	com.zsmartsystems.zigbee.autocode	1.3.5		7c607ac29b9a3400605e6896725d281ee8a0d243
com.zsmartsystems.zigbee	com.zsmartsystems.zigbee.autocode	1.3.6		c7677eb83aa633ce0154ff765cff8921494a2ce9
com.zsmartsystems.zigbee	com.zsmartsystems.zigbee.autocode	1.3.7		ebc81bc263526d08093299c6fb79aa3957fce921
com.zsmartsystems.zigbee	com.zsmartsystems.zigbee.autocode	1.3.8		54d16bd2375d5f2bcf99300b1521859608e4f36e
com.zsmartsystems.zigbee	com.zsmartsystems.zigbee.autocode	1.3.9		fec7ac101b7ea1ae4c257e765da153b902f91e62
com.zsmartsystems.zigbee	com.zsmartsystems.zigbee.autocode	1.4.0		be76db71818d07c529f71151891727bcfeed376a
com.zsmartsystems.zigbee	com.zsmartsystems.zigbee.autocode	1.4.1		b08fe19eb6ac48c27f78331b4a597fef59ab042b
com.zsmartsystems.zigbee	com.zsmartsystems.zigbee.autocode	1.4.10		96dba788c8568a5281254c597f19dfbec1484789
com.zsmartsystems.zigbee	com.zsmartsystems.zigbee.autocode	1.4.11		fd483b5e65a6d50eeede9a01a747ee17e367bc87
com.zsmartsystems.zigbee	com.zsmartsystems.zigbee.autocode	1.4.12		5c573cfef240c27329d26d5f37da027b5f7a1b06
com.zsmartsystems.zigbee	com.zsmartsystems.zigbee.autocode	1.4.13		459435c3e93fc3d0e421994611fb5e6f130daebe
com.zsmartsystems.zigbee	com.zsmartsystems.zigbee.autocode	1.4.14		7834f04020e0f0871738900321adc4d4b59dd848
com.zsmartsystems.zigbee	com.zsmartsystems.zigbee.autocode	1.4.15		bb97da0bc2cbbf5af19560894680d109d0d415fc
com.zsmartsystems.zigbee	com.zsmartsystems.zigbee.autocode	1.4.16		e2989050b4a9c49c33c432be3bb21cec53950373
com.zsmartsystems.zigbee	com.zsmartsystems.zigbee.autocode	1.4.16.1		4df10f3ce0b2474dafc2ec5e47423414f13b3700
com.zsmartsystems.zigbee	com.zsmartsystems.zigbee.autocode	1.4.2		ccc5eae3d361918e56ff449c538d904c4ed4a240
com.zsmartsystems.zigbee	com.zsmartsystems.zigbee.autocode	1.4.3		14255f197b64e6dba3986b70187decfca7825c4a
com.zsmartsystems.zigbee	com.zsmartsystems.zigbee.autocode	1.4.4		b29d59fa5b5a099d3f6f5c349145858172aa125d
com.zsmartsystems.zigbee	com.zsmartsystems.zigbee.autocode	1.4.5		3c13f5e13a4aff8537973ce1d5f7a8f18a9b1a93
com.zsmartsystems.zigbee	com.zsmartsystems.zigbee.autocode	1.4.6		7381e20301f58c0234d953d14ca94d941adbbed2
com.zsmartsystems.zigbee	com.zsmartsystems.zigbee.autocode	1.4.7		583d9ff4134fb21114da488fb79e286c1c1d3f9c
com.zsmartsystems.zigbee	com.zsmartsystems.zigbee.autocode	1.4.8		af87388551f6449a4d22b74a03208bb2ff725829
com.zsmartsystems.zigbee	com.zsmartsystems.zigbee.autocode	1.4.9		f426fa7141f7ec9ce0177fae84d3b50219ea0c3d
community.flock.wirespec.integration	wirespec-jvm	0.10.15		1fd30baabd2af5d4b8ec4e98a84721df8d39e300
community.flock.wirespec.integration	wirespec-jvm	0.10.17		1fd30baabd2af5d4b8ec4e98a84721df8d39e300
community.flock.wirespec.integration	wirespec-jvm	0.10.21		1fd30baabd2af5d4b8ec4e98a84721df8d39e300
community.flock.wirespec.integration	wirespec-jvm	0.10.22		1fd30baabd2af5d4b8ec4e98a84721df8d39e300
community.flock.wirespec.integration	wirespec-jvm	0.10.24		aec4706a13470c644eaca24bd71019756ed02d06
community.flock.wirespec.integration	wirespec-jvm	0.10.25		aec4706a13470c644eaca24bd71019756ed02d06
community.flock.wirespec.integration	wirespec-jvm	0.11.0		aec4706a13470c644eaca24bd71019756ed02d06
community.flock.wirespec.integration	wirespec-jvm	0.11.2		aec4706a13470c644eaca24bd71019756ed02d06
community.flock.wirespec.integration	wirespec-jvm	0.11.5		4a1d17b06aa90a5b10859ecedcae6d470b9592a3
community.flock.wirespec.integration	wirespec-jvm	0.11.8		4e5d3c5b30698a9f1b772c367a41ae4458007adf
community.flock.wirespec.integration	wirespec-jvm	0.11.9		4e5d3c5b30698a9f1b772c367a41ae4458007adf
community.flock.wirespec.integration	wirespec-jvm	0.12.0		40c8bb7a142b19018cf507299b90c5111f0c9f0f
community.flock.wirespec.integration	wirespec-jvm	0.12.1		40c8bb7a142b19018cf507299b90c5111f0c9f0f
community.flock.wirespec.integration	wirespec-jvm	0.12.4		40c8bb7a142b19018cf507299b90c5111f0c9f0f
community.flock.wirespec.integration	wirespec-jvm	0.12.5		40c8bb7a142b19018cf507299b90c5111f0c9f0f
community.flock.wirespec.integration	wirespec-jvm	0.12.7		40c8bb7a142b19018cf507299b90c5111f0c9f0f
community.flock.wirespec.integration	wirespec-jvm	0.12.9		40c8bb7a142b19018cf507299b90c5111f0c9f0f
community.flock.wirespec.integration	wirespec-jvm	0.13.0		40c8bb7a142b19018cf507299b90c5111f0c9f0f
community.flock.wirespec.integration	wirespec-jvm	0.13.1		40c8bb7a142b19018cf507299b90c5111f0c9f0f
community.flock.wirespec.integration	wirespec-jvm	0.14.10		40c8bb7a142b19018cf507299b90c5111f0c9f0f
community.flock.wirespec.integration	wirespec-jvm	0.14.3		40c8bb7a142b19018cf507299b90c5111f0c9f0f
cool.doudou	mqtt-assistant-annotation	1.0.0		9d64350d178e06e9c896f62dbe0e09e29d1d00f7
cool.doudou	mqtt-assistant-annotation	1.0.1		9392a47dbd691e2fcd70e7c116e194d992aa9450
cool.doudou	mqtt-assistant-annotation	1.0.2		572da86dd5ae5102faad79143ebc75cd0f08a604
cool.doudou	mqtt-assistant-annotation	1.0.3		0e8fccd93d699615972c115e16f6957bc17233f9
cool.doudou	mqtt-assistant-annotation	1.0.4		4186604956b9709b3daf849550b81de6dca0d6c3
cool.doudou	mqtt-assistant-annotation	1.0.5		dcebb48327fce25dd3a460acba12cf19ebda329e
cool.doudou	mqtt-assistant-annotation	1.0.6		b94e262fb60e63523baf7dc197189f7889f05d33
cool.doudou	mqtt-assistant-annotation	2.0.0		ba5035080ff55a9ab84acf39fffc9025f261932c
cool.doudou	mqtt-assistant-annotation	2.0.1		68f3cafeff16bb58ceb1881340c3ce8fa9837b40
dev.bpm-crafters.process-engine-worker	process-engine-worker-spring-boot-starter	0.0.1		fd682e8aba6040d9a2f867ddd1d855785af43f2b
dev.bpm-crafters.process-engine-worker	process-engine-worker-spring-boot-starter	0.0.2		8cd456f49202104eb5303b8efafc58fa92f692fc
dev.bpm-crafters.process-engine-worker	process-engine-worker-spring-boot-starter	0.0.3		b6b84c0fea7a98b1f87113cac9b5c93e027c9fd0
dev.bpm-crafters.process-engine-worker	process-engine-worker-spring-boot-starter	0.0.4		2881502674d61bfa63d2851637b3f8cf24e348f0
dev.bpm-crafters.process-engine-worker	process-engine-worker-spring-boot-starter	0.0.5		bd0a49170897ad3e647411d4668a90d65e510374
dev.bpm-crafters.process-engine-worker	process-engine-worker-spring-boot-starter	0.1.0		fc816e40c233290e3341514e43cfe385eab8ae55
dev.bpm-crafters.process-engine-worker	process-engine-worker-spring-boot-starter	0.1.1		2e037f7bb289506b0674e36776d4be3aa343277c
dev.bpm-crafters.process-engine-worker	process-engine-worker-spring-boot-starter	0.1.2		6f99ee0284e2abcc264d3dc7fe0b210cdb120f6b
dev.bpm-crafters.process-engine-worker	process-engine-worker-spring-boot-starter	0.1.3		12014309920465dacf39a3b59579a9b00b3ccc80
dev.bpm-crafters.process-engine-worker	process-engine-worker-spring-boot-starter	0.2.0		79a2b7bb2e23edc0495588e9aaf24852f3e9b354
dev.bpm-crafters.process-engine-worker	process-engine-worker-spring-boot-starter	0.3.0		a05136a55928148891110af70ebe98feb08f75e3
dev.chopsticks	zio-schema_sjs1_2.12	0.1.10		19ca067945aead3dac330febbbd709f4fd95d125
dev.chopsticks	zio-schema_sjs1_2.12	0.1.11		8887f3ed814ca281e16036ddfb0b62ee1d4b456c
dev.chopsticks	zio-schema_sjs1_2.12	0.1.12		f027b62c7ced0551deb70ceaccf6e0d5a80e27c5
dev.teogor.xenoglot	xenoglot-core-linuxarm64	1.0.0-alpha02		N/A
edu.stanford.protege	org.protege.integration.hermit	1.0.0		fa748753976918aeb1f587ada2a327c42ed8d13a
edu.stanford.protege	org.protege.integration.hermit	1.0.1		134afd4dec342ec3e5033159c52dd83c20c6630c
foundation.fluent.api	rpg-common	0.1		1a534227a7dc12ab4e2cb9821003990be6912993
foundation.fluent.api	rpg-common	0.10		cd507fd7a8c370252273f7c140ac25bad5aeafcd
foundation.fluent.api	rpg-common	0.11		60e5ae9799f096bf499cbfc42b6c560df57b86a0
foundation.fluent.api	rpg-common	0.12		5c251c569d98795530489e2cac1512e9f72941a6
foundation.fluent.api	rpg-common	0.13		0e3b073d82783594a8c7b4c256e727d89084bb2f
foundation.fluent.api	rpg-common	0.14		7284acf74732afec5279f63c788b8a63a2bf23a9
foundation.fluent.api	rpg-common	0.15		508e1a6c048c96cdfa8631a2e15101c74d8497f3
foundation.fluent.api	rpg-common	0.2		d87369f17a8807c2e25d0757956c79ae718a22e2
foundation.fluent.api	rpg-common	0.3		98d3bc9cac8cacb08646b3a07ccba4a8555a3150
foundation.fluent.api	rpg-common	0.4		6b62cb607ba71ab3367e7f870c2e1b564c430191
foundation.fluent.api	rpg-common	0.5		edc688d4c2fd1894b188e2d8b53c015fa51aabcf
foundation.fluent.api	rpg-common	0.6		1cbc3ba2e3b85c8215db6bb902b47d5084569ef3
foundation.fluent.api	rpg-common	0.7		a26bd1f1ae25f9ea784f44a1e926b68acdfdbdb4
foundation.fluent.api	rpg-common	0.8		232fdd452818951f44e6c4a4de24dac68b17ccb9
foundation.fluent.api	rpg-common	0.9		d417ab5c84ddbed4c554968a15ef09cb1a3ad2f2
house.inksoftware	system-test-framework	10.0.0		bb0cfd402de9ce246ec48e1ad2b42bcecb04f10c
house.inksoftware	system-test-framework	11.0.0		2e03a6e51c6e87232375e38da2cd27b1899af005
house.inksoftware	system-test-framework	12.0.0		8666744e222d5564baf4e02d2ffab332ebbc5c65
house.inksoftware	system-test-framework	13.0.0		ed3b091e0016fb7f5b4916c4df180e755b17eefe
house.inksoftware	system-test-framework	14.0.0		bfdd12a7e2d455e437a7f806fc03039b15574d8d
house.inksoftware	system-test-framework	15.0.0		24ee6701b8ae76aff44cde3e8e2419dc02b2ed61
house.inksoftware	system-test-framework	16.0.0		2c472dedfe73a723e220df79d0de0f50f6041107
house.inksoftware	system-test-framework	17.0.0		75012e509a1a0b4094901a7d22dc04cc2d4f2c60
house.inksoftware	system-test-framework	18.0.0		9b434925aec43320a2dfc0f6dc657472f3836b4f
house.inksoftware	system-test-framework	19.0.0		aedf28cb4756b0bf580908c8fa99abaea3f8f078
house.inksoftware	system-test-framework	20.0.0		3d5159ecedd93f49debe02cbe765aa24366d0461
house.inksoftware	system-test-framework	21.0.0		a1f76adbe2e55531614351e9b3c4d134421aad2c
house.inksoftware	system-test-framework	21.1.0		40189fca7ff5c6514244b62e4fe252244cee451c
house.inksoftware	system-test-framework	21.1.1		6e8e2222777bd936e479dca384397d180927e90f
house.inksoftware	system-test-framework	21.2.1		817028c06d0fdce93ba691f9b68d22235b0e816a
house.inksoftware	system-test-framework	25.0.0		3916ff9cb9f931085bc09abb6eef71325975aa12
house.inksoftware	system-test-framework	27.0.0		f303b992ee568e063319a69807b948c4a0faef1e
house.inksoftware	system-test-framework	28.0.0		044404ddb1bf4badf86d71c0c3b8d038a1e136fd
house.inksoftware	system-test-framework	29.0.0		290e815ced8f5a00c6ad605c3eb55437a770d4cc
house.inksoftware	system-test-framework	3.0		e54ab88fe1cc0a9738b325d8a3167520c02cbcc9
house.inksoftware	system-test-framework	4.0.0		7298ace0d7cf98de2b7d023d42a1d4158c025ec1
house.inksoftware	system-test-framework	5.0		040b1cee04f16e1ac22520da7fd6dba2856e912b
house.inksoftware	system-test-framework	6.0		09a60b00493000fcdde9ed8ea9daad654bd07278
house.inksoftware	system-test-framework	7.0		60035bce3cde59166abfd4dca5de3a7ae89e493e
house.inksoftware	system-test-framework	8		97802793de9d1cf89f0b3c21de5d7a3553214785
house.inksoftware	system-test-framework	9.0.0		ca0c206e3816120c75676229b525891478bfdf0e
house.inksoftware	system-test-framework	java-17-0.0.1		f7bc2a171c53709727e75d7a253e48723cecb96d
house.inksoftware	system-test-framework	java-17-0.0.2		cce94dd84448f483c2e39a986c91acf1d773be6f
house.inksoftware	system-test-framework	java-21-0.0.1		de1915122fc2637682ba6647ff5947d6057536ff
house.inksoftware	system-test-framework	java-21-0.0.2		92acfe324c3da6b6a2e35a6014ec530801868b94
house.inksoftware	system-test-framework	java-21-0.0.3		06977de1118319a16083e2e1497a6bbb14e042ec
house.inksoftware	system-test-framework	java-21-0.0.4		cd4270acb4524e289ea14c40409afd4ab22587ad
house.inksoftware	system-test-framework	java-21-0.0.5		630594e440a6a0a5482494540470237c6d0d8920
house.inksoftware	system-test-framework	java-21-0.0.6		1d801c33afab43237d4477855e75327fcd3b2ab1
house.inksoftware	system-test-framework	java-21-0.0.7		8dbc8e60f2b61200f0e8b77f36a42ac5b6875cd6
house.inksoftware	system-test-framework	java-21-0.0.8		07163f85b8c6324916341e215358c22f1a25b825
house.inksoftware	system-test-framework	java-21-0.0.9		8868477d23e97df66756cc7ee8ebe0a44230629d
house.inksoftware	system-test-framework	java-21-0.1.0		8a0f35f90566dfb817bf05d67712a71933001f8d
house.inksoftware	system-test-framework	java-21-0.1.1		1e9dbd8d2157b351f4d6d56c0444b4d9a6ecf319
house.inksoftware	system-test-framework	java-21-0.1.11		36e4d8ed7fa0217890cfaf634314ef9955b37634
house.inksoftware	system-test-framework	java-21-0.1.2		c3b178c22197d1bcf86aed0242e83117b8ebf82a
house.inksoftware	system-test-framework	java-21-0.1.3		62aa7fac1483049eeb59b2b9c48df3b96aa57eb3
house.inksoftware	system-test-framework	java-21-0.1.4		02cea2db778da8fde388efa15a57360e482ca1b9
house.inksoftware	system-test-framework	java-21-0.1.5		60bf670210b7898c84bf8062d5d6301c8bd3ac17
house.inksoftware	system-test-framework	java-21-0.1.6		f0b9837d40a0df3f5905c36dcd379414d10149da
house.inksoftware	system-test-framework	java-21-0.1.7		0e6bd1b8753fa7a2a2b4d5935c0425dd221434ad
house.inksoftware	system-test-framework	java-21-0.1.8		f1c1d8a25489c7527558dbc023760d531924c4b4
house.inksoftware	system-test-framework	java-21-0.1.9		c769c7a1b020987fe2a72f0294dda077c0d50c83
io.bootique.jersey	bootique-jersey-jakarta	3.0-M3		4bd371f688b658dcf639cb8169ad7525001f7efd
io.bootique.jersey	bootique-jersey-jakarta	3.0-M4		cf8bf10b43e37aaad7a5c6de0a77b7a80d64a757
io.bootique.jersey	bootique-jersey-jakarta	3.0-M5		096bff318c8f9dbb8259f06dbeebdc54b7250c04
io.bootique.jersey	bootique-jersey-jakarta	3.0-M6		573b08c0fbd4e877aafaebac72f874caa2c14550
io.bootique.jersey	bootique-jersey-jakarta	3.0-RC1		95a53b245aef9dcffa2b7ce7155f90e42ae53e03
io.bootique.jersey	bootique-jersey-jakarta	3.0.M1		0cbf769a9139c7a74bf242dcbc706755d79fe25c
io.bootique.jersey	bootique-jersey-jakarta	3.0.M2		b7dbd0e2456f66619f06d1c35b4f9efe4fe2734d
io.gitee.johnpeng	mx-utils	3.0.2		4c0771d4747b3de37b51c7df0fc0dfdad89ca676
io.gitee.johnpeng	mx-utils	3.0.3		666647c5fec8090c2e6881d0e860a89e633cb9f4
io.gitee.johnpeng	mx-utils	5.0.1		4150643944b49d793203d8382ff039061121c38c
io.gitee.johnpeng	mx-utils	5.0.2		6aed61337b31f735276d79db33f21ff7d17b832a
io.gitee.johnpeng	mx-utils	5.0.3		931e04c4a7c1d21207aad5b4262d767d1c830bdc
io.gitee.johnpeng	mx-utils	5.0.4		01bc45e441e48c41ea6c03bf13647b31b934a0ae
io.gitee.johnpeng	mx-utils	5.0.5		a0502ecbee56a3db9fb20800294ef39e9e77a12b
io.gitee.johnpeng	mx-utils	5.0.6		7f9ea077cf10ba00e6aa0861bc0ba70e9aab6f46
io.gitee.johnpeng	mx-utils	5.0.7		460c014f01ec3dc04f65dff38e9e95d9f4e0df7f
io.gitee.johnpeng	mx-utils	5.0.8		48be4914d166d9d6e573306cc0d66ba204811429
io.gitee.johnpeng	mx-utils	5.0.9		d7a94fc2091e37f33dbe718a44a5fbcdc3f0a0a8
io.github.jswk.ms	ms-examples	0.0.1-RELEASE		0161a1997a0e14cf961219a0a801a377fd8be5f2
io.github.jswk.ms	ms-examples	0.0.2-RELEASE		800ee41dfaf0430b4bedf116e0b58c50bc59f852
io.github.jswk.ms	ms-examples	0.0.3-RELEASE		d32b442972244978e3c2c0f1c93735f9ac97dc2e
io.github.jswk.ms	ms-examples	0.0.4-RELEASE		de1e6931a45cca9495ca2ab8b46fda8484259ff4
io.github.msidolphin	easyvalidator	1.0.0-RELEASE		05c93d13de8b4f0de211dc4e4d74f97b9b73b4e8
io.github.msidolphin	easyvalidator	1.0.1-RELEASE		acaefedc09f9f01eff5cdd1e11a38be1b4246e31
io.github.pellse	assembler-kotlin-extension	0.7.2		9d97d96bd186522effd3c397ff046400f3f0472b
io.quarkus	quarkus-jdbc-h2-runtime	0.11.0		3b34fdd175b0c48c4ea8d4734095832bc9cfa8f7
io.quarkus	quarkus-jdbc-h2-runtime	0.12.0		919b3b8baf2186a4f334f99a019065658bf49ce7
io.rakam	android-sdk	2.7.10		74cc029df580ad574a4ba7fb5498d24319dadec3
io.rakam	android-sdk	2.7.10	jar-with-dependencies	ccd8f626ad67fb89fcdd6b13ebb5ce6a3bca5057
io.rakam	android-sdk	2.7.11		e156496dc3717d8e9ce8c71ed75ee1a8214e8dca
io.rakam	android-sdk	2.7.11	jar-with-dependencies	535c85d011dfcb989e5eb6ed83b55dd39c1e938a
io.rakam	android-sdk	2.7.12		8158b7b393e570d83f18df0cf96f85aee3d9f34e
io.rakam	android-sdk	2.7.12	jar-with-dependencies	599259716ceac465c33391014b59e95283ff11ac
io.rakam	android-sdk	2.7.13		12274732ca112d90e524ce3f172e5ee271b25497
io.rakam	android-sdk	2.7.13	jar-with-dependencies	0dc10eeca72788288e9998db0f8ae736466f7d1b
io.rakam	android-sdk	2.7.14		393b8a60b496cb28932691bea9c32a65ede1a9b2
io.rakam	android-sdk	2.7.14	jar-with-dependencies	19d9aceae0b4a879fa26372a509f205713dfae7c
io.rakam	android-sdk	2.7.3		bec9e12435cde96a4b2a1e6262e13cc6673f25a2
io.rakam	android-sdk	2.7.4		1c520d0eb2d9082a692b6bea1e83ed2b04d857be
io.rakam	android-sdk	2.7.6		926351e7015778ade5edf6300dc47293d7d146c1
io.rakam	android-sdk	2.7.6	jar-with-dependencies	b0fcbcb99feb2dcf40bb3acffed530fa5168abe2
io.rakam	android-sdk	2.7.7		5bf4073e7f28e662d24a879584411322163bb038
io.rakam	android-sdk	2.7.7	jar-with-dependencies	56d84248d3171e1e9767e97f2294b08bdbdaf3df
io.rakam	android-sdk	2.7.8		5c32360ef9901bc297adf393d3c176c6a64af92d
io.rakam	android-sdk	2.7.8	jar-with-dependencies	0bbdb6f2f4cdd369fb7e979e038781dafdd139f6
io.rakam	android-sdk	2.7.9		1463edefe31d07cec481522a37783ecd2c9274ee
io.rakam	android-sdk	2.7.9	jar-with-dependencies	f63bd9a88b182c88432ca290e303947393963018
io.tesla.maven.plugins	tesla-plugin-api	0.0.5		dc4000f4f0da2e949bfd42d803c7e718b2cee16d
love.forte.simbot.component	simbot-component-onebot-v11-event-tvosx64	0.0.2		N/A
love.forte.simbot.component	simbot-component-onebot-v11-event-tvosx64	0.0.2	metadata	57674025652b095f4f311c8304815ec73d00ea36
love.forte.simbot.component	simbot-component-onebot-v11-event-tvosx64	0.0.3		N/A
love.forte.simbot.component	simbot-component-onebot-v11-event-tvosx64	0.0.3	metadata	a18627fd0340d5dfb62baf2880ed74041ae2c413
love.forte.simbot.component	simbot-component-onebot-v11-event-tvosx64	0.0.4		N/A
love.forte.simbot.component	simbot-component-onebot-v11-event-tvosx64	0.0.4	metadata	d3e120d3989d5023ddbea6f7eee81e413172b20c
love.forte.simbot.component	simbot-component-onebot-v11-event-tvosx64	0.1.0		N/A
love.forte.simbot.component	simbot-component-onebot-v11-event-tvosx64	0.1.0	metadata	c783a551988e70bf11bea810681048d5bfb23ea3
love.forte.simbot.component	simbot-component-onebot-v11-event-tvosx64	0.1.1		N/A
love.forte.simbot.component	simbot-component-onebot-v11-event-tvosx64	0.1.1	metadata	4ef66c52729fe0db1d0d4cf65508c934b09ba3b2
love.forte.simbot.component	simbot-component-onebot-v11-event-tvosx64	0.2.0		N/A
love.forte.simbot.component	simbot-component-onebot-v11-event-tvosx64	0.2.0	metadata	3dbec473c402234d37a5907dd949e4f576222a51
love.forte.simbot.component	simbot-component-onebot-v11-event-tvosx64	0.3.0		N/A
love.forte.simbot.component	simbot-component-onebot-v11-event-tvosx64	0.3.0	metadata	6ae3cf00e077cc5ec475d5b11f84aa5cc119ca4a
love.forte.simbot.component	simbot-component-onebot-v11-event-tvosx64	0.4.0		N/A
love.forte.simbot.component	simbot-component-onebot-v11-event-tvosx64	0.4.0	metadata	c262900d22a5d0aa98d54e5535a2f8cb1593ea42
love.forte.simbot.component	simbot-component-onebot-v11-event-tvosx64	0.5.0		N/A
love.forte.simbot.component	simbot-component-onebot-v11-event-tvosx64	0.5.0	metadata	444e86d5e6fe0f42febd89c2875f7b19be37019c
love.forte.simbot.component	simbot-component-onebot-v11-event-tvosx64	0.6.0		N/A
love.forte.simbot.component	simbot-component-onebot-v11-event-tvosx64	0.6.0	metadata	d2c3493192ac87b8b88bcbdcc7bd260f667ef869
love.forte.simbot.component	simbot-component-onebot-v11-event-tvosx64	0.7.0		N/A
love.forte.simbot.component	simbot-component-onebot-v11-event-tvosx64	0.7.0	metadata	865bbb7a74c635c896230f7c249fa05d5a144620
love.forte.simbot.component	simbot-component-onebot-v11-event-tvosx64	0.8.0		N/A
love.forte.simbot.component	simbot-component-onebot-v11-event-tvosx64	0.8.0	metadata	f8077627ab02d36012d9dca8956150e92e1f0380
love.forte.simbot.component	simbot-component-onebot-v11-event-tvosx64	0.9.0		N/A
love.forte.simbot.component	simbot-component-onebot-v11-event-tvosx64	0.9.0	metadata	c7758a0243590c91836fdd2482f5a42c592312c3
love.forte.simbot.component	simbot-component-onebot-v11-event-tvosx64	0.9.1		N/A
love.forte.simbot.component	simbot-component-onebot-v11-event-tvosx64	0.9.1	metadata	c3bf83bc2d769a2aff96e38498b7ace359b00451
love.forte.simbot.component	simbot-component-onebot-v11-event-tvosx64	1.0.0		N/A
love.forte.simbot.component	simbot-component-onebot-v11-event-tvosx64	1.0.0	metadata	81ba87434be6bec9d0acdf2f992f38d3c4d4c7c8
love.forte.simbot.component	simbot-component-onebot-v11-event-tvosx64	1.0.0-RC		N/A
love.forte.simbot.component	simbot-component-onebot-v11-event-tvosx64	1.0.0-RC	metadata	89425453c8b9c6f98b3bc57bd7fa9d9d99fce4f2
love.forte.simbot.component	simbot-component-onebot-v11-event-tvosx64	1.0.1		N/A
love.forte.simbot.component	simbot-component-onebot-v11-event-tvosx64	1.0.1	metadata	7f9d42d34b19b73700d5a7fbcf29515c1f87a9d9
love.forte.simbot.component	simbot-component-onebot-v11-event-tvosx64	1.1.0		N/A
love.forte.simbot.component	simbot-component-onebot-v11-event-tvosx64	1.1.0	metadata	a034dd9f91dc1f7c91ad3a87d54d4f2d0da121c8
love.forte.simbot.component	simbot-component-onebot-v11-event-tvosx64	1.2.0		N/A
love.forte.simbot.component	simbot-component-onebot-v11-event-tvosx64	1.2.0	metadata	683b6005a3e14479ef5d5ce72bcad92a9921f66f
love.forte.simbot.component	simbot-component-onebot-v11-event-tvosx64	1.3.0		N/A
love.forte.simbot.component	simbot-component-onebot-v11-event-tvosx64	1.3.0	metadata	9614cd8f857cf6737cba07d884f30ac38ba4fb67
love.forte.simbot.component	simbot-component-onebot-v11-event-tvosx64	1.4.0		N/A
love.forte.simbot.component	simbot-component-onebot-v11-event-tvosx64	1.4.0	metadata	0334aaf55f657f0a0742e1226df6d78b5bdc1a3d
love.forte.simbot.component	simbot-component-onebot-v11-event-tvosx64	1.4.1		N/A
love.forte.simbot.component	simbot-component-onebot-v11-event-tvosx64	1.4.1	metadata	9b387ce9660ae74dbbfcb6eb9ec12819c6967b35
love.forte.simbot.component	simbot-component-onebot-v11-event-tvosx64	1.4.2		N/A
love.forte.simbot.component	simbot-component-onebot-v11-event-tvosx64	1.4.2	metadata	b500c01979e43def46eacb624759ea485b1f2543
love.forte.simbot.component	simbot-component-onebot-v11-event-tvosx64	1.4.3		N/A
love.forte.simbot.component	simbot-component-onebot-v11-event-tvosx64	1.4.3	metadata	4ba057803145e3a939e9b767bbacf181d74254c5
love.forte.simbot.component	simbot-component-onebot-v11-event-tvosx64	1.4.4		N/A
love.forte.simbot.component	simbot-component-onebot-v11-event-tvosx64	1.4.4	metadata	8e06100d20dd099f4452390aec508773fc7d7d36
love.forte.simbot.component	simbot-component-onebot-v11-event-tvosx64	1.4.5		N/A
love.forte.simbot.component	simbot-component-onebot-v11-event-tvosx64	1.4.5	metadata	77390fdefb493803b2b7a08a78be9f750748c221
love.forte.simbot.component	simbot-component-onebot-v11-event-tvosx64	1.5.0		N/A
love.forte.simbot.component	simbot-component-onebot-v11-event-tvosx64	1.5.0	metadata	42598d5786cd82d7c19b43e4ae39d046b96d70c5
love.forte.simbot.component	simbot-component-onebot-v11-event-tvosx64	1.6.0		N/A
love.forte.simbot.component	simbot-component-onebot-v11-event-tvosx64	1.6.0	metadata	793c2e69f8add86193f8b563559300a890f17f76
love.forte.simbot.component	simbot-component-onebot-v11-event-tvosx64	1.6.1		N/A
love.forte.simbot.component	simbot-component-onebot-v11-event-tvosx64	1.6.1	metadata	efb2a98e71c7225d6ef0d14cadc5da6f2b0f7938
love.forte.simbot.component	simbot-component-onebot-v11-event-tvosx64	1.7.0		N/A
love.forte.simbot.component	simbot-component-onebot-v11-event-tvosx64	1.7.0	metadata	73d32fc69d643836b7b3c956526b87edfb463d32
love.liuwen	compass	0.0.1		N/A
net.calledtoconstruct	flow	1.1		d2017ce826410c5ef5eac584323e966b58b1ac2e
net.calledtoconstruct	flow	1.2		19ac838ce23f82154539bea6d5ecc33c35088fae
net.calledtoconstruct	flow	1.3		7dfe70001fab6ba980df87a1a456fe3fb3147cf8
net.jodah	concurrentunit	0.3.1		5ee855be001bd3e6518c271e2031a704da417ac0
net.jodah	concurrentunit	0.3.2		d2e0f1f44a121de89267a230e56097594b2af772
net.jodah	concurrentunit	0.3.3		a6e5471543029ac0b199ede99bcce0b56c12569f
net.jodah	concurrentunit	0.3.4		11c482faca9fa66d0c2257e5c2f1e43fe4ee85b9
net.jodah	concurrentunit	0.3.5		f97ff3794348001e7fdde3c17f9777744959d9cd
net.jodah	concurrentunit	0.4.0		fabf3ca9fad28c4537682ccc196d9eda8b96516d
net.jodah	concurrentunit	0.4.1		61ad3a0618685428822d5b71ddcad5761479b036
net.jodah	concurrentunit	0.4.2		5cff569d560a643eda173c1f340400352ae867b5
net.jodah	concurrentunit	0.4.3		256a6ffbb41609bf313342b2329b8f21d0c632e5
net.jodah	concurrentunit	0.4.4		7961f351edae0cc1aa6c0f991935a87a4592020a
net.jodah	concurrentunit	0.4.5		2f8bdbcfffab542383c1a95f598d1024cbf0c1f2
net.jodah	concurrentunit	0.4.6		1493ceadd7b49410fe604414c33bb00c9a1d07c6
net.sf.jt400	jt400-full	4.7.0		89321f72d862e6411bc132f993ec4ffe3680246e
net.sf.jt400	jt400-full	4.8.0		9ca04a601a8a402f65e77dd830d6c5c05ba218e8
net.sf.jt400	jt400-full	4.9.0		5594d425fc3d3296dc6d634855d3881074257ffe
net.sf.jt400	jt400-full	5.0		3b70a897fe2b29afe8e73e9917d0a09eb04b9093
net.sf.jt400	jt400-full	5.1.1		5a4a4f5cf03444022a8202020ca1bb028aba9f41
net.sf.jt400	jt400-full	5.2		0d0056a1fa48b434cc39992dde0c52aff95a1d4c
net.sf.jt400	jt400-full	5.3		1f06fbbc28b4a24e02328d7effcc59b8a9b2836b
net.sf.jt400	jt400-full	5.4		94b35cd12b5294aebb8cf1d5cf2f1fd83db9de69
net.sf.jt400	jt400-full	6.0		cbf59ca544fa8b371a72c4c84c78008d86d02d3c
org.apache.activemq	activemq-jdbc-store	5.10.0		a9904fe85bee7f7f3c0a517e816eac82b1c794fc
org.apache.activemq	activemq-jdbc-store	5.10.1		81a0a8e760e9824790ac5e4ff2f1ec3e6d3ed7e4
org.apache.activemq	activemq-jdbc-store	5.10.2		d10e8618aa4048f2d69707958775b0b3deaf7892
org.apache.activemq	activemq-jdbc-store	5.11.0		18efd853d04b3f686aad29a2bee3fd507aeec7ba
org.apache.activemq	activemq-jdbc-store	5.11.1		7902d26ae3c8559392a3628937297853ca31bcc5
org.apache.activemq	activemq-jdbc-store	5.11.2		e3435ff4b05c4e1ac926d06e0c87c3727061e123
org.apache.activemq	activemq-jdbc-store	5.11.3		2456bedf14ef162c1a8f955a4da780502bac696e
org.apache.activemq	activemq-jdbc-store	5.11.4		00b07e7a5d612d4eab91eafb2b32015db2c2863c
org.apache.activemq	activemq-jdbc-store	5.12.0		38efb7ddda42deefa4c0b8686ecfcd9e6176cff5
org.apache.activemq	activemq-jdbc-store	5.12.1		7faa3b4e02a711c9c315e2e754cedd8462693e51
org.apache.activemq	activemq-jdbc-store	5.12.2		c468fb3db80c78070500fdb6ae4bae58cf0e0551
org.apache.activemq	activemq-jdbc-store	5.12.3		68d7eaf524aaf052f0b6f41aed62ddb166130d17
org.apache.activemq	activemq-jdbc-store	5.13.0		c6c62d2bb6cbaf6f9f05a30be9ba9d11171c4dc1
org.apache.activemq	activemq-jdbc-store	5.13.1		96718c1baf62b1c92d11deac1cf66a9c9a00db0b
org.apache.activemq	activemq-jdbc-store	5.13.2		a1bb74e8a5c94180f1114f9664640e6927efe4ad
org.apache.activemq	activemq-jdbc-store	5.13.3		e6b571b45ca0a88ca9e2134b14d72a4fe06abab0
org.apache.activemq	activemq-jdbc-store	5.13.4		e377558b0b6814f40cbe96699d56ed4ec9f53b2e
org.apache.activemq	activemq-jdbc-store	5.13.5		3f646ca59ec524abc7dda7bade35c551006d15e6
org.apache.activemq	activemq-jdbc-store	5.14.0		a8021e72f6a329029bebfb608383f266b299c332
org.apache.activemq	activemq-jdbc-store	5.14.1		38cc1d53e6b3809d37d09d6eea30e653b1c4f209
org.apache.activemq	activemq-jdbc-store	5.14.2		a27963a7dfa44950575dafaadc65020b3dec46a2
org.apache.activemq	activemq-jdbc-store	5.14.3		5374e9c4f288191c09edfd4b121da248da4ae9bc
org.apache.activemq	activemq-jdbc-store	5.14.4		5d40af77b6dcdba89c7d9e24bc2fd0724d47d8ee
org.apache.activemq	activemq-jdbc-store	5.14.5		e9984a97db8c4a0d80a6a4869070644fbfb4ec16
org.apache.activemq	activemq-jdbc-store	5.15.0		8d0576aa0ab0189fe275e2076f668bb083d7598b
org.apache.activemq	activemq-jdbc-store	5.15.1		1f4fc09229269ee7add59d4f29eea930826d1852
org.apache.activemq	activemq-jdbc-store	5.15.10		c2c80e4dac65a01e34bcef41b2964107004bdcfd
org.apache.activemq	activemq-jdbc-store	5.15.11		70ea63117a321cbbb0f85d0461278ea94c73291c
org.apache.activemq	activemq-jdbc-store	5.15.12		fc81d7c6d71eea1624affe3ed6c23a2506328012
org.apache.activemq	activemq-jdbc-store	5.15.13		528097f7b1863a75534afbd2ee065b8ebfaff2b7
org.apache.activemq	activemq-jdbc-store	5.15.14		836632a83a40b494892ec892c7d64992bc71455f
org.apache.activemq	activemq-jdbc-store	5.15.15		15f4f086ce5fb81928ff620c3acf3bec7a6677ca
org.apache.activemq	activemq-jdbc-store	5.15.16		468ed3b11e1458465f7fa1169deb8889d5ddafa8
org.apache.activemq	activemq-jdbc-store	5.15.2		1ee72661ef43679b85b2efce28733358f3147aa3
org.apache.activemq	activemq-jdbc-store	5.15.3		e94b2d7862627bb5da8140f241ad4fb9c8cd3d20
org.apache.activemq	activemq-jdbc-store	5.15.4		b3085da6ff10dbd282350a603997a7ec625488a4
org.apache.activemq	activemq-jdbc-store	5.15.5		b9a08e5e00ed80291fe1a2d671927f40a71f5d40
org.apache.activemq	activemq-jdbc-store	5.15.6		6fdb2100980c34d9047cd2dbcd624b2f3284d169
org.apache.activemq	activemq-jdbc-store	5.15.7		ee5e37d03c2cb3debf6bd12f3aca98456c2676c3
org.apache.activemq	activemq-jdbc-store	5.15.8		86791f7266db6c931cbfa3233d504955d4049d82
org.apache.activemq	activemq-jdbc-store	5.15.9		eaea3dacbb74d5277e1b618c3f4ecc706f6b55a9
org.apache.activemq	activemq-jdbc-store	5.16.0		81269901fcb002d5431b6214d4235cff4b5fda78
org.apache.activemq	activemq-jdbc-store	5.16.1		fde56c9cb4e4b56c87a531ccfa3f622c6c564cc1
org.apache.activemq	activemq-jdbc-store	5.16.2		3083a710912cefca5eb67b404a0fff9a6b952e25
org.apache.activemq	activemq-jdbc-store	5.16.3		c0e2e265e1484a15aad424cbf72ae8b0d4a7b1f9
org.apache.activemq	activemq-jdbc-store	5.16.4		88b95a73d9efa2642d016311168780680eacab5e
org.apache.activemq	activemq-jdbc-store	5.16.5		7e7e12b6168ee94f8cd722871d0ffcf9391b7b3d
org.apache.activemq	activemq-jdbc-store	5.16.6		fbf304dc520abb6515b7ccf46c15c878ae0572fe
org.apache.activemq	activemq-jdbc-store	5.16.7		790b33344a322beafcc77a24194187906fbaace6
org.apache.activemq	activemq-jdbc-store	5.16.8		94bbfb6b31728259c780997ca2eded7ddfe71fff
org.apache.activemq	activemq-jdbc-store	5.17.0		b1d06dc949a490f4bea0d9635a2230d9f8b14504
org.apache.activemq	activemq-jdbc-store	5.17.1		958f44b57bd1666bd2fdacb4c1ca44ad55c0b812
org.apache.activemq	activemq-jdbc-store	5.17.2		43463eacc5c8d021901b4a466b01a06857f9691e
org.apache.activemq	activemq-jdbc-store	5.17.3		2fbaba424090367ffce47ee39181599db684893b
org.apache.activemq	activemq-jdbc-store	5.17.4		aec7a742c7634886315241b011d9d3c0e61ad9f8
org.apache.activemq	activemq-jdbc-store	5.17.5		588287b17c1c7ebe67367fcbc1a720057d6a1c36
org.apache.activemq	activemq-jdbc-store	5.17.6		51db0f9f82e35244a7b5fd07d27445c06b906828
org.apache.activemq	activemq-jdbc-store	5.17.7		6533ab0a89ca6f719371975614cfb2bb2f6866b4
org.apache.activemq	activemq-jdbc-store	5.18.0		80e6458ddf3f186ad87bba43d17934ce0f169ba8
org.apache.activemq	activemq-jdbc-store	5.18.1		0fccedefc7f403c6555999fa50ede9ad178ae0f7
org.apache.activemq	activemq-jdbc-store	5.18.2		2384fd2a9f68c126dc5b8f7049ef2ddfe86a14ad
org.apache.activemq	activemq-jdbc-store	5.18.3		f265ab7ddd3a74d1334e544cd158d3702406cabd
org.apache.activemq	activemq-jdbc-store	5.18.4		326f7aded7bdd8e7bf07805b331c6b55dbe23956
org.apache.activemq	activemq-jdbc-store	5.18.5		fc96e3269e5b58496b4cb4efc745eccf37561ec7
org.apache.activemq	activemq-jdbc-store	5.18.6		9f8a5d3bf1c0c01c3fdc4b1ce0bd54fa8b721445
org.apache.activemq	activemq-jdbc-store	5.18.7		1997997c3dd5894b0a19dbee53e4f7b8c78c23b2
org.apache.activemq	activemq-jdbc-store	5.19.0		d1afcf937f020804b130c08ba92abf9857b828d8
org.apache.activemq	activemq-jdbc-store	5.8.0		5ea0320fb17e5ccc693707e189424a467f412819
org.apache.activemq	activemq-jdbc-store	5.9.0		7167dea4d84de28d0778ed8cabb4200d52258c80
org.apache.activemq	activemq-jdbc-store	5.9.1		80a2c1d637b7d6fef2eec8b6c6b6e6df2fcc1cf1
org.apache.activemq	activemq-jdbc-store	6.0.0		6ad7363a845256af16e7e9d103eb31d6ea45326a
org.apache.activemq	activemq-jdbc-store	6.0.1		d579ce8a12245dbdd8c483080320be4d6ace1736
org.apache.activemq	activemq-jdbc-store	6.1.0		384bd19130e5cbb4523837f97b28354dd558f2c6
org.apache.activemq	activemq-jdbc-store	6.1.1		de645eddb4507a0a73288096c6a3cc09422106b2
org.apache.activemq	activemq-jdbc-store	6.1.2		46b37e694b6182e81d58464956b6e61b73ec28e6
org.apache.activemq	activemq-jdbc-store	6.1.3		c760beec7808be7551cb360e01918c532d30b102
org.apache.activemq	activemq-jdbc-store	6.1.4		dff70db92df3c25850306af80322343370b8c45c
org.apache.activemq	activemq-jdbc-store	6.1.5		60566e8e5c5276add4b8c89aee7ccd313740308f
org.apache.activemq	activemq-jdbc-store	6.1.6		907a742348baba6431961510848e5cd21da21863
org.apache.karaf.examples	karaf-servlet-example-blueprint	4.2.1		95f0ec670bdc40ae843f53cd70a3de9eb6c22fa6
org.apache.karaf.examples	karaf-servlet-example-blueprint	4.2.10		e228d0ce370cdf6c472f2bce88fb5bd7fb2750e3
org.apache.karaf.examples	karaf-servlet-example-blueprint	4.2.11		746b5c35613337b9e77f34408c49031f53ae88c0
org.apache.karaf.examples	karaf-servlet-example-blueprint	4.2.12		0c0f5bac67ce283f20057b1ff064ac1f0ab6d6f3
org.apache.karaf.examples	karaf-servlet-example-blueprint	4.2.13		edd5f3dd993e146052efe448580fbf5a6b4c3232
org.apache.karaf.examples	karaf-servlet-example-blueprint	4.2.14		c90be169b52cd08b5d957c5de41d431ac8ce58d6
org.apache.karaf.examples	karaf-servlet-example-blueprint	4.2.15		f52ee8dc43ca1bab405912381499fb688b076686
org.apache.karaf.examples	karaf-servlet-example-blueprint	4.2.16		6e3cf2b5c4516594ff1ae6d4252efd5e6f3ffdd9
org.apache.karaf.examples	karaf-servlet-example-blueprint	4.2.2		2bfb24b2c3acbf0210e766d870f2ebd938ec294e
org.apache.karaf.examples	karaf-servlet-example-blueprint	4.2.3		3dd046475b39d331a2ffd17e6faf89aed777b3c2
org.apache.karaf.examples	karaf-servlet-example-blueprint	4.2.4		fabfaaf341944b4d721608edde7e6a05614a1030
org.apache.karaf.examples	karaf-servlet-example-blueprint	4.2.5		599c8ec84f3c950df91f584329e45ba84a283841
org.apache.karaf.examples	karaf-servlet-example-blueprint	4.2.6		8bca421b981b5020e0e09ae4423fb3bb6ca9803a
org.apache.karaf.examples	karaf-servlet-example-blueprint	4.2.7		f423632c9b1378440862ea70f0ddfdcf6e30cbf6
org.apache.karaf.examples	karaf-servlet-example-blueprint	4.2.8		63b16b6bb55a91c13196a78a6ef56d3e52b34061
org.apache.karaf.examples	karaf-servlet-example-blueprint	4.2.9		8c9b51f2279d57979353b93889d00106585f980d
org.apache.karaf.examples	karaf-servlet-example-blueprint	4.3.0		d0facd31bc16f8050da7526946d1bdb33c7a7668
org.apache.karaf.examples	karaf-servlet-example-blueprint	4.3.0.RC1		992b3a9d80862ef9f521d0f51345d58276d8f33f
org.apache.karaf.examples	karaf-servlet-example-blueprint	4.3.1		b5826903e0f7e75f55509e1abfff54ecd786a847
org.apache.karaf.examples	karaf-servlet-example-blueprint	4.3.10		e5d746d701e090307e89e165c3f2bc0865aa9015
org.apache.karaf.examples	karaf-servlet-example-blueprint	4.3.2		26a62392ce84db15e0b88406095f72ec1aad71c4
org.apache.karaf.examples	karaf-servlet-example-blueprint	4.3.3		e3211b4d5292936a3533e55113b9323617d7c8f3
org.apache.karaf.examples	karaf-servlet-example-blueprint	4.3.4		218b035215b6119708f5b2badb24577bef4bebc3
org.apache.karaf.examples	karaf-servlet-example-blueprint	4.3.5		e6b3dd1dbbbbb5ac63be263399638237cb5e18ca
org.apache.karaf.examples	karaf-servlet-example-blueprint	4.3.6		beeb953280d554d01bee619cf48177d4af3e966f
org.apache.karaf.examples	karaf-servlet-example-blueprint	4.3.7		4e15f37ccd301e84196a11475675975c6ffde3ca
org.apache.karaf.examples	karaf-servlet-example-blueprint	4.3.8		f02d64dec619d8778feeef76277c18ea4a9c04c5
org.apache.karaf.examples	karaf-servlet-example-blueprint	4.3.9		e13acca990db9034d0de094e31c29573d9ba97ac
org.apache.karaf.examples	karaf-servlet-example-blueprint	4.4.0		eb9de6749c6a8ded9efd011e2ccd60fad283b5b6
org.apache.karaf.examples	karaf-servlet-example-blueprint	4.4.1		e997c6a07bdb8864f1b7105eb280a9e54b31b877
org.apache.karaf.examples	karaf-servlet-example-blueprint	4.4.2		f1e6b659165646c51f8c9f00114233279a4125a4
org.apache.karaf.examples	karaf-servlet-example-blueprint	4.4.3		f99147c918d383d4e8d899344c67bfb8d37d76e7
org.apache.karaf.examples	karaf-servlet-example-blueprint	4.4.4		1843dcae06de418d340e4e647af1207f8b8c5d22
org.apache.karaf.examples	karaf-servlet-example-blueprint	4.4.5		6d787eee5d0db4044655092133afe33c0e37d337
org.apache.karaf.examples	karaf-servlet-example-blueprint	4.4.6		3772526f6925fefb7ee8ac1150a79624036e511c
org.apache.karaf.examples	karaf-servlet-example-blueprint	4.4.7		07002def909f4137ee4765c5b50c6b35ac619937
org.apache.omid	omid-hbase-tools	0.8.2.0		6698711b1317df76e1076e9a061c4f3e2436051c
org.apache.omid	omid-hbase-tools	0.9.0.0		aa8c87509c30ef0e1c303425eb07718e6b4b83b6
org.apache.omid	omid-hbase-tools	1.1.0		94204f8e7abea79af881f1255b45fb7a86ebd111
org.apache.omid	omid-hbase-tools	1.1.1		8eee793a3df77ea9d6537aaea6f56a0ff028ccc8
org.apache.omid	omid-hbase-tools	1.1.2		3358b4e9ce2e7b7dfcd2bedbb747d803a5fd2f55
org.apache.omid	omid-hbase-tools	1.1.3		98f28dd9219df426e1ffcbb30e5743a256b27be2
org.appspy.server	org.appspy.server.dao	1.0		49f390b5e2bbf6e7c57766c1fef9f643552c1c8a
org.appspy.server	org.appspy.server.dao	1.1		9f7ee99d56327de8f23039ef5dddb8ad88fa9b5c
org.danbrough.kotlinx	kotlinx-html-iosx64	0.7.5		N/A
org.danbrough.kotlinx	kotlinx-html-iosx64	0.7.5	metadata	8dcb51a33ffd64d7f9aceb2f25f4a4f700e82f10
org.danbrough.kotlinx	kotlinx-html-iosx64	0.7.5a		N/A
org.danbrough.kotlinx	kotlinx-html-iosx64	0.7.5a	metadata	941351af80914ee71d37021f6e78651536c0c312
org.danbrough.kotlinx	kotlinx-html-iosx64	0.8.0		N/A
org.danbrough.kotlinx	kotlinx-html-iosx64	0.8.0	metadata	fe85961e515540d8d1bf58837f484f36388bf477
org.eclipse.dataspaceconnector	data-plane-s3	0.0.1-milestone-4		449bbccce3921cbafe46f90ee426c1c443712fab
org.eclipse.dataspaceconnector	data-plane-s3	0.0.1-milestone-5		1027ffce1c27126a2c768958f8d47c56b01d2f34
org.eclipse.dataspaceconnector	data-plane-s3	0.0.1-milestone-5.1		d7d23360e664ca1493ba13cdf44fca734035a513
org.eclipse.dataspaceconnector	data-plane-s3	0.0.1-milestone-6		11237eb4464cb99211e35c70f096a3b40766c515
org.eclipse.esmf	esmf-test-aspect-models	2.10.0		13eb7b26ff7f25465cc690f35b46f2d08b024221
org.eclipse.esmf	esmf-test-aspect-models	2.10.1		35d4af6053c0a1fab3e90156d0136df961c11668
org.eclipse.esmf	esmf-test-aspect-models	2.10.2		11ecfa5646527e119f1f0d7dc2fb42da0fbb570e
org.eclipse.esmf	esmf-test-aspect-models	2.2.0		e520d503caccc2ade9d48161233ae66f3ce458b1
org.eclipse.esmf	esmf-test-aspect-models	2.2.1		edf8d865bcf8263c0aafde543fe94d4fa93bc6e7
org.eclipse.esmf	esmf-test-aspect-models	2.2.2		384b57c5d0015b4b8647352470feb6b12f5b221c
org.eclipse.esmf	esmf-test-aspect-models	2.2.3		ff9f698a810b61eabab74a893ccdbffbbbe6eab3
org.eclipse.esmf	esmf-test-aspect-models	2.3.0		f2287b11fd107d1ca3e7d724a47f06fad0dd71d9
org.eclipse.esmf	esmf-test-aspect-models	2.3.1		c663a5623d48e08093495e7269a1c4e6ad03ec0f
org.eclipse.esmf	esmf-test-aspect-models	2.3.2		87245b1554df2b04ca04247d978d2392ddb0369d
org.eclipse.esmf	esmf-test-aspect-models	2.4.0		1b8fab13ef144234cb5d730b86d6344c996969e6
org.eclipse.esmf	esmf-test-aspect-models	2.4.1		5a99673477243e988a8486d304c2822f87ac2579
org.eclipse.esmf	esmf-test-aspect-models	2.4.2		2c449a6ae888565a3d4b63af40940ad69657b7d2
org.eclipse.esmf	esmf-test-aspect-models	2.5.0		5f8522274fdacb6d76d04de22e1c20e7ab2085b8
org.eclipse.esmf	esmf-test-aspect-models	2.5.1		16b68be91825abae848e4b76ea0fff0bc2f20482
org.eclipse.esmf	esmf-test-aspect-models	2.6.0		3526ceecec98d2bb0cf6fce65ce6ccb8e6615e88
org.eclipse.esmf	esmf-test-aspect-models	2.6.1		029c60aea82194a62918c0e37fd3b9914229368c
org.eclipse.esmf	esmf-test-aspect-models	2.7.0		bd6e4b64ae4b2f65d47836d1c3c5cc155156e0b1
org.eclipse.esmf	esmf-test-aspect-models	2.8.0		751a7349fd3b33b251d274eceec140b223692832
org.eclipse.esmf	esmf-test-aspect-models	2.8.1		44b9bcf9e5d7ea0dcdeb1397f6793b72e02aa6c3
org.eclipse.esmf	esmf-test-aspect-models	2.9.0		de1aa6c2345391e0707f5f52f9aa55dbe095b2b6
org.eclipse.esmf	esmf-test-aspect-models	2.9.1		360c892cd6f73cfcc0652da89e19950731a6caa9
org.eclipse.esmf	esmf-test-aspect-models	2.9.10		c4fcedb32311c69d2af8f92b9b5ad6b1d8d82994
org.eclipse.esmf	esmf-test-aspect-models	2.9.2		a5885ce8af5c0e5809045e936990cd226c0e1cc0
org.eclipse.esmf	esmf-test-aspect-models	2.9.3		5d52fae3301668514ca954f2a8f1bbc0ca862a7c
org.eclipse.esmf	esmf-test-aspect-models	2.9.4		e23f9e21f387789be8bfd4e1caa556023a92699a
org.eclipse.esmf	esmf-test-aspect-models	2.9.5		310eb9acb2e416611e579fdaef6aeef5fc37d9fe
org.eclipse.esmf	esmf-test-aspect-models	2.9.6		2ebf2a70d4d48971629dc9ebecc290e3e66384a1
org.eclipse.esmf	esmf-test-aspect-models	2.9.7		50fbd2dd4476b5132ab6b489ff30c647e0fb0e8a
org.eclipse.esmf	esmf-test-aspect-models	2.9.8		a77f99fa24e78bcc78dc75983e50174570571f13
org.eclipse.esmf	esmf-test-aspect-models	2.9.9		6e9aef5ad1ab46c8ae77cfd593017a4d6990bed0
org.eclipse.jetty.ee9.demos	jetty-ee9-demo-spec-webapp	12.0.0		N/A
org.eclipse.jetty.ee9.demos	jetty-ee9-demo-spec-webapp	12.0.0	webbundle	c736931b5efa6b974285cb8f7bee91a91ae1c7fa
org.eclipse.jetty.ee9.demos	jetty-ee9-demo-spec-webapp	12.0.0.alpha0		N/A
org.eclipse.jetty.ee9.demos	jetty-ee9-demo-spec-webapp	12.0.0.alpha0	webbundle	fcc5db114b55d161ffbe0dbabaceef714da241bc
org.eclipse.jetty.ee9.demos	jetty-ee9-demo-spec-webapp	12.0.0.alpha1		N/A
org.eclipse.jetty.ee9.demos	jetty-ee9-demo-spec-webapp	12.0.0.alpha1	webbundle	8d9a98b02316446f8e8e4397219e71f416bf5235
org.eclipse.jetty.ee9.demos	jetty-ee9-demo-spec-webapp	12.0.0.alpha2		N/A
org.eclipse.jetty.ee9.demos	jetty-ee9-demo-spec-webapp	12.0.0.alpha2	webbundle	80e1460d6ed5286492c9304873fc7b16b9e19b1a
org.eclipse.jetty.ee9.demos	jetty-ee9-demo-spec-webapp	12.0.0.alpha3		N/A
org.eclipse.jetty.ee9.demos	jetty-ee9-demo-spec-webapp	12.0.0.alpha3	webbundle	2b219d67110f12adbb050aed028f652def5483c2
org.eclipse.jetty.ee9.demos	jetty-ee9-demo-spec-webapp	12.0.0.beta0		N/A
org.eclipse.jetty.ee9.demos	jetty-ee9-demo-spec-webapp	12.0.0.beta0	webbundle	1e3c65549c938b93f7ca552a1e444999175f177f
org.eclipse.jetty.ee9.demos	jetty-ee9-demo-spec-webapp	12.0.0.beta1		N/A
org.eclipse.jetty.ee9.demos	jetty-ee9-demo-spec-webapp	12.0.0.beta1	webbundle	26d35c76802f0eae046f0c1aec82ee393df96a4f
org.eclipse.jetty.ee9.demos	jetty-ee9-demo-spec-webapp	12.0.0.beta2		N/A
org.eclipse.jetty.ee9.demos	jetty-ee9-demo-spec-webapp	12.0.0.beta2	webbundle	93c2fd0b5a882ce01bec8e68778d72af1a7c1561
org.eclipse.jetty.ee9.demos	jetty-ee9-demo-spec-webapp	12.0.0.beta3		N/A
org.eclipse.jetty.ee9.demos	jetty-ee9-demo-spec-webapp	12.0.0.beta3	webbundle	f6b3b3bb9c0f2fa4ec67667978d17cb541da4927
org.eclipse.jetty.ee9.demos	jetty-ee9-demo-spec-webapp	12.0.0.beta4		N/A
org.eclipse.jetty.ee9.demos	jetty-ee9-demo-spec-webapp	12.0.0.beta4	webbundle	63300c57ceba161d826a0b271bb9ca1365be9264
org.eclipse.jetty.ee9.demos	jetty-ee9-demo-spec-webapp	12.0.1		N/A
org.eclipse.jetty.ee9.demos	jetty-ee9-demo-spec-webapp	12.0.1	webbundle	361d6e206e3e33b33407c4e104bc5d8a4156cbdc
org.eclipse.jetty.ee9.demos	jetty-ee9-demo-spec-webapp	12.0.10		N/A
org.eclipse.jetty.ee9.demos	jetty-ee9-demo-spec-webapp	12.0.10	webbundle	5407a27c87d5e9c5ac5c1cb8352420687d1384e9
org.eclipse.jetty.ee9.demos	jetty-ee9-demo-spec-webapp	12.0.11		N/A
org.eclipse.jetty.ee9.demos	jetty-ee9-demo-spec-webapp	12.0.11	webbundle	3971d2b134b414b177214c33bd5d845041d14ced
org.eclipse.jetty.ee9.demos	jetty-ee9-demo-spec-webapp	12.0.12		N/A
org.eclipse.jetty.ee9.demos	jetty-ee9-demo-spec-webapp	12.0.12	webbundle	290bf7c6d5e0c6bf2eca3b839f48741e17e73c0c
org.eclipse.jetty.ee9.demos	jetty-ee9-demo-spec-webapp	12.0.13		N/A
org.eclipse.jetty.ee9.demos	jetty-ee9-demo-spec-webapp	12.0.13	webbundle	3302eac1267e5204c3e1545163488ac4211440a9
org.eclipse.jetty.ee9.demos	jetty-ee9-demo-spec-webapp	12.0.14		N/A
org.eclipse.jetty.ee9.demos	jetty-ee9-demo-spec-webapp	12.0.14	webbundle	e885f826b6c1e91f1e231a14f55c4e148ce5dc31
org.eclipse.jetty.ee9.demos	jetty-ee9-demo-spec-webapp	12.0.15		N/A
org.eclipse.jetty.ee9.demos	jetty-ee9-demo-spec-webapp	12.0.15	webbundle	a6866b7a5f0b2bd466a13871d913ed2bfff3cdcb
org.eclipse.jetty.ee9.demos	jetty-ee9-demo-spec-webapp	12.0.16		N/A
org.eclipse.jetty.ee9.demos	jetty-ee9-demo-spec-webapp	12.0.16	webbundle	c1b7b0af413c0728cf7ca9562d1c2212646493d8
org.eclipse.jetty.ee9.demos	jetty-ee9-demo-spec-webapp	12.0.17		N/A
org.eclipse.jetty.ee9.demos	jetty-ee9-demo-spec-webapp	12.0.17	webbundle	9b40f394e080006e0163d382c4c6693a8cb7bab0
org.eclipse.jetty.ee9.demos	jetty-ee9-demo-spec-webapp	12.0.18		N/A
org.eclipse.jetty.ee9.demos	jetty-ee9-demo-spec-webapp	12.0.18	webbundle	08bd10375829499845b73f2d1052a61051b67d72
org.eclipse.jetty.ee9.demos	jetty-ee9-demo-spec-webapp	12.0.19		N/A
org.eclipse.jetty.ee9.demos	jetty-ee9-demo-spec-webapp	12.0.19	webbundle	b6e58bf67642fdc814e02ae4059173b509d69538
org.eclipse.jetty.ee9.demos	jetty-ee9-demo-spec-webapp	12.0.2		N/A
org.eclipse.jetty.ee9.demos	jetty-ee9-demo-spec-webapp	12.0.2	webbundle	f414c4c9a603c45cb82ed35282888488dd50c757
org.eclipse.jetty.ee9.demos	jetty-ee9-demo-spec-webapp	12.0.3		N/A
org.eclipse.jetty.ee9.demos	jetty-ee9-demo-spec-webapp	12.0.3	webbundle	2a074d1dbb513948478d48aadd67ad4e76e5f660
org.eclipse.jetty.ee9.demos	jetty-ee9-demo-spec-webapp	12.0.4		N/A
org.eclipse.jetty.ee9.demos	jetty-ee9-demo-spec-webapp	12.0.4	webbundle	d25dd2875c748fab31010decddc8bf88f331c15f
org.eclipse.jetty.ee9.demos	jetty-ee9-demo-spec-webapp	12.0.5		N/A
org.eclipse.jetty.ee9.demos	jetty-ee9-demo-spec-webapp	12.0.5	webbundle	f7d6cb55a6d496dc29bbee9bee9b4f7dc6db0f00
org.eclipse.jetty.ee9.demos	jetty-ee9-demo-spec-webapp	12.0.6		N/A
org.eclipse.jetty.ee9.demos	jetty-ee9-demo-spec-webapp	12.0.6	webbundle	1ef0106cc9db42e971bb89932bdc11ea65258d25
org.eclipse.jetty.ee9.demos	jetty-ee9-demo-spec-webapp	12.0.7		N/A
org.eclipse.jetty.ee9.demos	jetty-ee9-demo-spec-webapp	12.0.7	webbundle	21b77624b988da5d58120d31bd4e77bbfd82a080
org.eclipse.jetty.ee9.demos	jetty-ee9-demo-spec-webapp	12.0.8		N/A
org.eclipse.jetty.ee9.demos	jetty-ee9-demo-spec-webapp	12.0.8	webbundle	9b3164cd5f7e0495853b12ffa42c3dd6fc81f6e9
org.eclipse.jetty.ee9.demos	jetty-ee9-demo-spec-webapp	12.0.9		N/A
org.eclipse.jetty.ee9.demos	jetty-ee9-demo-spec-webapp	12.0.9	webbundle	d83efbfc978050e55263110773c275abc2127b03
org.latestbit	picosa_2.11	2.1		cb7539bf0858d4d7bb9b7d964e9879598a5f60f6
org.latestbit	picosa_2.11	2.2		82152a88b83578393c1dc125b4ba7d597204f8cf
org.latestbit	picosa_2.11	2.3		d0e81a1ede43980dfe89975e103130e0d761f74e
org.latestbit	picosa_2.11	2.4		93a1aacad36729e968afb1f72ff1a13265c298ae
org.latestbit	picosa_2.11	2.5		a783fb6450535a8cc7b785e0a1115f053e7533b9
org.latestbit	picosa_2.11	3.0		acabb960ddc3a9f9c27390d4b142d372a2d939c9
org.latestbit	picosa_2.11	3.0.1		f7610947827b1ac2385935b9216aafa6015d0dab
org.latestbit	picosa_2.11	3.1.0		f8cdf2f52f73d9fdd3eb47e0cdd568ab3887982c
org.latestbit	picosa_2.11	3.10.0		f80b3fe9023ad8717c95d5c7e622aaf5d9ee90e3
org.latestbit	picosa_2.11	3.11.0		152aac30c5ed61d94f36331f647ff70d372953aa
org.latestbit	picosa_2.11	3.12.0		05cc8daf60d38a388692da9b9b3bd147c268ae5f
org.latestbit	picosa_2.11	3.3.0		e648066a42441b62fc52d397e0ec55b8009a03d7
org.latestbit	picosa_2.11	3.4.0		d5482ad22282284372b88ed803c66c4c43282e46
org.latestbit	picosa_2.11	3.4.1		e3e4c360b05bfab2332ab14d7d1124a2e4fe674e
org.latestbit	picosa_2.11	3.4.2		42b4bd7bef4f94e629693101a1837fbc6a8c5459
org.latestbit	picosa_2.11	3.5.0		9ba9d23dc1b37b4dbc81f65956e32c787482e161
org.latestbit	picosa_2.11	3.9.0		ceb14b7011fa4a208120764e3acf6c9407121b48
org.mvnpm	detect-node	2.1.0		6ba220aa9270478407ffd77bf2362221f0df01db
org.noear	solon-view	2.9.2		db43801889391792e07706b15d0f28dbc73a959c
org.noear	solon-view	2.9.2-M1		cc3f79264048b9af074c8826940a967248255c91
org.noear	solon-view	2.9.2-M2		ec00277dc6a5e5482f156e99b79bf01d906ddfb2
org.noear	solon-view	2.9.3		8dab0bfb0a7e36720e9aa44b0aa58947d20f24d1
org.noear	solon-view	2.9.4		d1f5ed85054c4a4161d5de322018667963c74d46
org.noear	solon-view	2.9.5-M1		3586bfee4249a39af5389da430e817d851a603ce
org.noear	solon-view	2.9.5-M2		d99b97da67e7182014d80438a690043867f05051
org.noear	solon-view	3.0.0		f4f3d92729ddd26c3a892c61449f875a1dd1abbc
org.noear	solon-view	3.0.0-M1		4aea799bcaaf62208e8736338aae21a7362c5f79
org.noear	solon-view	3.0.0-M2		cebb8a881fc4c0fce522df8a4a884a49ff4f43ca
org.noear	solon-view	3.0.0-M3		9f8a8aeb17ff46187068f254da9ce672d9c3c092
org.noear	solon-view	3.0.0-M4		95f1d8cf84740a212e960946014dda0c3c7102f6
org.noear	solon-view	3.0.0-RC		53fbdbcb705180c0cad126f093dad8540747bb6f
org.noear	solon-view	3.0.0-RC2		868d674f98ba95fc88e70c97b5e9079f9fbb0fee
org.noear	solon-view	3.0.0-RC3		bdc4be29178e8ca2ebb866c8f57ba04e1205c020
org.noear	solon-view	3.0.1		151beca71cf2bf52e3a1d1bb50da0b8524a74445
org.noear	solon-view	3.0.1-M1		9e52286e521a32576d35ac2d311901789c996799
org.noear	solon-view	3.0.1-M2		76d1d438d6be1e7f0ed909b7c81207feeedb78b3
org.noear	solon-view	3.0.1-M3		6cf1ee09c1bb1d2744ad101472cb3e0749362e93
org.noear	solon-view	3.0.10		eb698107f63f43162ce0544e27d0c58ed075cac4
org.noear	solon-view	3.0.10-M1		6674ce19cffabc12bbd59eb1c23bc57673a96bd6
org.noear	solon-view	3.0.2		df2b0b49ef5a6fbfa32fb10c965c925666d7f279
org.noear	solon-view	3.0.2-M1		ddb3060a1c3eedc91cf87f4fadb56353227e0de9
org.noear	solon-view	3.0.2-M2		7a21c9a67b15f84b8373257d4ad6a8dd43d0ce80
org.noear	solon-view	3.0.2-M3		2948beadd3597cf6a552f90af25ce1f2c61264d2
org.noear	solon-view	3.0.2-M4		927c63a7a066b5fcd3796128da2b05b5f97bb4cb
org.noear	solon-view	3.0.2-M5		71a68f277625ed7d252179e5c190c97899c83fed
org.noear	solon-view	3.0.2-M6		8701abceb5c6d389c72e72cb6699278de2693bb0
org.noear	solon-view	3.0.2-M7		9200664bdd545ed699b9fb178b52b6f692d526c5
org.noear	solon-view	3.0.2-RC		d33efceca38876676b9d11e0d062a2e86d0e692d
org.noear	solon-view	3.0.2-RC2		7318755e89d16d16a41f67b2e28bf8e07f5a8be6
org.noear	solon-view	3.0.2-RC3		e2b05c4c2ba09c4199914be5cf28bf5dba4ebbb5
org.noear	solon-view	3.0.3		4122226612f65e15f3e8e86764799f903d368194
org.noear	solon-view	3.0.3-M1		5f807d4af7d48fb07ad4e555641448cb5d48733e
org.noear	solon-view	3.0.3-M2		cbd8f6971f7c80035f54bfa6e5a550708fe5ce4d
org.noear	solon-view	3.0.3-M3		7297c6da3919a50cdf67886eb366ab98d6dc64ed
org.noear	solon-view	3.0.3-M4		e46fc4e15b447e2102c3d95fdbbb48b92dd87982
org.noear	solon-view	3.0.3-RC		b2ac103a50490fe54a4ee3c81302dd7f6a177ea4
org.noear	solon-view	3.0.4		c75e0bed10fd6b42b0cedc6e28234acdd98bbb2c
org.noear	solon-view	3.0.4-M1		d6dbc89801d6f68f0b8d69170529fe78d3940386
org.noear	solon-view	3.0.4-M2		253d324f4f52e561aa920f80cff3c34045d421bf
org.noear	solon-view	3.0.4-RC		bfa48cd3ed4a03db4eb6a1488e4f94b99e509355
org.noear	solon-view	3.0.4-RC2		d0bcbf4ea6e41f80c0f32fcc8b2ab31db949e777
org.noear	solon-view	3.0.4.1		8e78c4f062494867f6a051a9189b80cfdf351248
org.noear	solon-view	3.0.5		0398f9859a42816e336d5bae4d8231cc8ff36b29
org.noear	solon-view	3.0.5-M1		672687c70ce5640601c7ceb6cef553b7df2e7363
org.noear	solon-view	3.0.5-M2		8f30bb741810bed5c7cb4422d6a60cccc67dd2f5
org.noear	solon-view	3.0.5-M3		52deb956b05371722b472e962ec26e64c6505270
org.noear	solon-view	3.0.6		9b53e2ded8dbe2e5b77a138e7ab55d6e2e4a558b
org.noear	solon-view	3.0.6-M1		9a7a70630d758776b91af04bbd107f451e3ab8d0
org.noear	solon-view	3.0.6-M2		2963256f7752a8f00da94c373cb92616ce022a80
org.noear	solon-view	3.0.6-M3		929751f6d07b4ebb8ba49791837175b7ad6475a8
org.noear	solon-view	3.0.6-RC		e362ba0bc33f0dd0e2465b21ada6d05ebcb28d17
org.noear	solon-view	3.0.6-RC2		486b57a911669fb1adcb640c1dd07a7cfa52271a
org.noear	solon-view	3.0.7		8051dd70c85fccb239196fe4b5e242cb8ab50a71
org.noear	solon-view	3.0.7-M1		8d597cc84d0a86873fa3a29556784abe962e90ea
org.noear	solon-view	3.0.8		02cd029f8c0381ebe8810264a2816b2055247959
org.noear	solon-view	3.0.8-M1		27e7db8945e62c69f82061ef2ff9af1ce52aa59e
org.noear	solon-view	3.0.8-M2		ec70ba2525ca041949d203ab8d78db37b20cbe8d
org.noear	solon-view	3.0.9		5db0c1349178c0b6b368323801f104f481a589e5
org.noear	solon-view	3.0.9-M1		8a5cc70f8e356028e7f4e50747cd989517df08ff
org.noear	solon-view	3.0.9-M2		70fafbaab8fea3fe9aad77fc4e12f4d8428a52cb
org.noear	solon-view	3.1.0		2add511ea343877ac1620547c1215acdd30db901
org.noear	solon-view	3.1.0-M1		79b7968160f933e2c820a5d9a1cd78642e126897
org.noear	solon-view	3.1.0-M2		ca2a7acf17c3145fa34b0a125c42a0dd4bbe81fa
org.noear	solon-view	3.1.0-M3		286001f70ba9cf6266c5beb5c8c85be66e24ee97
org.noear	solon-view	3.1.0-RC		ac517c86609a6f2a5525ef8dd5d6410c0688212b
org.noear	solon-view	3.1.1		ec57e306d5a8d42ccbf44e93c692a4452d59ca5b
org.noear	solon-view	3.1.1-M1		9cc73cea9a8b59e98bfc5858bb70ccec8f690a4d
org.noear	solon-view	3.1.1-M2		4859763e4255d74ccda81887e2ebec9d5280dcec
org.noear	solon-view	3.1.1-M3		730a98612e26cdd63d9188556bd43ed9f1cb656e
org.noear	solon-view	3.1.1-M4		b021f90173a0e82ea9e052e9f2f8439da8418bd0
org.noear	solon-view	3.1.1-M5		604a424771efcc0c5ed0c0041b2ed6b1cd0c600e
org.noear	solon-view	3.1.1-RC		34be53de2e386ef07aa4e81b83be6a2968b0dbbc
org.noear	solon-view	3.1.2		5e26f8511c23c1d0fa1dfb342e767b16ae23e3f3
org.noear	solon-view	3.1.2-M1		74133c87517e3da2f12308cf19ec5485bd9b2eff
org.noear	solon-view	3.1.2-M2		b02b1c1446bf5b2c096bfd8b1c4a607b0319f0fc
org.noear	solon-view	3.1.3-M1		eb05f5ad801f91797e98987e8f8c5163d41801cf
org.noear	solon-view	3.1.3-M2		5d92d56ecc3cba01edd77fe53fde370c5942d2f2
org.noear	solon-view	3.1.3-M3		406e12b620b327d59afcefb2d4fd8d3908f8c2d4
org.noear	solon-view	3.1.3-M4		d9c1930e0e3a206370217946b9222b1f35a4485e
org.noear	solon-view	3.1.3-M5		895e7a2ce341f52d403ffd197296275cefe1332b
org.noear	solon-view	3.1.3-M6		735f018a9645a548a7711fe26d1dd8a65af8af6c
org.noear	solon-view	3.1.3-RC		be70017f54fb9aa9f9be76224a7cda80df73d8a3
org.noear	solon-view	3.2.0		0280a53d57db5f7dc881421155972547f7eaf698
org.noear	solon-view	3.2.1		03860028676e58674dddd2f14d7d1b1753af8df4
org.noear	solon-view	3.2.1-M1		86ef00d65424380354ed103ac739499e7ee59dce
org.noear	solon-view	3.2.1-M2		4d168cac924d588e2a16f5722f220413e5303785
org.noear	solon-view	3.2.1-M3		95e4e89f8d5683ba7f19232ce8b3c1ebcd46bc36
org.noear	solon-view	3.2.1-RC		a56f592942af642c6a23a1678b92dbb7e1f83e91
org.noear	solon-view	3.2.2-M1		180d35dbb87c79d3068ee18aa7150e73e1639f55
org.oiue.services.odps.events	org.oiue.service.odp.event.dmo.postgresql.q	1.0.0		5441dcb4bbea9986ce083188d555c5408a6f22cd
org.oiue.services.odps.events	org.oiue.service.odp.event.dmo.postgresql.q	1.0.1		37a083f09d88d540c5fa995b0293c45f92f32f71
org.opendaylight.bgpcep	odl-bgpcep-algo	0.22.4		N/A
org.phoebus	core-pv-jackie	4.7.4		b6f338e0d4ebc7d6f36a6f76125cd86a91390c29
org.phoebus	core-pv-jackie	5.0.0		02f709333ea8d35c54ca6152d67a38d293940272
org.scala-tools.sindi	sindi_2.9.0-1	0.1		b6fc5c01c54f8bb3e6d42e9672033a4a0acebbd3
org.scala-tools.sindi	sindi_2.9.0-1	0.2		40a1b3db140d4396d62c67c74cc7cf74aea98ca2
org.scalikejdbc	scalikejdbc-config_3.0.0-RC1	4.0.0-M1		13693e07ff3f96f8c03523e2f38bac3b7ebf3e63
org.tinygroup	org.tinygroup.menucommand	2.2.0		96c55bd5fd3cc75779548e35a940ba343597dc00
org.tinygroup	org.tinygroup.menucommand	2.2.1		71ce17d91367768fdae9b2a71083c926d9d1d34e
org.tinygroup	org.tinygroup.menucommand	2.2.2		31e951e84a0fae2984228ee5baf3278164b0f532
org.tinygroup	org.tinygroup.menucommand	2.2.3		c8cc777ebbfe0599ad76e297475ee88dbd73daee
org.tinygroup	org.tinygroup.menucommand	2.3.0		eed7791270f3532be5590cdeb26cbe310016e57b
org.tinygroup	org.tinygroup.menucommand	3.0.0		b191c524bb726ddd8e929a1a52bb39ee67389a79
org.tinygroup	org.tinygroup.menucommand	3.0.1		be1929ad4230f23316c936716120104946c808a9
org.tinygroup	org.tinygroup.menucommand	3.1.0		ac06d563621761cd4e0de6df1c84707475697f0d
org.tinygroup	org.tinygroup.menucommand	3.1.1		e6ed626fba5172bee9e49a01462b3fd6fc2ee21c
org.tinygroup	org.tinygroup.menucommand	3.1.2		93cebb28e042ec88895762de1672a6118d37304a
org.tinygroup	org.tinygroup.menucommand	3.2.0		d9a4653476473f539ce7b671ea5938aa60e5acb5
org.tinygroup	org.tinygroup.menucommand	3.2.1		68406159b152b428a921e8b0d4ea7889009664fc
org.tinygroup	org.tinygroup.menucommand	3.3.0		9b47bf78ab95b53c54b2ea8b734a2d42d90d888f
org.tinygroup	org.tinygroup.menucommand	3.4.0		1591fbb805a20d1d83c83be66b1b67ee653637cf
org.tinygroup	org.tinygroup.menucommand	3.4.1		17b1e2de4dbc1f08c8d55b5809ed3bae80443c79
org.tinygroup	org.tinygroup.menucommand	3.4.2		d7a15f4de233cd98101023039485bcbbd0ca155d
org.tinygroup	org.tinygroup.menucommand	3.4.3		183ce182beeb4d6b5e50a1df39a3d9545eb0ff5f
org.tinygroup	org.tinygroup.menucommand	3.4.4		6a8c05ec80d475e7df8e90ff1360af1e40a8314e
org.tinygroup	org.tinygroup.menucommand	3.4.5		a7db215d2fc4b020e6dac34949f625226d5ac625
org.tinygroup	org.tinygroup.menucommand	3.4.6		15be7828c0c8e224de4317a7eb30b87ac1a05e9b
org.tinygroup	org.tinygroup.menucommand	3.4.7		d2ae9c6a0c6edea67f5df39b3903cbf9b4ddbfef
org.tinygroup	org.tinygroup.menucommand	3.4.8		1e0caee186339574c55c259b078356b58636b608
org.tinygroup	org.tinygroup.menucommand	3.4.9		16957dcfae2e69df1838005ee29fd7f7ce66fee2
org.tinygroup	org.tinygroup.menucommand	tiny-3.0.0		a0c79150e15f1cbbb02e5ab4522f6ff350086b01
org.web3d.x3d.tools	x3dedit	4.0.27		N/A
org.web3d.x3d.tools	x3dedit	4.0.28		N/A
org.web3d.x3d.tools	x3dedit	4.0.29		N/A
org.web3d.x3d.tools	x3dedit	4.0.30		N/A
org.web3d.x3d.tools	x3dedit	4.0.31		N/A
org.web3d.x3d.tools	x3dedit	4.0.32		N/A
org.web3d.x3d.tools	x3dedit	4.0.33		N/A
org.web3d.x3d.tools	x3dedit	4.0.34		N/A
org.web3d.x3d.tools	x3dedit	4.0.35		N/A
org.web3d.x3d.tools	x3dedit	4.0.36		N/A
org.web3d.x3d.tools	x3dedit	4.0.36b		N/A
org.web3d.x3d.tools	x3dedit	4.0.37		N/A
org.webjars.npm	babel-browser	6.1.19		6ec6b9ba492842f7e26e835f01c1e266da39d9f4
org.webjars.npm	babel-browser	6.1.3		b7429e1cea15c3480d3e4449f735d9a59644de25
org.webjars.npm	babel-browser	6.1.4		f46bab517a9fdc69ca3c3b7b00380f1ff428f274
org.webjars.npm	braintree__event-emitter	0.3.0		4b735e1c2e826a7e2803022f5481e3e2baa66104
org.webjars.npm	first-chunk-stream	1.0.0		c429e9155e2c7e6273c629e2ec8ea85520e825fc
org.webjars.npm	first-chunk-stream	2.0.0		e4a8e8ae2104b26c4df9b01a09f994edd63d38d2
org.xbib	groovy-jsch	0.0.2		0659e22b8b14025a75033151948192bcb06e54bd
software.tnb	system-x-aws-kinesis-firehose	0.0.1		b14ff9333f0212e2ecb7fe4d6df8b80edb180c54
software.tnb	system-x-aws-kinesis-firehose	0.0.10		b8dcbfa216e75fc403909bfb8c655c820ca23f41
software.tnb	system-x-aws-kinesis-firehose	0.0.11		28252f72c0168bbf3ebf5e31dc58c9eaaafd4334
software.tnb	system-x-aws-kinesis-firehose	0.0.12		a68f2cafc18aef4242042d3b18eb7def71ae7769
software.tnb	system-x-aws-kinesis-firehose	0.0.13		3b71b98523ac0a8fa2829ad66003f32d3c54355c
software.tnb	system-x-aws-kinesis-firehose	0.0.14		4b73c7edc12c9a48361e2204f688d8df73e26530
software.tnb	system-x-aws-kinesis-firehose	0.0.2		9619f242da08171841f7bcb71da72c3e96f1044a
software.tnb	system-x-aws-kinesis-firehose	0.0.3		74392982554ff4473e14a41a20de1df9fb8faaec
software.tnb	system-x-aws-kinesis-firehose	0.0.4		ed8cd3b5f6dbf141e18b121923038b56c2fb681a
software.tnb	system-x-aws-kinesis-firehose	0.0.5		ad0de7590feb10735c05a0e36235e63ca789ae4f
software.tnb	system-x-aws-kinesis-firehose	0.0.6		951a51a424dd88e3e130277aec15382eecd24f16
software.tnb	system-x-aws-kinesis-firehose	0.0.7		6df04af4e0370ae379c1e3a484e7861e271f458f
software.tnb	system-x-aws-kinesis-firehose	0.0.8		b5432112cdbdc6a83dd945579943f027e56c6211
software.tnb	system-x-aws-kinesis-firehose	0.0.9		52275f977035ca614d9ab7d2e7dd405c3ea8d64b
tf.tofu	tofu-core-ce2_2.13	0.10.4		2b6746c0026de9e0eb219cb1d68e477c1fbd73a1
tf.tofu	tofu-core-ce2_2.13	0.10.5		93b825dcabe75ce279cc8f31ab0c61dffbc87f52
tf.tofu	tofu-core-ce2_2.13	0.10.6		7c6f26c7231a9c8a81aae1e9b158f2fde11f3620
tf.tofu	tofu-core-ce2_2.13	0.10.7		3b1f63292240051b7a5b73346b4abab84d1bc787
tf.tofu	tofu-core-ce2_2.13	0.10.8		12fefca029ac2c9ebf7bbfe61cde15cd0324a2a3
tf.tofu	tofu-core-ce2_2.13	0.11.0		c36a5a3e31ac35ba1504ecffcc613b833bba34b5
tf.tofu	tofu-core-ce2_2.13	0.11.1		360352c3d886fda8dfd4c9519bdb5edf2ef3c636
tf.tofu	tofu-core-ce2_2.13	0.12.0		32161c2f0f3b00de8887ec797bb92b2bcb725d38
tf.tofu	tofu-core-ce2_2.13	0.12.0.1		74f4ecdd16996145986f4e92e394268ade4f869d
tf.tofu	tofu-core-ce2_2.13	0.12.1		6ee4e0bf3fa649732decf521d32c352ebdd806cc
tf.tofu	tofu-core-ce2_2.13	0.13.0		aec6ca10c4d1e930703608d4c3b90e54c735a471
tf.tofu	tofu-core-ce2_2.13	0.13.1		f2d6e03c20a160c0f4b639eec6ecf101024cb2f9
tf.tofu	tofu-core-ce2_2.13	0.13.2		b3347f60bae59cc91db8faa8f8795bb6ae3958fe
tf.tofu	tofu-core-ce2_2.13	0.13.3		463232090967d110ccba8efed6c0c224921d8db1
tf.tofu	tofu-core-ce2_2.13	0.13.4		ff2516a2f803d36f022fd1a6f3ed5010e37f6656
tf.tofu	tofu-core-ce2_2.13	0.13.5		8d9c8d5ee1b1c291ab8a32c19920625e8e222536
tf.tofu	tofu-core-ce2_2.13	0.13.6		3ec63d005f3e8ba00606f3017c66f3affb05d546
tf.tofu	tofu-core-ce2_2.13	0.13.7		18520adea39a46dfecf4eba1fc7296e52aa01478
ws.unfiltered	unfiltered-netty-server_3.0.0-M3	0.10.1		0b42ded05eeb919b4beee0722ab10021e255bd27
