br.com.objectos.core	multimaps	0.1.0		975bde9292ab8c8c6a58a690e9ec618b7d73bd1c
br.com.objectos.core	multimaps	0.1.1		699a6bc12a78bc6aa28ed5cbd14bc569909f20c3
br.com.objectos.core	multimaps	0.2.0		68f36fcdd6c7ac6e13f2de41944401fad17d97ac
br.com.objectos.core	multimaps	0.3.0		dbf49ed1fe62fa6d25731c47ef0b4011f9d88c3f
br.com.objectos.core	multimaps	0.3.1		4cbc663fde5d8b365d2e57f708f5a14e183b92c2
br.com.objectos.core	multimaps	0.3.2		c3fb9e7ad2c0ada916955c20956cd86a5bacaf5c
br.com.objectos.core	multimaps	0.4.0		c4503f5b525aa0dce6d7d2e24e8bf64292a3254e
br.com.objectos.core	multimaps	0.5.0		dabfe9dee33b26b122f2263b7a6b78ee73e9e38c
com.codenameone	data-access-win	1.0		bb8d8641520d85b46739e9086fcf47a0a3df0e3e
com.codenameone	data-access-win	1.0.1		09408ace40fe1520184557bdc3d2323ab35c54ad
com.cryptape.cita	protobuf	0.20.3.1		6b0297bc512c92aa7df9965ee9222029cc9adbe1
com.cryptape.cita	protobuf	0.21		de984a7f846c046cafa1c7d8fa178bbc95e2254a
com.cryptape.cita	protobuf	0.22.1		a03c3e124f26d9a46022e57701f1f7c55b1ffbce
com.cryptape.cita	protobuf	0.22.3		277a002da5d6612c73f18e3e6e55a16f3cddd41e
com.cryptape.cita	protobuf	0.23.0		bb0f69d94e1c2f29e72e408e4a874cc677eab3a2
com.cryptape.cita	protobuf	0.24.0		1327e29417bc0aeabb152fa8a090258096860aeb
com.cryptape.cita	protobuf	0.24.1		ff5b6ba2349a5839e547a53909354f12e5f76305
com.cryptape.cita	protobuf	0.25.0		004d3e95de32455ab523dc3c6685c4f653f8b74c
com.cryptape.cita	protobuf	1.0.0		e1bd837cc08a53a25b79ffa7bd4417fd66f07127
com.devebot.opflow	opflow-shade-joda-time	2.10.5		725fbacfb2a1dffc36ca8de751b058e7785f373e
com.dipien	google-play-api-kotlin	4.0.0		50e8c37dfc3e3d9e0c12571942f2b7f2a984605e
com.dipien	google-play-api-kotlin	4.0.1		64f38b4bf01ad0d2b3274283499ec3ea53c729bb
com.dipien	google-play-api-kotlin	4.0.2		020eff1eb0168d0725f8a5f650cd2e294a0aa265
com.disneystreaming.smithy	aws-service-catalog-appregistry-spec	2023.02.09		323970d4e3f25dea165c2934947b0c5270525662
com.disneystreaming.smithy	aws-service-catalog-appregistry-spec	2023.02.10		08d734fd4675867cd0e42ae21016f5b55e6ef590
com.disneystreaming.smithy	aws-service-catalog-appregistry-spec	2023.09.22		c53abaed1cae9488e0aec7e4c7b1ca7bf419f2a6
com.disneystreaming.smithy	aws-service-catalog-appregistry-spec	2023.14.24		f1bf8a1d39df1164817ee44104ad0334814280b1
com.disneystreaming.smithy	aws-service-catalog-appregistry-spec	2023.22.04		a5ed935fd4bca5304007206a549757645e8570a1
com.disneystreaming.smithy	aws-service-catalog-appregistry-spec	2023.22.13		011d8727918f6ad15918278aacc278a8b5c800f9
com.disneystreaming.smithy	aws-service-catalog-appregistry-spec	2023.23.06		eb86a5f94cd7f28adf69dbb3ce8c18ad1cfdbce4
com.disneystreaming.smithy	aws-service-catalog-appregistry-spec	2023.23.30		ef1562bab0f7c4ef2b9a8dc959854523d0e0193f
com.disneystreaming.smithy	aws-service-catalog-appregistry-spec	2025.03.31		c39527bfb9cd1585e42c1002c30a351979257177
com.disneystreaming.smithy	aws-service-catalog-appregistry-spec	2025.04.08		3faf85fa5c1b6bf0e08b22c5ef332c8eb2cdcbb7
com.dnastack	dnastack-audit-event-logger	1.0.0		a63c276b711e4235aa89d5c52656d91792986057
com.dnastack	dnastack-audit-event-logger	1.0.1		b4549a24ec2359b6a0847b98fef21a988f35a492
com.dnastack	dnastack-audit-event-logger	1.0.11		625e5c82f0e3dc34febf0e8f8cf531f5bb18376a
com.dnastack	dnastack-audit-event-logger	1.0.12		9eddc3e2db42bb9a04eccba94b8fe495acc26305
com.dnastack	dnastack-audit-event-logger	1.0.13		aaaeb790843366500fd420b68e24a486d7609ecc
com.dnastack	dnastack-audit-event-logger	1.0.14		cead34e8eb3e2dbd0446d2e2893af626fbf6e0e5
com.dnastack	dnastack-audit-event-logger	1.0.15		ddcdd5552ac3c11cd17b103a94d95b2272569817
com.dnastack	dnastack-audit-event-logger	1.0.3		b6367e1fca9a5bffb2772ce7977e0757900ec95e
com.dnastack	dnastack-audit-event-logger	1.0.4		6277dff3789196fe9d3339e967cce627e606d76c
com.dnastack	dnastack-audit-event-logger	1.0.5		6e273ad4cff1a031fc99a6dcaf6e30ca06ecbf56
com.dnastack	dnastack-audit-event-logger	1.0.6		d89023398c33711d90250e7065ef48ad1fc8d04a
com.dnastack	dnastack-audit-event-logger	1.0.7		0a8c3090b3f4210e850dd8b0db4864ace0558ea6
com.dnastack	dnastack-audit-event-logger	1.0.8		4d9f31c9c5f4f51cdfd118c923a98b4bd50888af
com.dnastack	dnastack-audit-event-logger	1.0.9		55ea4b59337046e65816e4b3f14af832a16aa68b
com.eurodyn.qlack.fuse.modules.mailing	QlackFuse-Modules-Mailing	1.7.0		81ec7969402002190be5b59ad25ba0d31a285b3c
com.eurodyn.qlack.fuse.modules.mailing	QlackFuse-Modules-Mailing	1.7.1		e6a051059a88ab48492a145c8e133a685d545d8d
com.eurodyn.qlack.fuse.modules.mailing	QlackFuse-Modules-Mailing	1.7.2		8d083ba4c5e6a49881000f8fa20308c1fb32ea0a
com.eurodyn.qlack.fuse.modules.mailing	QlackFuse-Modules-Mailing	1.7.3		0c4efb4387671cb18d5fae0e43dc25112b1f2c47
com.eurodyn.qlack.fuse.modules.mailing	QlackFuse-Modules-Mailing	1.7.4		db519d6ed5f87fcaf3319d1c8f9cef4963dc7710
com.eurodyn.qlack.fuse.modules.mailing	QlackFuse-Modules-Mailing	1.7.5		1e3780f74f0da8b5ab4763fc12fc7d31a2ab4e96
com.finbourne	scheduler-sdk	2.0.1		5a51eae6e44cb6efa977c03605992016de7c24f3
com.finbourne	scheduler-sdk	2.0.10		03f4b915b781201473ec5b13f211c4c04fa5ab90
com.finbourne	scheduler-sdk	2.0.100		a57bae95e56732b704fb8c6eefbf043a2a08eb7e
com.finbourne	scheduler-sdk	2.0.101		655b60e17b8d7f53cebf54d568c94ad393fc986f
com.finbourne	scheduler-sdk	2.0.102		494ddad10d0d56f4260ed7c0f00d935e242d2369
com.finbourne	scheduler-sdk	2.0.103		bad836804822292dc94206b14bbfe793c4bde3f6
com.finbourne	scheduler-sdk	2.0.104		96ba80264a5b498cbef120a4e0294797b95d09de
com.finbourne	scheduler-sdk	2.0.106		bf3b4b6ca5ad6b533e419d57bd1a1f22c7beb6aa
com.finbourne	scheduler-sdk	2.0.107		b0dcd306255448bfe2eb6c8c9bb1f1360bdae099
com.finbourne	scheduler-sdk	2.0.108		4b2c4cafbdcd010b15e1ee37434ba35f2ef30ded
com.finbourne	scheduler-sdk	2.0.109		b5e462162991976995c255e3de7306fe3bb2b8b8
com.finbourne	scheduler-sdk	2.0.11		f836326e7cdd128570a4c28c93e2eaed1e557b16
com.finbourne	scheduler-sdk	2.0.110		c3f841f7e48f798b1d423e010245984076c7dbb0
com.finbourne	scheduler-sdk	2.0.111		cf4e2339912c55fd61d628e0fdb1da886f59807e
com.finbourne	scheduler-sdk	2.0.112		d048a94900a7c252cf8a4213d15e9e876b3b7b05
com.finbourne	scheduler-sdk	2.0.113		82de3eeb16d555a9b0bc3b542a71a12cdd9bddd5
com.finbourne	scheduler-sdk	2.0.114		38fa908d8a43019457c06ad42dd5f6604c206bbe
com.finbourne	scheduler-sdk	2.0.115		9e6e7f59410e1c10ca351055e4226f05b9def01a
com.finbourne	scheduler-sdk	2.0.116		fc721455a475f2c39daaf1c3c017a87ae73f6e7f
com.finbourne	scheduler-sdk	2.0.117		57872dab62be1be4f7d74e5dc30bb5efa947aee1
com.finbourne	scheduler-sdk	2.0.118		143256d75a1514633a3155ed4e1e310ae08b041d
com.finbourne	scheduler-sdk	2.0.119		7a43fea371dd8522a9938ad870bb5258a7812343
com.finbourne	scheduler-sdk	2.0.12		5af81ec1b4c00aeeb875a25add8af2f64343d6e6
com.finbourne	scheduler-sdk	2.0.120		1351fc359861a94cae09c4d36abf46977c9f8c7b
com.finbourne	scheduler-sdk	2.0.121		c703de476b99d54f6cab038d32e62e35d378c64b
com.finbourne	scheduler-sdk	2.0.122		8a374f358a9b4eea901a53c10a22a524e65b0c51
com.finbourne	scheduler-sdk	2.0.123		243136b889e42d7208ef6d5d731741d1248c0e15
com.finbourne	scheduler-sdk	2.0.124		9dd3b89fb6205913f59e62b3dff1dd564d50fc4e
com.finbourne	scheduler-sdk	2.0.125		e74dbcfe4fee181d38aaea2a22f3a1e20f7970bf
com.finbourne	scheduler-sdk	2.0.126		06896bd9676a8eb84e5636523793eb467a5febe0
com.finbourne	scheduler-sdk	2.0.127		91782be72daf532309d7dbf625ca4e56d2b1eea6
com.finbourne	scheduler-sdk	2.0.128		dd6707276634f5d9fcfb08fef39afa42c239ac29
com.finbourne	scheduler-sdk	2.0.129		5b0ac3ba457fa76cbea0a0cb1425a8da304bb5ca
com.finbourne	scheduler-sdk	2.0.13		8cabec2c1b065d8a2709d095bb79b739f1485b7e
com.finbourne	scheduler-sdk	2.0.130		35f814f20f9acc3c1e1215ab8d3ef489f9a22835
com.finbourne	scheduler-sdk	2.0.14		6359e8b3fab4ab8e044d5af0d9f69a9d3df467f7
com.finbourne	scheduler-sdk	2.0.15		f91497cfed05ba9718912ef851f16cc0da80ef5d
com.finbourne	scheduler-sdk	2.0.16		10ec92c8c676f54b4aff7500d9c3d4d2ae876be8
com.finbourne	scheduler-sdk	2.0.17		9ded6652e818376011c64eb1dfd111b3eea141ae
com.finbourne	scheduler-sdk	2.0.18		46f5379defc7f10ec20c1253c3f56e128c187364
com.finbourne	scheduler-sdk	2.0.19		60afae317d5dc50f1fb6fb20a3e4a74685881cc6
com.finbourne	scheduler-sdk	2.0.2		108710c8de04b6fb6f13a5d5467ddb6f42db55af
com.finbourne	scheduler-sdk	2.0.20		e14011ed9d570480d1f976925970baf43691d86e
com.finbourne	scheduler-sdk	2.0.21		8d68c0f15c011c37db24d3dd2da8883b6a1e4e20
com.finbourne	scheduler-sdk	2.0.22		f8485694c9cebd7ba1f1d37cf5c6f9b34eddb616
com.finbourne	scheduler-sdk	2.0.23		cac13b7454cc77561d5b1d10d2369e111378809f
com.finbourne	scheduler-sdk	2.0.24		c63a003792f1c6466fd7414455938c8616b819f1
com.finbourne	scheduler-sdk	2.0.25		42619df80767e6505a23824a70ce8830aadb7310
com.finbourne	scheduler-sdk	2.0.26		45dbcec357bf5f5fd696d9edfa464bcfefea2cb0
com.finbourne	scheduler-sdk	2.0.27		4ef5a5486c5bec703415a3d5725a9bc0a2abea02
com.finbourne	scheduler-sdk	2.0.28		0c05fd50c46d0b6e70f99810690b229f62490336
com.finbourne	scheduler-sdk	2.0.29		ec96c8e4996b071f4c654c4b973bf8300e1c9b11
com.finbourne	scheduler-sdk	2.0.3		ad75b447de28506f7ed77346b4fb3d5d0dbabcf8
com.finbourne	scheduler-sdk	2.0.30		196f2f977b308ea01d4b1e7ed71db28e99185dca
com.finbourne	scheduler-sdk	2.0.31		0e5922ac0bb1ecfd65fc2fa3667bb5da07d7a11f
com.finbourne	scheduler-sdk	2.0.32		fc02ea06e0bc07c549382719e09f36ea15d3a429
com.finbourne	scheduler-sdk	2.0.33		d38c5db4e77168948994c1ba3afd004094aa151f
com.finbourne	scheduler-sdk	2.0.34		2e04c044a27a721c1a3826554e4a7efd5f7e5e07
com.finbourne	scheduler-sdk	2.0.35		6e455d81b3ed31d8e77726b9a9e23e961ad2054c
com.finbourne	scheduler-sdk	2.0.36		556e273e3b72a6edf45c4f42d3c46e46888c89ce
com.finbourne	scheduler-sdk	2.0.37		1f8174c3bba391deb22ed346f12742e7d7cae731
com.finbourne	scheduler-sdk	2.0.38		7b111aec1293861c7a2a207ce386cee7e4de8f1b
com.finbourne	scheduler-sdk	2.0.39		27d9626fda2603a8da9b59706e3858d5163f69bd
com.finbourne	scheduler-sdk	2.0.4		fbcf55f53f157ed1a93ea8ca05011ab14070f57d
com.finbourne	scheduler-sdk	2.0.40		d0e9eda22ef60ed6a8d955785048b08176f44862
com.finbourne	scheduler-sdk	2.0.41		c8968691c1aa8c7608cbb275c2fcaf6b547ac952
com.finbourne	scheduler-sdk	2.0.42		cbfbc42c2f4d943fbdca88c0989cb34c5dc90238
com.finbourne	scheduler-sdk	2.0.43		00bbb58ade2efc781087cb3c6cbaf694f75122d7
com.finbourne	scheduler-sdk	2.0.44		749f870e1961c7a51c7041978b09d7e834450d83
com.finbourne	scheduler-sdk	2.0.45		599cf2fa9ffeb734b1b4ebad8568106fef0ddd22
com.finbourne	scheduler-sdk	2.0.46		004978b8ad503aea0f8c37da7cb0dbe96669d379
com.finbourne	scheduler-sdk	2.0.47		dafdbc105a0c10506333f1130a59986b712841eb
com.finbourne	scheduler-sdk	2.0.48		fd553908dfb7f8ad0e87d9aed34ce30eecb95784
com.finbourne	scheduler-sdk	2.0.49		06bb2a25eaa0d70e475737f991f67967fbfb54a9
com.finbourne	scheduler-sdk	2.0.5		5401256b7ffa8fd9f454f068598740556c872ca4
com.finbourne	scheduler-sdk	2.0.50		0d47a550c893d0b9e057180f8f326eeba4619616
com.finbourne	scheduler-sdk	2.0.51		a0c0fe6952195bdebe07c4c064ba8a80083fcfa6
com.finbourne	scheduler-sdk	2.0.52		9e92cea4f79b65aacfb270f871ecfdf75ab38e2c
com.finbourne	scheduler-sdk	2.0.53		bea2a9e264057f5fb11031ecc544f91ecb578e6f
com.finbourne	scheduler-sdk	2.0.54		31ea4dfbe4e243ca31ca24aff0bcc2d823014fc3
com.finbourne	scheduler-sdk	2.0.55		2860b30ecaf220050f7ee9dc04ee0c0292472a48
com.finbourne	scheduler-sdk	2.0.56		226d79e21dec49714cd65dd5ca0898624c1547ed
com.finbourne	scheduler-sdk	2.0.57		08674740ae2c87ecc27d09e33f6619e20c4f9b60
com.finbourne	scheduler-sdk	2.0.58		441e53166ee5d6d6681b84a74bbce8f45e2a0942
com.finbourne	scheduler-sdk	2.0.59		bac291e73b333532d489697c5cf207d2f2374558
com.finbourne	scheduler-sdk	2.0.6		9f46505ac5523800bafebefdaa5af1be0e7bd099
com.finbourne	scheduler-sdk	2.0.60		1d152ced558afda3c062a69cb4e65b55f49e4de2
com.finbourne	scheduler-sdk	2.0.61		fb919643dbeba1e5ca17dfc5366f47d819169f98
com.finbourne	scheduler-sdk	2.0.62		cfc70a9e580c36a1f9d381c20c078a10555fa337
com.finbourne	scheduler-sdk	2.0.63		37b74f0ab5dfbd512c037af5837325662e9ede6e
com.finbourne	scheduler-sdk	2.0.64		b5d96999fd966aaa3e0158ffa9c2530033eaf0b7
com.finbourne	scheduler-sdk	2.0.65		d5c5e7bc30450fdc37afd8e98b57d5720824ac6f
com.finbourne	scheduler-sdk	2.0.66		348d7699bedd8e4bfa16576d84b501679447b055
com.finbourne	scheduler-sdk	2.0.67		7c11cda3ed70a4f15132c9cf3a22772b54616dd6
com.finbourne	scheduler-sdk	2.0.68		7ec6669fc03d032701b92730cf006f1ebbfdc8e9
com.finbourne	scheduler-sdk	2.0.69		dc1b8644c29e72b356d89a84e0e797d6abe7e870
com.finbourne	scheduler-sdk	2.0.7		78de0e368bf1003a970ed121b813283451c2ca13
com.finbourne	scheduler-sdk	2.0.70		5793c667abd57f6345634f960d0b21bc657373d7
com.finbourne	scheduler-sdk	2.0.71		b21e5beb0d78ad15d3f7c39e946c3fedd8f36026
com.finbourne	scheduler-sdk	2.0.72		efa968240569ddc22f50804302c58d3bc5dce0d2
com.finbourne	scheduler-sdk	2.0.73		8be3dae80cb411cd64378baf18d14322331dc5ee
com.finbourne	scheduler-sdk	2.0.74		6d58b974e601b4477dc865675ec7e5616a1d1235
com.finbourne	scheduler-sdk	2.0.75		4e7a9b343ebd2540a03072ea3ec64282b27eeaa4
com.finbourne	scheduler-sdk	2.0.76		39bdd5707eb360c4bcd77892dd32d60daad0f8f7
com.finbourne	scheduler-sdk	2.0.77		11a61729353b76db3503c05145e24c9aacfa127d
com.finbourne	scheduler-sdk	2.0.78		69b1b5501a585cf87443132a80148cf7919c2640
com.finbourne	scheduler-sdk	2.0.79		f028c31e868e79fedbb4c6fcbb0b4db70261586e
com.finbourne	scheduler-sdk	2.0.8		bc308079818b89a8ea9edeeb493c739c92482805
com.finbourne	scheduler-sdk	2.0.80		25c2e84783c410d6b1a16a50963b20e393157a9f
com.finbourne	scheduler-sdk	2.0.81		b8601683fc61646f300ad3f830817d3ffe6dd620
com.finbourne	scheduler-sdk	2.0.82		8a195ba1af3d1a4d619b5ad23d7b2d8e46a2244b
com.finbourne	scheduler-sdk	2.0.83		1871d95c12833767ca9f61af2e6443f96bc63239
com.finbourne	scheduler-sdk	2.0.84		1ad64839e821d2400883d7fdee7597ca41142521
com.finbourne	scheduler-sdk	2.0.85		f97354213d99018ad5ebc2f6fca208d5e5047110
com.finbourne	scheduler-sdk	2.0.89		365388d8a739149c0e66b64a00ecba90fe55a599
com.finbourne	scheduler-sdk	2.0.9		85641b360e982c3c8f347a1c811e6cf04ce10589
com.finbourne	scheduler-sdk	2.0.90		fe5df36440a94a06fb6d2715d6e36825d33d3831
com.finbourne	scheduler-sdk	2.0.91		305432aecc6d5f85da9bbdbe8da734ee04a72607
com.finbourne	scheduler-sdk	2.0.92		f9e7dd8c850effc4013a4ca225aaca0e48810800
com.finbourne	scheduler-sdk	2.0.93		db75a2dcab7ce86187c883e1ff84cef4284151f3
com.finbourne	scheduler-sdk	2.0.94		eb5a33545369ea83b504128aab733894f0db6032
com.finbourne	scheduler-sdk	2.0.95		1fa3ffb029b6b9efa9e0febadc79c32af275d9d7
com.finbourne	scheduler-sdk	2.0.96		ddffe7740fa97b329cde4c6d0cf5f62f793c8282
com.finbourne	scheduler-sdk	2.0.97		f07ecf839d7a4c09b069b5b29d1d77ff2235c432
com.finbourne	scheduler-sdk	2.0.98		92f8b4ef2c8f8f6909072faf892344932cca2c6c
com.finbourne	scheduler-sdk	2.0.99		01fb6e60f1f40a335f03ab5b6332279be2121066
com.flowtick	graphs-graphml_sjs1_2.12	0.4.0		65466456e9d45e38d5a8d3149f6f638f265effa3
com.flowtick	graphs-graphml_sjs1_2.12	0.5.0		b78f7d878f84ab69a08d07b127671d73c96b7353
com.flowtick	graphs-graphml_sjs1_2.12	0.6.0		3873238c551621291ba7df62a63cec3a128c53b0
com.flowtick	graphs-graphml_sjs1_2.12	0.7.0		4ec9fd2589083fc7c74813d863a4f3827be211bc
com.flowtick	graphs-graphml_sjs1_2.12	0.8.0		14902b0a0625dc4689beacec1b1debb518cfc222
com.flowtick	graphs-graphml_sjs1_2.12	0.9.0		c7581d3e281cde345a2d7891dcb09e0cda2c5e3e
com.github.fomkin	zhukov-protobuf_2.12	0.1.0		3be4fc73e5cc6b63af24b9ba33a561ae7bbc111d
com.github.fomkin	zhukov-protobuf_2.12	0.1.1		278d8d53cb7d73325f60e37d8b3473ca0bc7ddde
com.github.fomkin	zhukov-protobuf_2.12	0.2.0		8045dc32c445ef9a613485abbcf8515a296153ae
com.github.fomkin	zhukov-protobuf_2.12	0.3.0		5e183a6913890e8ea32c2b337ece7fdee447b14a
com.github.fomkin	zhukov-protobuf_2.12	0.3.1		96bee50fea7bc9f54d76424543c00033bb1251ad
com.github.fomkin	zhukov-protobuf_2.12	0.3.2		c52aa99aee8d93cb3b460e1fc3b87944ccbdbcd2
com.github.fomkin	zhukov-protobuf_2.12	0.4.0		b0c78396b36a0691c5166a6527cf2c2d6b98e7b3
com.github.lamba92	core-watchosarm64	1.0.0		N/A
com.github.lamba92	core-watchosarm64	1.0.0	metadata	9d86b28963aff9590df93053a06eca76b5338ffb
com.github.lamba92	core-watchosarm64	1.0.0-RC.3		N/A
com.github.lamba92	core-watchosarm64	1.0.0-RC.3	metadata	c3d6e29fff5cce786649cf4f0a64b16749f9d31c
com.github.lamba92	core-watchosarm64	1.0.0-RC.4		N/A
com.github.lamba92	core-watchosarm64	1.0.0-RC.4	metadata	0247ee3451faed6356153e3314e8b7531a202d18
com.github.lamba92	core-watchosarm64	1.0.1		N/A
com.github.lamba92	core-watchosarm64	1.0.1	metadata	1c9326d54b71ec5f2f6fc1a772be5897ce018f68
com.github.lamba92	core-watchosarm64	1.0.2		N/A
com.github.lamba92	core-watchosarm64	1.0.2	metadata	32c6b0c8402e351c10e2f7a6cfbb92f3a4b9918e
com.github.lamba92	core-watchosarm64	1.0.3		N/A
com.github.lamba92	core-watchosarm64	1.0.3	metadata	200ce525ade7c513a40404f98c6a3cd1b63f7a3c
com.github.lamba92	core-watchosarm64	1.0.4		N/A
com.github.lamba92	core-watchosarm64	1.0.4	metadata	0ef6cec4b46f43b0cf0e0e7701e912410de4d643
com.github.mvallim	amazon-sqs-java-messaging-lib-v2	1.0.0		49781dbdc26f2fa04345ad7e93f3d059fcc54443
com.haulmont.yarg	yarg-console	2.0.12		3e1db0509a5f21640c7898e707a109ba6f0383be
com.liferay	com.liferay.portal.dao.orm.custom.sql	1.0.0		4ae2d6cd7e32e42ade8af81015afd13481ccb132
com.liferay	com.liferay.portal.dao.orm.custom.sql	1.0.1		1bcea0a5fb48cceb90c554591bc3680abdc3196b
com.liferay	com.liferay.portal.dao.orm.custom.sql	1.0.10		ad0503807fe6a8cec216ffdfde9d9ac4e9065a5b
com.liferay	com.liferay.portal.dao.orm.custom.sql	1.0.11		c8ad47a2208018e079ebfb46cd84996cae9dfef6
com.liferay	com.liferay.portal.dao.orm.custom.sql	1.0.12		4107a955d480403dc762637c1c0ff2759f56ce1d
com.liferay	com.liferay.portal.dao.orm.custom.sql	1.0.13		a07a11586db6299b9d3e8f0d4d07d1a51ae7674c
com.liferay	com.liferay.portal.dao.orm.custom.sql	1.0.14		203acbd2f7344257c9c095eb7e7d81027345e074
com.liferay	com.liferay.portal.dao.orm.custom.sql	1.0.15		3f3ce9120de0961922ebd9379dc00f7aa97ba4a6
com.liferay	com.liferay.portal.dao.orm.custom.sql	1.0.16		c4b2f4451a6feeda734be8f19eb589a6230ad4cc
com.liferay	com.liferay.portal.dao.orm.custom.sql	1.0.17		5fd33cc93958dcba2665d00ace3a0433e7ef3582
com.liferay	com.liferay.portal.dao.orm.custom.sql	1.0.18		d07b6b51de97ada9e9a4dc709d50f02b9faeebda
com.liferay	com.liferay.portal.dao.orm.custom.sql	1.0.19		8726a658474eaf4cb8e11791f515bf5189f5d480
com.liferay	com.liferay.portal.dao.orm.custom.sql	1.0.2		c1390734b9f0be287438029d6e853c111ba060a1
com.liferay	com.liferay.portal.dao.orm.custom.sql	1.0.20		4480f145c2f59fa037ae5b406ef50361bebb97cf
com.liferay	com.liferay.portal.dao.orm.custom.sql	1.0.21		f90ef402e5edc5a907812c26cddb1a0c88204217
com.liferay	com.liferay.portal.dao.orm.custom.sql	1.0.22		8b06b5ae8c366748519936d3514cfebcf31e545b
com.liferay	com.liferay.portal.dao.orm.custom.sql	1.0.23		c60288d358864a92a6a5fcba9b3bfc2388c9ba0d
com.liferay	com.liferay.portal.dao.orm.custom.sql	1.0.24		9817ece9fcb3ea8d2981f4389688cc6e3ea74566
com.liferay	com.liferay.portal.dao.orm.custom.sql	1.0.25		7fc4d7df40b9c54845caab776c98f30166dc5d0d
com.liferay	com.liferay.portal.dao.orm.custom.sql	1.0.26		329de03b9ee1dff3d39d1ad949947e159dcd54d5
com.liferay	com.liferay.portal.dao.orm.custom.sql	1.0.27		aebb0acdae9a7120cd577c39516e53fe594153ec
com.liferay	com.liferay.portal.dao.orm.custom.sql	1.0.28		34fb930ea158dcc744c75a32364c2035263dcf18
com.liferay	com.liferay.portal.dao.orm.custom.sql	1.0.29		a3688633054a2bb4046758912478e08dcd9f7c7a
com.liferay	com.liferay.portal.dao.orm.custom.sql	1.0.3		17c0828384960489a05c6d4cf070bfc3dafe12d5
com.liferay	com.liferay.portal.dao.orm.custom.sql	1.0.30		1c056ea3e240ec643cb48948b3b0d54b280b4202
com.liferay	com.liferay.portal.dao.orm.custom.sql	1.0.4		4044f73049af9255abe48e12e139f25b3508b384
com.liferay	com.liferay.portal.dao.orm.custom.sql	1.0.5		614f7c7fec6bb0550bc31ca599c06fee08dea3cd
com.liferay	com.liferay.portal.dao.orm.custom.sql	1.0.6		9c7ed1eee111a0e59a6df3bd50d188ea664403aa
com.liferay	com.liferay.portal.dao.orm.custom.sql	1.0.7		3bae07f560ef1075383a10ee05e8bab722d76fea
com.liferay	com.liferay.portal.dao.orm.custom.sql	1.0.8		0c7a3ae0d0842a085e23ad846dee97b0a146afc7
com.liferay	com.liferay.portal.dao.orm.custom.sql	1.0.9		4e4bb29c992c4f7e608837671871a9548ba878de
com.permutive	prometheus4cats-contrib-opencensus_3	0.1.4		ccfe785f45580305c97ce4f28e2a0bfed4c28c6f
com.permutive	prometheus4cats-contrib-opencensus_3	0.2.0		86305acfb99e5dcf43a89b3bb9308f1abf1f8e2e
com.permutive	prometheus4cats-contrib-opencensus_3	0.2.1		a0b7d3537b8ba6994a5fc69517f0da12560ad458
com.permutive	prometheus4cats-contrib-opencensus_3	0.3.0		697d1df292c1c90ccdb15da84ad85ffc345f5237
com.permutive	prometheus4cats-contrib-opencensus_3	1.0.0		17d147f5d660ccc1386be042f963d835e0c00eca
com.permutive	prometheus4cats-contrib-opencensus_3	2.0.0		86335e93c32f67fac06786056122387cb769c580
com.permutive	prometheus4cats-contrib-opencensus_3	2.0.0-RC1		0194e3b53ee9beac922f3fa26645ee87fc668e5c
com.permutive	prometheus4cats-contrib-opencensus_3	2.0.0-RC2		f58721da72e071afa12e1f50cff612a522fb688a
com.permutive	prometheus4cats-contrib-opencensus_3	2.1.0		d1cfebf3b4a40a24f87c5583717878c288cf6f2d
com.permutive	prometheus4cats-contrib-opencensus_3	2.2.0		593cd94843f8b74b7c3da49b3077232c55a8a947
com.permutive	prometheus4cats-contrib-opencensus_3	3.0.0		16b5a1a134b7b260d8c0e14fae7bba6455bfcfb5
com.pig4cloud	pig-common-seata	3.7.1		4d1d8f16bcb446a21cf547f9e284e7a051ceb5d5
com.slack.circuit	circuit-runtime-tvosx64	0.23.0		N/A
com.slack.circuit	circuit-runtime-tvosx64	0.23.0	metadata	40078b26bdf466eced8a8189a4d3a8d7b5f807d8
com.slack.circuit	circuit-runtime-tvosx64	0.23.1		N/A
com.slack.circuit	circuit-runtime-tvosx64	0.23.1	metadata	f81e83d614bbe17739962a66fda1fc3bdcad98f5
com.slack.circuit	circuit-runtime-tvosx64	0.24.0		N/A
com.slack.circuit	circuit-runtime-tvosx64	0.24.0	metadata	a5ec30fcb25eca68d3a24282aedeffc9ad05c462
com.slack.circuit	circuit-runtime-tvosx64	0.24.0-alpha01-compose17		N/A
com.slack.circuit	circuit-runtime-tvosx64	0.24.0-alpha01-compose17	metadata	2a15835353eebaec98eed7cdbb26fc00e8f21052
com.slack.circuit	circuit-runtime-tvosx64	0.25.0		N/A
com.slack.circuit	circuit-runtime-tvosx64	0.25.0	metadata	ec4352309158ed142214ea6f06b2a4141c5eab0e
com.slack.circuit	circuit-runtime-tvosx64	0.26.0		N/A
com.slack.circuit	circuit-runtime-tvosx64	0.26.0	metadata	b3952136a895cb19da38f928c4d0737f4e1870f1
com.slack.circuit	circuit-runtime-tvosx64	0.26.1		N/A
com.slack.circuit	circuit-runtime-tvosx64	0.26.1	metadata	f0e1ad24e62fdda88e205672069e07efbd019c94
com.slack.circuit	circuit-runtime-tvosx64	0.27.0		N/A
com.slack.circuit	circuit-runtime-tvosx64	0.27.0	metadata	bd95ecf648e7ed169206e642551ce2de8632f37f
com.slack.circuit	circuit-runtime-tvosx64	0.27.1		N/A
com.slack.circuit	circuit-runtime-tvosx64	0.27.1	metadata	bd95ecf648e7ed169206e642551ce2de8632f37f
com.umeng.analytics	dplus	6.0.2		e3cc3bd4ec28512ea8d288be372900a4ed3046e7
com.umeng.analytics	dplus	6.0.4.001		554c88337e7e35286348c0a5a6b8c9ee5c9edaac
com.umeng.analytics	dplus	6.0.6.001		159e46d66c4c0e89f33a7c61a1e476dfd814789b
com.umeng.analytics	dplus	6.0.7.001		4f8eea981e2efe2918eb786a3638a0e3d2b29102
com.umeng.analytics	dplus	6.0.9.001		bdaee0625dc5dca1fc870cca09d320707086dec8
com.umeng.analytics	dplus	6.1.0.001		b4ee08854941e3cb2c39c88b8d8d7fa9360b3a8d
com.umeng.analytics	dplus	6.1.1.001		ccee7115af933a7c1f74f51f12eb50ea16061f34
com.virgilsecurity	ethree-kotlin	0.1.0-alpha		5c4c12687a965b2852f5ee29a4716c43f8e5c9b0
com.virgilsecurity	ethree-kotlin	0.1.1-alpha		efb02607eda0e30e59950212a8a1de355b30586e
com.virgilsecurity	ethree-kotlin	0.2.0		35557356b3e2543d9ae98781ae02062f15481b85
com.virgilsecurity	ethree-kotlin	0.3.0		00e06c9565147bbbffc7a2474cdf0a2fef7fd49f
com.virgilsecurity	ethree-kotlin	0.3.1		ec83a99a0e70dc81fed61273d66db46797d6f1de
com.virgilsecurity	ethree-kotlin	0.3.3		6d2b65b792ef80acc7a0336279b1e370953641a0
com.virgilsecurity	ethree-kotlin	0.3.4		ee51c5e262bee933e6761482e329f805bfdaf8a0
com.virgilsecurity	ethree-kotlin	0.3.5		7c609a8435a56c36a79b44b9c7ea05c830063718
com.virgilsecurity	ethree-kotlin	0.3.6		N/A
com.virgilsecurity	ethree-kotlin	0.3.7		N/A
com.virgilsecurity	ethree-kotlin	0.3.8		N/A
com.virgilsecurity	ethree-kotlin	0.4.0		N/A
com.virgilsecurity	ethree-kotlin	0.5.0		N/A
com.virgilsecurity	ethree-kotlin	0.6.1-beta1		N/A
com.wix.restaurants	wix-restaurants-availability-api	1.2.0		ba61c12e367a0b714c5fa7534ee024f55d99d04f
com.wix.restaurants	wix-restaurants-availability-api	1.2.1		598b8085f7867567d5fd19914ada6bcbb370d3e8
com.wix.restaurants	wix-restaurants-availability-api	1.3.0		085759c19788a6925cceeecd9a6aa167e760def5
com.wix.restaurants	wix-restaurants-availability-api	1.4.0		651cdaec25d19de16e6fd801a746b9f97fdb6132
com.wix.restaurants	wix-restaurants-availability-api	1.5.0		0dfe105bed10f74eec668d355b2e27e8b32b951f
com.wix.restaurants	wix-restaurants-availability-api	1.6.0		e1df68f73363d515b9ad227187ac1dfb2a9460e7
com.wix.restaurants	wix-restaurants-availability-api	1.7.0		b42cc501b80c20a0767bdec9216fd7cc805b597d
com.wix.restaurants	wix-restaurants-availability-api	1.8.0		3cf9c83fb4e664b226d17524b2c5c1666d8c1627
com.wix.restaurants	wix-restaurants-availability-api	1.9.0		4b5d963a46ff0d764df9fdbfdb7c357eb9aaf348
com.yuvimasory	flashup_2.9.1	0.2.0		62b470aeb909e10a50e6a78180237b4987fd65ab
de.tudarmstadt.ukp.dkpro.core	de.tudarmstadt.ukp.dkpro.core.arktools-gpl	1.10.0		231fa53170cb11a2cd4a09c6706cf37c9942ae9c
de.tudarmstadt.ukp.dkpro.core	de.tudarmstadt.ukp.dkpro.core.arktools-gpl	1.5.0		ebd08b8caa87513eaa1386b23fc112041aca4d71
de.tudarmstadt.ukp.dkpro.core	de.tudarmstadt.ukp.dkpro.core.arktools-gpl	1.6.0		64d4d77909a22ddefe572a7f72bcdaae6c822e83
de.tudarmstadt.ukp.dkpro.core	de.tudarmstadt.ukp.dkpro.core.arktools-gpl	1.6.1		7ad0a954411c9e95c5a61c4eeb2559d526f297d6
de.tudarmstadt.ukp.dkpro.core	de.tudarmstadt.ukp.dkpro.core.arktools-gpl	1.6.2		b01d3bc5f59cf2f171e2853245768a838e7ff29d
de.tudarmstadt.ukp.dkpro.core	de.tudarmstadt.ukp.dkpro.core.arktools-gpl	1.7.0		0fa625bebfa7ce11abe8b0cf10d18f69bfee2a44
de.tudarmstadt.ukp.dkpro.core	de.tudarmstadt.ukp.dkpro.core.arktools-gpl	1.8.0		57c291dddaffe78ec7df4b231133ab2a10d9e31b
de.tudarmstadt.ukp.dkpro.core	de.tudarmstadt.ukp.dkpro.core.arktools-gpl	1.9.0		05bf2f3cf10be37e694cb15306f29339155887a6
de.tudarmstadt.ukp.dkpro.core	de.tudarmstadt.ukp.dkpro.core.arktools-gpl	1.9.1		7f7bb168fe9c00856bcbfd9f7196191f634cbeb9
de.tudarmstadt.ukp.dkpro.core	de.tudarmstadt.ukp.dkpro.core.arktools-gpl	1.9.2		62688ae307d833cf076d910dc1acdca5dcd117d1
de.tudarmstadt.ukp.dkpro.core	de.tudarmstadt.ukp.dkpro.core.arktools-gpl	1.9.3		ae14d344e9895fec82654283562c7b1a181ae067
dev.icerock.moko	crash-reporting-core-iosarm64	0.1.2		N/A
dev.icerock.moko	crash-reporting-core-iosarm64	0.1.2	metadata	c994ad436719cb2bb54c95ebebfdc1499b7a6bbf
dev.icerock.moko	crash-reporting-core-iosarm64	0.2.0		N/A
dev.icerock.moko	crash-reporting-core-iosarm64	0.2.0	metadata	8704e788bd6af8b134dd42f8d49006ad3819b3a8
dev.icerock.moko	crash-reporting-core-iosarm64	0.2.1		N/A
dev.icerock.moko	crash-reporting-core-iosarm64	0.2.1	metadata	6f8ab25956e5fa0594aff2a13af7270133f34271
dev.icerock.moko	crash-reporting-core-iosarm64	0.3.0		N/A
dev.icerock.moko	crash-reporting-core-iosarm64	0.3.0	metadata	2c334deb3d80a523c67648dd73d750777215b4eb
dev.icerock.moko	crash-reporting-core-iosarm64	0.4.0		N/A
dev.icerock.moko	crash-reporting-core-iosarm64	0.4.0	metadata	fddaa11c382e06ac032fe0fbf003129dbdf0acc2
dev.langchain4j	langchain4j-vertex-ai	0.22.0		2b8d6a52f75fbc03b70998f25780eadca22ab33a
dev.langchain4j	langchain4j-vertex-ai	0.23.0		1f43fa74d88fe14017609c00b3faa180e4ac4412
dev.langchain4j	langchain4j-vertex-ai	0.24.0		95900459788139554c933022850bf8ab707c9659
dev.langchain4j	langchain4j-vertex-ai	0.25.0		607d7d2ec8526041963e2b3cbcbce8b5ea02a105
dev.langchain4j	langchain4j-vertex-ai	0.26.0		e5eb957b9472404a50496597df00e9c552e77f3b
dev.langchain4j	langchain4j-vertex-ai	0.26.1		1fdbbaeef24e715283e6c445b7e50ad7def4be82
dev.langchain4j	langchain4j-vertex-ai	0.27.0		b3020bce48063c96811622ad42ae616434ece22f
dev.langchain4j	langchain4j-vertex-ai	0.27.1		ae9c0fce70c78a7cb40ce4f85bb6c22cea2f994f
dev.langchain4j	langchain4j-vertex-ai	0.28.0		2787d7b203b2da65c8d3bf5670af6374233d96cc
dev.langchain4j	langchain4j-vertex-ai	0.29.0		5366b6c01e90502e353750d2e094ddb606f0cdae
dev.langchain4j	langchain4j-vertex-ai	0.29.1		79b07f9570f86e661fc016d1a7ebc615794e1aea
dev.langchain4j	langchain4j-vertex-ai	0.30.0		8fa53db43e186d7731dda4d8b5d194013147f123
dev.langchain4j	langchain4j-vertex-ai	0.31.0		7688d8982b3921519f29e1265583bacde18c55f8
dev.langchain4j	langchain4j-vertex-ai	0.32.0		0c673aa962a944b49946ea889a7e59c2e9facd64
dev.langchain4j	langchain4j-vertex-ai	0.33.0		55f1dde32f63ec88fdfc88c85059bb148978fde6
dev.langchain4j	langchain4j-vertex-ai	0.34.0		54982a4c1ef5827670828879632d2d855a33239f
dev.langchain4j	langchain4j-vertex-ai	0.35.0		d9ef51089e7567bbad99d72eb696d46a8388dd8b
dev.langchain4j	langchain4j-vertex-ai	0.36.0		4ad46ece7dd5b8bfd8b260c5798be95ff2c97072
dev.langchain4j	langchain4j-vertex-ai	0.36.1		ff17a02a333d4941360a8d0976750f74ab47af82
dev.langchain4j	langchain4j-vertex-ai	0.36.2		8931272d4121b1bdf55761fa60ce6ee10f10ff8e
dev.langchain4j	langchain4j-vertex-ai	1.0.0-alpha1		7a38745d42bd0632db9ea6ca608be3027990cbfe
dev.langchain4j	langchain4j-vertex-ai	1.0.0-beta1		b9ce74f5eb7932e00cf11f6ce91f59806ded5817
dev.langchain4j	langchain4j-vertex-ai	1.0.0-beta2		ed405230b710ad37b8a39a9cdc5e08cd14ae627c
dev.langchain4j	langchain4j-vertex-ai	1.0.0-beta3		3e53625998bbd65d957a815a93af43e80b360fb3
dev.langchain4j	langchain4j-vertex-ai	1.0.0-beta4		3021013a45b75b56cfb37348af3b93e11c0bc4fe
edu.kit.datamanager	repo-core	0.9.0		db67ed820b802742a0c1b972396e44aa64f1817e
edu.kit.datamanager	repo-core	0.9.1		71788725c28b43fba7948ec9ed45d2e07a645cdb
edu.kit.datamanager	repo-core	0.9.2		398fd612941d58f420aca13812f14e5657ceef15
edu.kit.datamanager	repo-core	1.0.0		29f2c7d19264243ff47c45563de18d720da39826
edu.kit.datamanager	repo-core	1.0.1		727b0718e8a52b7f38f4a6fab9380432dbb49b01
edu.kit.datamanager	repo-core	1.0.2		41afc1fddfddc1c13c65c4fad8f29a3ceca7367d
edu.kit.datamanager	repo-core	1.0.3		8e2301057e19d687712c0f29e0c06116e65d0a6f
edu.kit.datamanager	repo-core	1.0.4		31572ec027210cc9f7065ea62d6478296c04e508
edu.kit.datamanager	repo-core	1.1.0		9b40d73b834a8630f016f639ec32287fd84c79b7
edu.kit.datamanager	repo-core	1.1.1		2dc9c58bcae5193e902b437b7cf629ab690c9425
edu.kit.datamanager	repo-core	1.1.2		2cde46597d333ba3596106503facbcf8caf0168f
edu.kit.datamanager	repo-core	1.2.1		6c36e5d86e19667b39a59adb980986bab16de832
edu.kit.datamanager	repo-core	1.2.2		4def89527b4fa5efb7f1a6e5f7e3220e967cecae
edu.kit.datamanager	repo-core	1.2.3		eaee22f0e65dc056638b8b007056557f510cd451
edu.kit.datamanager	repo-core	1.2.4		e3878f4ebefbd7fd75cd358831598daa66fe150a
edu.kit.datamanager	repo-core	1.2.5		0da6dd91cee2415cd90901a1a29abd3b2882e154
eu.hinsch	spring-boot-extended-logging-properties	0.1.0		7155a6f72bc45bd649f7b9c8d5e770ce98ac15ff
eu.hinsch	spring-boot-extended-logging-properties	0.1.1		50bfa30e03260d3402ac07ca34dbc1bdefcb6c57
eu.hinsch	spring-boot-extended-logging-properties	0.2.0		3d6a6aeeaac2a8aebdf74efd615eba24ca415b24
hu.simplexion.zakadabar	content	2021.10.12		06a492d2c6f6f7ef4fa96561eeb88dd7e32509b4
hu.simplexion.zakadabar	content	2021.10.12	all	ba7349e95332c47f15ba74da673943485d61049f
hu.simplexion.zakadabar	content	2021.10.14		ca0c185f7db8118ee8cc4d971161d73021b5212a
hu.simplexion.zakadabar	content	2021.10.14	all	98de28560ac04acda4f3e333b52c84d7bca9910d
hu.simplexion.zakadabar	content	2021.10.19		f76b0320d82b9b925d59ccf0e32faa7f1d512d60
hu.simplexion.zakadabar	content	2021.10.19	all	077f70d9758b6b386fd81cbda5f98034a53f8f68
hu.simplexion.zakadabar	content	2021.10.28		d744542114f119bf99aed309dfc9d23d08504c41
hu.simplexion.zakadabar	content	2021.10.28	all	efe59291cdd0ac1533c0b989f05d98a956234269
hu.simplexion.zakadabar	content	2021.11.03		2a1fbed98ce3ef913fd4664c5080a1e0f63b7cc4
hu.simplexion.zakadabar	content	2021.11.03	all	787cc74b9cf4dda8816a6aa20ab5697e261e167c
hu.simplexion.zakadabar	content	2021.11.15		240638459b2578e74f0019c07ceafea9c838bf3d
hu.simplexion.zakadabar	content	2021.11.15	all	827cc7cb2e5dae056bdde1dc21a72e7fd1d2908f
hu.simplexion.zakadabar	content	2021.11.15.1		92aa556be75f4d35a0a2e515c3047394ef3278ac
hu.simplexion.zakadabar	content	2021.11.15.1	all	3d3ec76ebf41e62181357cf273b716a071ca697e
hu.simplexion.zakadabar	content	2021.11.22		1d68b0abfc148415a10166eb43d24c5e38561441
hu.simplexion.zakadabar	content	2021.11.22	all	0546411a4722cad7374d81e917da0656503b145a
hu.simplexion.zakadabar	content	2021.11.25		17b6daa6eab433edeb214f9ad59d504c219f40f6
hu.simplexion.zakadabar	content	2021.11.25	all	2db5b6b25dfeca36fa7f4cb0b44110aceeaf38c8
hu.simplexion.zakadabar	content	2021.11.25.1		35c224e6b73f94aebd9461aa8b5ce91761b93c6d
hu.simplexion.zakadabar	content	2021.11.25.1	all	c108bce921ddf48168134fc299b1fb8e2f88a1e0
hu.simplexion.zakadabar	content	2021.11.5		4943b957a0b3022c662838da132c9dfe722360a3
hu.simplexion.zakadabar	content	2021.11.5	all	771b747076e808350e44c56bbaea587e1b604302
hu.simplexion.zakadabar	content	2021.12.26		0d599ef3ba8d415d2560f8efa2aa8af41f722f95
hu.simplexion.zakadabar	content	2021.12.26	all	43f37d2ddf68016189daeaf3d921fa718fc728e9
hu.simplexion.zakadabar	content	2021.12.3		d6c37811acd45b174a0314dcb5a1f459f45189fd
hu.simplexion.zakadabar	content	2021.12.3	all	0264f6b1162cf1363c5b0791c1a2e121b1d0cd5e
hu.simplexion.zakadabar	content	2021.12.6		ecb6d318967e02000ab6212637ebef2387ba52a4
hu.simplexion.zakadabar	content	2021.12.6	all	81e7449cc44279b319706851bf69085c02154c85
hu.simplexion.zakadabar	content	2021.12.9		bbc438d23528cdad84a44584ada1b25fad6cb538
hu.simplexion.zakadabar	content	2021.12.9	all	dd4cd690244cca1861b5bc417f0060292e4700b1
hu.simplexion.zakadabar	content	2022.10.19		1c2b003a90896a21cfdfd517890d2b3f365945c5
hu.simplexion.zakadabar	content	2022.11.9		354326abc1d2873c1eb11b68209b512ba92a7ca9
hu.simplexion.zakadabar	content	2022.12.13		269a8c35903d29ec1a530eac6e40a28bae96c086
hu.simplexion.zakadabar	content	2022.2.10		4b1db14c4b0e3ee08d50476b3ef6b9c88c2cbf30
hu.simplexion.zakadabar	content	2022.2.10	all	3ce55f1f83afada8cf8f414748f7c58eb17c556c
hu.simplexion.zakadabar	content	2022.2.14		8223f3f96c24aa3cafde459f3aa9c5ef7efcf0e6
hu.simplexion.zakadabar	content	2022.2.14	all	77fe464d2068f9f80dcf6ce2f81835b08e9a4afa
hu.simplexion.zakadabar	content	2022.2.25		029bb01f2004b4bc10b53a9b96f33749debc0685
hu.simplexion.zakadabar	content	2022.2.25	all	cd119b72d3e1034e1837197444b37d2c7c31ab8e
hu.simplexion.zakadabar	content	2022.2.9		4e9d77016a459733cd13e50adfabaae8fae2ddf8
hu.simplexion.zakadabar	content	2022.2.9	all	cd19d3af00efa62b6db4ffa14c9bded1b0d7d648
hu.simplexion.zakadabar	content	2022.3.21		d9f699084c6911ba00c339edab08ff1bc9adf902
hu.simplexion.zakadabar	content	2022.3.21	all	6bea0bb688af988ac7815122725af3ef28815022
hu.simplexion.zakadabar	content	2022.3.23		ea17a9d6017b2bfe6ef27085f4f7cdf032997fad
hu.simplexion.zakadabar	content	2022.3.23	all	980bfc87607e3a67eeac75222703491682879759
hu.simplexion.zakadabar	content	2022.4.25		753551ed9e36701b0125576a9a235f7485f52f7f
hu.simplexion.zakadabar	content	2022.4.6		36de49948b96367c06d975c836a8e652a3f3e066
hu.simplexion.zakadabar	content	2022.4.6	all	48f2f8a0791f1c7ba0c8863c3a4b37224e6dc29d
hu.simplexion.zakadabar	content	2022.4.8		5d1ec632171d488ff4085a9105bbc5c6ad4e7eac
hu.simplexion.zakadabar	content	2022.5.21		bfe069189053e65f89dbc1b8fd49716724ac7fbc
hu.simplexion.zakadabar	content	2022.5.25		33990dafa5936c3106a8065635289542f78f6951
hu.simplexion.zakadabar	content	2022.5.26		b83210adc14b6933b05a7828e9df32cb7394468d
hu.simplexion.zakadabar	content	2022.5.3		f4742b3412ec7e8906a71b328637a4837e916918
hu.simplexion.zakadabar	content	2022.6.2		bf030529787585792df6bb7339804ff91f30c930
hu.simplexion.zakadabar	content	2022.6.20		b5958d3c1e8ae98215e1df7b410ead836fe67120
hu.simplexion.zakadabar	content	2022.8.10		c376c4bdbd616364bcede5f04446ec4529b9bf34
hu.simplexion.zakadabar	content	2022.8.17		d22f1e271d25c50c622fb3af6e67f19c599203f1
hu.simplexion.zakadabar	content	2022.9.23		e8be54f042a9cde19ab457ce9c6a5f538619a268
hu.simplexion.zakadabar	content	2022.9.7		eefd0cbc608fab983321582e62892c730d2e095d
hu.simplexion.zakadabar	content	2023.1.9		20a76684b284bdf3c465e44204d5756def00e128
hu.simplexion.zakadabar	content	2023.2.10		f309d4b8bc3180c489083ff698287f5d6dfa6c8a
hu.simplexion.zakadabar	content	2023.4.12		424dcb3e79e1ce46346730540c5d9e67a098a877
hu.simplexion.zakadabar	content	2023.4.20		3bcff846dc1e448d2eab429b980b8559f4fc1ef0
hu.simplexion.zakadabar	content	2025.1.27		ade024b0d1dede21c6be2a60eb0827cb2dfba047
io.eventuate.tram.sagas	eventuate-tram-sagas-orchestration-simple-dsl	0.16.0.RELEASE		340264907c6e34c9ebc8a1fedf661d1a9f762dbf
io.eventuate.tram.sagas	eventuate-tram-sagas-orchestration-simple-dsl	0.17.0.RELEASE		950a215cdc9001ff5d04aad84db64cf14bfc23aa
io.eventuate.tram.sagas	eventuate-tram-sagas-orchestration-simple-dsl	0.18.0.RELEASE		1c2ddcbc3530b95db18ea779a1b8fead0e1905fa
io.eventuate.tram.sagas	eventuate-tram-sagas-orchestration-simple-dsl	0.19.0.RELEASE		81a2018de54080946143e4cddd40e5258da5ba13
io.eventuate.tram.sagas	eventuate-tram-sagas-orchestration-simple-dsl	0.20.0.RELEASE		075009d272c66e8e2f39cb5d6db3445d99eee223
io.eventuate.tram.sagas	eventuate-tram-sagas-orchestration-simple-dsl	0.21.0.RELEASE		d9e89101e485205956f7a1e08db80e15417b7166
io.eventuate.tram.sagas	eventuate-tram-sagas-orchestration-simple-dsl	0.22.0.RELEASE		4f86760ecde86e229e7d9a68ebacf38559a801a7
io.eventuate.tram.sagas	eventuate-tram-sagas-orchestration-simple-dsl	0.23.0.RELEASE		84e3d1ffa65ccdb77b28ffa0e72062cfc514c3da
io.eventuate.tram.sagas	eventuate-tram-sagas-orchestration-simple-dsl	0.24.0.RELEASE		0ce3f2d76a32246cbea8bcd35bd049ba477ef5b4
io.eventuate.tram.sagas	eventuate-tram-sagas-orchestration-simple-dsl	0.25.0.RELEASE		089586e6524f4b655bf57e3e1b109d1877e22e86
io.fluidsonic.i18n	fluid-i18n-macosarm64	0.11.0		N/A
io.fluidsonic.i18n	fluid-i18n-macosarm64	0.11.0	metadata	07d6810a115f55ffacd419b4df71c3343135445b
io.fluidsonic.i18n	fluid-i18n-macosarm64	0.12.0		N/A
io.fluidsonic.i18n	fluid-i18n-macosarm64	0.12.0	metadata	693d113550bdb56999fa9bc7bf1dd9fd842a7244
io.fluidsonic.i18n	fluid-i18n-macosarm64	0.13.0		N/A
io.fluidsonic.i18n	fluid-i18n-macosarm64	0.13.0	metadata	9fa729e6bdac098ab3fec7d054585e2a9feb1148
io.github.memorydoc	gobrs-async-test	1.2.7-RELEASE		6936b03ccce8b288a8c0f5ebc41da84d3034f0c9
io.github.memorydoc	gobrs-async-test	1.2.8-RELEASE		13214f7eb32a9d9e130d1207cead7a9717502860
io.github.memorydoc	gobrs-async-test	1.2.9-RELEASE		3a04a8ca24abc034b5b29a59d1b0f6b115b70a34
io.github.memorydoc	gobrs-async-test	1.3.0-RELEASE		1e097897bebc6abd0044ca66e97a00aa06b9e4df
io.github.memorydoc	gobrs-async-test	1.3.1-RELEASE		ee797e5c4c2a5ef80184e4d026d06d5fc7011ee2
io.github.mflisar.publicutilities	core-android	2.0.0-test02		N/A
io.jeo	jeo-gdal	0.6		9def4db8b405576587a4dae78e2016b3965dba0b
io.jeo	jeo-gdal	0.7		01642546ab63af57ab7520dfdcec2b23c87fc3e4
io.joynr.java.messaging.websocket	joynr-websocket-common	0.13.0		c1ed1ffb3e040520a605c3c2100210d3e6be1dc6
io.joynr.java.messaging.websocket	joynr-websocket-common	0.14.0		aef06ee4eb76bcb777acbde1f0968e6d8df024bc
io.joynr.java.messaging.websocket	joynr-websocket-common	0.14.1		945224d18b3d7930aece88f6083c8a7545dd3239
io.joynr.java.messaging.websocket	joynr-websocket-common	0.14.2		0fb6714ae3f9e9ddfa28c535d8641ef9700b29fe
io.joynr.java.messaging.websocket	joynr-websocket-common	0.14.3		c0609fa3dabf8fa0b129420edeac55198a786449
io.joynr.java.messaging.websocket	joynr-websocket-common	0.15.0		9eeb672cdc677266ebd677df7ad0691ecac7f163
io.joynr.java.messaging.websocket	joynr-websocket-common	0.15.1		dc69e3c6c2145a033276b61b4cc5546986ef8317
io.joynr.java.messaging.websocket	joynr-websocket-common	0.16.0		d957eef9ea9bf4c88b0a0a3d0025e6c36737f168
io.joynr.java.messaging.websocket	joynr-websocket-common	0.17.0		8c2e009f6e3bd6a05b5a856002b1298b0e09e69b
io.joynr.java.messaging.websocket	joynr-websocket-common	0.17.1		e3015bfaca74630d9d5f98a8361e8d7969895d05
io.joynr.java.messaging.websocket	joynr-websocket-common	0.17.2		45018bdc6db0f045af433983637923b2c1f21c60
io.joynr.java.messaging.websocket	joynr-websocket-common	0.18.0		8a6d716962e9b822763da46439a4d6f90f1471c0
io.joynr.java.messaging.websocket	joynr-websocket-common	0.18.1		64ec247e319070a93e9e5784d111a9a570ce4ab1
io.joynr.java.messaging.websocket	joynr-websocket-common	0.18.2		a91e0fdc9931138183e6724b09ce7aae0d300a5b
io.joynr.java.messaging.websocket	joynr-websocket-common	0.18.3		0a011653653fc2e59182e4d84150305dca699dac
io.joynr.java.messaging.websocket	joynr-websocket-common	0.18.4		3035a7df8b8435fe8a290577b8ead4e01b953117
io.joynr.java.messaging.websocket	joynr-websocket-common	0.18.5		aab4996b2bafadf34d9264ab47576566fd9aaf72
io.joynr.java.messaging.websocket	joynr-websocket-common	0.19.0		678cc36b92f4a69df4e75a0ec0937c6151b03325
io.joynr.java.messaging.websocket	joynr-websocket-common	0.19.1		27774bdc7c0ac09a93749a1021057be2002b80e0
io.joynr.java.messaging.websocket	joynr-websocket-common	0.19.3		82f1204cd6e7167a8b8e3f5a96f63330db80ecb2
io.joynr.java.messaging.websocket	joynr-websocket-common	0.19.4		573e001bd3cde3a179d29be65367bef37f749bf3
io.joynr.java.messaging.websocket	joynr-websocket-common	0.19.5		79c6a2e226b062a4fc29bbc32e66afff1a57d257
io.joynr.java.messaging.websocket	joynr-websocket-common	0.20.0		98d2cc2fefa7f49991206220f5d421990ccd04c4
io.joynr.java.messaging.websocket	joynr-websocket-common	0.20.1		2e9f81c92dbee50f373adccbb3c32f5b15d02b48
io.joynr.java.messaging.websocket	joynr-websocket-common	0.20.2		8cef90b34bf9aec6c0cdd85c18cd4e669ad955f4
io.joynr.java.messaging.websocket	joynr-websocket-common	0.20.3		5bf681372475c766dd35fa7dccf17093fe7627e2
io.joynr.java.messaging.websocket	joynr-websocket-common	0.21.0		e358963a736035b39693a7182ec2c8616ab711b2
io.joynr.java.messaging.websocket	joynr-websocket-common	0.21.1		a95a8af72ede7613a50622888ccc07fdf5ebb012
io.joynr.java.messaging.websocket	joynr-websocket-common	0.21.2		8fcde506ea8978f6f328ba1c0ff27f286fcbee01
io.joynr.java.messaging.websocket	joynr-websocket-common	0.21.4		324cbea90205f203418520960ab5c29e30b9d355
io.joynr.java.messaging.websocket	joynr-websocket-common	0.22.0		a641e00e0b77778452394bae21360e5997c24924
io.joynr.java.messaging.websocket	joynr-websocket-common	0.22.1		570dd53ed97ad9fa4c08248159bc1971e88023d3
io.joynr.java.messaging.websocket	joynr-websocket-common	0.22.2		16f86007d688a7c6d433e98c26ae73fa23d5edb0
io.joynr.java.messaging.websocket	joynr-websocket-common	0.22.3		8d6434080eff6628130e6d4fa4046babfec11acf
io.joynr.java.messaging.websocket	joynr-websocket-common	0.22.4		178590b77f190419400510e259be69384a2ac64a
io.joynr.java.messaging.websocket	joynr-websocket-common	0.23.0		fe7a83901cb68dc45b6a1e22040ddbca029793a2
io.joynr.java.messaging.websocket	joynr-websocket-common	0.23.1		da46c2bd71daa25bf85b6dcb9c6df1d12297b9e7
io.joynr.java.messaging.websocket	joynr-websocket-common	0.23.2		25482b8380a8f370aab2d9bb42b2ca945dc61b87
io.joynr.java.messaging.websocket	joynr-websocket-common	0.24.0		8c5229d4e0162fd80c0eb8473c778e76047f59b1
io.joynr.java.messaging.websocket	joynr-websocket-common	0.24.1		9c2f4064327d04a503e7f4e976fef2a15710e284
io.joynr.java.messaging.websocket	joynr-websocket-common	0.25.0		e3bd3db3e36a389409322982303d8676ea0d6564
io.joynr.java.messaging.websocket	joynr-websocket-common	0.25.1		2bf0d5a1f85d0296f2d6b403a5e42dbecfd7a6fe
io.joynr.java.messaging.websocket	joynr-websocket-common	0.25.2		36b9ad5ed13e2bdad0e6057b011f8c5ef26e3b32
io.joynr.java.messaging.websocket	joynr-websocket-common	0.26.0		1a06c297ab300a4f81fd1c8a6d85dd73f31bba0d
io.joynr.java.messaging.websocket	joynr-websocket-common	0.27.0		59846585b3e3aaa95be9a0ceaf378fc2cdea543c
io.joynr.java.messaging.websocket	joynr-websocket-common	0.27.1		ea6eb1e72a625bd5eb73214f10b4f4b3be6e1eac
io.joynr.java.messaging.websocket	joynr-websocket-common	0.27.2		fd4faa65517f537cdd4cb600e54200081a17f12e
io.joynr.java.messaging.websocket	joynr-websocket-common	0.27.3		60f22bc1514cc761cb5f4bf4d8216b7509031b1f
io.joynr.java.messaging.websocket	joynr-websocket-common	0.27.4		a42198a0d31d1eff3c7051171bf6ba017c235174
io.joynr.java.messaging.websocket	joynr-websocket-common	0.27.99		bf721cadc596f970baa88f338cbe8b3ca0e02e2a
io.joynr.java.messaging.websocket	joynr-websocket-common	0.28.0		41a8efd3ef2b305868e12a2786a58efd1dd9f32e
io.joynr.java.messaging.websocket	joynr-websocket-common	0.28.1		0979abd3b9b34a9e9482f6b8e3a5889d715f490b
io.joynr.java.messaging.websocket	joynr-websocket-common	0.29.0		f7c93f90f9eef0df8855c2299cc45b7f02b555de
io.joynr.java.messaging.websocket	joynr-websocket-common	0.29.1		0944e9e409c4439360c56bf1ecea0b962d93d1c5
io.joynr.java.messaging.websocket	joynr-websocket-common	0.29.2		d010932ae5bf6974ce3e4fa41eeb01d513c762ff
io.joynr.java.messaging.websocket	joynr-websocket-common	0.29.3		95c365b30a69bed24db5d4e3b5536eda809885c0
io.joynr.java.messaging.websocket	joynr-websocket-common	0.30.0		7c0b95c0740c2d9f9c2e4e95d2b4d081c23c253c
io.joynr.java.messaging.websocket	joynr-websocket-common	0.30.1		9c7738c9dce7d15975887489cc64a80443e1076a
io.joynr.java.messaging.websocket	joynr-websocket-common	0.31.0		90cff06c25604448b3f199068ca7c5565bf111ee
io.joynr.java.messaging.websocket	joynr-websocket-common	0.31.1		b0873df4445d3bf52a50c5c7d1a024701e0829e9
io.joynr.java.messaging.websocket	joynr-websocket-common	0.32.0		5f16bfbd5e9edc30608d1b3f35e4c82cd236be7e
io.joynr.java.messaging.websocket	joynr-websocket-common	0.32.1		ae6b98622dcf6cb46150bd40f9ea48406f92a1ce
io.joynr.java.messaging.websocket	joynr-websocket-common	0.32.2		cc612e108f4aaae679fc3968102b9995a52149ae
io.joynr.java.messaging.websocket	joynr-websocket-common	0.33.0		f2f55d9a9dbbf139a2615c93741fcddada2abe9d
io.joynr.java.messaging.websocket	joynr-websocket-common	0.33.1		6c7362e5bc212b485edd8ec98edeb871b8964873
io.joynr.java.messaging.websocket	joynr-websocket-common	1.0.0		4b5e329e866758ff1c0a8c01318bc924d8535d6b
io.joynr.java.messaging.websocket	joynr-websocket-common	1.0.1		10d42fcd826db3805b61922dc276886657ad34c6
io.joynr.java.messaging.websocket	joynr-websocket-common	1.0.2		c249b9da335be38cac30a6349e0ffea292861ff7
io.joynr.java.messaging.websocket	joynr-websocket-common	1.0.3		47dfaa7f1fe5e0050e2e24b63ad8c76cdfcf89b9
io.joynr.java.messaging.websocket	joynr-websocket-common	1.0.4		c5f256b0e6f7f7de3782eb90ce1af6333727e28e
io.joynr.java.messaging.websocket	joynr-websocket-common	1.0.5		93e26b5d9a8c7811e83d3001f0feb700ba0b36fa
io.joynr.java.messaging.websocket	joynr-websocket-common	1.1.0		d4089a41f21c548e6606e667f073937ca18af6fd
io.joynr.java.messaging.websocket	joynr-websocket-common	1.1.1		6fbc1f43d400e83bb5a1849ff0f357d54a0e7960
io.joynr.java.messaging.websocket	joynr-websocket-common	1.1.2		cee9ef6ad8185f7207f02b95d55d685986b67e21
io.joynr.java.messaging.websocket	joynr-websocket-common	1.10.0		053e503b6f12d2b4bf1957a1a00803c2b0264943
io.joynr.java.messaging.websocket	joynr-websocket-common	1.10.1		2b2e26b290368b814d41a0cdbc64a8ab0a3d5b44
io.joynr.java.messaging.websocket	joynr-websocket-common	1.11.0		d00a487ad02bbab40b8ac86e5780ae79e36e957b
io.joynr.java.messaging.websocket	joynr-websocket-common	1.11.1		74ed97331392baf07bb22bdcc2257a56d9ed4259
io.joynr.java.messaging.websocket	joynr-websocket-common	1.11.2		bbbc9d9260e49d9fd966a4d69eff1ba3d34496c3
io.joynr.java.messaging.websocket	joynr-websocket-common	1.11.3		0a86b4aef91ca11508195299e0c75a61a4ed671e
io.joynr.java.messaging.websocket	joynr-websocket-common	1.11.4		414962e034f413325507ef12568729519cef23f7
io.joynr.java.messaging.websocket	joynr-websocket-common	1.11.5		N/A
io.joynr.java.messaging.websocket	joynr-websocket-common	1.11.6		2aa364744c7b9689d2689bec28ce4631df96cf6d
io.joynr.java.messaging.websocket	joynr-websocket-common	1.12.0		c4cb6b077ec14bcfdf14cc6a516b4d979a64e8f6
io.joynr.java.messaging.websocket	joynr-websocket-common	1.13.0		2112848c1a9cb79a3d4da54170901f664509672a
io.joynr.java.messaging.websocket	joynr-websocket-common	1.14.0		0066c21f72c14971299dbea5da37c6de9128f325
io.joynr.java.messaging.websocket	joynr-websocket-common	1.14.1		72851d49f8ba96435220ffb585b8167d21410577
io.joynr.java.messaging.websocket	joynr-websocket-common	1.14.2		cf29a09a5a5809f7aae9736af18ad591b67dee3a
io.joynr.java.messaging.websocket	joynr-websocket-common	1.14.3		026b7ff92390e2db049ef51ae9cc705179ce6adc
io.joynr.java.messaging.websocket	joynr-websocket-common	1.14.4		2a4712baa723683bb921d658822bfd96b1f559f0
io.joynr.java.messaging.websocket	joynr-websocket-common	1.14.5		925f4bf53496d9f842028eda99e9444a59003f27
io.joynr.java.messaging.websocket	joynr-websocket-common	1.14.6		eb2c9182c69507d85698f1e6f424d24909477310
io.joynr.java.messaging.websocket	joynr-websocket-common	1.14.7		2ad6fba84af64f59068c8cc8990cb0a7c56d801e
io.joynr.java.messaging.websocket	joynr-websocket-common	1.15.0		b3ecfa92dc2169c0053b6d5ea8a4210b0da04deb
io.joynr.java.messaging.websocket	joynr-websocket-common	1.15.1		2dbcae502c8665842a9c83112853e617b2c42786
io.joynr.java.messaging.websocket	joynr-websocket-common	1.15.10		b638009bbd46153455785b8597ad74c603b6b3e6
io.joynr.java.messaging.websocket	joynr-websocket-common	1.15.11		909e93a78ba3df2cbc464cf454f66bc8dcab9bbf
io.joynr.java.messaging.websocket	joynr-websocket-common	1.15.12		3808855028082443728cb58b83b57a688eb19c14
io.joynr.java.messaging.websocket	joynr-websocket-common	1.15.2		1cfdd3b3bb152236a95907f210095e787102e486
io.joynr.java.messaging.websocket	joynr-websocket-common	1.15.3		161a0868ab94ac85bbfc1afee0b4bef0392664a4
io.joynr.java.messaging.websocket	joynr-websocket-common	1.15.4		985129a40eedcc718fcb129eab497d6e75d9bee0
io.joynr.java.messaging.websocket	joynr-websocket-common	1.15.5		e0f58290e3920489621f9b9137a5c6efa6f2335d
io.joynr.java.messaging.websocket	joynr-websocket-common	1.15.6		e548f45cec67146752ee7939d41e15e9e066f926
io.joynr.java.messaging.websocket	joynr-websocket-common	1.15.7		31e27887a659a631ac545e2396e3e6b529707f1a
io.joynr.java.messaging.websocket	joynr-websocket-common	1.15.7.1		e12a58370cca9cd7e17d024b84b0a6665475d2cb
io.joynr.java.messaging.websocket	joynr-websocket-common	1.15.8		4789d8ffdc0841316bdfd12feda01e857595fb42
io.joynr.java.messaging.websocket	joynr-websocket-common	1.15.9		7d9893234a4f74b943c5f7163bd0fbec234fb5e8
io.joynr.java.messaging.websocket	joynr-websocket-common	1.16.0		961245012814199a7458d0c03977c635abeb9280
io.joynr.java.messaging.websocket	joynr-websocket-common	1.16.1		2f427c95a7e86aedc4165d89320a4271df26648e
io.joynr.java.messaging.websocket	joynr-websocket-common	1.16.2		9e3d436c2c73b97dc347f2ee724bcd03a35c974a
io.joynr.java.messaging.websocket	joynr-websocket-common	1.16.3		33811c23ec3b9c0893cbf126447d05c41733e87f
io.joynr.java.messaging.websocket	joynr-websocket-common	1.17.0		5947b4c6f223ffced1a3ecc9b4fd2fcdd42e0310
io.joynr.java.messaging.websocket	joynr-websocket-common	1.17.1		b0c8616618d55fcf40297db7d11ca86cd51b871d
io.joynr.java.messaging.websocket	joynr-websocket-common	1.17.2		81d6c82b6ee9acda937d69935e5c0d3121331d26
io.joynr.java.messaging.websocket	joynr-websocket-common	1.17.3		9215afb075a8bd69a13b1141cffd6dec50cd2f44
io.joynr.java.messaging.websocket	joynr-websocket-common	1.17.4		764bd19de8405faed23b104cb0ffdaf09ebbd995
io.joynr.java.messaging.websocket	joynr-websocket-common	1.17.5		2965362e1b4a8079ab1da92136ea0a0c64e51538
io.joynr.java.messaging.websocket	joynr-websocket-common	1.17.6		1cba754590b371e976f71fa9945b886389a0ee70
io.joynr.java.messaging.websocket	joynr-websocket-common	1.17.7		75680adf1a50b6ed1e15f330cbe68548a294dce5
io.joynr.java.messaging.websocket	joynr-websocket-common	1.17.8		de059e418bc78891810ac866e408755a094b9cba
io.joynr.java.messaging.websocket	joynr-websocket-common	1.18.0		63c45504711e0b5b7959dede759df972867f6a62
io.joynr.java.messaging.websocket	joynr-websocket-common	1.18.1		8d7af12356389d663b03b18fdd825dcbf826c755
io.joynr.java.messaging.websocket	joynr-websocket-common	1.18.2		6a6d79aa03b6e0dc199be385417f8f5a64f40397
io.joynr.java.messaging.websocket	joynr-websocket-common	1.18.3		e69ff48618db510ed911da32d0ae0ffd5cdf95ec
io.joynr.java.messaging.websocket	joynr-websocket-common	1.18.4		9137678dd747db4818749fd0425e8e2f753d4d6a
io.joynr.java.messaging.websocket	joynr-websocket-common	1.19.0		6a08f79c589571610e326f694907def528d512d1
io.joynr.java.messaging.websocket	joynr-websocket-common	1.19.1		19b117e72883a2a94a658bdb87f90a92ca189fd1
io.joynr.java.messaging.websocket	joynr-websocket-common	1.19.10		ae492285df76322baff692e66fdc6c84627becde
io.joynr.java.messaging.websocket	joynr-websocket-common	1.19.11		10147007cfbf9f17075bf500969a73c6bf44a22e
io.joynr.java.messaging.websocket	joynr-websocket-common	1.19.12		9a0619ed60082cfdd86350107eb5f9f39eefab89
io.joynr.java.messaging.websocket	joynr-websocket-common	1.19.13		d80dcad476542133b82c4f184d4d135ebdb9c54e
io.joynr.java.messaging.websocket	joynr-websocket-common	1.19.2		a9411e2f19a40777eb6baa88218b535a20d12d32
io.joynr.java.messaging.websocket	joynr-websocket-common	1.19.3		d7873948866302772b8c99f80a0ee36481846757
io.joynr.java.messaging.websocket	joynr-websocket-common	1.19.4		ba11ba63858a581c403ae16ecae3ef7ad7b47ff3
io.joynr.java.messaging.websocket	joynr-websocket-common	1.19.5		351250a18d061b88f9661dd3b6fe87a0819cb6c7
io.joynr.java.messaging.websocket	joynr-websocket-common	1.19.6		2d6412c90ba9e9d346e09746f42fbb3792897b0f
io.joynr.java.messaging.websocket	joynr-websocket-common	1.19.7		9caa8e3fe375a7603f3539bd7601ef36b3486d76
io.joynr.java.messaging.websocket	joynr-websocket-common	1.19.8		2568b62a596f5ecc54bd95c517cec0c744ea6bbd
io.joynr.java.messaging.websocket	joynr-websocket-common	1.19.9		3059dd37212a39662076ce5f6f4c68c866621fb9
io.joynr.java.messaging.websocket	joynr-websocket-common	1.2.0		f3b73373774f95169abcaa0d825cab278cc63959
io.joynr.java.messaging.websocket	joynr-websocket-common	1.20.0		b19f8bc91c3936827818648a489dd87b3c918069
io.joynr.java.messaging.websocket	joynr-websocket-common	1.20.1		b0063ac816d8321f68b77a8459ef7bd8d366d190
io.joynr.java.messaging.websocket	joynr-websocket-common	1.21.0		869e8980429129357d673394f2146457dfb53e9e
io.joynr.java.messaging.websocket	joynr-websocket-common	1.21.1		63ab391535bd1bda934b5c79fefee740b7eab5af
io.joynr.java.messaging.websocket	joynr-websocket-common	1.21.2		41b9d4bb73355782d84c41709ec3c5a1b214253b
io.joynr.java.messaging.websocket	joynr-websocket-common	1.21.3		5398fa5a9915b60805b0b4b2f5e6ee7564e401aa
io.joynr.java.messaging.websocket	joynr-websocket-common	1.21.4		07f3e94c5616fb17948738d94c9a188dd145732e
io.joynr.java.messaging.websocket	joynr-websocket-common	1.21.5		2361f726351059ed8ba7095c8331aec56f6afa6c
io.joynr.java.messaging.websocket	joynr-websocket-common	1.21.6		61a0136ae3ae919344e130921b77eaa9c2aeb37c
io.joynr.java.messaging.websocket	joynr-websocket-common	1.21.7		4f51388743f47c4a47aa4e77120105b710c22cc8
io.joynr.java.messaging.websocket	joynr-websocket-common	1.21.7.1		ff4ccaad2615a02bb6d3876d748cb96f52b8b8b8
io.joynr.java.messaging.websocket	joynr-websocket-common	1.21.9		61a27dff8249a718adcb4292f80eff3ffa7f68c7
io.joynr.java.messaging.websocket	joynr-websocket-common	1.21.9.1		64918c8029ebfb4260447dd60cf54b7b37735211
io.joynr.java.messaging.websocket	joynr-websocket-common	1.22.0		11fb67c414e63f172a0b1b30ceddfe13e9a44e50
io.joynr.java.messaging.websocket	joynr-websocket-common	1.23.0		2094b05542c3096bf844dea68976c4e45a83ddb9
io.joynr.java.messaging.websocket	joynr-websocket-common	1.23.0.1		0c71a639a4e72f56f1bc1abd0978efe3755afd1b
io.joynr.java.messaging.websocket	joynr-websocket-common	1.23.1		a3c171cc26590650dcc98ae2527b26948f0a7c46
io.joynr.java.messaging.websocket	joynr-websocket-common	1.23.1.1		0368ae212bdc1d9ba88177620d07168f28e37127
io.joynr.java.messaging.websocket	joynr-websocket-common	1.23.1.2		f7bf7d4da246e8ed2607a685d6e45a6f23bd8250
io.joynr.java.messaging.websocket	joynr-websocket-common	1.24.0		d41f57d97198538f62f082072aaa472b4716f935
io.joynr.java.messaging.websocket	joynr-websocket-common	1.24.0.1		b42e7c424c6935cf17d94480244c49bdee6070fb
io.joynr.java.messaging.websocket	joynr-websocket-common	1.24.2		431fc58762518507239edf64a67761b3f415ccda
io.joynr.java.messaging.websocket	joynr-websocket-common	1.24.2.1		447c40c0bd8740943b837b6e6076d081e2865ab4
io.joynr.java.messaging.websocket	joynr-websocket-common	1.24.2.2		481dab3d181ed605b277c0dac989a7865c1e8eae
io.joynr.java.messaging.websocket	joynr-websocket-common	1.24.3		0004f53d2c6a936edaa549344c88e05f7cd96dd0
io.joynr.java.messaging.websocket	joynr-websocket-common	1.24.4		8abc2b0c2408448257e1c872c44d567539d30253
io.joynr.java.messaging.websocket	joynr-websocket-common	1.25.0		7bbb4787137ad4cce3a4dbab07f899a68033531f
io.joynr.java.messaging.websocket	joynr-websocket-common	1.25.2		e0143f9bfca69053f914e411aaf4d9a56c8927de
io.joynr.java.messaging.websocket	joynr-websocket-common	1.26.0		6412f64fe80513d356a284251084b1c6f4336af9
io.joynr.java.messaging.websocket	joynr-websocket-common	1.3.0		83d63e8c9329800c1a1aa2f41f9adf31a5d3af0d
io.joynr.java.messaging.websocket	joynr-websocket-common	1.3.1		06cf5f8884921042031f573562ac24d27decae37
io.joynr.java.messaging.websocket	joynr-websocket-common	1.3.2		5a005c5242db7e9cab6422df2d6592b490543a19
io.joynr.java.messaging.websocket	joynr-websocket-common	1.4.0		72585a06eddc6adb0be468d52641aa54ed490cd1
io.joynr.java.messaging.websocket	joynr-websocket-common	1.5.0		8eb0e40fd2dbf2d02579d59c167fc5f0b6c21a71
io.joynr.java.messaging.websocket	joynr-websocket-common	1.6.0		cea3b5d3785040a1ad82a438c6ee0c2700136f53
io.joynr.java.messaging.websocket	joynr-websocket-common	1.6.1		ed13437fd60cf8350fd6091854b2de5594380843
io.joynr.java.messaging.websocket	joynr-websocket-common	1.6.2		330f8bb00e0c2fd0dc3df85caf92e8254eebb961
io.joynr.java.messaging.websocket	joynr-websocket-common	1.6.3		d3760991888162e22af51e4f7e8b4c309e20d64c
io.joynr.java.messaging.websocket	joynr-websocket-common	1.6.4		ccc1ced15a253814e7a8e5c0363b10edd8acbf01
io.joynr.java.messaging.websocket	joynr-websocket-common	1.6.5		16b5ed333cf6314847356e140ff5367bc8f52967
io.joynr.java.messaging.websocket	joynr-websocket-common	1.7.0		ff6642d1aff491f6b3de1ce7767cf5a072258e2b
io.joynr.java.messaging.websocket	joynr-websocket-common	1.7.1		d944601a20210c4e3f83e73922affdb7949ea388
io.joynr.java.messaging.websocket	joynr-websocket-common	1.7.2		0c4c3fd969b9899c466b4d19dd0eca292c762be3
io.joynr.java.messaging.websocket	joynr-websocket-common	1.7.3		d247d64cb4341cbe8dc95fce316571f57e03d0c1
io.joynr.java.messaging.websocket	joynr-websocket-common	1.8.0		4690421608bfb8be7f45ac9d193d4e002494bcc5
io.joynr.java.messaging.websocket	joynr-websocket-common	1.8.10		5776cd3cff9a4e8caabda48c19513849ee41208b
io.joynr.java.messaging.websocket	joynr-websocket-common	1.8.11		ff9a169da3d9e0344197e480a86250c94e6df637
io.joynr.java.messaging.websocket	joynr-websocket-common	1.8.12		07c08ed5957007789f5abe9c2cd24252579c9d86
io.joynr.java.messaging.websocket	joynr-websocket-common	1.8.12.1		8f685d532ea0e44a9040b40e12a75525c1e17c1a
io.joynr.java.messaging.websocket	joynr-websocket-common	1.8.2		3e2f0b7b9454373e75726d799db47b9e72054a64
io.joynr.java.messaging.websocket	joynr-websocket-common	1.8.2.1		55ab19ca70375c025e9db14588f837211ebf402a
io.joynr.java.messaging.websocket	joynr-websocket-common	1.8.3		14e5d60915a16bf8ac6372410759caf51dd9c115
io.joynr.java.messaging.websocket	joynr-websocket-common	1.8.4		7fb5b3d159215d0fd9684797cc0b7bb139d460ff
io.joynr.java.messaging.websocket	joynr-websocket-common	1.8.5		542125e4a083203f2add11365d041633c1eb20c4
io.joynr.java.messaging.websocket	joynr-websocket-common	1.8.6		039179b67206adcc04d1d9fdf84d5d5dd1f699e2
io.joynr.java.messaging.websocket	joynr-websocket-common	1.8.7		1f54ec5c92adf23b854dcf4efc7eb009d56f5ef2
io.joynr.java.messaging.websocket	joynr-websocket-common	1.8.8		b14669f8dc0ccf70fc5615392f563eda728f28a1
io.joynr.java.messaging.websocket	joynr-websocket-common	1.8.9		04223d715c6f473b7deec69dbe514b24bab36b4c
io.joynr.java.messaging.websocket	joynr-websocket-common	1.8.9-paho		9b5b13201eb39d17f6a5e49a94f96dbb6309d6af
io.joynr.java.messaging.websocket	joynr-websocket-common	1.9.0		5326b1910f8625af8feb1d9ab1e4c7cfc63f98a0
io.joynr.java.messaging.websocket	joynr-websocket-common	1.9.1		11dc16b32eba1e2404d14d4e96b47929b361d068
io.joynr.java.messaging.websocket	joynr-websocket-common	1.9.2		6e86ace0f174feee013c7e690ec40cc15dc679b1
io.runon.commons	license	0.0.1		7af096365d6b34ac92c35a21d3cb4b5ee613e804
io.runon.commons	license	0.0.2		60e30b2e530207b8ec48f64479409195b87e8694
io.runon.commons	license	0.0.3		e2f595dd5a1306788dd53bd437df024aef04b1b3
io.tmio	tuweni-scuttlebutt-rpc	2.4.0		b33115e6cbea8e4a9a4653ee11bbe5bc3a847db2
io.tmio	tuweni-scuttlebutt-rpc	2.4.1		2ab2c174c96c2d7716d718f19f0fc1bbb0ee09a8
io.tmio	tuweni-scuttlebutt-rpc	2.4.2		24c00fca8c95df663f0686b61d1431878b6cb987
io.yupiik.alveoli	kafka-local	1.0.28		63edef767862817fae17897e13f99d1104603454
io.yupiik.alveoli	kafka-local	1.0.29		c8200d2f01f7021dfdddff4285ef90c72d9daaf3
it.tidalwave.bluebill	it-tidalwave-mobile-utilities-rdf	1.0.10		a36b2cbfd3cc927c6d47fa5f5c166f27f5b57710
it.tidalwave.bluebill	it-tidalwave-mobile-utilities-rdf	1.0.11		bbae17780bf4d43619c2feac18ee3a120b40730e
it.tidalwave.bluebill	it-tidalwave-mobile-utilities-rdf	1.0.12		130e791fe34475b8d878612b5a4cf08a821f0b18
it.tidalwave.bluebill	it-tidalwave-mobile-utilities-rdf	1.0.13		fe40e0ce8a22b5052bbdfdca939a7b7390f2bc35
it.tidalwave.bluebill	it-tidalwave-mobile-utilities-rdf	1.0.14		2b2a22a9d1b17eec349dffbaf90200d3b044412a
it.tidalwave.bluebill	it-tidalwave-mobile-utilities-rdf	1.0.15		246193bb432bf55a7a78388268d6f42d3d397961
it.tidalwave.bluebill	it-tidalwave-mobile-utilities-rdf	1.0.16		7c2d9ea03ea35b0e816337723d3a221fb22975f7
maven	maven-j2ee-plugin	1.0		cdb17a9f3682fe5f4cb4cb07ffd72d8904df02ba
maven	maven-j2ee-plugin	1.1		1168e35514b15e642a6db0f7dbdf6ce61bf6c801
me.suanmiao.ptrlistview	ptrLibrary	0.1.0		N/A
net.dongliu	direct-cache	0.2.2		78892507b78a6e47836ef74fa31fcd741bc952ad
net.dongliu	direct-cache	0.2.3		b59b9b864f15adaff906f8d5a7b5de99df90c08f
net.dongliu	direct-cache	0.2.4		9baae854d6c8dcf91b29925b677bb6780199cb66
net.dongliu	direct-cache	0.2.5		ca5e5a5dd6a1eb8dacdf7fd42839974589992154
net.dongliu	direct-cache	0.3.0		10e0e69c9c77532e31204b3ef0c2ef617d275a66
net.dongliu	direct-cache	0.4.10		c58ddc42b3611ed1e6ce25a61c1cce73fab6a3c5
net.dongliu	direct-cache	0.4.11		43af9d3323f85b69a403602c95593af5d40fc62f
net.dongliu	direct-cache	0.4.12		99bbf53fe9341ffb614bba1e830a10ed0d7fd978
net.dongliu	direct-cache	0.4.13		8f5f433f3a78d3e75c739de26284ea1912e23aff
net.dongliu	direct-cache	0.4.2		b69f7ed51950af94a04eac8ab3b0cbdab851ea7a
net.dongliu	direct-cache	0.4.5		bab998171dbacbfae3ab5e36e84c96161224f219
net.dongliu	direct-cache	0.4.7		e719d904573746b3cf43e311e5fb49507935d883
net.dongliu	direct-cache	0.4.8		64820ae71cce1aa9d778796acbeaed2f5f929b01
org.apache.tephra	tephra-hbase-compat-1.2	0.10.0-incubating		d4eecfb38f2ce46a9c32d5435f599abc9c958c0e
org.apache.tephra	tephra-hbase-compat-1.2	0.11.0-incubating		338aac5d0ddbbc8c8f91477fe533dbbdb40e5135
org.apache.tephra	tephra-hbase-compat-1.2	0.12.0-incubating		9f99a9bd1fbb5062266191a82efa651556a75553
org.apache.tephra	tephra-hbase-compat-1.2	0.13.0-incubating		642ea71bd9d82a1d3fe5240d07bc23d88d9b0dea
org.apache.tephra	tephra-hbase-compat-1.2	0.14.0-incubating		e483e78ad488ec3576b4350fb744598b7fa62ae1
org.apache.tephra	tephra-hbase-compat-1.2	0.15.0-incubating		38a3130e5007cf14cba6687937186f3fe8b12fa2
org.apache.tephra	tephra-hbase-compat-1.2	0.16.0		6f086fd4f108426996ccb82b0cd97102e5ca3324
org.apache.tephra	tephra-hbase-compat-1.2	0.16.1		43977b37a3c4b0f71e835772b28b242b3627861a
org.apache.tephra	tephra-hbase-compat-1.2	0.9.0-incubating		f48b4794f0b609590d92f1d59c01853707b7c07b
org.bytedeco.javacpp-presets	libpostal	1.1-alpha-1.4		de12166021afb83e6f5ddd30d63c835614fdb14f
org.bytedeco.javacpp-presets	libpostal	1.1-alpha-1.4	linux-x86_64	5f8ae50859de03bdbfa3745fea0539f57f88f920
org.bytedeco.javacpp-presets	libpostal	1.1-alpha-1.4	macosx-x86_64	72eebdc4f13db617863b4882c087e418923813ad
org.bytedeco.javacpp-presets	libpostal	1.1-alpha-1.4	windows-x86_64	d40d6fc428946ec832e8dc7d5910a0ca1edcc033
org.bytedeco.javacpp-presets	libpostal	1.1-alpha-1.4.1		cdd8936244c19f3dcc9f20426369c5de01157234
org.bytedeco.javacpp-presets	libpostal	1.1-alpha-1.4.1	linux-x86_64	b8cc515db757102980266eb719decea56f604bbc
org.bytedeco.javacpp-presets	libpostal	1.1-alpha-1.4.1	macosx-x86_64	42c05948d5c284811b52b09c43581e81bfdbd756
org.bytedeco.javacpp-presets	libpostal	1.1-alpha-1.4.1	windows-x86_64	29626661fc4f16c1e97f687793bf228cf8dba5f4
org.bytedeco.javacpp-presets	libpostal	1.1-alpha-1.4.2		7a3706d56d7cec8ef3b2d67b8c54416ee4d09c7a
org.bytedeco.javacpp-presets	libpostal	1.1-alpha-1.4.2	linux-x86_64	d9a2f6c0090c2c9c19b75b35743bda4d7ab72600
org.bytedeco.javacpp-presets	libpostal	1.1-alpha-1.4.2	macosx-x86_64	8f5212d7ba87fe3346eeadabee01f4422d27651d
org.bytedeco.javacpp-presets	libpostal	1.1-alpha-1.4.2	windows-x86_64	4db7f076c5d888f5d8144b3a7dc52718e11729e0
org.bytedeco.javacpp-presets	libpostal	1.1-alpha-1.4.3		8c2d0f44af0fd24fd8de7f0237149eb04b8e26d6
org.bytedeco.javacpp-presets	libpostal	1.1-alpha-1.4.3	linux-x86_64	afb1a5f6f070f14ac3fe8f9eeeabe8a89cc19889
org.bytedeco.javacpp-presets	libpostal	1.1-alpha-1.4.3	macosx-x86_64	352bee8e8b037d9dac5b771bb4075f9c61ed8b64
org.bytedeco.javacpp-presets	libpostal	1.1-alpha-1.4.3	windows-x86_64	a5c3a78c0cc8ccde2655eb20b8858194bd57531a
org.bytedeco.javacpp-presets	libpostal	1.1-alpha-1.4.4		d7b8e798ea9c702d6ed6795a9bc5b53bd86db811
org.bytedeco.javacpp-presets	libpostal	1.1-alpha-1.4.4	linux-x86_64	381558ee9454e514cdf44c4b187dad5ccb73cb9e
org.bytedeco.javacpp-presets	libpostal	1.1-alpha-1.4.4	macosx-x86_64	1d2ebbe0b53f4759b738e2db2aac0705f6d7df4a
org.bytedeco.javacpp-presets	libpostal	1.1-alpha-1.4.4	windows-x86_64	b951427dd4573ace1d96e73692051d50e066cf65
org.commonjava.util	o11yphant-trace-api	1.4		74ffb58c715cc1b4e4bc99a8dfdd81fd79e1476a
org.commonjava.util	o11yphant-trace-api	1.5		0902dc5ca65819dd1e1583f362b05304d8ad07bb
org.commonjava.util	o11yphant-trace-api	1.6		34b315a9df7ca9d4575ac982be44ec95ff8dd307
org.commonjava.util	o11yphant-trace-api	1.7		3aa5fd8213e0348abe4ebe5031c7deb4c446d7d3
org.commonjava.util	o11yphant-trace-api	1.8		060936bdac61c8d35717e43b7968dfe0e47826cc
org.commonjava.util	o11yphant-trace-api	1.9		71d2f6b4b692ea964988d8d77dd028e1512c4a0c
org.commonjava.util	o11yphant-trace-api	1.9.1		28256c49fe14b8c0ed9f9ef017d5293e7234e17b
org.daisy.pipeline.modules	css-speech	1.0.0		7b0845f2fdc84311175ab8ad3ef00b31ef685012
org.daisy.pipeline.modules	css-speech	2.0.0		23752fcb36d0a9291c547d44b6fee33642d7250b
org.daisy.pipeline.modules	css-speech	2.1.0		5b315abeef61ea7b7f7312c60c9bcccaa29484a6
org.daisy.pipeline.modules	css-speech	2.1.1		f8cf890f02d3b562d03a9da02d62dbc11d4d4c60
org.daisy.pipeline.modules	css-speech	2.1.1	doc	f7a01c473013f62dc697c846c3bc494f6e2269d0
org.daisy.pipeline.modules	css-speech	2.1.2		37f637988fb577537797faa2b0934e8523d174af
org.daisy.pipeline.modules	css-speech	2.1.2	doc	39b254c2f4d3cafe45b87ed262c2c16faf126c00
org.daisy.pipeline.modules	css-speech	2.1.2	xprocdoc	96a7c79720541f836427fa003d1cfc6d0fe65756
org.daisy.pipeline.modules	css-speech	2.1.3		c58f138e5fd28ef614fa973ac5ab3162e31291b8
org.daisy.pipeline.modules	css-speech	2.1.3	doc	22ab49b716d18e0fd723e8f7b41d2fc6ea373906
org.daisy.pipeline.modules	css-speech	2.1.3	xprocdoc	548579baba77cb52e668ffdcfa8a960c4ef17c43
org.daisy.pipeline.modules	css-speech	2.1.4		c908e785fa6c2c8123b5a50461ff338cbda2bf13
org.daisy.pipeline.modules	css-speech	2.1.4	doc	731fe45b48378fca846440db85ba31373638ee30
org.daisy.pipeline.modules	css-speech	2.1.4	xprocdoc	3ddea1825281b59190f92de83f2b1e86904f082a
org.daisy.pipeline.modules	css-speech	2.1.5		bafaa7e68f0bfe42ac3418d2c6844a1d60ce9242
org.daisy.pipeline.modules	css-speech	2.1.5	doc	6b4af0cb67d9e0b3582b2aef6456645de1f53b5b
org.daisy.pipeline.modules	css-speech	2.1.5	xprocdoc	db17489a73e367e0a993613a7c3531e28bf1eab4
org.daisy.pipeline.modules	css-speech	3.0.0		b84880e88a813fc423187efc23e989734240058b
org.daisy.pipeline.modules	css-speech	3.0.0	doc	ec10c9e898da8ab5a8b756906f342f5cfeecea99
org.daisy.pipeline.modules	css-speech	3.0.0	xprocdoc	f470e499a0bb057c6c7836f33ab4af411115c08c
org.daisy.pipeline.modules	css-speech	3.1.0		8c3e9363351c272b5fbae32ce8840cb06e3773bf
org.daisy.pipeline.modules	css-speech	3.1.0	doc	35ea1dbd612280ed11ea731786a01a2949b27296
org.daisy.pipeline.modules	css-speech	3.1.0	xprocdoc	212266b26625241587ce0f840dc7b673668d9499
org.daisy.pipeline.modules	css-speech	3.1.1		658aebd1a5cd85525fb6c5659b20029bb58fc41c
org.daisy.pipeline.modules	css-speech	3.1.1	doc	061d1c68566381e0a3627dd3640f47586d6a0854
org.daisy.pipeline.modules	css-speech	3.1.1	xprocdoc	8b7e8bf839dadaf1acd104b307fdd4af2e1fb669
org.daisy.pipeline.modules	css-speech	3.1.2		7cbdf6e69c48f59b055c059d7fe39df10529c78d
org.daisy.pipeline.modules	css-speech	3.1.2	doc	9de44f81fb9495f8ca54c7ba326bc592c1004a31
org.daisy.pipeline.modules	css-speech	3.1.2	xprocdoc	122e13cfbb57e9384ecc8c783b611fb568eb06e5
org.daisy.pipeline.modules	css-speech	3.1.3		7d6b9403c1bcd031fd8e27a28c6cd7deb64b4450
org.daisy.pipeline.modules	css-speech	3.1.3	doc	1db5ba7ed0865e7d2a615703984f8c4313b3b3a7
org.daisy.pipeline.modules	css-speech	3.1.3	xprocdoc	f044166a3a5ea9d8b2ef10412121f8eddc4d5423
org.danbrough.ktor	ktor-network-tls-iosx64	2.2.3		330669cdd221ad8f0f2ac168ebbc8dd85459941c
org.danbrough.ktor	ktor-network-tls-iosx64	2.2.3	metadata	15c0a0e1dafe9f085645122cc687acc085717868
org.danbrough.sqldelight	native-driver-watchosx64	2.0.0-alpha03		N/A
org.danbrough.sqldelight	native-driver-watchosx64	2.0.0-alpha03	metadata	cc561b669449df8bce9732f6752da394216eacc2
org.danbrough.sqldelight	native-driver-watchosx64	2.0.0-alpha04		N/A
org.danbrough.sqldelight	native-driver-watchosx64	2.0.0-alpha04	metadata	89c0f72fd2049378ab1d65dc2a3635d7e6b8a80e
org.eclipse.edc	accesstokendata-store-sql	0.10.0		77f86a4370862779561ea6f7aca6ed0fc60f3783
org.eclipse.edc	accesstokendata-store-sql	0.10.1		3f9d290690b96cc08c3c777e044f97c59b66bfc2
org.eclipse.edc	accesstokendata-store-sql	0.11.0		8896bb8c2f2d1ee24cc99d2ca79a8a57744eb1f4
org.eclipse.edc	accesstokendata-store-sql	0.11.1		2ddafaf17a3e0aa58a9f2595bdc48ec46fa21437
org.eclipse.edc	accesstokendata-store-sql	0.12.0		2056bd8ec28b937daa93d4208430e7f72022a27b
org.eclipse.edc	accesstokendata-store-sql	0.6.0		4f0b153b53c3c6898e9485cd0007f22e4c7b9fc6
org.eclipse.edc	accesstokendata-store-sql	0.6.1		10b71630793f037f1028a03f998b6625d5765404
org.eclipse.edc	accesstokendata-store-sql	0.6.2		0d78bb879716b29e32747a438d0df062d7ed069d
org.eclipse.edc	accesstokendata-store-sql	0.6.3		959e34b73ec65383e167132de15073994545b8e8
org.eclipse.edc	accesstokendata-store-sql	0.6.4		e63aa4d967b9a59e326b47d09f57e725b9718cd4
org.eclipse.edc	accesstokendata-store-sql	0.7.0		23771972f9cd38e046bbc4a6bc7c8a35ce64a5e7
org.eclipse.edc	accesstokendata-store-sql	0.7.1		d86a038c9ced92a939e13afd241ac78ce165e226
org.eclipse.edc	accesstokendata-store-sql	0.7.2		083c66a27f602ce40292eb1eb1dab505c37974eb
org.eclipse.edc	accesstokendata-store-sql	0.8.0		c0cc4c47e9c7413242315118b4e13aa1c9e06f3b
org.eclipse.edc	accesstokendata-store-sql	0.8.1		0ef3fc7d7b4de1a4e455fbd654aedaabcea007dd
org.eclipse.edc	accesstokendata-store-sql	0.9.0		6cdf5fe79144ec85c8c3982de1c003691229421e
org.eclipse.edc	accesstokendata-store-sql	0.9.1		84736fc1de39b3536e593af75be94074173da328
org.eclipse.jst.servlet	ui	1.1.102-v200709122200		65cf67eef5a1941c213ca2a216afc6a5d5a9bf5d
org.fujion.webjars	bootstrap	3.3.7		4cda08bdb89b3a24931913e3ad0c0000ac5cd1d0
org.mayocat.platform	mayocat-platform-accounts-rest	0.40.0		daf33eed3216e5f00cfbb1b226b10d330a2a0d0b
org.mule.tools	mule-transport-archetype	1.4.1		1191c13f89803cd864fad604cd7d37eeb54f9efc
org.mule.tools	mule-transport-archetype	1.4.2		1b867ba30954c75b45acd40f5267ee915b542b0b
org.mule.tools	mule-transport-archetype	1.4.3		445ab4480c386807bbec23918fcb7cce23087678
org.mule.tools	mule-transport-archetype	1.4.4		a95c17cfff0d2f05ff466f922ebf831908494e77
org.mule.tools	mule-transport-archetype	2.0-M1		3c7e8636e3ad09ea0b0fab32d2bebcb8d99fcc2e
org.mule.tools	mule-transport-archetype	2.0.0		2fb9500dc99dc4b91ebc567f3f9402c7a24a1f42
org.mule.tools	mule-transport-archetype	2.0.0-M2		7ad2b8d477b1a3ca2ebad857854dee6c7d7c498d
org.mule.tools	mule-transport-archetype	2.0.0-RC1		452b13d711488b3ca60f36922fb37c7cc09709c8
org.mule.tools	mule-transport-archetype	2.0.0-RC2		a793f31c1e9625116bdfeb5b3bb9e0c14c46b1de
org.mule.tools	mule-transport-archetype	2.0.0-RC3		8af9d8aa7519dfdf5d7518aaa2cfcca82cfd272e
org.mule.tools	mule-transport-archetype	2.0.1		703534ff019b3767b1d10a0f8c490785ad639f97
org.mule.tools	mule-transport-archetype	2.0.2		38d99ceec2837e3da83f8960319239c31d52ded8
org.mule.tools	mule-transport-archetype	2.1.0		3b77f7a4257c17482a6c54f20724dd622b6d484b
org.mule.tools	mule-transport-archetype	2.1.0-M2		1ce111913e6ebf71cedb21c9ceae281a885ab381
org.mule.tools	mule-transport-archetype	2.1.1		3bd36dad6802ab1388d510cb695d9d7aa794352d
org.mule.tools	mule-transport-archetype	2.1.2		7eaa0e16abcd4bdfc437b5d49dc412de8beda6ba
org.mule.tools	mule-transport-archetype	2.2.0		c35afc6ee6b743904fd26f0e7ef20a6fc9339a1a
org.mule.tools	mule-transport-archetype	2.2.1		04b62f855e796d32edf8315f07ae2089cf2b64b3
org.mule.tools	mule-transport-archetype	2.2.3		ad91afd651350d0cd175425b4b7f99de164d6464
org.mule.tools	mule-transport-archetype	3.0.0		1c921af898f53ad782662a4467c987e780a42f17
org.mule.tools	mule-transport-archetype	3.0.0-M1		1108a9a4f58e7a18d9a39b1566b5545d21196d33
org.mule.tools	mule-transport-archetype	3.0.0-M2		c2ae7fe8f241209a8e962fbf5afcbd7bc7d08f2d
org.mule.tools	mule-transport-archetype	3.0.0-M2-20090803		3162a5a0930733a162a5166b31f3d689a0bc67e7
org.mule.tools	mule-transport-archetype	3.0.0-M2-20091006		894e7164b2005ca681b14bcf948efb6e9ff9b57f
org.mule.tools	mule-transport-archetype	3.0.0-M2-20091026		f319f012472cd8352b9ffadc8419f4afa8659f9d
org.mule.tools	mule-transport-archetype	3.0.0-M2-20091124		4b184ece09ca689361fd5601755d718d93edf55b
org.mule.tools	mule-transport-archetype	3.0.0-M2-20091130		f8581483da7182f4c9730ac3f46e64ddda7da4df
org.mule.tools	mule-transport-archetype	3.0.0-M3		8bec5a1fa50e4e27a4cec62ee2f921cd3499538c
org.mule.tools	mule-transport-archetype	3.0.0-M4		f1d156e9fe0cc51aaec909603c9b04eabae4a894
org.mule.tools	mule-transport-archetype	3.0.0-RC1		019f030be713db59109b33224bcd6b1a9050fd60
org.mule.tools	mule-transport-archetype	3.0.0-RC2		e37564975f5ed9ce984664ee8911a359e7a3bea8
org.mule.tools	mule-transport-archetype	3.0.1		572fd8edd19ec85991fd80a79f35b6b0d1ab87d6
org.mule.tools	mule-transport-archetype	3.1.0		3557fd1c790d60b6f0600a2924ad33dc6353a9da
org.mule.tools	mule-transport-archetype	3.1.0-RC1		9b0a8c45389d0fc60662373ac172345650ce0b4e
org.mule.tools	mule-transport-archetype	3.1.1		d45aadf48b7925ad370f9f1586fd6a821f1f84c4
org.mule.tools	mule-transport-archetype	3.1.2		5ab140a85d366ec5e0bcd669c79f0704a3b11802
org.mule.tools	mule-transport-archetype	3.2.0		9da7086e39cca0445ab53649764848f12ee830e9
org.mule.tools	mule-transport-archetype	3.2.0-M1		3332fddfb656a51047c6fefa222f71fcd7a2c763
org.mule.tools	mule-transport-archetype	3.2.1		8b445ef9abca1c73d6f540c5933f1b0453f743ea
org.mule.tools	mule-transport-archetype	3.3-M1		4992da3aec535ceac428c64d5d8ca7fd21d2ce94
org.mule.tools	mule-transport-archetype	3.3-M2		ef77d4e7551e1b632fbc3b2982dae1a7cb98d17b
org.mule.tools	mule-transport-archetype	3.3.0		cdab9ad7c7a0fe5a616ecb909b8bec8b14e241dc
org.mule.tools	mule-transport-archetype	3.3.0-EA		f840fd81e7febe076c76535f6e13672e59d84212
org.mule.tools	mule-transport-archetype	3.3.0-RC1		a5c642af64c91037e8f55e3aec2823222c99decd
org.mule.tools	mule-transport-archetype	3.3.0-RC2		1b51265d4438335f9510ed8682141e9b8ec95019
org.mule.tools	mule-transport-archetype	3.3.0-RC3		bf1cc533ac21067a8e9af265f6c61874b26d7b50
org.mule.tools	mule-transport-archetype	3.3.1		9c1e68b30119156931eeabfdb85f25ef1728c955
org.mule.tools	mule-transport-archetype	3.4-M1		e4c1b6d7f9fa13d3bc002726a970dd7a9d422df2
org.mule.tools	mule-transport-archetype	3.4.0		8ef5504ba1173e62e6c55925539915546d17f113
org.mule.tools	mule-transport-archetype	3.4.0-RC1		59a9ebb9f06ad7dcddaf0ee3f21375d3fd0c1b90
org.mule.tools	mule-transport-archetype	3.5.0-bighorn		9ccd0795966a01b598db3ceef43a7c8b8c3d093f
org.mule.tools	mule-transport-archetype	3.5.0-bighorn-RC3		c332349a3d272e7e64458bc802ed12f7966ded44
org.mule.tools	mule-transport-archetype	3.6.0		e33d47304f11b21ed3065524c40d2ff852791147
org.mule.tools	mule-transport-archetype	3.7.0		9f53e7cbcebc8748214fa9467ad984ef8a29e6a0
org.mule.tools	mule-transport-archetype	3.8.0		30989f8af73119eeb5bacbbc376f8f8f9911da38
org.mule.tools	mule-transport-archetype	3.8.1		7d5a52419fa06de25f6031d3c87788f9385ba4d8
org.mule.tools	mule-transport-archetype	3.9.0		bfe272298cddf86621b7c64302659154d6fa2123
org.ops4j.ramler	ramler-java	0.1.0		ebb17b5aa4964f8f4378119f27166e47d4ddc1d1
org.ops4j.ramler	ramler-java	0.10.0		bc489033ced7b5895f77203119ed8527331b86b9
org.ops4j.ramler	ramler-java	0.2.0		f954ce5f1c83956f5ad10b66b8795ba2af830dde
org.ops4j.ramler	ramler-java	0.3.0		6b4ec57f4385a627ed29003fcf565fb0356aa175
org.ops4j.ramler	ramler-java	0.4.0		f1be956bb1bae5ffe3059e2839aa606a777634b3
org.ops4j.ramler	ramler-java	0.5.0		5a06616c5754c1f34c532c220de6e41cec91b76e
org.ops4j.ramler	ramler-java	0.6.0		ee820f630fa500fa060347ac514f99e40597c5ac
org.ops4j.ramler	ramler-java	0.6.1		ad7f44e1e9b1b932f5ffca453184793ca6df2860
org.ops4j.ramler	ramler-java	0.7.0		51b2712594b4af82d36640b061dd74897c586b9e
org.ops4j.ramler	ramler-java	0.8.0		f7dccc56a633feb1480899c904e3f68339e0fb5a
org.ops4j.ramler	ramler-java	0.9.0		674707a3ac0466716c4f859d2c1dab20a3704c76
org.springframework.cloud	spring-cloud-starter-gateway-mvc	4.1.0		1f83378d57bcc4ac625c43c7ff914481eb5f9de6
org.springframework.cloud	spring-cloud-starter-gateway-mvc	4.1.1		7fce44a991bd57e770342a04dc73293658a970a0
org.springframework.cloud	spring-cloud-starter-gateway-mvc	4.1.2		470c09ad2e3fc9a7c72c2813ffc54faf987de6a3
org.springframework.cloud	spring-cloud-starter-gateway-mvc	4.1.3		94d1369d63fde7879f8d1320ec0a1f2a97d35a6f
org.springframework.cloud	spring-cloud-starter-gateway-mvc	4.1.4		8632d8a85e863cccf036bd09bfa4ff333a08546f
org.springframework.cloud	spring-cloud-starter-gateway-mvc	4.1.5		6b308e68ac0f50c4b659801e8cb4773efe15c07a
org.springframework.cloud	spring-cloud-starter-gateway-mvc	4.1.6		d05368af8e1e438e552d057929ad77509d569b86
org.springframework.cloud	spring-cloud-starter-gateway-mvc	4.1.7		b20fa72421d11ac091e7e2609859863d0e385777
org.springframework.cloud	spring-cloud-starter-gateway-mvc	4.2.0		92bb4c75e16f1a13bca425549ed51f80984ea15c
org.springframework.cloud	spring-cloud-starter-gateway-mvc	4.2.1		40d17e2d2368877ceeaf0581b5616c74a114a8dd
org.springframework.cloud	spring-cloud-starter-gateway-mvc	4.2.2		a57ca80c88c93d5888c3613e3d3f2889d4ff938e
org.trimou	trimness-core	1.0.0.Beta1		45b8eeaf77f10c00329d56cef7e33e7b0d9d3d0c
org.typelevel	catalysts-speclite_sjs0.6_2.12	0.0.5		cd4a7fccbef82a223902daedecb13191412e2711
org.typelevel	catalysts-speclite_sjs0.6_2.12	0.6		39b33b11141e6949d36244ccd5defe1644a14b04
org.typelevel	catalysts-speclite_sjs0.6_2.12	0.7		da83b5824195d7143b78e3d44b3264a1df5ccdf7
org.typelevel	catalysts-speclite_sjs0.6_2.12	0.8		9129930f3a59b111cd7bc58e00e49ab36d29261a
org.webjars.npm	caching-transform	3.0.2		0c5dc9091100d1ac5bc921483fe0d659eb6644c5
org.webjars.npm	jsdoctypeparser	1.2.0		9f613c9d1fdfc2b7f7be0af882b3bf94f8fec5ae
ru.astrainteractive.mobilex	orbit-mvi-android	2.3.2		N/A
sh.almond.tmp.ammonite	ammonite-repl-api_2.13.0	3.0.0-M0-36-8856669f		d1e84dcb738b256835b314907cc321cda3e9031c
sh.almond.tmp.ammonite	ammonite-repl-api_2.13.0	3.0.0-M0-38-dd60a0b5		47f989b4799d9b8c22eff76c1c05ce5fe50b95e5
sh.almond.tmp.ammonite	ammonite-repl-api_2.13.0	3.0.0-M0-39-72f519a6		e2c960d3eb11ec41f9174e2321964b293fc2f550
sh.almond.tmp.ammonite	ammonite-repl-api_2.13.0	3.0.0-M0-40-d95c3b3d		47d6ee7a40a46d38bab47185864f407abe6a1cee
sh.almond.tmp.ammonite	ammonite-repl-api_2.13.0	3.0.0-M0-41-26a93d9c		eeaa1a759f89239307ba19a87e81fcae603effa7
sh.almond.tmp.ammonite	ammonite-repl-api_2.13.0	3.0.0-M0-42-a9b51919		a085a3b958a3dc3ae5caf0bd80006ea06f84ded8
sh.almond.tmp.ammonite	ammonite-repl-api_2.13.0	3.0.0-M0-44-1f535bd1		1dcf570e0560c89c144796178ba7c13a10c8507e
sh.almond.tmp.ammonite	ammonite-repl-api_2.13.0	3.0.0-M0-45-9c598c7c		d57d6d2cd6bf0220ccef6000d8cbcfd3a1020e8b
sh.almond.tmp.ammonite	ammonite-repl-api_2.13.0	3.0.0-M0-48-6c09dd71		938ec99fa02af5bfa1a07e2b3ab96bfa80ea6b59
sh.almond.tmp.ammonite	ammonite-repl-api_2.13.0	3.0.0-M0-49-82b3e605		6d5eeae110b80cd5468912ded89ec24d508ab434
sh.almond.tmp.ammonite	ammonite-repl-api_2.13.0	3.0.0-M0-50-9a35e1dd		649c3a79aa312918d57b703537bad977ef9fffd8
sh.almond.tmp.ammonite	ammonite-repl-api_2.13.0	3.0.0-M0-50-f03f2d82		b2449779529d1216ddaab0132e399d5f53167531
sh.almond.tmp.ammonite	ammonite-repl-api_2.13.0	3.0.0-M0-58-8d00463c		6368383b844f389e7294327f89b8fa1b7f880219
sh.almond.tmp.ammonite	ammonite-repl-api_2.13.0	3.0.0-M0-67-83057fea		22a6781e017240105830d748fb858b2dc5adbc89
sh.almond.tmp.ammonite	ammonite-repl-api_2.13.0	3.0.0-M0-67-fcfedca6		72fbcbab473cc35e8abd00e351683bddacbe5f24
software.purpledragon	utils_2.12	1.0.0		856d116fe7c092895fdb0b83c55dd85f6b6c2d5e
world.avionik	console-factory	1.0.1		03cc6a5dc9b2b5964dd90cd697d8873ceb373edc
