ai.acyclic.shapesafe	shapesafe-macro_2.13	0.1.0		c4c38e24dfaefcd766ddddc625324ae2ce53808a
ai.acyclic.shapesafe	shapesafe-macro_2.13	0.1.1		380ca8542ccbb2145a832182e5591c3d2343e772
ai.acyclic.shapesafe	shapesafe-macro_2.13	0.1.2		3830aa6e2769960fb2a888589865afbfd53b6490
ai.acyclic.shapesafe	shapesafe-macro_2.13	0.1.3		0e7ff00b560231b68b2fb637651458aa02de7c46
ai.acyclic.shapesafe	shapesafe-macro_2.13	0.1.4		938eef0b728e6454a740ee111a7a6b50d1371801
au.gov.nehta	hi-b2b-client	1.6.1		831ef7c707cc442ee834484f87005b8f00c45282
au.gov.nehta	hi-b2b-client	1.6.2		276ce180ae90b07d5b1bee9cb540256cfc9cec4b
be.fluid-it.reactive-microservice.bundle.mixins	docker	0.1-0		N/A
be.fluid-it.reactive-microservice.bundle.mixins	docker	0.1-1		N/A
be.fluid-it.reactive-microservice.bundle.mixins	docker	0.1-2		N/A
be.fluid-it.reactive-microservice.bundle.mixins	docker	0.1-3		N/A
be.fluid-it.reactive-microservice.bundle.mixins	docker	0.1-4		N/A
be.fluid-it.reactive-microservice.bundle.mixins	docker	0.1-5		N/A
be.fluid-it.reactive-microservice.bundle.mixins	docker	0.1-6		N/A
be.fluid-it.reactive-microservice.bundle.mixins	docker	0.1-7		N/A
be.fluid-it.reactive-microservice.bundle.mixins	docker	0.1-8		N/A
ch.jodersky	akka-serial-sync_2.11	4.0.0		b8bbdc67e2f3af86db2f93c40db93c5252ec591e
ch.jodersky	akka-serial-sync_2.11	4.0.0-RC1		afee200cfb26852a9186fd8ef48e02949e89b26d
ch.jodersky	akka-serial-sync_2.11	4.1.0		b679678a5871f555e00d7550fc51eb4536c45756
ch.jodersky	akka-serial-sync_2.11	4.1.1		d51529fa6379872c425b075027fe7df54ecf5b1f
ch.jodersky	akka-serial-sync_2.11	4.1.2		0b74c49c6af605cd3869c88af8457d9df0058790
ch.jodersky	akka-serial-sync_2.11	4.1.4		e62be3b79d85d4e9ff94ee12f2f2e9b59caf017a
ch.tutteli.atrium	atrium-api-infix-kotlin_1_3	1.0.0		26c4206e3ea4c8c13c6b8a2f5ac945ae7d281ce1
ch.tutteli.atrium	atrium-api-infix-kotlin_1_3	1.0.0-RC1		49f34f24b7b1cb8383e8ca1ddb71dd9bed20dca3
ch.tutteli.atrium	atrium-api-infix-kotlin_1_3	1.0.0-RC2		23995f2a7cc3a282cb4a6950df0b03836b8f76bf
ch.tutteli.atrium	atrium-api-infix-kotlin_1_3	1.1.0		e5fd051afdd1795e2aa8e4e0f9de96b5d679651b
co.enear.maven.plugins	keepachangelog-maven-plugin	1.2.2		b7f7f1a35c98765b3629a87bba24ca165d83cd8b
co.enear.maven.plugins	keepachangelog-maven-plugin	1.2.3		d46abe31eb7d873e340c46c9da93140dd207eb31
co.enear.maven.plugins	keepachangelog-maven-plugin	1.3.0		7336e9d5b49f5fc29b1cba9793d78f664e9e9a6e
co.enear.maven.plugins	keepachangelog-maven-plugin	1.4.0		390603d9c48c4639d1ddce2e92e37d6c2ad4dab6
co.enear.maven.plugins	keepachangelog-maven-plugin	2.0.0		30bd4e2544d613e6322046b96b2907a3787da5d3
co.enear.maven.plugins	keepachangelog-maven-plugin	2.1.0		cb5e85df2df4aa7040352a65e5b07776696200fd
co.enear.maven.plugins	keepachangelog-maven-plugin	2.1.1		d0ccce7e5b9f98c4a0282366412de1c960326779
co.touchlab	kermit-crashlytics-test-tvossimulatorarm64	1.0.0		N/A
co.touchlab	kermit-crashlytics-test-tvossimulatorarm64	1.0.0	metadata	0347e36426e82f0f655cfa81a2996071c60d3c60
co.touchlab	kermit-crashlytics-test-tvossimulatorarm64	1.0.2		N/A
co.touchlab	kermit-crashlytics-test-tvossimulatorarm64	1.0.2	metadata	f34a464913b468a39d21ce212722f28dde400bc2
co.touchlab	kermit-crashlytics-test-tvossimulatorarm64	1.0.3		N/A
co.touchlab	kermit-crashlytics-test-tvossimulatorarm64	1.0.3	metadata	a11cc0953477855fd14a065a79f1a6650a2b5800
co.touchlab	kermit-crashlytics-test-tvossimulatorarm64	1.1.0		N/A
co.touchlab	kermit-crashlytics-test-tvossimulatorarm64	1.1.0	metadata	3ea29cb77fecae7474630569e083d397d2755b6c
co.touchlab	kermit-crashlytics-test-tvossimulatorarm64	1.1.1		N/A
co.touchlab	kermit-crashlytics-test-tvossimulatorarm64	1.1.1	metadata	c021ad6139fe78d06363ce4f9c4df91b97315b6d
co.touchlab	kermit-crashlytics-test-tvossimulatorarm64	1.1.2		N/A
co.touchlab	kermit-crashlytics-test-tvossimulatorarm64	1.1.2	metadata	4fc8305f367f3a5d9e54abce8aa70f25669b9549
co.touchlab	kermit-crashlytics-test-tvossimulatorarm64	1.1.3		N/A
co.touchlab	kermit-crashlytics-test-tvossimulatorarm64	1.1.3	metadata	67e010599fb0f4cff92a330ac22dc7e8d66c5b9c
co.touchlab	kermit-crashlytics-test-tvossimulatorarm64	1.2.0-M2		N/A
co.touchlab	kermit-crashlytics-test-tvossimulatorarm64	1.2.0-M2	metadata	baf64115c66d1f77b6a5c19674262e983c738c02
com.addthis	stream-lib	3.0.0		e0fd3e416b0b70b9a102f37a6da1812ba82d6710
com.alejandrohdezma	sbt-fix-root_2.12	0.4.0		b05146a6ffacb0cc525711aa6c0fffcf168100c4
com.alexrdclement.uiplayground	ui-playground-theme-jvm	0.0.10		7d0705fd6e091e8edad0e9a991f3efe97278d506
com.alexrdclement.uiplayground	ui-playground-theme-jvm	0.0.5		9c9386912db8c940e4c8f166687a164bfafe412e
com.alexrdclement.uiplayground	ui-playground-theme-jvm	0.0.6		ef5f2b0c4a07e5578fc682eef3ec440c6c5c81b7
com.alexrdclement.uiplayground	ui-playground-theme-jvm	0.0.7		ef5f2b0c4a07e5578fc682eef3ec440c6c5c81b7
com.alexrdclement.uiplayground	ui-playground-theme-jvm	0.0.8		ef5f2b0c4a07e5578fc682eef3ec440c6c5c81b7
com.alexrdclement.uiplayground	ui-playground-theme-jvm	0.0.9		ef5f2b0c4a07e5578fc682eef3ec440c6c5c81b7
com.antgroup.antchain.openapi	openapi-webtrwatrade	1.0.10		9a3c64c1a7786a1e019ab7aa3343cbd4229dbc5d
com.apollographql.apollo	apollo-runtime-iossimulatorarm64	4.0.0		N/A
com.apollographql.apollo	apollo-runtime-iossimulatorarm64	4.0.0	metadata	4e4fcc1c3e4e53ca0efea7e8d8c1527dbbe4002a
com.apollographql.apollo	apollo-runtime-iossimulatorarm64	4.0.0-rc.1		N/A
com.apollographql.apollo	apollo-runtime-iossimulatorarm64	4.0.0-rc.1	metadata	5a00f571f57164f6bdc22e23ee79c268e4832d02
com.apollographql.apollo	apollo-runtime-iossimulatorarm64	4.0.0-rc.2		N/A
com.apollographql.apollo	apollo-runtime-iossimulatorarm64	4.0.0-rc.2	metadata	aa4aedf537881d0f84e3c48dd8aab3af3064f20a
com.apollographql.apollo	apollo-runtime-iossimulatorarm64	4.0.1		N/A
com.apollographql.apollo	apollo-runtime-iossimulatorarm64	4.0.1	metadata	a17be8a4be467836f6781a294fcf4f7947750454
com.apollographql.apollo	apollo-runtime-iossimulatorarm64	4.1.0		N/A
com.apollographql.apollo	apollo-runtime-iossimulatorarm64	4.1.0	metadata	a658e999df08e3657c981b3c5938c40ab8a812c1
com.apollographql.apollo	apollo-runtime-iossimulatorarm64	4.1.1		N/A
com.apollographql.apollo	apollo-runtime-iossimulatorarm64	4.1.1	metadata	534b1f8fa8b64a99fce9d9cb3a7c1dac6de151b1
com.apollographql.apollo	apollo-runtime-iossimulatorarm64	4.2.0		N/A
com.apollographql.apollo	apollo-runtime-iossimulatorarm64	4.2.0	metadata	3e830062175f501252e1cface536faf81440263f
com.armanbilge	http4s-circe_2.13	1.0-148-8da8898		a3e17635a08c804aa90d4fc2a2ffb093cfff43ad
com.armanbilge	http4s-circe_2.13	1.0-377-020cf9e		3478d392d2fc7faa490bd83bdb0af609b334f46e
com.daveayan	rjson	1.0		a0283c2c32f4b2e7bae639f801acc23f5746b573
com.daveayan	rjson	1.1		086e58459350f414577165d5eec6d9e460174865
com.daveayan	rjson	1.10		16c605dbfd72f33ac52675d584aed4ea1370ba28
com.daveayan	rjson	1.11		137023b64c2f553f320aa9ad2b8ef109c166c170
com.daveayan	rjson	1.3		c898c379a287021b116efc6aeb5f12e6e79be0d8
com.daveayan	rjson	1.4		0e98289773cf3e033a8bbba9574474085e5bc931
com.daveayan	rjson	1.5		d6e5a5296da360585d3441b0d1d9bdb98bd6e280
com.daveayan	rjson	1.6		6fc666cb7095e455795de1a805f6a44aa7367383
com.daveayan	rjson	1.7		de1c90db69f3cb2c028d6aec51381febb9b1c40f
com.daveayan	rjson	1.8		69e60b9ea6c5c02dec71e3022e8984d358b675f9
com.daveayan	rjson	1.9		3d7eef9e4363d4a3144c320f35803d51eaa6ba64
com.fresco-kitchenos	kitchenos-client-sdk-appliance-state-api-iosx64	1.27.0		N/A
com.fresco-kitchenos	kitchenos-client-sdk-appliance-state-api-iosx64	1.27.0	metadata	11bfaf571050b6f82e9eea63181a51517c21c509
com.fresco-kitchenos	kitchenos-client-sdk-appliance-state-api-iosx64	1.27.1		N/A
com.fresco-kitchenos	kitchenos-client-sdk-appliance-state-api-iosx64	1.27.1	metadata	17337c07b139d1a3a1ebd670e51331b23b44f230
com.fresco-kitchenos	kitchenos-client-sdk-appliance-state-api-iosx64	1.27.2		N/A
com.fresco-kitchenos	kitchenos-client-sdk-appliance-state-api-iosx64	1.27.2	metadata	ceebf7cab39957e2d4c0edb64e60ff9207afe243
com.fresco-kitchenos	kitchenos-client-sdk-appliance-state-api-iosx64	1.28.0		N/A
com.fresco-kitchenos	kitchenos-client-sdk-appliance-state-api-iosx64	1.28.0	metadata	f9adb8bdd3c3d816fd2236507ad344485dabae16
com.fresco-kitchenos	kitchenos-client-sdk-appliance-state-api-iosx64	1.29.0		N/A
com.fresco-kitchenos	kitchenos-client-sdk-appliance-state-api-iosx64	1.29.0	metadata	6f1a216c7c092a7c57128d555f200101b27a108a
com.fresco-kitchenos	kitchenos-client-sdk-appliance-state-api-iosx64	1.29.1		N/A
com.fresco-kitchenos	kitchenos-client-sdk-appliance-state-api-iosx64	1.29.1	metadata	773b0d402ed45fbdf58a981675fcd72480950595
com.fresco-kitchenos	kitchenos-client-sdk-appliance-state-api-iosx64	1.29.2		N/A
com.fresco-kitchenos	kitchenos-client-sdk-appliance-state-api-iosx64	1.29.2	metadata	978e37f87b2e4a04d2e0382a68921088d90d37fd
com.fresco-kitchenos	kitchenos-client-sdk-appliance-state-api-iosx64	1.30.0		N/A
com.fresco-kitchenos	kitchenos-client-sdk-appliance-state-api-iosx64	1.30.0	metadata	fa22c2f685e9cf1ecc518aa1545d05d32e086289
com.fresco-kitchenos	kitchenos-client-sdk-appliance-state-api-iosx64	1.30.1		N/A
com.fresco-kitchenos	kitchenos-client-sdk-appliance-state-api-iosx64	1.30.1	metadata	357963431dfc530f3b7d0b503388528f8c420e6f
com.fresco-kitchenos	kitchenos-client-sdk-appliance-state-api-iosx64	1.31.0		N/A
com.fresco-kitchenos	kitchenos-client-sdk-appliance-state-api-iosx64	1.31.0	metadata	f0582656524fefae4f9ea870523022e5483874c7
com.fresco-kitchenos	kitchenos-client-sdk-appliance-state-api-iosx64	1.31.1		N/A
com.fresco-kitchenos	kitchenos-client-sdk-appliance-state-api-iosx64	1.31.1	metadata	65b35edb38d37bb455fc1512ea173380bd69dc69
com.github.francis-pang	expense-tally-base	63		f2bbfa77130afd16c552cdce98b37064bb9fce84
com.github.francis-pang	expense-tally-base	64		4cc963db1f9aacce08f185899e1512e5b07fb6c7
com.github.francis-pang	expense-tally-base	65		ade6084987a9a2923e7e3cdd7dd606bf3dccbb61
com.github.francis-pang	expense-tally-base	66		45c8cf043a6ee995605467dfd040c2a468647195
com.github.francis-pang	expense-tally-base	67		9d95cdc9f1000c652ae3199986d4c4f1a7c2e327
com.github.francis-pang	expense-tally-base	68		27957ac3e5fd1cb203964ac3ce760dd52715a918
com.github.francis-pang	expense-tally-base	69		1b10fbd50222fb6f482c22338741ac696d242aa1
com.github.francis-pang	expense-tally-base	70		002140cb7bf321d9c88a5b948e0d61103dc3e77d
com.github.francis-pang	expense-tally-base	71		8b70fd004658b54fe9893ef1bc000f62737112e1
com.github.francis-pang	expense-tally-base	72		8a3f93f6ea1f95eba643bd3566239bf9caeb9983
com.github.francis-pang	expense-tally-base	73		051f8ee5f82513b665c976dee7ae1a79f1becd76
com.github.francis-pang	expense-tally-base	74		d0eb4d1f00c97c573867dfaa62375f5bde7bb575
com.github.francis-pang	expense-tally-base	75		9678a846cddd4597264594986786689e237f915d
com.github.lijian69	jienlee-common	1.1.0		b8b07aab0e2bc1efbaaf447e76dc1190e8cefd3c
com.github.ztan.ezy-locality	ezy-locality-is	0.1.1		eee590fa9e37d63c5203a8b6efc7b4361182640f
com.github.ztan.ezy-locality	ezy-locality-is	0.1.2		003fb6516b47a5d009d6f63da298679045476ef1
com.github.ztan.ezy-locality	ezy-locality-is	0.1.3		50c8e9015bbbc4de5ce47aab877f2c5ce261a85f
com.github.ztan.ezy-locality	ezy-locality-is	0.1.4		31b5443203885f7b1446219c72dfd820b6a3fbac
com.github.ztan.ezy-locality	ezy-locality-is	0.1.6		416e8503b24381c1d7ed3b998499202597888fe4
com.github.ztan.ezy-locality	ezy-locality-is	0.2.0		dcc982ef8908e9ade74e264330d6556e7a29aded
com.github.ztan.ezy-locality	ezy-locality-is	0.3.0		5d71278213a1b6bec503feee96ed1637dbda291b
com.google.android.glance.tools	appwidget-viewer	0.2.0		N/A
com.google.android.glance.tools	appwidget-viewer	0.2.1		N/A
com.google.android.glance.tools	appwidget-viewer	0.2.2		N/A
com.hannesdorfmann.mosby3	mvp-lce	3.0.0		N/A
com.hannesdorfmann.mosby3	mvp-lce	3.0.1		N/A
com.hannesdorfmann.mosby3	mvp-lce	3.0.2		N/A
com.hannesdorfmann.mosby3	mvp-lce	3.0.3		N/A
com.hannesdorfmann.mosby3	mvp-lce	3.0.4		N/A
com.hannesdorfmann.mosby3	mvp-lce	3.1.0		N/A
com.hannesdorfmann.mosby3	mvp-lce	3.1.1		N/A
com.icthh.xm.commons	xm-commons-domainevent-db	2.2.23		ae23ee804ef6152fd18f7231c95328528c92239f
com.icthh.xm.commons	xm-commons-domainevent-db	2.2.24		d3eab12c1baa76a6b4ef7fb52b171e2ad56b842d
com.icthh.xm.commons	xm-commons-domainevent-db	2.2.25		d048c99c00401dbc012e723a3ff7d04e3155ea3f
com.icthh.xm.commons	xm-commons-domainevent-db	2.2.26		5aaa39019a3b202de332fc4f02d7bbbec91e9a57
com.icthh.xm.commons	xm-commons-domainevent-db	2.2.27		3b6383c7637efb7222a1ecac97d83c2bc6e241ad
com.icthh.xm.commons	xm-commons-domainevent-db	2.2.28		959ffcc3d3a2b396c7f8dd05bac0672c583df661
com.icthh.xm.commons	xm-commons-domainevent-db	2.2.29		d628d1ec7f0f8ba8ed975c5acbf6a1d6e9914d07
com.icthh.xm.commons	xm-commons-domainevent-db	2.2.30		07936d509bd138dd76071e48ee45afc5a0d95d9a
com.icthh.xm.commons	xm-commons-domainevent-db	2.2.32		089b07017dd07e259cafa1b60c8a0009903f6b8a
com.icthh.xm.commons	xm-commons-domainevent-db	2.2.33		bb54b311caa71da77ad0477802091d6ca3c895e5
com.icthh.xm.commons	xm-commons-domainevent-db	2.2.34		40cbcee63ccc4a4ab940a98edd410fd1a6cbb971
com.icthh.xm.commons	xm-commons-domainevent-db	2.2.35		3f37fa215e52d38a2899744141e35916d8ad1e5f
com.icthh.xm.commons	xm-commons-domainevent-db	2.2.36		01f01ddbb029d085f3ca92b699bd239321315393
com.icthh.xm.commons	xm-commons-domainevent-db	2.2.38		5bbeb4e5314152b729907ebeb125b207c9a9cf2c
com.icthh.xm.commons	xm-commons-domainevent-db	2.2.40		071589886e7ca77b2099b8eb09a90699061614bf
com.icthh.xm.commons	xm-commons-domainevent-db	2.2.41		7b69016b97f0feda88e436380ce6eedb31308aa8
com.icthh.xm.commons	xm-commons-domainevent-db	2.2.42		b2632b28c7547e8341452c0a7608999371ab3116
com.icthh.xm.commons	xm-commons-domainevent-db	2.2.43		d3f466b1e9a03a715d91becfa561b88cf8f7fa8a
com.icthh.xm.commons	xm-commons-domainevent-db	2.2.45		f4a345d349bc2e2222e7c34e693962d4173e48ba
com.icthh.xm.commons	xm-commons-domainevent-db	2.2.46		97a294c5d66902349064e4aff089b2519e2e48c5
com.icthh.xm.commons	xm-commons-domainevent-db	2.2.48		bc99ce4c67992a79f5f4b6748649c94a59d21e7e
com.icthh.xm.commons	xm-commons-domainevent-db	2.2.49		adc44c73ccd99cd2804d347d07ed522ac70cddeb
com.icthh.xm.commons	xm-commons-domainevent-db	2.2.50		24ff48e2cda1348c7bfd56767fed21072a347630
com.icthh.xm.commons	xm-commons-domainevent-db	2.2.51		03f6997299a58a8fef4b45f837bc341ba7c60324
com.icthh.xm.commons	xm-commons-domainevent-db	2.2.52		4e5b50478994e96363d2292edeacc476ecee8a6a
com.icthh.xm.commons	xm-commons-domainevent-db	2.2.53		fc8fbdc79ebffc5b74ca24c73a4048dbff9e6285
com.icthh.xm.commons	xm-commons-domainevent-db	2.2.54		55f03d09275a7dd4a4dfef6f399991e478684dea
com.icthh.xm.commons	xm-commons-domainevent-db	2.2.55		6703a20579f36946931b16511eb90bdad989574d
com.icthh.xm.commons	xm-commons-domainevent-db	2.3.1		56e86084670a28223dd5d96dd03780fcdfbdc557
com.icthh.xm.commons	xm-commons-domainevent-db	2.3.10		3cc99f33b95381692c7fc9e06fea2ade3c4f4ae1
com.icthh.xm.commons	xm-commons-domainevent-db	2.3.11		aeb8b6d65e597478908dd87128ffab44434baf6f
com.icthh.xm.commons	xm-commons-domainevent-db	2.3.13		87dfed92a3eb7688030332a56b321b8f75d2a3e9
com.icthh.xm.commons	xm-commons-domainevent-db	2.3.14		acf50d2aac77c1bd50c5e3cc453b065a0e127b9a
com.icthh.xm.commons	xm-commons-domainevent-db	2.3.15		ba2080f4583d48aafb16be6aaf57bb923cf46307
com.icthh.xm.commons	xm-commons-domainevent-db	2.3.16		a6ef4a7061048a17cc7d4d10b94d16c2d189e433
com.icthh.xm.commons	xm-commons-domainevent-db	2.3.17		11d31fe42b2fb854992b67ed3a279120b8693548
com.icthh.xm.commons	xm-commons-domainevent-db	2.3.18		e244d20408b23753c04adf37ba8b7c532a0e81f9
com.icthh.xm.commons	xm-commons-domainevent-db	2.3.19		a6e8f973a5db47d7bd0417767ae60f396da0c4b4
com.icthh.xm.commons	xm-commons-domainevent-db	2.3.2		4dba00683adb1064a940f97b98c9511138beb8af
com.icthh.xm.commons	xm-commons-domainevent-db	2.3.21		4a75f9dc8032ce35e6ba06756fde181aa0a703d3
com.icthh.xm.commons	xm-commons-domainevent-db	2.3.22		592af884cdd1f83eee111ff26b03cb9d5d618a04
com.icthh.xm.commons	xm-commons-domainevent-db	2.3.23		ab5343fc662454eec14d568b957ee1128a702787
com.icthh.xm.commons	xm-commons-domainevent-db	2.3.24		b725be5f83d39c866911a4ac83f4f773c2d58f23
com.icthh.xm.commons	xm-commons-domainevent-db	2.3.25		815cfd1bf3a8b7d2e536a742a0ea9af74671456a
com.icthh.xm.commons	xm-commons-domainevent-db	2.3.26		2ca5611316f31d4ba2a1fea25d701dccfaa446fe
com.icthh.xm.commons	xm-commons-domainevent-db	2.3.27		a0d5dcb8fe0aa746095d633b95b9e5ef186b9303
com.icthh.xm.commons	xm-commons-domainevent-db	2.3.28		51976cf2796762ad1fda6b722c968651e52749cf
com.icthh.xm.commons	xm-commons-domainevent-db	2.3.29		a7a8977253b23bed679376fea0a1687d8cb48a40
com.icthh.xm.commons	xm-commons-domainevent-db	2.3.3		96773991a565148b943797bd6a2959b5f29c4207
com.icthh.xm.commons	xm-commons-domainevent-db	2.3.30		d70d06ceec1f853fd6b91044494595222f10e326
com.icthh.xm.commons	xm-commons-domainevent-db	2.3.31		9a994f99495f7030df489e6b156a9d3dbe77c8e7
com.icthh.xm.commons	xm-commons-domainevent-db	2.3.32		fdade104cbccd4d7112d64e94ddef47bf4b43f37
com.icthh.xm.commons	xm-commons-domainevent-db	2.3.33		0eb19db1ca8fe33db1462fcf7a737019aba33964
com.icthh.xm.commons	xm-commons-domainevent-db	2.3.34		6e7aeda4b750c0f31a06993c37dd1829cf525aef
com.icthh.xm.commons	xm-commons-domainevent-db	2.3.35		c9ac9b766707d03631cf39f220d7b12caa56ee79
com.icthh.xm.commons	xm-commons-domainevent-db	2.3.36		c45109821c713c0bf4790029b3364bd32951ea63
com.icthh.xm.commons	xm-commons-domainevent-db	2.3.37		bc1c3795ae8ad2f4c2735bf7fc43ea4092ce1ec4
com.icthh.xm.commons	xm-commons-domainevent-db	2.3.38		819e295604d097f11bfffae221be9801836d06dd
com.icthh.xm.commons	xm-commons-domainevent-db	2.3.39		7cf887fcbfb71a023362891556a9c8e52215991f
com.icthh.xm.commons	xm-commons-domainevent-db	2.3.4		627cd94ec34550f201fe906d8e8e56d480a6f550
com.icthh.xm.commons	xm-commons-domainevent-db	2.3.5		1ee8005dbb4e535370011d20a60fa1efb5e9794d
com.icthh.xm.commons	xm-commons-domainevent-db	2.3.6		0e8ffce43c0e0111747c4c982416bf062d0fa8b2
com.icthh.xm.commons	xm-commons-domainevent-db	2.3.7		dd286c6ce8e6b790b052203eec197778f5fd7dbe
com.icthh.xm.commons	xm-commons-domainevent-db	2.3.8		d5793492ba1c5455bd84515a2f5266188741fb28
com.icthh.xm.commons	xm-commons-domainevent-db	2.3.9		b941aea00960f8c66368ac4c6302ac7a07c086eb
com.icthh.xm.commons	xm-commons-domainevent-db	3.0.6		f65069641a33ddc7ee018b1b42f84d8b31c9d662
com.icthh.xm.commons	xm-commons-domainevent-db	3.0.7		03ed09fc11e7c1137734445213f6fe9c4f605136
com.icthh.xm.commons	xm-commons-domainevent-db	3.0.9		da220b72a3a87aa01bdcdbca8c726d923be1f892
com.icthh.xm.commons	xm-commons-domainevent-db	3.1.0		d28dcb7f14374b1fba3985da0899605479e8cb28
com.icthh.xm.commons	xm-commons-domainevent-db	3.1.1		55ac4a3ea892c04e47120085601827fa9ace63db
com.icthh.xm.commons	xm-commons-domainevent-db	3.1.10		d8bc452fcd7428a288487e694553562208c1862a
com.icthh.xm.commons	xm-commons-domainevent-db	3.1.2		c787234ad2976edc48796218ce767d35dea699a2
com.icthh.xm.commons	xm-commons-domainevent-db	3.1.3		5c195632a69a704b0f38794c75a6dfb76c6e7e73
com.icthh.xm.commons	xm-commons-domainevent-db	3.1.7		67a8b34224f9315f56ce6e1a59794f074ca5fcf9
com.icthh.xm.commons	xm-commons-domainevent-db	3.1.8		f796eb980f35ad63603b056be793782618aec958
com.icthh.xm.commons	xm-commons-domainevent-db	3.1.9		4a585d86179e320c4acd2db152ebadf48bad1a4e
com.icthh.xm.commons	xm-commons-domainevent-db	3.2.0		790675ae26be5b61231527e3cd42477ba508fe64
com.icthh.xm.commons	xm-commons-domainevent-db	3.2.1		2614c77cbedc651f6deee140e5f52206556eafb2
com.icthh.xm.commons	xm-commons-domainevent-db	3.2.13		5f00b20ccdaf8230945b022dbd056ac995421f8d
com.icthh.xm.commons	xm-commons-domainevent-db	3.2.14		130963bfabf5929efd6493b0a4c5e01f0189baa9
com.icthh.xm.commons	xm-commons-domainevent-db	3.2.15		577b24db364a58267535a21ecf340454e3eff968
com.icthh.xm.commons	xm-commons-domainevent-db	3.2.16		4149271b8ae5ae563f86cf02153d4b9daae14e92
com.icthh.xm.commons	xm-commons-domainevent-db	3.2.17		dedd800e35b4a65607e47048a3ad48f1b11b0ba6
com.icthh.xm.commons	xm-commons-domainevent-db	3.2.2		65cf477721b022883c5c0d0d6d4c26b1029bc5b8
com.icthh.xm.commons	xm-commons-domainevent-db	3.2.3		a14d1154ff3ecf6c9bb202c23b2438c629ae77ce
com.icthh.xm.commons	xm-commons-domainevent-db	3.2.7		e72f12082963d9e158c2cd5ccbc666f1b58914f2
com.icthh.xm.commons	xm-commons-domainevent-db	4.0.10		d29203de4b7bb4fae92423b1475e55dfd1aa784c
com.icthh.xm.commons	xm-commons-domainevent-db	4.0.11		8fb6f91b4345f9d939be0302dd62a300a2153ba7
com.icthh.xm.commons	xm-commons-domainevent-db	4.0.12		2a1140adcac9829e3db39f684dfddff288df0459
com.icthh.xm.commons	xm-commons-domainevent-db	4.0.14		f9c67b64bded7861095395d9776c91a91bea361f
com.icthh.xm.commons	xm-commons-domainevent-db	4.0.16		05c580ea742f19be2dec05b722d7b929404973cd
com.icthh.xm.commons	xm-commons-domainevent-db	4.0.17		fa0414cc617405395c8d4a59a94630a953db0423
com.icthh.xm.commons	xm-commons-domainevent-db	4.0.18		db286f9cfc7a29861e114ab6a178745f3a0af5fc
com.icthh.xm.commons	xm-commons-domainevent-db	4.0.20		0186b6ed1b0a2ee6e81fa062c0e51077369b3739
com.icthh.xm.commons	xm-commons-domainevent-db	4.0.21		19bc337a13d6fd5de0f5a5b19e262139ef58d9c3
com.icthh.xm.commons	xm-commons-domainevent-db	4.0.22		769a306758bba2aa173684fab44b324a5fe7b63f
com.icthh.xm.commons	xm-commons-domainevent-db	4.0.23		d2eb9a8a1c943a8f60c2a2bdae4b0548db1de530
com.icthh.xm.commons	xm-commons-domainevent-db	4.0.24		7b05a3b2acd325a4600e3baf52627baa1e1b8dfd
com.icthh.xm.commons	xm-commons-domainevent-db	4.0.26		aaa68d1cacc6da6ec1b05fe46f200df3912ee8c0
com.icthh.xm.commons	xm-commons-domainevent-db	4.0.27		d66d47116e2957f99711a7e17b2f7c30317fa9d2
com.icthh.xm.commons	xm-commons-domainevent-db	4.0.28		64467e5235bc74e15663411eaccc8b41f88dd266
com.icthh.xm.commons	xm-commons-domainevent-db	4.0.3		2b25bd008398edb1d8929b7e022335abafef9cef
com.icthh.xm.commons	xm-commons-domainevent-db	4.0.30		2583d97c2275c5f64a644a7062dd03ef57fbb470
com.icthh.xm.commons	xm-commons-domainevent-db	4.0.31		e5efb7c194f697fd72f8e51d7c0b4f7181320e23
com.icthh.xm.commons	xm-commons-domainevent-db	4.0.32		a874e94b3db96e8aa7ec8a3acf73cfca051bac1f
com.icthh.xm.commons	xm-commons-domainevent-db	4.0.33		86562499d8a90697cf6da66224a1b60b534671e4
com.icthh.xm.commons	xm-commons-domainevent-db	4.0.35		ea21ed69d1711546cc605079364058af5fc2e07b
com.icthh.xm.commons	xm-commons-domainevent-db	4.0.36		f390a330be739307d8cb68930054563be7e9bc81
com.icthh.xm.commons	xm-commons-domainevent-db	4.0.37		068fd9afa36fdde0dd89c52c95884480557a78da
com.icthh.xm.commons	xm-commons-domainevent-db	4.0.38		d761f88f184949024fff327fc2475ac8100b84bb
com.icthh.xm.commons	xm-commons-domainevent-db	4.0.39		86ed7dc52249ff83eebcef419a94125146f6b73e
com.icthh.xm.commons	xm-commons-domainevent-db	4.0.4		66d4674a88927825e28ff1d58728baa1056dbb04
com.icthh.xm.commons	xm-commons-domainevent-db	4.0.6		f6889a5283265260f1cad618b7c8e1f9a2c62bc4
com.icthh.xm.commons	xm-commons-domainevent-db	4.0.9		2528d3258cf704e6acf38951e0bb7ba906b838c1
com.jashmore	extensions	3.1.0		N/A
com.jashmore	extensions	3.1.1		N/A
com.jd.live	joylive-expression	1.0.0		N/A
com.jd.live	joylive-expression	1.1.0		N/A
com.jd.live	joylive-expression	1.2.0		N/A
com.jd.live	joylive-expression	1.3.0		N/A
com.jd.live	joylive-expression	1.3.1		N/A
com.jd.live	joylive-expression	1.3.2		N/A
com.jd.live	joylive-expression	1.3.3		N/A
com.jd.live	joylive-expression	1.4.0		N/A
com.jd.live	joylive-expression	1.5.0		N/A
com.jd.live	joylive-expression	1.5.1		N/A
com.jd.live	joylive-expression	1.5.2		N/A
com.jd.live	joylive-expression	1.6.0		N/A
com.jpattern	jpattern-cache	1.0.0		d3ceed423275dfda7bf2f5bf9acd9d147846eca6
com.liferay	com.liferay.asset.link.api	1.0.0		dfebb5550948f070d9c898c26f97c3d3e616f14d
com.liferay	com.liferay.asset.link.api	1.0.1		6922dc747dbd5d9830684ccc69039d82af468ffd
com.liferay	com.liferay.asset.link.api	2.0.0		3aec37a14b5828694ae2ae1e964a56880dff93ee
com.lihaoyi	ammonite-runtime_3.5.2	3.0.2		4dea80f593f4fb982c912c622ffefab9fe02034c
com.loopeer.android.thirdparty	swipe-back-layout	1.0		N/A
com.nryanov.genkai	genkai-core_2.12	0.1.0		9a21cf5dfdb633e991252f96be508fc7370086f4
com.nryanov.genkai	genkai-core_2.12	0.1.1		961a432974e5f27fd650bb4dbbb37eea3f45c716
com.nryanov.genkai	genkai-core_2.12	0.2.0		272e254cffaa5dde9890d54dd2a6000f469af076
com.nryanov.genkai	genkai-core_2.12	0.2.1		c54389d941cde55a417a2c79228131fd9898c021
com.nryanov.genkai	genkai-core_2.12	0.3.0		319284a4f6e134617708e97d543d9dccf7beccf6
com.nryanov.genkai	genkai-core_2.12	0.3.1		1f7f08e5e60fe15ffa95ff2db3aee9b6c6256f90
com.nryanov.genkai	genkai-core_2.12	0.4.0		bb95a909c0f7bd72bed991a26d099159520d4dc9
com.nryanov.genkai	genkai-core_2.12	0.4.0-RC1		49c4ea057109f1c0f7a91f8dc75a59385e71615c
com.nryanov.genkai	genkai-core_2.12	0.5.0		f3225a6de197ab08e27eb9e328745b01fc8d813e
com.nryanov.genkai	genkai-core_2.12	0.6.0-RC1		30bd56847673e7205ab3264d0224230b6e1be5a6
com.soywiz	korlibs-memory-iosx64	5.5.0-alpha1		N/A
com.soywiz	korlibs-memory-iosx64	5.5.0-alpha1	metadata	a91d8d54de4a376421e578163c6f5200c0998030
com.soywiz	korlibs-memory-iosx64	5.5.0-alpha2		N/A
com.soywiz	korlibs-memory-iosx64	5.5.0-alpha2	metadata	2949ec3e0b17dfe2ed96f35ad63e9135978a5e67
com.soywiz	korlibs-memory-iosx64	5.5.0-alpha3		N/A
com.soywiz	korlibs-memory-iosx64	5.5.0-alpha3	metadata	4667fa1b1eec21756bbd3ad2bc56624f6ee4a13a
com.soywiz	korlibs-memory-iosx64	6.0.0		N/A
com.soywiz	korlibs-memory-iosx64	6.0.0	metadata	8806b97f4e81303eaa44209a95bb55d696f84aa5
com.soywiz	korlibs-memory-iosx64	6.0.0-alpha1		N/A
com.soywiz	korlibs-memory-iosx64	6.0.0-alpha1	metadata	0bf9ce6a3c07ed572d6963b344a66b3a4ad9704a
com.soywiz	korlibs-memory-iosx64	6.0.0-alpha2		N/A
com.soywiz	korlibs-memory-iosx64	6.0.0-alpha2	metadata	8dea3b65e66afd718f493f986797251043edd20d
com.soywiz	korlibs-memory-iosx64	6.0.0-alpha3		N/A
com.soywiz	korlibs-memory-iosx64	6.0.0-alpha3	metadata	45041fe33617ac1666a3af694a48b5164c1a1c68
com.soywiz	korlibs-memory-iosx64	6.0.0-alpha4		N/A
com.soywiz	korlibs-memory-iosx64	6.0.0-alpha4	metadata	141302ab7597f192b6680ca6268e86b75eb70ab1
com.soywiz	korlibs-memory-iosx64	6.0.0-alpha5		N/A
com.soywiz	korlibs-memory-iosx64	6.0.0-alpha5	metadata	8da5c718a0ea0fe3f4c1e69022747e08f2f9633b
com.soywiz	korlibs-memory-iosx64	6.0.0-alpha6		N/A
com.soywiz	korlibs-memory-iosx64	6.0.0-alpha6	metadata	fe48d661475717267d31e66f4e9056f3093a5a37
com.soywiz	korlibs-memory-iosx64	6.0.0-alpha7		N/A
com.soywiz	korlibs-memory-iosx64	6.0.0-alpha7	metadata	2f5579e237504cca8b685ab5bc2b700331d8104c
com.soywiz	korlibs-memory-iosx64	6.0.0-alpha8		N/A
com.soywiz	korlibs-memory-iosx64	6.0.0-alpha8	metadata	68b75999250e092db6eab3f8d90b104a2fb5f1f7
com.soywiz	korlibs-memory-iosx64	6.0.0-alpha9		N/A
com.soywiz	korlibs-memory-iosx64	6.0.0-alpha9	metadata	5489afb6b72a0d666a113769f42d005b5e6cf426
com.sun.commons	collections	2.1		4e176e0a6404eb41e7e1edca43cb675c7a4a27cf
com.tencent.bk.base.datahub	iceberg-spark3-extensions	0.12.1-bkbase.1		bc5c2b8d19b355ec6e907767853416f8e026c7ed
com.tencent.bk.base.datahub	iceberg-spark3-extensions	0.12.1-bkbase.2		bc5c2b8d19b355ec6e907767853416f8e026c7ed
com.tencent.bk.base.datahub	iceberg-spark3-extensions	0.12.1-bkbase.3		bc5c2b8d19b355ec6e907767853416f8e026c7ed
com.twitter	chill-scrooge_2.13	0.10.0		8762e135fdab5e6df91c3a96be0b0fb5c8902585
com.twitter	chill-scrooge_2.13	0.9.5		b79f5a4256c3dec7a4985a720d1a7647ffd5b8b3
com.unitvectory	consistgen	0.0.1		7feb4578bb75026ee08af3872d1b9d9c40c3d668
com.unitvectory	consistgen	0.0.2		a1876ddb809dcf03971d0d69dabed6c1aefa97e8
com.unitvectory	consistgen	0.0.3		5510e4fffd50560b51bdb3743c8a0cb0d83743f5
com.unitvectory	consistgen	0.0.4		3de1449fa631726ea43e792fa6bf628ba4f68da9
com.unitvectory	consistgen	0.0.5		c62be8de3e1dc400a65685037c6e75662d41a60c
com.unitvectory	consistgen	0.0.6		d0d0fede3fb2000c50d4356218ee001b7a787c08
com.unitvectory	consistgen	0.0.7		0e8e86a34db5534c5ebff828c1841764da87b075
com.xlythe	arity	2.1.6		N/A
com.xlythe	arity	2.1.7		N/A
de.terrestris	shogun2-service	0.0.1		982263a5bbf0f296b4673bd4551fb91b1839c011
de.terrestris	shogun2-service	0.0.2		35208ccd804faf06ad8131f75f9be78c3c848add
de.terrestris	shogun2-service	0.0.3		a39226a8aca30706792c13829266e2d150c78dfb
de.terrestris	shogun2-service	0.0.4		ba78656629754d4539a3729b0314dd94d44eef95
de.terrestris	shogun2-service	0.0.5		509b631f73360cf342dd57340797b8533f92e1b0
de.terrestris	shogun2-service	0.0.6		4aaf94c809389c2346aadef0519c1fc00b551b11
dev.atsushieno	ktmidi-ci-linuxx64	0.10.0		N/A
dev.atsushieno	ktmidi-ci-linuxx64	0.10.1		N/A
dev.atsushieno	ktmidi-ci-linuxx64	0.11.0		N/A
dev.atsushieno	ktmidi-ci-linuxx64	0.7.0		N/A
dev.atsushieno	ktmidi-ci-linuxx64	0.8.0		N/A
dev.atsushieno	ktmidi-ci-linuxx64	0.8.0-pre		N/A
dev.atsushieno	ktmidi-ci-linuxx64	0.8.0-pre2		N/A
dev.atsushieno	ktmidi-ci-linuxx64	0.8.0-pre3		N/A
dev.atsushieno	ktmidi-ci-linuxx64	0.8.0-pre4		N/A
dev.atsushieno	ktmidi-ci-linuxx64	0.8.1		N/A
dev.atsushieno	ktmidi-ci-linuxx64	0.8.2		N/A
dev.atsushieno	ktmidi-ci-linuxx64	0.9.0		N/A
dev.atsushieno	ktmidi-ci-linuxx64	0.9.1		N/A
dev.atsushieno	ktmidi-ci-linuxx64	0.9.2		N/A
edu.berkeley.cs.amplab.adam	adam-format	0.7.1		53685846351dc82c19a3d7a461947b8fb1d79b29
edu.berkeley.cs.amplab.adam	adam-format	0.7.2		b07dd4438a277845810ac1dce1eccfd579eb6997
fish.focus.uvms.config	liquibase	4.3.12		N/A
gg.neko.spiceit	spiceit-api	0.1		968122bf2794c44e04540f591900af5f43966ea7
io.github.charlietap.chasm	config-macosx64	0.9.4		N/A
io.github.charlietap.chasm	config-macosx64	0.9.4	metadata	f1d3f666b2772153a31787ff4a8e5913af58dbac
io.github.charlietap.chasm	config-macosx64	0.9.41		N/A
io.github.charlietap.chasm	config-macosx64	0.9.41	metadata	87adaede2c81389efe7eb3e4a9ef1bf17df0abd7
io.github.charlietap.chasm	config-macosx64	0.9.42		N/A
io.github.charlietap.chasm	config-macosx64	0.9.42	metadata	1eeffedee101ad913a78b411bc42aa5d9aa0c8c4
io.github.charlietap.chasm	config-macosx64	0.9.5		N/A
io.github.charlietap.chasm	config-macosx64	0.9.5	metadata	006cdb814b49fac689ad047455c71a6b1a3f2a9c
io.github.charlietap.chasm	config-macosx64	0.9.51		N/A
io.github.charlietap.chasm	config-macosx64	0.9.51	metadata	75b6d9cbfa4de4b04ae3a1592de1923dc60991dc
io.github.charlietap.chasm	config-macosx64	0.9.52		N/A
io.github.charlietap.chasm	config-macosx64	0.9.52	metadata	58a0811d3fa5081ccc0728fa4839d285d92d12b7
io.github.charlietap.chasm	config-macosx64	0.9.53		N/A
io.github.charlietap.chasm	config-macosx64	0.9.53	metadata	afe7f11d2fac836fc7586cfa775bf23db17db29d
io.github.charlietap.chasm	config-macosx64	0.9.6		N/A
io.github.charlietap.chasm	config-macosx64	0.9.6	metadata	eb12933b5b03dce7b957c34edd4d80473b576a4d
io.github.charlietap.chasm	config-macosx64	0.9.61		N/A
io.github.charlietap.chasm	config-macosx64	0.9.61	metadata	33fbcb2f939215021f419592b24d6173828320d7
io.github.charlietap.chasm	config-macosx64	0.9.62		N/A
io.github.charlietap.chasm	config-macosx64	0.9.62	metadata	9a12044499129bd11b8915642c39ab8e450ca14a
io.github.charlietap.chasm	config-macosx64	0.9.63		N/A
io.github.charlietap.chasm	config-macosx64	0.9.63	metadata	3ffaf9a0c892f63d34839d8164079f1fb4b84207
io.github.charlietap.chasm	config-macosx64	0.9.64		N/A
io.github.charlietap.chasm	config-macosx64	0.9.64	metadata	d37e569affd440e0d5f778e38971c08d1f0cc8ec
io.github.charlietap.chasm	config-macosx64	0.9.65		N/A
io.github.charlietap.chasm	config-macosx64	0.9.65	metadata	f5cf958092dff726bb713d3b9d19cdaad267fa82
io.github.charlietap.chasm	config-macosx64	0.9.66		N/A
io.github.charlietap.chasm	config-macosx64	0.9.66	metadata	85e8d364972eb6e1d5f5b567b554eceb97942342
io.github.mainstringargs	gradle-project-bootstrap	1.0		890df0be446ee401d2d80aac65025403f76a8145
io.github.project-openubl	xml-sender-ws	2.0.0.Final		0847508755dd86b3fa1343c627b669debd1e11ee
io.github.project-openubl	xml-sender-ws	2.1.0.Final		93f55658664656340a3fe86c858518f7d8fd96fd
io.github.project-openubl	xml-sender-ws	2.1.1.Final		928391823801f974f5fea06db90ca8f81b06e1ed
io.ktor	ktor-websockets-linuxarm64	2.3.10		8f0070cb492e528623704fb948582f822cccf130
io.ktor	ktor-websockets-linuxarm64	2.3.11		93e4d759078d8c3b39f9c2b679a7241b63c3b7ed
io.ktor	ktor-websockets-linuxarm64	2.3.12		c64d9578e5032d1917dde6517a2d486196a87f95
io.ktor	ktor-websockets-linuxarm64	2.3.13		9ea48f4d2ec39d093b3aa6de827778aad8459cd6
io.ktor	ktor-websockets-linuxarm64	2.3.3		8bd2aad491728bc37967937dea51e7699a3cbdd7
io.ktor	ktor-websockets-linuxarm64	2.3.4		77dd5b7ced466b6eedc31998ddef233446666c4b
io.ktor	ktor-websockets-linuxarm64	2.3.5		8ef9bdc4b29843d2d5dab15774706895cf650903
io.ktor	ktor-websockets-linuxarm64	2.3.6		ba82a74712164988a5faee24bd8318d09c982d9f
io.ktor	ktor-websockets-linuxarm64	2.3.7		4bbcc04cb0e4c9ad46ce62906a0b3d5d5c01f2f0
io.ktor	ktor-websockets-linuxarm64	2.3.8		e55387bedfb9d92e0712f74295edb47df4687e4c
io.ktor	ktor-websockets-linuxarm64	2.3.9		490b199fcb85814253f0e5c045d538015bcfe79e
io.ktor	ktor-websockets-linuxarm64	3.0.0		e658dedd4e1df9270fcecb5c81b8a981a73040cf
io.ktor	ktor-websockets-linuxarm64	3.0.0-beta-1		f79be5e65efe8f9c93843960967b18ea5796f5e8
io.ktor	ktor-websockets-linuxarm64	3.0.0-beta-2		6d5e365c746dba83fe0eb69283243e9be9311fa9
io.ktor	ktor-websockets-linuxarm64	3.0.0-rc-1		f7fa066a97bb6eb7653c215ac3159ab192c796b2
io.ktor	ktor-websockets-linuxarm64	3.0.0-rc-2		64f019dc0004429baef0d6b7ece49463cf10cfff
io.ktor	ktor-websockets-linuxarm64	3.0.1		eb858a66f03868ba0636c5f11d5cfe61f8164bb1
io.ktor	ktor-websockets-linuxarm64	3.0.2		a53c845de7fae246be1e316dc91b1b96e8e13c94
io.ktor	ktor-websockets-linuxarm64	3.0.3		29690be6c1cc18547c2fa78a58a0ac8e57ac57ec
io.ktor	ktor-websockets-linuxarm64	3.1.0		9c7456da174d38dc8cfa227d13bfbbe79543366f
io.ktor	ktor-websockets-linuxarm64	3.1.1		482ab5f3c87fe74b6fe2f74562430124b26ffa8b
io.ktor	ktor-websockets-linuxarm64	3.1.2		b5141a6ca75d01942d9837f14fcbe505968d503f
io.nangos.beaconcontrol	nangosbeaconcontrol	1.0.2		N/A
io.nuls	account-ledger-module	0.9.11		N/A
net.liftmodules	oauth_2.9.2	2.5-M1-1.1		1f45d8be635d1305d69446bd98ce64a3897690d6
net.liftmodules	oauth_2.9.2	2.5-M2-1.1		e3d71e508d6d42625cd60706b93844b8180149ac
net.liftmodules	oauth_2.9.2	2.5-M3-1.1		77f59845445be57cba59a031b54e6f95b082c4f0
net.liftmodules	oauth_2.9.2	2.5-M4-1.2		2dc2398a5489f7501f616fd3a2eeaaac0ed1fc88
net.liftmodules	oauth_2.9.2	2.5-RC1-1.2		efc2d6740fceb4b2b5823279e49c5cea589bb29f
net.liftmodules	oauth_2.9.2	2.5-RC2-1.2		d344df292ef375690818598b38be8906a255d6de
net.liftmodules	oauth_2.9.2	2.5-RC4-1.2		b8bd4c7e3ddfae080797b7b04ab61559fcc914ea
no.nav.tjenestespesifikasjoner	behandle-sykmeldingv1-tjenestespesifikasjon	1.2018.11.06-01.45-c7f37fed0647		6b198e8b5594d56870e9c8c8a5ed2da64aa589bd
no.nav.tjenestespesifikasjoner	behandle-sykmeldingv1-tjenestespesifikasjon	1.2018.11.07-10.39-84c1211a7d2e		168be78f132163cab6327096dc0de529d89c6d69
no.nav.tjenestespesifikasjoner	behandle-sykmeldingv1-tjenestespesifikasjon	1.2018.11.20-18.20-f058c54de62c		b5f4a9100fcbe2a6b8938261e16837597d2dde10
no.nav.tjenestespesifikasjoner	behandle-sykmeldingv1-tjenestespesifikasjon	1.2018.11.27-14.49-88288e06ce21		8a53043f217857524fc92471be2e9e0f316b5a83
no.nav.tjenestespesifikasjoner	behandle-sykmeldingv1-tjenestespesifikasjon	1.2018.12.04-11.46-61d4477c977b		2716862b184b5ac6ed492e079ccbeefabf3e143d
no.nav.tjenestespesifikasjoner	behandle-sykmeldingv1-tjenestespesifikasjon	1.2018.12.04-14.21-97584b2f5307		3d9320b01b79c9236e8784482ac815fcd26cfb0a
no.nav.tjenestespesifikasjoner	behandle-sykmeldingv1-tjenestespesifikasjon	1.2018.12.06-09.10-d808330f40d2		f9274206a54dff76376fc9e8d40c78db9db34835
no.nav.tjenestespesifikasjoner	behandle-sykmeldingv1-tjenestespesifikasjon	1.2018.12.06-12.56-1b95d786fddc		be43934aa550822871bad90b57e27dcaa5bdcf44
no.nav.tjenestespesifikasjoner	behandle-sykmeldingv1-tjenestespesifikasjon	1.2018.12.06-13.02-6378e08240a9		6456af4a194c896224765625974c74ca98e0deda
no.nav.tjenestespesifikasjoner	behandle-sykmeldingv1-tjenestespesifikasjon	1.2018.12.07-12.38-73cf10f9640d		e80c9def44714660313fd931f00af4991c8a0c96
no.nav.tjenestespesifikasjoner	behandle-sykmeldingv1-tjenestespesifikasjon	1.2019.01.04-15.24-b819e9793a12		40dc90f3d93c13d247e3fc388c923e29a2a1c904
no.nav.tjenestespesifikasjoner	behandle-sykmeldingv1-tjenestespesifikasjon	1.2019.01.04-19.15-2a19721005cd		bde88e46111e2111d88859e9f3cd97cc77f38806
no.nav.tjenestespesifikasjoner	behandle-sykmeldingv1-tjenestespesifikasjon	1.2019.01.07-12.34-f79cb7a9ec30		e6b45d70bfa9a044fd2db53b4e953c2abcb3d4ca
no.nav.tjenestespesifikasjoner	behandle-sykmeldingv1-tjenestespesifikasjon	1.2019.01.07-12.47-bc696e8da670		8797302d4b44c9bcae5a61b64f05834273556c00
no.nav.tjenestespesifikasjoner	behandle-sykmeldingv1-tjenestespesifikasjon	1.2019.01.07-13.09-68c5e29efdaf		f051940cd05bb938fd142413dcfafbe804a61ae5
no.nav.tjenestespesifikasjoner	behandle-sykmeldingv1-tjenestespesifikasjon	1.2019.01.07-13.22-15d4168c3489		5e6b51ec4b857dcfea1e41c9a78c781b714124bb
no.nav.tjenestespesifikasjoner	behandle-sykmeldingv1-tjenestespesifikasjon	1.2019.01.07-14.04-8f31edd8597f		a25b77874090ab7cc1e59c397f01676b09811ac5
no.nav.tjenestespesifikasjoner	behandle-sykmeldingv1-tjenestespesifikasjon	1.2019.01.07-14.45-6ce9fa39edbc		54909704347d1c91366b242c6be0d21cd7f6c928
no.nav.tjenestespesifikasjoner	behandle-sykmeldingv1-tjenestespesifikasjon	1.2019.01.07-14.46-fa6dc2fe3c08		f44306d7172a70ec58e5ea65113552f2bb479375
no.nav.tjenestespesifikasjoner	behandle-sykmeldingv1-tjenestespesifikasjon	1.2019.01.07-14.48-ab04c64cb6bd		4f790790fbe8c785f8eb936591c0bf773e6be9b1
no.nav.tjenestespesifikasjoner	behandle-sykmeldingv1-tjenestespesifikasjon	1.2019.01.07-14.50-53ddb88419c9		90bc3b5e7c08ef7af15b10b78be812993b427d61
no.nav.tjenestespesifikasjoner	behandle-sykmeldingv1-tjenestespesifikasjon	1.2019.01.07-15.51-a1bba42f33fc		9f8400aa8ef3f2d7964f884f8e7150a24290940d
no.nav.tjenestespesifikasjoner	behandle-sykmeldingv1-tjenestespesifikasjon	1.2019.01.08-11.12-8f0e87a6bdb3		dbbf9e7d26ed224ab7a99a209b7bfda07dabd8a7
no.nav.tjenestespesifikasjoner	behandle-sykmeldingv1-tjenestespesifikasjon	1.2019.01.08-12.37-fc5b8e97668d		4ab55182bd11e901c0b95b8579f7f9c9cffbcdcc
no.nav.tjenestespesifikasjoner	behandle-sykmeldingv1-tjenestespesifikasjon	1.2019.01.09-11.55-84c21cab82d3		edf32bc90bcea55186eef272b971a18394953cf6
no.nav.tjenestespesifikasjoner	behandle-sykmeldingv1-tjenestespesifikasjon	1.2019.01.16-07.28-b15ecbd7e114		8a207998d1cb1c49023f2395a17d208ad1ed23d3
no.nav.tjenestespesifikasjoner	behandle-sykmeldingv1-tjenestespesifikasjon	1.2019.01.16-10.26-afc54bed6f85		b66320de4f3823fac952cd7e045b0b374b8a6263
no.nav.tjenestespesifikasjoner	behandle-sykmeldingv1-tjenestespesifikasjon	1.2019.01.16-13.18-afc54bed6f85		c0627807ac10ad2119a3f1b9c8b280c061fda877
no.nav.tjenestespesifikasjoner	behandle-sykmeldingv1-tjenestespesifikasjon	1.2019.01.16-21.19-afc54bed6f85		caea6abd255142fe50c71cc2c30d0b2445885783
no.nav.tjenestespesifikasjoner	behandle-sykmeldingv1-tjenestespesifikasjon	1.2019.02.01-15.24-2552a2e49189		5fee871d41b5da3312ca6781b070806c1869bc8f
no.nav.tjenestespesifikasjoner	behandle-sykmeldingv1-tjenestespesifikasjon	1.2019.02.04-18.50-74f9bede5375		d2640f87d557eb78a2569353843cd8682530fa06
no.nav.tjenestespesifikasjoner	behandle-sykmeldingv1-tjenestespesifikasjon	1.2019.02.06-20.03-9acde4111245		bc7ba16438e28d00cebff6614e499a4f7576ea0c
no.nav.tjenestespesifikasjoner	behandle-sykmeldingv1-tjenestespesifikasjon	1.2019.02.21-15.06-0d69fb1f3278		238f4cfb09f8b4fbfc40234cf5a26d02445fa857
no.nav.tjenestespesifikasjoner	behandle-sykmeldingv1-tjenestespesifikasjon	1.2019.02.28-12.52-e0a79af1ccde		b3fba1e8fd07a2edb8763e09727b8cbf3bed76fb
no.nav.tjenestespesifikasjoner	behandle-sykmeldingv1-tjenestespesifikasjon	1.2019.02.28-20.22-e0a79af1ccde		ceae7ec8bc507afde236c0a564a8801b6a08786c
no.nav.tjenestespesifikasjoner	behandle-sykmeldingv1-tjenestespesifikasjon	1.2019.03.03-19.34-397915678050		c39977b677bcf5b5482eeb93dc69388e6e2e8ec9
no.nav.tjenestespesifikasjoner	behandle-sykmeldingv1-tjenestespesifikasjon	1.2019.03.04-09.22-880557851723		e2012f60be2840ca72302c2419cf6b1d13b69c54
no.nav.tjenestespesifikasjoner	behandle-sykmeldingv1-tjenestespesifikasjon	1.2019.03.04-09.26-1e4b0c19c0be		709bb6220b7a75902fa644938d5ea8fa08226cf3
no.nav.tjenestespesifikasjoner	behandle-sykmeldingv1-tjenestespesifikasjon	1.2019.03.05-14.13-d95264192bc7		2ffbc3c046686fc283f1b76b673978ed39ea1fc1
no.nav.tjenestespesifikasjoner	behandle-sykmeldingv1-tjenestespesifikasjon	1.2019.03.05-14.15-99dc7babdf21		1ec87e160cd88e69f2b5295a97bccaac1d4dfd52
no.nav.tjenestespesifikasjoner	behandle-sykmeldingv1-tjenestespesifikasjon	1.2019.03.26-11.06-58bc24a56f8e		feec710b868bafccaac85d6e0e0e5d40c15e995c
no.nav.tjenestespesifikasjoner	behandle-sykmeldingv1-tjenestespesifikasjon	1.2019.04.01-14.11-bd945ca760ae		c9a10a719dadbbff03b096f129b2002b20d6daef
no.nav.tjenestespesifikasjoner	behandle-sykmeldingv1-tjenestespesifikasjon	1.2019.04.03-23.09-56488320520a		163f3859947602ef191cba6b0b05cefd637479d6
no.nav.tjenestespesifikasjoner	behandle-sykmeldingv1-tjenestespesifikasjon	1.2019.04.04-09.14-c6cea90b8e95		4db68e5a79a86deac745fa94ff02f1b8fb366c72
no.nav.tjenestespesifikasjoner	behandle-sykmeldingv1-tjenestespesifikasjon	1.2019.04.05-09.36-fbdf6a084578		8ac43ddfcc5e28325291a83213e49b2caed5fc7d
no.nav.tjenestespesifikasjoner	behandle-sykmeldingv1-tjenestespesifikasjon	1.2019.05.23-08.28-c9a2c8477f7d		b538bba82291f975789ec3edb43cf5d8e141b4da
no.nav.tjenestespesifikasjoner	behandle-sykmeldingv1-tjenestespesifikasjon	1.2019.05.31-14.28-6627afa127a2		bb21e73571fec74ebcf0e72f371cb932af89d8c4
no.nav.tjenestespesifikasjoner	behandle-sykmeldingv1-tjenestespesifikasjon	1.2019.06.04-10.12-7ca179183512		0fc79ee88e52fa7436e2fbb302d7e5564449405f
no.nav.tjenestespesifikasjoner	behandle-sykmeldingv1-tjenestespesifikasjon	1.2019.06.04-12.36-7ca179183512		f971b6c7a84436cd9caaa3183231ccc5d4bf7f53
no.nav.tjenestespesifikasjoner	behandle-sykmeldingv1-tjenestespesifikasjon	1.2019.06.11-13.36-786a4cec3151		e7b9b33e2ac73806feaacc0b7eb5e71077826f76
no.nav.tjenestespesifikasjoner	behandle-sykmeldingv1-tjenestespesifikasjon	1.2019.07.10-10.57-b55f47790a9d		85c7039c1cad896f932ff3a18dd7d1ee3cb2ba4e
no.nav.tjenestespesifikasjoner	behandle-sykmeldingv1-tjenestespesifikasjon	1.2019.07.10-12.21-b55f47790a9d		a731fbda80c3b4199bb6e5333313940fa35c3bdc
no.nav.tjenestespesifikasjoner	behandle-sykmeldingv1-tjenestespesifikasjon	1.2019.07.11-06.47-b55f47790a9d		b155ba3fc38abb81fa6ee58b7f080dbdc2a21e58
no.nav.tjenestespesifikasjoner	behandle-sykmeldingv1-tjenestespesifikasjon	1.2019.08.12-12.12-4258f3dded02		fc736d0fe558635debbe281c0087fcd80e2902b1
no.nav.tjenestespesifikasjoner	behandle-sykmeldingv1-tjenestespesifikasjon	1.2019.08.16-13.46-35cbdfd492d4		abf2bb7c7aa2d41c65ce9f70e236c6953173bf07
no.nav.tjenestespesifikasjoner	behandle-sykmeldingv1-tjenestespesifikasjon	1.2019.09.25-00.21-49b69f0625e0		26f226d368b7e2a2bd7de848f16ed29632740dc6
no.ssb.vtl.connectors	java-vtl-connectors-parent	0.1.1		N/A
no.ssb.vtl.connectors	java-vtl-connectors-parent	0.1.2		N/A
no.ssb.vtl.connectors	java-vtl-connectors-parent	0.1.3		N/A
org.apache.camel.springboot	camel-dataset-starter	3.0.0		eb12b0e61a627bf32c6abe40b3ae81e4583ba295
org.apache.camel.springboot	camel-dataset-starter	3.0.1		d9edb4e2d1b18b1f95af810edb390100a35d146b
org.apache.camel.springboot	camel-dataset-starter	3.1.0		bd645d607e8965240bc2ab54f82f246a50a813af
org.apache.camel.springboot	camel-dataset-starter	3.10.0		016ce39d18e3e7dcf9c466d7655396ae7ab0f258
org.apache.camel.springboot	camel-dataset-starter	3.11.0		3a7bb66f5699f964ab3e85f267f6cee5f848e819
org.apache.camel.springboot	camel-dataset-starter	3.11.1		a5ed91626e1879d24ca8af53238413b4ec6cf17c
org.apache.camel.springboot	camel-dataset-starter	3.11.2		b20f89c821bd765b589eae38785d362577feb82c
org.apache.camel.springboot	camel-dataset-starter	3.11.3		234a113dbf0063ae411a9af53c4f55e56daf3f66
org.apache.camel.springboot	camel-dataset-starter	3.11.4		cf5120cea588a3eea37d8d7663cd6fd1e1da0d8e
org.apache.camel.springboot	camel-dataset-starter	3.11.5		e208f19b327438ff633d0aa7dc033f2c68b3e3ce
org.apache.camel.springboot	camel-dataset-starter	3.11.6		dc286bede0fe03b8eced9b917581f980936fe6ef
org.apache.camel.springboot	camel-dataset-starter	3.11.7		3ad0a9b99f546d34d4af0f9410c658292dc96e01
org.apache.camel.springboot	camel-dataset-starter	3.12.0		1486d86454706396b630eaf90631947b14b439b3
org.apache.camel.springboot	camel-dataset-starter	3.13.0		d20d9e1fc77fd27df580a968fac25c188c719c41
org.apache.camel.springboot	camel-dataset-starter	3.14.0		115cf76377227e69f1e998d71d0e1ddab28e6f16
org.apache.camel.springboot	camel-dataset-starter	3.14.1		3a8074ca3726a0e3d1d36fea648d6aeb55d67939
org.apache.camel.springboot	camel-dataset-starter	3.14.10		92725e24bef64a5141325bee7f4d292ab9a4b11c
org.apache.camel.springboot	camel-dataset-starter	3.14.2		d98c4aa8f45b7e197895879ec2d49c51291dca7c
org.apache.camel.springboot	camel-dataset-starter	3.14.3		64c9dbfdd3c298286913eba0484c5ea5a891e508
org.apache.camel.springboot	camel-dataset-starter	3.14.4		72c22890915620f5bb924efcf7d9271dc56c491f
org.apache.camel.springboot	camel-dataset-starter	3.14.5		714ee1d1ed45b314e6312817490609b056923c3b
org.apache.camel.springboot	camel-dataset-starter	3.14.6		3b5b322499f5c764c336dcd4255ccf33ab3e3661
org.apache.camel.springboot	camel-dataset-starter	3.14.7		5cb3be59649f562a92d8ee5b9d96eb7f2e3306a3
org.apache.camel.springboot	camel-dataset-starter	3.14.8		ab902b00cc22d731552e8fcf4ccd96bd25658032
org.apache.camel.springboot	camel-dataset-starter	3.14.9		b131e3be73a20612ad52ea30ca7a117fc5305af8
org.apache.camel.springboot	camel-dataset-starter	3.15.0		461604c635972bbe1167e155893c0904a003f5ad
org.apache.camel.springboot	camel-dataset-starter	3.16.0		cb0bc8ede96d768860e1e687b5b69d45f6e55914
org.apache.camel.springboot	camel-dataset-starter	3.17.0		d7a25dc77de8a267eb4329110421de465ace4cfc
org.apache.camel.springboot	camel-dataset-starter	3.18.0		153de1d55f586f539e36ece4e7f6b692bc4ac5c0
org.apache.camel.springboot	camel-dataset-starter	3.18.1		5bc57131d11c5c78ecfc0d0fb95a0e7f3b30440d
org.apache.camel.springboot	camel-dataset-starter	3.18.2		5eecf6181a49513ca15e9c7365e0471a7ac538ef
org.apache.camel.springboot	camel-dataset-starter	3.18.3		8533c8118154c629be8abaea71adea9ad2d13b95
org.apache.camel.springboot	camel-dataset-starter	3.18.4		d3987f02adb787e26fa977167d12394df89d250c
org.apache.camel.springboot	camel-dataset-starter	3.18.5		98094a97f85797db1200a0b99cfe61ea86af11a7
org.apache.camel.springboot	camel-dataset-starter	3.18.6		fa68997fff797bad4341fd6f9c0d501646b2a851
org.apache.camel.springboot	camel-dataset-starter	3.18.7		2ecc0c8a64a96030efd51e0223c0325ce43bcde4
org.apache.camel.springboot	camel-dataset-starter	3.18.8		3d5203bde66b12f3acf65ab8a5760901b66c94c6
org.apache.camel.springboot	camel-dataset-starter	3.19.0		f14f49f405e582e530212420780d2cb3449ec95a
org.apache.camel.springboot	camel-dataset-starter	3.2.0		b7913905d7ed783d7230dc85ddef6f2b44001a01
org.apache.camel.springboot	camel-dataset-starter	3.20.0		0ec99eae9c3a6401bf32ace9d85fe67f5a250db5
org.apache.camel.springboot	camel-dataset-starter	3.20.1		1dc18464f0ca25085bd864b1459058be671ea9ad
org.apache.camel.springboot	camel-dataset-starter	3.20.2		9ca961869c9db4738a3bf2518cc3a3f0d5e194da
org.apache.camel.springboot	camel-dataset-starter	3.20.3		c6c760c2c482db0be6fbc77b5d3ab638e81cadca
org.apache.camel.springboot	camel-dataset-starter	3.20.4		b821c7c4beb57683696f7ed5b586436838e6d114
org.apache.camel.springboot	camel-dataset-starter	3.20.5		56c34b5ccff1fe1e32dfeebab6b66abfc35c6555
org.apache.camel.springboot	camel-dataset-starter	3.20.6		a63a73949d20e79f09f633b73505cd59eae53cf1
org.apache.camel.springboot	camel-dataset-starter	3.20.7		75b70238436bd57b6ce9709881a74f14119bf30a
org.apache.camel.springboot	camel-dataset-starter	3.20.8		91369dc20a8853504c0c5d4b104d74f61b3ace2c
org.apache.camel.springboot	camel-dataset-starter	3.20.9		25714bbfcbc5642b51d7b8da3d89667b4c314477
org.apache.camel.springboot	camel-dataset-starter	3.21.0		294c381685dd2ecb3859e1f0344db902f5def250
org.apache.camel.springboot	camel-dataset-starter	3.21.1		5408ebd7f168fd34f0939a7ad6656619ba6d49c1
org.apache.camel.springboot	camel-dataset-starter	3.21.2		9a9032ef25cf805ea899f36ccb7d8caedc6d510b
org.apache.camel.springboot	camel-dataset-starter	3.21.3		fc7aa62db7ea16982ae0f77dad609f1e4c8caf8c
org.apache.camel.springboot	camel-dataset-starter	3.21.4		397b3e80f7b759a0572ed34feb42950e5b700b12
org.apache.camel.springboot	camel-dataset-starter	3.21.5		c8b3e698df974a79771cc2dd0b6388b21079a6b9
org.apache.camel.springboot	camel-dataset-starter	3.22.0		610c4b381f95b49208ba020e5c2a6d15afe72c61
org.apache.camel.springboot	camel-dataset-starter	3.22.1		12340594e44df56fc9529d1d1581239c8f289fde
org.apache.camel.springboot	camel-dataset-starter	3.22.2		6105e8e80f2cc78afe973b0afa1a9774d62a2901
org.apache.camel.springboot	camel-dataset-starter	3.22.3		fd3f305f2a8a67768a4144fe569f2ba27057e8ad
org.apache.camel.springboot	camel-dataset-starter	3.22.4		636b8921b58a8a401f99227272db1cb07bf8d18e
org.apache.camel.springboot	camel-dataset-starter	3.3.0		fa314d46a2b2e4b491111786ad495afb7ba9d371
org.apache.camel.springboot	camel-dataset-starter	3.4.0		eec8d1d0394aa8d19ebf663f31d860cfb833d4d1
org.apache.camel.springboot	camel-dataset-starter	3.4.1		7da8b0831eba71e75d8509efe1ab2250cb975f46
org.apache.camel.springboot	camel-dataset-starter	3.4.2		05325692392cd84991a7381866ca3c9c5defc6f7
org.apache.camel.springboot	camel-dataset-starter	3.4.3		9bee6f6609aeb0485658ac6e0aa3f7be38cc8413
org.apache.camel.springboot	camel-dataset-starter	3.4.4		334d9389539612fa90bfba5978cc68f39ae2867a
org.apache.camel.springboot	camel-dataset-starter	3.4.5		608ae47b997aaa3a8e5f5f8eb321b26f97c8d612
org.apache.camel.springboot	camel-dataset-starter	3.4.6		9986ae08996bfecb6db4ae4c719c6e72d5c234d8
org.apache.camel.springboot	camel-dataset-starter	3.5.0		7f98c06e395d6613470472cbe065026354aea361
org.apache.camel.springboot	camel-dataset-starter	3.6.0		9f6b292089a9fbc4af55865651c1d05a49c1bb7b
org.apache.camel.springboot	camel-dataset-starter	3.7.0		9f280e1fd27a34d806a351d6cbab99ff8210a9a1
org.apache.camel.springboot	camel-dataset-starter	3.7.1		e909139ddacfd105a8f16ff96ea831e7c311acc1
org.apache.camel.springboot	camel-dataset-starter	3.7.2		af4baaaafe0add3906ed0ff10cd67577f96abf15
org.apache.camel.springboot	camel-dataset-starter	3.7.3		d63fbb16afa39e5c450954f5ba88b530b19a8a08
org.apache.camel.springboot	camel-dataset-starter	3.7.4		0fd84c2828d724856896d92cf00702a414439919
org.apache.camel.springboot	camel-dataset-starter	3.7.5		a08a858a35251dc24d12812089b5b3d69e1c6f6d
org.apache.camel.springboot	camel-dataset-starter	3.7.6		cd32a8e11c0b77cfc77c775301ed36cbb2f718b3
org.apache.camel.springboot	camel-dataset-starter	3.7.7		e589427b6afec7560ded71ad5ddea961fc74cee8
org.apache.camel.springboot	camel-dataset-starter	3.8.0		1b89bcbaad08ba72a07a542b3e60b81dd9d5cbe1
org.apache.camel.springboot	camel-dataset-starter	3.9.0		27b21ead6cc696c3301b4f36fce77ec84d838b71
org.apache.camel.springboot	camel-dataset-starter	4.0.0		f0d50a10ae58a39dade17790a5720ef79a042e87
org.apache.camel.springboot	camel-dataset-starter	4.0.0-M1		b2af767f9a59a2a8da66bb5e1157d9f8adc1beb7
org.apache.camel.springboot	camel-dataset-starter	4.0.0-M2		3fc48673b57e4e6627aea3b17acf90d3d7846ea1
org.apache.camel.springboot	camel-dataset-starter	4.0.0-M3		e03e4060118149f7a5676de5caac7e5064bad3e5
org.apache.camel.springboot	camel-dataset-starter	4.0.0-RC1		cb03052c7ee396d77f7db92ccdbac26832b01b12
org.apache.camel.springboot	camel-dataset-starter	4.0.0-RC2		fb5adc1f511d0d8b06e6da358e2d7bef668a2e70
org.apache.camel.springboot	camel-dataset-starter	4.0.1		abbdac4cd22a4495d6d940906c86fd913350af35
org.apache.camel.springboot	camel-dataset-starter	4.0.2		9b2b32b27998bd93928308158ad1fa8975595517
org.apache.camel.springboot	camel-dataset-starter	4.0.3		b56918fe008fbb24e5361fc826f1629434d3bcb0
org.apache.camel.springboot	camel-dataset-starter	4.0.4		d6002bf3ae8e9a6702d786d5c5a66e8668a1e8b7
org.apache.camel.springboot	camel-dataset-starter	4.0.5		253b5241ed5d70b456dec6afc60808330e2e3858
org.apache.camel.springboot	camel-dataset-starter	4.0.6		9d1d2d4e60f1cf35a9267b5eed1eda2447697f25
org.apache.camel.springboot	camel-dataset-starter	4.1.0		8ec5202ddf3ae77f7e7b0ca8237e24faa31b76ca
org.apache.camel.springboot	camel-dataset-starter	4.10.0		0598ef3718f7cf35e36102eb42088d933cc9bb97
org.apache.camel.springboot	camel-dataset-starter	4.10.1		4500f095681a98d2bfff4a36821aae439c9c5b5f
org.apache.camel.springboot	camel-dataset-starter	4.10.2		62c13f4bb7a5fc099f45cf83ffc286b2e11edb5a
org.apache.camel.springboot	camel-dataset-starter	4.10.3		cec314c65611668cfaa39371ca1f041fb6434230
org.apache.camel.springboot	camel-dataset-starter	4.10.4		1ae21a82f7479c5e4dec4fd702ac5b3ee378c36e
org.apache.camel.springboot	camel-dataset-starter	4.11.0		6235bdbc4d385ba60eaa45cd34e442fc884f87c3
org.apache.camel.springboot	camel-dataset-starter	4.2.0		b5c5044c31cf0cccb4f0e6c4f966d718200d49be
org.apache.camel.springboot	camel-dataset-starter	4.3.0		a012674a456c84d67fe5723a275e003decd0dce4
org.apache.camel.springboot	camel-dataset-starter	4.4.0		deb04f93bb70c19c9107594203aa9f9d8e9d8fae
org.apache.camel.springboot	camel-dataset-starter	4.4.1		4c7e76e2e6325b272b1c2dd87701597e9bc8b8c1
org.apache.camel.springboot	camel-dataset-starter	4.4.2		758f45496b51d0015ecb46db35f88d081e7e182f
org.apache.camel.springboot	camel-dataset-starter	4.4.3		a95b37604db8db383b37373dc66b8302b407047b
org.apache.camel.springboot	camel-dataset-starter	4.4.4		ac3f4207a8e60b5a47c02035ea0f1780dff119f7
org.apache.camel.springboot	camel-dataset-starter	4.4.5		10f37d8e7287d67419f00332480507af2b6d143f
org.apache.camel.springboot	camel-dataset-starter	4.5.0		68812f08e8c8fa5469603817f0c5a074890f208c
org.apache.camel.springboot	camel-dataset-starter	4.6.0		3dcdeab68a90ce9dd8b0d99fd70be048c6364f8e
org.apache.camel.springboot	camel-dataset-starter	4.7.0		9595730f8893c2a651260849852288409e1e9bc6
org.apache.camel.springboot	camel-dataset-starter	4.8.0		8bc3787319a56924345e5bfe0f15df44f489a7f5
org.apache.camel.springboot	camel-dataset-starter	4.8.1		911e7d6c4108193d31e774b011b77db857241499
org.apache.camel.springboot	camel-dataset-starter	4.8.2		8dd2c3c195f424446f35a5329a9a54640e74f1cd
org.apache.camel.springboot	camel-dataset-starter	4.8.3		abc2203a62a2cc55dee611cfa4c86af90349f2b4
org.apache.camel.springboot	camel-dataset-starter	4.8.4		7b69a37cad3c107f09b7be10deab584567929b41
org.apache.camel.springboot	camel-dataset-starter	4.8.5		1301a48a4ea2dc312b2e9ab99489510515682b51
org.apache.camel.springboot	camel-dataset-starter	4.8.6		e29937df15c1284c1e7216ce4ae27f4fad6ece5b
org.apache.camel.springboot	camel-dataset-starter	4.9.0		8ac7ca37555dc0ea2fae25a1c19924ee5394e69b
org.eclipse.californium	cf-rd	1.0.0-M2		490d85e26ddf15543f17ff73f9bbe2b680204155
org.eclipse.californium	cf-rd	1.0.0-M3		b662dac310a823e6f612345921d2929f36ea3ea5
org.effects4s	effects4s-core_2.10	0.1.0		ecdebc1db8abc4a3b75804c0d44912a9367cec57
org.effects4s	effects4s-core_2.10	0.1.0-M2		b9adc2f5e4d54bd036e426ee0f7ba74da1769dc7
org.glassfish.epicyro	epicyro	3.0.0		e4062777427b17fca73c98080381114891b45d49
org.jasig.springframework	spring-security-portlet-contrib	1.0.0		7385aa9b1225dab591efe5de4a24997fb99a1954
org.jasig.springframework	spring-security-portlet-contrib	1.0.1		070ae4f346443de69e7c0c313e27ff3c789cb825
org.jasig.springframework	spring-security-portlet-contrib	1.2.0		8580b65dc2a2a055de61899d7f00a123c73d934f
org.jasig.springframework	spring-security-portlet-contrib	1.2.1		e6f31ce85434e0d30aa12381a77c02398470f226
org.jbpm.contrib	mavenembedder-workitem	7.10.0.Final		5db172a010a68bc08d6d94cc7dc37909eb45d19c
org.jbpm.contrib	mavenembedder-workitem	7.11.0.Final		66f147fca2054d29af84cf3fb0da6037e005781b
org.jbpm.contrib	mavenembedder-workitem	7.12.0.Final		9f3e28bcb7139708247f5b6b3d2d68d45f3b2b15
org.jbpm.contrib	mavenembedder-workitem	7.13.0.Final		72a64cc3a93f684ddecd7bd1bfd4fba3eaa8bd51
org.jbpm.contrib	mavenembedder-workitem	7.14.0.Final		24b92431ddbf645ecf00c24fe88c6ef95563f0a5
org.jbpm.contrib	mavenembedder-workitem	7.15.0.Final		0f261dbacffbfd2d82fd194bc3868aa4a7b23bc8
org.jbpm.contrib	mavenembedder-workitem	7.16.0.Final		ab348b2ef94dc74e23c9edfa8190023b2f56ceee
org.jbpm.contrib	mavenembedder-workitem	7.17.0.Final		f9d6100b16d02671c8e059c656a806ae836a323d
org.jbpm.contrib	mavenembedder-workitem	7.18.0.Final		bc4922d8943ff4ce1c08a0a5c274cb223bd582ba
org.jbpm.contrib	mavenembedder-workitem	7.19.0.Final		fb18cafaf729f0b6eff387952c1da09009ed3341
org.jbpm.contrib	mavenembedder-workitem	7.20.0.Final		9b21bd6cc0b0615f1fc3aec40d8bf0c52097e131
org.jbpm.contrib	mavenembedder-workitem	7.21.0.Final		af99dc5d2578f315dd51b1dc20b6266e2d412f47
org.jbpm.contrib	mavenembedder-workitem	7.22.0.Final		6fdf1b4009c51b4fb976f0a7d737b3e6cebe9068
org.jbpm.contrib	mavenembedder-workitem	7.23.0.Final		4f9128f236f9c8fbb682e8dc1a6bacc2d1116cf9
org.jbpm.contrib	mavenembedder-workitem	7.24.0.Final		785e46457f9fdc5c0015063d4012f1e2b2504c91
org.jbpm.contrib	mavenembedder-workitem	7.25.0.Final		2c7efd09a32b3fc6f19618e2b996b59e35998051
org.jbpm.contrib	mavenembedder-workitem	7.26.0.Final		9811d0abff947825ab214b07b55826fe4719c000
org.jbpm.contrib	mavenembedder-workitem	7.27.0.Final		c4604805dc1b17e2f5f7a3fdcd92f887973cea84
org.jbpm.contrib	mavenembedder-workitem	7.28.0.Final		de0a2df2762dc7eae6177d97633e9327bee9e9b5
org.jbpm.contrib	mavenembedder-workitem	7.29.0.Final		2c63570a90a75ea508f392f6bab2101a2b71cac5
org.jbpm.contrib	mavenembedder-workitem	7.30.0.Final		cae0c7df5924aa82f4219206fa131f11acd0df78
org.jbpm.contrib	mavenembedder-workitem	7.31.0.Final		7ef8a21bec0e4527778a20697e67a96c75ba87d7
org.jbpm.contrib	mavenembedder-workitem	7.32.0.Final		e955e6043cfd8db6aeff30f3cca25e0c9c715c2d
org.jbpm.contrib	mavenembedder-workitem	7.33.0.Final		40cdee0d23fcd677bd494b20ddcb886c3b55cea1
org.jbpm.contrib	mavenembedder-workitem	7.34.0.Final		aef48dceb77eebb6919eef4b3938573ef03dad34
org.jbpm.contrib	mavenembedder-workitem	7.35.0.Final		2865bee82e14fbf85569e6a05d7cb058e3976a22
org.jbpm.contrib	mavenembedder-workitem	7.36.0.Final		37aa43ae06d767c6b1751a293eca4d80aa9713cb
org.jbpm.contrib	mavenembedder-workitem	7.36.1.Final		852f407b99d3404ddb7450e8c696605f7c835027
org.jbpm.contrib	mavenembedder-workitem	7.37.0.Final		7e888f5fe5f5ea60be8ae52fe08bbeef421083ca
org.jbpm.contrib	mavenembedder-workitem	7.38.0.Final		196d81d0a902d5d4912a9cbb81a95db6706da3dc
org.jbpm.contrib	mavenembedder-workitem	7.39.0.Final		b2dbce82ee2fda08437a0541c8090609fd8c7342
org.jbpm.contrib	mavenembedder-workitem	7.40.0.20200703		7f037b8c7884bd8838c98c7f4bf60b4ed6149655
org.jbpm.contrib	mavenembedder-workitem	7.40.0.Final		b861e02901117dabb79b6d2100ef3117e685eb47
org.jbpm.contrib	mavenembedder-workitem	7.41.0.Final		3ac8c5d6ec434ae160d1b4b2928379611d83e285
org.jbpm.contrib	mavenembedder-workitem	7.41.0.t20200723		17d0d92539e804f230b2148011ac48274cb93e9c
org.jbpm.contrib	mavenembedder-workitem	7.42.0.Final		cf3ae6885f017394d6200c1801d21bb1894b0f7e
org.jbpm.contrib	mavenembedder-workitem	7.43.0.Final		8557262723eb2c6d3b0f5d1d7cd0bbc51a93ac9f
org.jbpm.contrib	mavenembedder-workitem	7.43.1.Final		968e14af8b0c39efcd9affa444c9b0abc73c8674
org.jbpm.contrib	mavenembedder-workitem	7.44.0.Final		4e5fb888a261e9fd36d07e82a518d895f70d29f4
org.jbpm.contrib	mavenembedder-workitem	7.45.0.Final		910e6902d2a10093afac17003929dd53459a735b
org.jbpm.contrib	mavenembedder-workitem	7.45.0.t20201009		9e82573a72e478d82429e4c64b438f3b9442ccba
org.jbpm.contrib	mavenembedder-workitem	7.46.0.Final		d554cbdd7dbbd7a32ea076abb1f927f0b7013a6c
org.jbpm.contrib	mavenembedder-workitem	7.47.0.Final		fbc2866e7094fc8ad785aea5ae048ad9bfe339ee
org.jbpm.contrib	mavenembedder-workitem	7.48.0.Final		e1d3f0baf849cb6d00152e90f008d26c36866a6d
org.jbpm.contrib	mavenembedder-workitem	7.49.0.Final		ce3b6540794c9443645c979c0c090b13044b5ca6
org.jbpm.contrib	mavenembedder-workitem	7.50.0.Final		6c4d2d2fad731733d187318c59cef278c379a28d
org.jbpm.contrib	mavenembedder-workitem	7.51.0.Final		c086ee5abcfb66aac89677e7fd45dea7c3fac6f3
org.jbpm.contrib	mavenembedder-workitem	7.52.0.Final		b7405a6b0035e121273a50f57922c992ccc9adf5
org.jbpm.contrib	mavenembedder-workitem	7.53.0.Final		ea8364e217ab899d2d3fda7f5e7a9cd2cf5f95d4
org.jbpm.contrib	mavenembedder-workitem	7.54.0.Final		f3039ea2fde120dc9712930ee907d8f40fcc1f4c
org.jbpm.contrib	mavenembedder-workitem	7.55.0.Final		a2fd0b1a955c39cab49216a244c28ce8184a7663
org.jbpm.contrib	mavenembedder-workitem	7.56.0.Final		8aebe431be5ab643f3332ec054cf8a38ec49074a
org.jbpm.contrib	mavenembedder-workitem	7.57.0.Final		70f821891676906e32a78c3d711290d860b784a8
org.jbpm.contrib	mavenembedder-workitem	7.58.0.Final		2db3718c2f604eb8576ca2c6b7cf4a47d242b4d3
org.jbpm.contrib	mavenembedder-workitem	7.59.0.Final		251d2f1ee07f120c316e5a2051c56da3f5609ee0
org.jbpm.contrib	mavenembedder-workitem	7.60.0.Final		2f232d22ba101b15a92817f84a9c0116e21e35e0
org.jbpm.contrib	mavenembedder-workitem	7.61.0.Final		12eb529304572097c8be36eaf2d4f21ee57b08e4
org.jbpm.contrib	mavenembedder-workitem	7.62.0.Final		565edb378df7b162ffd40c52783857b52c360335
org.jbpm.contrib	mavenembedder-workitem	7.63.0.Final		80add0da19737235a168ddbd2ce8cfa61b99d533
org.jbpm.contrib	mavenembedder-workitem	7.64.0.Final		088f95ded06fc2ff48ca87494656f98870f39aec
org.jbpm.contrib	mavenembedder-workitem	7.65.0.Final		78c11f69ad6465b2a9b6ace130d0123a1817f300
org.jbpm.contrib	mavenembedder-workitem	7.66.0.Final		7bfa6da6528573832161140921454734dce90f3a
org.jbpm.contrib	mavenembedder-workitem	7.67.0.Final		110dbfdb531f503f972930400a849cbc30d52c75
org.jbpm.contrib	mavenembedder-workitem	7.68.0.Final		0de0c7a55350326e31fe0a774542a3c87adcdcee
org.jbpm.contrib	mavenembedder-workitem	7.69.0.Final		dde6571a8f7e1cde567e74d1a5e216f1ddc683dc
org.jbpm.contrib	mavenembedder-workitem	7.70.0.Final		fe79e388360d2c9b69619100bfc2f9f3bd1ffb28
org.jbpm.contrib	mavenembedder-workitem	7.71.0.Final		d567f900ae2413bf52612b7ed1945a6411d840ae
org.jbpm.contrib	mavenembedder-workitem	7.72.0.Final		df85aeb2a632542dec7d687d0ca8cd565590e5b7
org.jbpm.contrib	mavenembedder-workitem	7.73.0.Final		8b61f5e9ca4759901a4dd1b257e8d6ebc504caf4
org.jbpm.contrib	mavenembedder-workitem	7.74.0.Final		c0a5ded7661cf7c4d1d9d597e07fc2fafcb0a7b4
org.jbpm.contrib	mavenembedder-workitem	7.74.1.Final		a1d80186191a241df27898e908183accc1f66d2b
org.jbpm.contrib	mavenembedder-workitem	7.8.0.Final		dc7fce80513fa7c4e5176db784de4a26610fb19a
org.jbpm.contrib	mavenembedder-workitem	7.9.0.Final		fba822108d0088c83e62c6bb4461803f9f6f37d7
org.kie.kogito	monitoring-core	1.1.0.Final		N/A
org.kie.kogito	monitoring-core	1.2.0.Final		N/A
org.kie.kogito	monitoring-core	1.3.0.Final		N/A
org.kie.kogito	monitoring-core	1.4.0.Final		N/A
org.kie.kogito	monitoring-core	1.4.1.Final		N/A
org.kie.kogito	monitoring-core	1.5.0.Final		N/A
org.kie.kogito	monitoring-core	1.6.0.Final		N/A
org.kie.kogito	monitoring-core	1.7.0.Final		N/A
org.kie.kogito	serverless-workflow-funqy	1.5.0.Final		N/A
org.kie.kogito	serverless-workflow-funqy	1.6.0.Final		N/A
org.kie.kogito	serverless-workflow-funqy	1.7.0.Final		N/A
org.ogc-schemas	om	3.0.0		N/A
org.ogc-schemas	om	4.0.0		N/A
org.ogc-schemas	om	5.0.0		N/A
org.ogc-schemas	om	5.0.1		N/A
org.openmole.gridscale	egiwebdavexample_2.13	2.30		d002b8b5a90a5b3be1bfc21e21083d82bb9d070f
org.openmole.gridscale	egiwebdavexample_2.13	2.31		8cb7943c274ee93916aa287b5b425a1d2147b507
org.openmole.gridscale	egiwebdavexample_2.13	2.32		a9cc5bc5e04c47bb6cf8d1db58ca00ee89a4298a
org.openmole.gridscale	egiwebdavexample_2.13	2.33		bd5c8a8d7fe64eb0ca08e0ea6e0f3dccaba960fe
org.openmole.gridscale	egiwebdavexample_2.13	2.34		e4cc7a82343afd36d090ec5481fa25c6b2cd71dc
org.openmole.gridscale	egiwebdavexample_2.13	2.35		073a55a1c36043817e121e7f3a5755a8df550c19
org.openmole.gridscale	egiwebdavexample_2.13	2.36		a5d4a3c5b5da6cac751875a33a3b34942572806c
org.openmole.gridscale	egiwebdavexample_2.13	2.37		dae262fb2d23625cc57bcb8daba88921f813e4b1
org.openmole.gridscale	egiwebdavexample_2.13	2.38		35f11007e9c2afb1069b9bbebdad77a41b2bda98
org.openmole.gridscale	egiwebdavexample_2.13	2.39		9dad84c10e70f1e17d9f47d30323cb7acab57f37
org.openmole.gridscale	egiwebdavexample_2.13	2.40		fb1048367692471cbf0f1c375c2637ee21a55b6c
org.openmole.gridscale	egiwebdavexample_2.13	2.41		771665999f3250cada797fec4c395c6fa2d23953
org.openmole.gridscale	egiwebdavexample_2.13	2.42		ef2d13bf71721d0104df8b9fc36283c3dff4aa8b
org.openmole.gridscale	egiwebdavexample_2.13	2.43		b8233309f6c42df0c243dac469cec4ba4c4ac936
org.ops4j.pax.exam	pax-exam-container-tomcat	3.0.0		240d314a9ec4e923a36c8774aee9c137ceebb680
org.ops4j.pax.exam	pax-exam-container-tomcat	3.0.0.M3		c8418febfde8e726a2cfa0f35084cc9d77426c33
org.ops4j.pax.exam	pax-exam-container-tomcat	3.0.0.M4		f57fca11ada84f7a57abac9b1432085db4f0a4a1
org.ops4j.pax.exam	pax-exam-container-tomcat	3.0.0.RC1		dd4a6f5eb95d6d0507d848ed902fc622cd8b3ee5
org.ops4j.pax.exam	pax-exam-container-tomcat	3.0.1		dbd6129e97b06b6816aa121e54578280a887906c
org.ops4j.pax.exam	pax-exam-container-tomcat	3.0.2		7694064d247eab3003c389df1a279413f0ed17a7
org.ops4j.pax.exam	pax-exam-container-tomcat	3.0.3		2b3ef8f5ea7d9e171062874df9417f48cf0ba419
org.ops4j.pax.exam	pax-exam-container-tomcat	3.1.0		526fbc04a7bd244254f2bfa5cabcd5b350a62bdf
org.ops4j.pax.exam	pax-exam-container-tomcat	3.2.0		975d3bfadeb01ff38056062d597d263376ccc3a9
org.ops4j.pax.exam	pax-exam-container-tomcat	3.3.0		2fdf3bce53f1647481eab142da7fc6468e8d6942
org.ops4j.pax.exam	pax-exam-container-tomcat	3.4.0		5fc3e018b1d55bc7c4d9617ad769ed8f6980a528
org.ops4j.pax.exam	pax-exam-container-tomcat	3.5.0		913ef0aac3b237a2392cc996d529e85e43125bd7
org.ops4j.pax.exam	pax-exam-container-tomcat	3.6.0		f354d094a35bbda2e097ac26266aa0000146194a
org.ops4j.pax.exam	pax-exam-container-tomcat	4.0.0		d35ca141e7293f8649f6b38a57e815cac5c64bda
org.ops4j.pax.exam	pax-exam-container-tomcat	4.1.0		dbdaeb7c46c683e2937d003b103a3505efe2e8f7
org.ops4j.pax.exam	pax-exam-container-tomcat	4.10.0		042358d4adb2a4cf5f3463f4139edbbe47b98529
org.ops4j.pax.exam	pax-exam-container-tomcat	4.11.0		ac4b74f41051871682bc5390b65cae1b55080c25
org.ops4j.pax.exam	pax-exam-container-tomcat	4.12.0		c573e321860a6c3f98ce3d8e5fe90f7a1a359d0b
org.ops4j.pax.exam	pax-exam-container-tomcat	4.13.0		483426460832d3685e1028576d56c50092b08f4d
org.ops4j.pax.exam	pax-exam-container-tomcat	4.13.1		0b300166c454be76bd2ff60e5bd642391f5d7b6f
org.ops4j.pax.exam	pax-exam-container-tomcat	4.13.2		8e623f21320f0576ebfbc9d05d35cbf11528ac15
org.ops4j.pax.exam	pax-exam-container-tomcat	4.13.3		4210214841c59e96ae46b453ad201e4654d71100
org.ops4j.pax.exam	pax-exam-container-tomcat	4.13.4		c7dcabb828ac02fbd4eb8eb2d894e52c83b2e206
org.ops4j.pax.exam	pax-exam-container-tomcat	4.13.5		053ea15d86d8bc13a979cfcc8498bbee866c98b0
org.ops4j.pax.exam	pax-exam-container-tomcat	4.2.0		cfc31d8c38a5fb7906a1b7e35fa1c551541d4bb2
org.ops4j.pax.exam	pax-exam-container-tomcat	4.3.0		9802465b4ceb9f294f02e0f6e034395a066974f6
org.ops4j.pax.exam	pax-exam-container-tomcat	4.4.0		bdc198bdf78ecd2fe7637a8196a319b6862db02b
org.ops4j.pax.exam	pax-exam-container-tomcat	4.5.0		99cc04d054e0ad0e9e27e08e967d6c8908a546e6
org.ops4j.pax.exam	pax-exam-container-tomcat	4.6.0		51aa93be9ea1e76c5c11daffc0ba76d3be5f9ead
org.ops4j.pax.exam	pax-exam-container-tomcat	4.7.0		20bb1e184bdb0671278606f5c83d3f1c33580fcf
org.ops4j.pax.exam	pax-exam-container-tomcat	4.8.0		f5a063040f220742d0cf32c1893f796bf9df9152
org.ops4j.pax.exam	pax-exam-container-tomcat	4.9.0		653031229b67e9b0bfb066aa1356104e3e22392c
org.ops4j.pax.exam	pax-exam-container-tomcat	4.9.1		99d4e450cea4fb001ee8655dc39e12c81b112055
org.ops4j.pax.exam	pax-exam-container-tomcat	4.9.2		e2e7b88b46f219259ed144d50f8f02e92b8afa5d
org.specs2	specs2-scalaz_2.13	4.10.0		a46af221b2ecb90a0b1e932f23ab0023a0340707
org.specs2	specs2-scalaz_2.13	4.10.1		a5ceec3a68ba429ad9ebffcfa48d34b120eae875
org.specs2	specs2-scalaz_2.13	4.10.2		307862f3b91ad671fe0c3e0d6926a26726956345
org.specs2	specs2-scalaz_2.13	4.10.2-7d89a6aa3-20200803112836		73932891c4c3a8f1463d40570ddb57787c9074a2
org.specs2	specs2-scalaz_2.13	4.10.3		70a2c8ee12a32c91c555500e6b92d46a204d6596
org.specs2	specs2-scalaz_2.13	4.10.4		73bb41797c3c7aa42238b4d278f23d45581d1c0c
org.specs2	specs2-scalaz_2.13	4.10.5		8972803a24673bf634f2653b91411df31e8c4207
org.specs2	specs2-scalaz_2.13	4.10.6		6c046fb9874b388aa8bb2ecd138d048195d5e2bf
org.specs2	specs2-scalaz_2.13	4.11.0		8a2b72d4409524b3dabe478da85bb697c5f44f8b
org.specs2	specs2-scalaz_2.13	4.12.0		9295bc9d9eb978c313d350655477cc2711d80f55
org.specs2	specs2-scalaz_2.13	4.12.1		51bda2adc69c49e3d47d32946f083af95e84d3c5
org.specs2	specs2-scalaz_2.13	4.12.1-junit-5		300176463ada948fdf6f2af70b7c5ab51cc4f06b
org.specs2	specs2-scalaz_2.13	4.12.10		2173e12e96bf5f5325c4e41161262a6dd3344447
org.specs2	specs2-scalaz_2.13	4.12.11		ec90824ebc50f7f54e721c5fd6d160964a803210
org.specs2	specs2-scalaz_2.13	4.12.12		2e0c03190e1276fe6a394a4058b101446dd41713
org.specs2	specs2-scalaz_2.13	4.12.2		f4d403f042cbe9f07e6c555f611e318106d64189
org.specs2	specs2-scalaz_2.13	4.12.3		7bc66dfb0e0fda049426ee3dd7cb376cb8a175e2
org.specs2	specs2-scalaz_2.13	4.12.4		d7341dfa15f32bcad46295b3c9b84fcdbe27bce0
org.specs2	specs2-scalaz_2.13	4.12.4-js-ec		63d80d377ca3650fe68fc830e987df4e3483a8e2
org.specs2	specs2-scalaz_2.13	4.12.5		9635ff156b7c15faf3fbab6532c7c7e7949f2b82
org.specs2	specs2-scalaz_2.13	4.12.6		6c6192c60b3abb939afbeafd0fd8656460df8bd5
org.specs2	specs2-scalaz_2.13	4.12.7		4de85e21b2d4f77157cfc348edf72d19ba1614ff
org.specs2	specs2-scalaz_2.13	4.12.8		e60273be4458fdb53447f16ee98de22a992a11a1
org.specs2	specs2-scalaz_2.13	4.12.9		1cd08bea1dd5ccab23bc42f5555ac5d42a435475
org.specs2	specs2-scalaz_2.13	4.13.0		bcdc47518ad9f9056752c2f2596eb0640813e79f
org.specs2	specs2-scalaz_2.13	4.13.1		0c2fa5b861d0bd6a4c5d40a7ae7e3f261b8525ad
org.specs2	specs2-scalaz_2.13	4.13.2		501fa8fc0e2a617ae68b8e333935d23405354552
org.specs2	specs2-scalaz_2.13	4.13.3		0ead7cd90e2498f105ecbb12858c096b1d3ca966
org.specs2	specs2-scalaz_2.13	4.14.0		167e7755e1d9ad7926c6a7b19c97cf17d7677afc
org.specs2	specs2-scalaz_2.13	4.14.1		eb90cac96959b4e6a0c96b323a484779aa4285b3
org.specs2	specs2-scalaz_2.13	4.14.1-cross		552e30f688ee7f2f91a78f9db3b02169d6bedd40
org.specs2	specs2-scalaz_2.13	4.15.0		bfd2a4f35271089e027d86f2313f10792b411444
org.specs2	specs2-scalaz_2.13	4.16.0		7346d8137c6f684e86a56a38ce4aae895c417f85
org.specs2	specs2-scalaz_2.13	4.16.1		966b39b87cbea67d85ca3749aefa69851522ca66
org.specs2	specs2-scalaz_2.13	4.17.0		604d25d3723a358d1716987655992c6b2a318851
org.specs2	specs2-scalaz_2.13	4.18.0		1badf6bfb648a79224f40d53176fa2055a724a28
org.specs2	specs2-scalaz_2.13	4.19.0		2b6a1de51790cbef0d77902178f5bd196a257010
org.specs2	specs2-scalaz_2.13	4.19.1		911be6483f552fd2e4acea07f1e394af7cde8667
org.specs2	specs2-scalaz_2.13	4.19.2		4290bbf6059a46770cf35527c3f788839f126776
org.specs2	specs2-scalaz_2.13	4.20.0		054b3a746d8e1a829826278be622617e19254d4f
org.specs2	specs2-scalaz_2.13	4.20.1		8a00586a631148170dfee9699f3738361c8cdb9c
org.specs2	specs2-scalaz_2.13	4.20.2		75dbc86363e55dacc152838bc367146989f27fce
org.specs2	specs2-scalaz_2.13	4.20.3		982f3f6ec2a695bf06ba13711903c1adcb697250
org.specs2	specs2-scalaz_2.13	4.20.4		381b6cbafe838973331e365a8d98bf7376fe487f
org.specs2	specs2-scalaz_2.13	4.20.5		1eb64345af1de9cff926ae970aa13297b2f35ad7
org.specs2	specs2-scalaz_2.13	4.20.6		807b84fbbeb4bf2382c1a72ee46a58dd6dd49bf6
org.specs2	specs2-scalaz_2.13	4.20.7		94e73643ea598c33ea9bd9f3dd0d8cf54db19fd2
org.specs2	specs2-scalaz_2.13	4.20.8		d0cf6bef935d407fbe97ec9e39df8fa5ab226fb5
org.specs2	specs2-scalaz_2.13	4.20.9		46f844b55dcb96c60b8b60c6dc0321c14d08d4ea
org.specs2	specs2-scalaz_2.13	4.21.0		e25ff0e53ecac039c33ad3ded7c89a80f8a6b107
org.specs2	specs2-scalaz_2.13	4.5.1		34b536dfe95a457afea0055ff685f973023e8175
org.specs2	specs2-scalaz_2.13	4.6.0		6a97d33d06b4585439ba66577c78f01c18f87f40
org.specs2	specs2-scalaz_2.13	4.7.0		d0f5110175e9240e87bbcb6f8c7d314f187f41cb
org.specs2	specs2-scalaz_2.13	4.7.1		c39f102fe28e48b0631edc6f4cc90ea83b96ad5f
org.specs2	specs2-scalaz_2.13	4.8.0		6e831d013b9a67254460873aafd9fba689d04c41
org.specs2	specs2-scalaz_2.13	4.8.1		dc99ef1d3849243b52da54069f9d80f606206975
org.specs2	specs2-scalaz_2.13	4.8.2		1059c451c0d4e34438e8d57a36009786ea056716
org.specs2	specs2-scalaz_2.13	4.8.3		e35bba0957d4b3553f532777f8852ca5682e9b41
org.specs2	specs2-scalaz_2.13	4.9.0		f9e270fab9e19dabde35a33af4b4f1dfc5e002ee
org.specs2	specs2-scalaz_2.13	4.9.1		d505c26d14c5748cae3af23c9fb691d28591b3df
org.specs2	specs2-scalaz_2.13	4.9.2		79176106b9b026885b09add3c8127dc79ecb869c
org.specs2	specs2-scalaz_2.13	4.9.3		c35ffd80d20e4097ebc04484a0834b56554de86b
org.specs2	specs2-scalaz_2.13	4.9.4		872d5f3f89222948d2a74ca1caef944ac66059c6
org.tinygroup	org.tinygroup.ui.framecommon	2.1.0		781a9091f5c915ad5aa3d98a463f55eec64a1201
org.tinygroup	org.tinygroup.ui.framecommon	2.1.1		058c900847ab755dfffee1af2d0ed60a5cb45035
org.tinygroup	org.tinygroup.ui.framecommon	2.2.0		2c266ac6bab3d661d66faa96e625527b90dad555
org.tinygroup	org.tinygroup.ui.framecommon	2.2.3		27902c13fc81c365f6fb302b8378a7d1523f30aa
org.tinygroup	org.tinygroup.ui.framecommon	2.2.4		8be79b323de6189849f5901dd2dd7e6fd72beaa5
org.tinygroup	org.tinygroup.ui.framecommon	2.2.5		fb9c6fe8d134e419de7dc29df67cd51840a55bda
org.tinygroup	org.tinygroup.ui.framecommon	2.2.6		b71360dd3d3e96bfc2314dc86cb0f9f9bc0b5584
org.tinygroup	org.tinygroup.ui.framecommon	2.3.0		1419b5eb2c22d578398fe5a1cd61cf2eeda3186d
org.tinygroup	org.tinygroup.ui.framecommon	2.3.1		9b4ae5e9b9a1530cb003bfb3f3252073dc8027bd
org.tinygroup	org.tinygroup.ui.framecommon	2.3.2		85d880a71ba34f51712a6560583d10462d3485f0
org.tinygroup	org.tinygroup.ui.framecommon	2.3.3		13b16161d17ccfc7351a74db25df3d117f57f133
org.tinygroup	org.tinygroup.ui.framecommon	2.3.4		430481239583685e3fcbc90c7dc148fb5a913bf1
org.tinygroup	org.tinygroup.ui.framecommon	2.3.5		e691b197b4485ae5664a5bc05d0c8ff62fb46834
org.tinygroup	org.tinygroup.ui.framecommon	3.0.0		a4f96b9e988a8b3e04f776789486b9c7e2cecbe7
org.tinygroup	org.tinygroup.ui.framecommon	3.0.1		2000b3d034dcbdb0c1a746d8f6fb093c7ffd4446
org.tinygroup	org.tinygroup.ui.framecommon	3.0.2		a2c6100d0ad7cf2123e194b0d65e21dca704caed
org.tinygroup	org.tinygroup.ui.framecommon	3.0.3		39b0d7a8204a86426b9bbda63b3c165f4cf4f946
org.tinygroup	org.tinygroup.ui.framecommon	3.0.4		7f373dfd32eb1a6d4b5d40b536dee5fba0bc1790
org.tinygroup	org.tinygroup.ui.framecommon	3.0.5		d793393e717d395cb0451b0efb4e532f38048abf
org.tinygroup	org.tinygroup.ui.framecommon	3.1.0		69e85a8577de38230cd04d9b43ee6c4a358c9ba5
org.tinygroup	org.tinygroup.ui.framecommon	3.1.1		7f8cf9c0e50d72436c3224bf4c8b88f311d7a92c
org.tinygroup	org.tinygroup.ui.framecommon	3.2.0		8e5bafa131945d03df722a4f6770c8ac66a6b772
org.tinygroup	org.tinygroup.ui.framecommon	3.3.0		3176cd3fd68116655e79da73308360913c73aef7
org.tinygroup	org.tinygroup.ui.framecommon	3.3.1		517f850e980376148bb557798f5829ba8ae9b183
org.tinygroup	org.tinygroup.ui.framecommon	3.3.2		1a8c5b5daf80c92aa0052e7cb402d7a279926f08
org.tinygroup	org.tinygroup.ui.framecommon	3.3.3		950fb73eb5a79d1283643f52228ba25844e9706d
org.tinygroup	org.tinygroup.ui.framecommon	3.3.4		d9ff91c59f0ec784aecb59d5b3d1c8ad471dba27
org.tinygroup	org.tinygroup.ui.framecommon	3.3.8		a85a97aa3c6a96295f7ee928d9a32d92234df530
org.tweetyproject.logics	petri	1.20		2ef21bedbf9bfe90ef18fcd3d8b257390c75558c
org.tweetyproject.logics	petri	1.21		fd78daa5380932aea6e7770eddbd2577e69afafd
org.tweetyproject.logics	petri	1.22		dcc3e53a84e31738ef566065f6e6a1a8636e6cc8
org.tweetyproject.logics	petri	1.23		c6c3b2c3592c3e849fe544fa33e17e82a23ee101
org.tweetyproject.logics	petri	1.24		ed81071e9920dfd3e34570ca7e7cdfdc916bde43
org.tweetyproject.logics	petri	1.25		ca50eed339d453fdfba52aaef1dfa186baa3614b
org.tweetyproject.logics	petri	1.27		de565f0a4676e2c047c15102715487e608896e3e
org.webjars	lz-string	1.3.3		875f0f2629eb17d2811840da5b5be6780eeb28ac
org.webjars.bower	angular-locker	2.0.1		5871a5c22ab513d032a6b178f28853bcc4fb1611
org.webjars.bower	angular-selectize2	1.2.1		6f89f925dea6ae2c839f553ae65253a09c49a6ed
org.webjars.bower	angular-selectize2	1.2.3		70af53c2f6174922fc01a12c5d885b28dc4406e7
org.webjars.bower	angular-selectize2	3.0.1		f3caed8fdb25383e0c545b140d5b912e552872fb
org.webjars.npm	style-to-object	0.3.0		77c23738af16624ad999a557c8c46a6b89196b85
org.webjars.npm	style-to-object	0.4.4		3d3f0f3e925555c6b703187ec3dadfeae9b848b3
org.wso2.carbon	org.wso2.carbon.coordination.common	4.10.11		d93ba25260ed97426a9f266bcdee6ea404b0fa34
org.wso2.carbon	org.wso2.carbon.coordination.common	4.10.12		6d703666c814794414e91df134e8616a78413466
org.wso2.carbon	org.wso2.carbon.coordination.common	4.10.13		145fc6d51265c00f4c17b5fa625e398aa7be81bb
org.wso2.carbon	org.wso2.carbon.coordination.common	4.10.15		75d8b10c693964cb960c44e370e506e1f470d3b5
org.wso2.carbon	org.wso2.carbon.coordination.common	4.10.2		8472082f0e26b34ed9e8f291ebdf8788b9319d04
org.wso2.carbon	org.wso2.carbon.coordination.common	4.10.21		2ae4dde25c018c0d207cecab129f5776d2b21f6c
org.wso2.carbon	org.wso2.carbon.coordination.common	4.10.22		a7817e1eeae712b05bbd7eaa3dccbc17a33c2fa6
org.wso2.carbon	org.wso2.carbon.coordination.common	4.10.31		935a3661a1e8b013974bd3d72f59cdcf3b0abc66
org.wso2.carbon	org.wso2.carbon.coordination.common	4.10.32		38010293f910fe09a5426ee6f423b56f89ca36b4
org.wso2.carbon	org.wso2.carbon.coordination.common	4.10.39		8cd77600aa9771d311bce61e7c802f0a00808772
org.wso2.carbon	org.wso2.carbon.coordination.common	4.10.44		70482e56690e521fcc5726900a7df9f7bc8dbe39
org.wso2.carbon	org.wso2.carbon.coordination.common	4.4.19		9e2f8a6e85c5325c49bf00c3b72617afa84452f8
org.wso2.carbon	org.wso2.carbon.coordination.common	4.4.20		df412aa898786fbcb9d7c554d3ee438da94bfaa4
org.wso2.carbon	org.wso2.carbon.coordination.common	4.4.21		3ba14a41412a6fbf1a18a5597fa0cf5b6738b3a6
org.wso2.carbon	org.wso2.carbon.coordination.common	4.4.22		1dc45e64fc0df8fc35eee0f328739b4a994025b4
org.wso2.carbon	org.wso2.carbon.coordination.common	4.4.23		d31193f366c04e12e7bc5903b907e300d35d66b5
org.wso2.carbon	org.wso2.carbon.coordination.common	4.4.24		ccdc0c7e13232e44a95747037b26a4cec180139a
org.wso2.carbon	org.wso2.carbon.coordination.common	4.4.25		28c0becd0eaa227301814f50b14bc7a096c36044
org.wso2.carbon	org.wso2.carbon.coordination.common	4.4.26		38ea3b78a03f9965e60bdcfe4dafbd6ca4967921
org.wso2.carbon	org.wso2.carbon.coordination.common	4.4.27		86574e1027c5cd3a3f8e784eb361acf1b52bd883
org.wso2.carbon	org.wso2.carbon.coordination.common	4.4.28		c772eb98a4bea2bac8a23c2b09cded8b32354479
org.wso2.carbon	org.wso2.carbon.coordination.common	4.4.29		1ca86e48f385c12e3df3141c29ac4142d450839e
org.wso2.carbon	org.wso2.carbon.coordination.common	4.4.30		cc7588413e10d333ab49a3697909d15f05627328
org.wso2.carbon	org.wso2.carbon.coordination.common	4.4.31		106d6945454c4e2e66acf570574396c0bd3e4303
org.wso2.carbon	org.wso2.carbon.coordination.common	4.4.32		fa6b780d3ecb90c1ea5a398678fe16a6e5811468
org.wso2.carbon	org.wso2.carbon.coordination.common	4.4.33		b06de47a75aaef87f2c5f9e05799f7368e778187
org.wso2.carbon	org.wso2.carbon.coordination.common	4.4.34		19f343400de9c238bda7513d76696eb8cb41a57d
org.wso2.carbon	org.wso2.carbon.coordination.common	4.4.35		ea521369cca707aeaa87c7eca3a5df38fb709641
org.wso2.carbon	org.wso2.carbon.coordination.common	4.4.36		118e9c9275ec07553a4f0be3092dec2c6bc9883b
org.wso2.carbon	org.wso2.carbon.coordination.common	4.4.37		0e19fa25a0eaccfc7255c60c0b9e1e78f0affea8
org.wso2.carbon	org.wso2.carbon.coordination.common	4.5.1		03a52572366b904307f1fe65b97ae0654dd3ef5e
org.wso2.carbon	org.wso2.carbon.coordination.common	4.6.0		4264218b4f7a82f48f0be8380607d3e80695c294
org.wso2.carbon	org.wso2.carbon.coordination.common	4.6.0-alpha		80a8ab12d2444b7068202e5ebb923a0be9c30ed0
org.wso2.carbon	org.wso2.carbon.coordination.common	4.6.0-alpha2		1b62a92f96bac72286e5985f985fbf5f9c135d3e
org.wso2.carbon	org.wso2.carbon.coordination.common	4.6.0-beta2		20103556ccaa3c8249fc39fdd2979c05134af04b
org.wso2.carbon	org.wso2.carbon.coordination.common	4.6.1		a1e0c393026ed1ed337bda268f1d1d78fd18b6fa
org.wso2.carbon	org.wso2.carbon.coordination.common	4.6.1-alpha		447d456f97cdde00087d5a34c2e8acefd0435238
org.wso2.carbon	org.wso2.carbon.coordination.common	4.6.1-alpha2		7a176b04acac8c26cb45d36a1ea9c3f0e9da9b50
org.wso2.carbon	org.wso2.carbon.coordination.common	4.6.1-alpha3		2c4fd5c2d785b75fedd2d9f7517336730de4f730
org.wso2.carbon	org.wso2.carbon.coordination.common	4.6.1-beta		53908f9be3f181471b7fc29dabadab1ef00543b5
org.wso2.carbon	org.wso2.carbon.coordination.common	4.6.1-beta2		a348422edec43eb1f229c5201675379bbc78cacf
org.wso2.carbon	org.wso2.carbon.coordination.common	4.6.1-m1		dd04dbc524c7f8ad2aa2c600458a1e3ca23528a8
org.wso2.carbon	org.wso2.carbon.coordination.common	4.6.1-m2		b34c0891978eecd7382b75ad01fc4b6a830e5dd5
org.wso2.carbon	org.wso2.carbon.coordination.common	4.6.1-m3		3853709b15cee5c01ab622e60a8b73248dc5ed0c
org.wso2.carbon	org.wso2.carbon.coordination.common	4.6.1-m4		7eaea50faf1495b4619e12a2b09b3bf02577b8e7
org.wso2.carbon	org.wso2.carbon.coordination.common	4.6.1-m5		6b9e07eaad7b779d1236004dfd8807fae0916744
org.wso2.carbon	org.wso2.carbon.coordination.common	4.6.1-m6		aa47f7e7f101c388c60b7e1d198cafa3193706d9
org.wso2.carbon	org.wso2.carbon.coordination.common	4.6.1-m7		e4715943d5e8abac186b095a8221998d80170fa3
org.wso2.carbon	org.wso2.carbon.coordination.common	4.6.1-m8		01697b45d746299c55a6d575b266d421c9403a59
org.wso2.carbon	org.wso2.carbon.coordination.common	4.6.2		e418f3453e14eb5afc4726659bfdc1c5d63ed520
org.wso2.carbon	org.wso2.carbon.coordination.common	4.6.2-m1		5ec90250b1137c13e7e897d7b29aa6354efc25d6
org.wso2.carbon	org.wso2.carbon.coordination.common	4.6.2-m2		a2201a61701f22bb1c7384aedc92755bec2cf145
org.wso2.carbon	org.wso2.carbon.coordination.common	4.6.2-m3		aab28a6e52fdd9dd437ad1714c534b1b593ac4d2
org.wso2.carbon	org.wso2.carbon.coordination.common	4.6.2-m4		3b434a3b0bae901adda720e1beaa1ffc1ba59345
org.wso2.carbon	org.wso2.carbon.coordination.common	4.6.2-m5		cc5090a4e31330a190bd0f9b2155ef4e01da81ec
org.wso2.carbon	org.wso2.carbon.coordination.common	4.6.2-m6		d434be8b15c39ca348ffc94765cceede9bf82a0c
org.wso2.carbon	org.wso2.carbon.coordination.common	4.6.2-m7		9d0dfbf4d773c9631c95be004266028b00cabb2f
org.wso2.carbon	org.wso2.carbon.coordination.common	4.6.2-m8		506e5000898c5dd2688b57f224321bd7439d8637
org.wso2.carbon	org.wso2.carbon.coordination.common	4.6.2-m9		9706c5b81078402c2102992e729d3f5a2ae7138f
org.wso2.carbon	org.wso2.carbon.coordination.common	4.6.3-alpha		58875b44d0748285a98b3a75b59e4057554f8bfe
org.wso2.carbon	org.wso2.carbon.coordination.common	4.6.3-beta		2cccfaca86ed03b720693528cce201a66fb651fc
org.wso2.carbon	org.wso2.carbon.coordination.common	4.6.3-m1		9259de3c269b7b58d94e16bb9657976eef52fcd3
org.wso2.carbon	org.wso2.carbon.coordination.common	4.6.3-m2		63d3a02cc4b3fa141bf7e878b467fcabda9637df
org.wso2.carbon	org.wso2.carbon.coordination.common	4.6.3-m3		b927c29845e115ff530168b61c2208ad932e6501
org.wso2.carbon	org.wso2.carbon.coordination.common	4.6.3-m4		42d735580eae4b8cbd61ba2e3fe6c8f070c4e64b
org.wso2.carbon	org.wso2.carbon.coordination.common	4.6.3-m5		5941fc2d1ef086252f68cb67895aec8e297413f5
org.wso2.carbon	org.wso2.carbon.coordination.common	4.6.3-m6		a32e26a6235a5bb86e0d47929cd4a3f4f783aeed
org.wso2.carbon	org.wso2.carbon.coordination.common	4.6.3-m7		fe8fa3dcb4402cf3d5941fa8d568883b34a1f26d
org.wso2.carbon	org.wso2.carbon.coordination.common	4.6.3-m8		423108cf39275628239e6cfce811278fdda757d5
org.wso2.carbon	org.wso2.carbon.coordination.common	4.7.0		2a5f23d41e4e8cf4f72060fa4b9a47c393a847ab
org.wso2.carbon	org.wso2.carbon.coordination.common	4.7.0-beta10		10b20cdbd0d20d95c98dfce62cf6824b757e368d
org.wso2.carbon	org.wso2.carbon.coordination.common	4.7.0-beta9		58cadd623345d2c34cf27bcd77ae6b4d5b936d88
org.wso2.carbon	org.wso2.carbon.coordination.common	4.7.0-m1		a4154a9438e37a2f92c84ea565eb037d5aa5556b
org.wso2.carbon	org.wso2.carbon.coordination.common	4.7.0-m10		4d61c432281cce00a95626cac8c2965d16c1d2ca
org.wso2.carbon	org.wso2.carbon.coordination.common	4.7.0-m11		62794cfeb59476ba1222142fb549ffcdfd075056
org.wso2.carbon	org.wso2.carbon.coordination.common	4.7.0-m2		56cb9d2a54846ee453d3fef3ccd0d979c0030550
org.wso2.carbon	org.wso2.carbon.coordination.common	4.7.0-m3		9961fb5e14ab526b49621a9554966516c3ae20ee
org.wso2.carbon	org.wso2.carbon.coordination.common	4.7.0-m4		4b7ba0e6facc5f67b97320d0f3fb0f158d635071
org.wso2.carbon	org.wso2.carbon.coordination.common	4.7.0-m5		0a4a011864dbed2a882df132e165255209b70406
org.wso2.carbon	org.wso2.carbon.coordination.common	4.7.0-m6		e5093a694494d8f91188a3b4b7f12752048997f7
org.wso2.carbon	org.wso2.carbon.coordination.common	4.7.0-m7		140ad1d16adb774c2042a0fbe23b15377665de34
org.wso2.carbon	org.wso2.carbon.coordination.common	4.7.0-m8		1cca22981c8caae208b126262fd84a3a8968630d
org.wso2.carbon	org.wso2.carbon.coordination.common	4.7.0-m9		d3af32ae84316fdc63f7cd350a76c10e634d5b71
org.wso2.carbon	org.wso2.carbon.coordination.common	4.7.1		e3d45040c92390709f40fe9e0f29b9745c5f5e6a
org.wso2.carbon	org.wso2.carbon.coordination.common	4.8.0-beta		62d1d6f2a97f511ec5d0393d8b37aea805c08834
org.wso2.carbon	org.wso2.carbon.coordination.common	4.8.0-m1		4953b6178c7f699fb1bcf536afd7837d272ee715
org.wso2.carbon	org.wso2.carbon.coordination.common	4.8.0-m2		92e2523453113e0bfab0f83aa5d957395d9659f6
org.wso2.carbon	org.wso2.carbon.coordination.common	4.8.1		1bc76658bb11175495ca34b35cdbbd798554d1e1
org.wso2.carbon	org.wso2.carbon.coordination.common	4.9.0		412af8716b8d570c4212e2432c3db75978509192
org.wso2.carbon	org.wso2.carbon.coordination.common	4.9.0-alpha		b4b0e00687aa413544c746d04e3f3ce0a158915a
org.wso2.carbon	org.wso2.carbon.coordination.common	4.9.0-beta		7569fd3bf14fd640fc906951cd1a003e810d1192
org.wso2.carbon	org.wso2.carbon.coordination.common	4.9.0-m1		6f633c31fa3e55685ca52ed97faa5328eb06f593
org.wso2.carbon	org.wso2.carbon.coordination.common	4.9.0-m2		c975e2b687b80c0ea0553006754a9dc61bf01785
org.wso2.carbon	org.wso2.carbon.coordination.common	4.9.0-m3		304d7fcb05d841c5e2f30dbf53aa9ce03330035b
org.wso2.carbon	org.wso2.carbon.coordination.common	4.9.1		4c5e86604ca50e40e7211d03c12796df329e26cd
org.wso2.carbon	org.wso2.carbon.coordination.common	4.9.1-m1		fdc83f2f7543c375be4340b033307838101a5c18
org.wso2.carbon	org.wso2.carbon.coordination.common	4.9.22		698143849c3d63cd83dd057bcf5850f008ab0d9d
org.wso2.carbon	org.wso2.carbon.coordination.common	4.9.26-alpha		cf4ccc7cbe2fab09770e839d08ba2622887a4335
org.wso2.carbon	org.wso2.carbon.coordination.common	4.9.26-alpha3		ad3af109c9dbb43aeba65012dc19552327788c81
org.wso2.carbon	org.wso2.carbon.coordination.common	4.9.27-alpha		fb2995203d5bff00d7762a88018a8f866d352fa1
org.wso2.carbon	org.wso2.carbon.coordination.common	4.9.3		adb5b61fc228716506d2cbedc3ffa63a41e1fb31
pl.beone.promena.communication.memory.external	promena-communication-memory-external	1.0.0		N/A
top.bettercode.wechat	weixin-common	0.9.7		bffe17a2631a83ff431cd0387d158f5277f05d34
tz.co.asoft	bitframe-service-builder-sdk-client-core-js	2.0.14		N/A
