app.tulz	stringdiff_sjs1_3	0.3.3		6e1408c7634caab27d5643fe859ab630508ce844
app.tulz	stringdiff_sjs1_3	0.3.4		4800e5cf97ade9f5b3a3902c1969e0e02863ce90
cn.bctools	jvs-starter-database	1.0.0		1cfb6c687757954e177dc7f3e7cc24916aedbbbe
cn.bctools	jvs-starter-database	1.1.0		2893bf43a31f51c91c515474467da4cbebbfcbdc
cn.wjee.boot	wjee-logstash-spring-boot-starter	2.1.1.0		94c70b19641d20df9b2955b270974fbb4a58fec9
cn.wjee.boot	wjee-logstash-spring-boot-starter	2.1.1.3		414040d80c4f6e3e760fcdbbe88b947e5630eec4
cn.wjee.boot	wjee-logstash-spring-boot-starter	2.6.3.0		1aeb7696d7ff139bad068322b879883d7503c085
com.aliyun	intelligentcreation20241107	1.0.0		b5296b1469953f3192b7d6f9bd9db6b0b498a1aa
com.aliyun	intelligentcreation20241107	1.0.0	shaded	afa3f5e8cf8f05e52e97aebc0fc1e69aa470c1b6
com.apollographql.apollo	apollo-api-iosarm64	4.0.0		N/A
com.apollographql.apollo	apollo-api-iosarm64	4.0.0	metadata	2207ad04f5dcdbdd6dc844e09e55a9c3bf1c7ee1
com.apollographql.apollo	apollo-api-iosarm64	4.0.0-rc.1		N/A
com.apollographql.apollo	apollo-api-iosarm64	4.0.0-rc.1	metadata	bb7edb41fdef7649e2226cdb59ec693531172561
com.apollographql.apollo	apollo-api-iosarm64	4.0.0-rc.2		N/A
com.apollographql.apollo	apollo-api-iosarm64	4.0.0-rc.2	metadata	621f7078e5cf841cf08a5e0f37b75d5a2bf0b809
com.apollographql.apollo	apollo-api-iosarm64	4.0.1		N/A
com.apollographql.apollo	apollo-api-iosarm64	4.0.1	metadata	40b69c7863ba4f328ad7de66ab34ee8a48276bc4
com.apollographql.apollo	apollo-api-iosarm64	4.1.0		N/A
com.apollographql.apollo	apollo-api-iosarm64	4.1.0	metadata	824149674742226e93725c96e3e37cabe550b7b5
com.apollographql.apollo	apollo-api-iosarm64	4.1.1		N/A
com.apollographql.apollo	apollo-api-iosarm64	4.1.1	metadata	fe90544ef5a7e54148fe9d933dee3f4bc11fed46
com.apollographql.apollo	apollo-api-iosarm64	4.2.0		N/A
com.apollographql.apollo	apollo-api-iosarm64	4.2.0	metadata	7d49045a0ce40968e4c8f24913dce521903c00b0
com.couchbase.client	kotlin-client	1.0.0		ba0413ce5819bcb192c2f6aa3b7e40dceb661f81
com.couchbase.client	kotlin-client	1.0.0-dp.1		301038c4529e24865eb63ef66d0ed9270bf302f7
com.couchbase.client	kotlin-client	1.0.0-dp.2		c485d97637c4edafa2259b0f244250c58bf3fa43
com.couchbase.client	kotlin-client	1.0.0-dp.3		bde9f9e8a0b4d8b92a055c1e70feef67fff55f90
com.couchbase.client	kotlin-client	1.0.0-dp.4		74a1a500ed0903248218f6056e3b195f1590a73c
com.couchbase.client	kotlin-client	1.0.0-dp.5		9930adbf4484e172d3b0d1a66cf035221c66065a
com.couchbase.client	kotlin-client	1.0.0-dp.6		aa6bfd9321ed3218a82866b960d8c1384a58f284
com.couchbase.client	kotlin-client	1.0.0-dp.7		9eaae83c4629d765d73fae2caa76505ede67ca67
com.couchbase.client	kotlin-client	1.0.1		d043716463b9418c1d06ca2db07431c766f04cfb
com.couchbase.client	kotlin-client	1.0.2		6f40573d447a7ebd586ade4dd388ffa3fe0b3923
com.couchbase.client	kotlin-client	1.0.3		b6ca1ac465053e88a878908cc85852140b7d9b72
com.couchbase.client	kotlin-client	1.0.4		b7b1ba8c0cdd3454a4b7a67bf243058915701862
com.couchbase.client	kotlin-client	1.1.0		aa844c7dd319923d486192b99dac59bc8cbba00a
com.couchbase.client	kotlin-client	1.1.1		f92d969eb1cd97300a0deef3f50e1d1dd8e6e951
com.couchbase.client	kotlin-client	1.1.10		b49f606a40fb05db6028b15bdf5719472af8ec81
com.couchbase.client	kotlin-client	1.1.11		b82c81e81d91e6d651b14a6df576b73ae3aa5071
com.couchbase.client	kotlin-client	1.1.2		d9113df97f8922c3be754cd177f084475a7b1ada
com.couchbase.client	kotlin-client	1.1.3		d93f53157c6ed92df3b37db458cad09de3f79487
com.couchbase.client	kotlin-client	1.1.4		fdbd4986c8cdf9efc6782d5e51fc6360d50fdd07
com.couchbase.client	kotlin-client	1.1.5		413bf46223ed8e20b06ad254dba44ea7a4b6cc46
com.couchbase.client	kotlin-client	1.1.6		d8b4a2fa464efd6d1ef209ac1106fdd4442279aa
com.couchbase.client	kotlin-client	1.1.7		43cbdc85f979a806dc23e850e5d7cf1572d32b92
com.couchbase.client	kotlin-client	1.1.8		298be0469d73d643c4c907550fcb2dd58806cfcf
com.couchbase.client	kotlin-client	1.1.9		c76d4e741c0d0447a377876a18913b8a934a73af
com.couchbase.client	kotlin-client	1.2.0		de620083fd9823237e3eac64cbbb5cb37d3609cf
com.couchbase.client	kotlin-client	1.2.1		8a7356e5eb453c0ffc08f81708942d8a30044d20
com.couchbase.client	kotlin-client	1.2.2		1c2bd16b8b00deaf2b828b3bf5f84a6b368f78c1
com.couchbase.client	kotlin-client	1.2.3		88e4b0805ec999b0be7f4ef3bc6956d37e09f785
com.couchbase.client	kotlin-client	1.3.0		f947201440566ccdf3900aab05bc54d4db9e7145
com.couchbase.client	kotlin-client	1.3.1		80dbde9d31ebcc2a9352db6a979a6587923add6b
com.couchbase.client	kotlin-client	1.3.2		1197f5e11bb0c1cacd196fcf2e34d71b91118c18
com.couchbase.client	kotlin-client	1.3.3		79c7d0b10a0cffb1bab22ede2c178d679559aa93
com.couchbase.client	kotlin-client	1.4.0		923f97c4b089fdb2cd7179466aa908ee0c8f3af3
com.couchbase.client	kotlin-client	1.4.1		14c87442398e2a74513f69d9b2e3d0c0eddb4d9a
com.couchbase.client	kotlin-client	1.4.2		befbac2fe6e6b995ace9e39df309b092b71bade6
com.couchbase.client	kotlin-client	1.4.3		1b9432b64fcde1f473bb2f6bcada39083bc341d8
com.couchbase.client	kotlin-client	1.4.4		f0901d2cc803b4ae9c3126a5b328311d512e5ced
com.couchbase.client	kotlin-client	1.4.5		23d61006dd38a63a5bbf7aafe46ffa588282f2ac
com.couchbase.client	kotlin-client	1.4.6		e4386796cfc0a97e7a654ffba81d8086272089ff
com.couchbase.client	kotlin-client	1.4.7		d2f25e4b8f45a38fbf4da6a11d6a614401ce7228
com.couchbase.client	kotlin-client	1.4.8		bf3fb7df3fa8c8a70b2cd38e63cc8c09f035442d
com.couchbase.client	kotlin-client	1.4.9		5693b706fec48b53a84ead00de3d3cc76e860d94
com.couchbase.client	kotlin-client	1.5.0		caa501f0c5a079ee75aa12d75f2b727564202bf8
com.end2endlogic	quantum-extension-deployment	1.1.2		2fa446dd4c50493abc0190c01c5355edede6fea3
com.facebook.litho	litho-processor	0.1.0		46793fd2a61a07146c2afbf4918462a00b94ac77
com.facebook.litho	litho-processor	0.2.0		9bdf23d477906f35312dc46adcd98ffc7551a006
com.facebook.litho	litho-processor	0.3.0		f024e37db97be3d02b1d5ed2294d94f01d467775
com.facebook.litho	litho-processor	0.4.1		4c8e270533dda1580932dd205898db57af01c529
com.facebook.litho	litho-processor	0.41.0		8bb7fff5d1b9873ea8a5019cc59f3cc08703d993
com.facebook.litho	litho-processor	0.41.1		1243074914e0c226e08b7039a2ed327ec7c6683f
com.facebook.litho	litho-processor	0.41.2		bba2b8cf5b54018937542c81ab83e96152edaa1b
com.facebook.litho	litho-processor	0.42.0		23a76bae06ebdaee5ca40c5b7f4ed745b0695026
com.facebook.litho	litho-processor	0.43.0		09944fc64e15cd8d167a611c599ba760f9a2b6c1
com.facebook.litho	litho-processor	0.44.0		4784bdd5f45a7d8f0c3b2a90643a63f879a6d82e
com.facebook.litho	litho-processor	0.45.0		ce018558aefcb2a0ab3b6cd0d51f01ea7d382390
com.facebook.litho	litho-processor	0.46.0		90828b6459e33318e66dacb5f6f1443dfb33ad49
com.facebook.litho	litho-processor	0.47.0		e83b43476758860a663b57197fd02c80de22ce92
com.facebook.litho	litho-processor	0.48.0		3d91a8bb44e7e5e618daa890f8aaaabdcd1e504b
com.facebook.litho	litho-processor	0.49.0		8eb52c9c9b0ff81d18142f88b74cb1d803ea6146
com.facebook.litho	litho-processor	0.49.1		1d9ec7f4d6f71af24ffcaab3b45e453aab65d91c
com.facebook.litho	litho-processor	0.50.0		4d8d04817de964d130d8115a36afd08be8254160
com.facebook.litho	litho-processor	0.50.1		2c13a5bae8ceb9fd042e26a3eea3fde76f5a2fa2
com.facebook.litho	litho-processor	0.50.2		cfff3ccfae4c61c626b98ed25bc7e59629c25811
com.fadlurahmanfdev	kotlin_feature_barcode	0.0.1		N/A
com.fadlurahmanfdev	kotlin_feature_barcode	0.1.0		N/A
com.flurry.android	nativeCrash	12.0.0		N/A
com.flurry.android	nativeCrash	12.0.1		N/A
com.flurry.android	nativeCrash	12.0.2		N/A
com.flurry.android	nativeCrash	12.0.3		N/A
com.flurry.android	nativeCrash	12.1.0		N/A
com.flurry.android	nativeCrash	12.11.0		N/A
com.flurry.android	nativeCrash	12.13.0		N/A
com.flurry.android	nativeCrash	12.2.0		N/A
com.flurry.android	nativeCrash	12.3.0		N/A
com.flurry.android	nativeCrash	12.4.0		N/A
com.flurry.android	nativeCrash	12.5.0		N/A
com.flurry.android	nativeCrash	12.7.0		N/A
com.flurry.android	nativeCrash	12.9.0		N/A
com.flurry.android	nativeCrash	13.0.0		N/A
com.flurry.android	nativeCrash	13.0.1		N/A
com.flurry.android	nativeCrash	13.1.0		N/A
com.flurry.android	nativeCrash	13.2.0		N/A
com.flurry.android	nativeCrash	13.3.0		N/A
com.flurry.android	nativeCrash	14.0.0		N/A
com.flurry.android	nativeCrash	14.1.0		N/A
com.flurry.android	nativeCrash	14.2.0		N/A
com.flurry.android	nativeCrash	14.3.0		N/A
com.flurry.android	nativeCrash	14.4.0		N/A
com.gitee.target123	develop-spring-boot-common	1.0		0c7bd2dcc9d80499c2e1d23bce9494aafb85d3a6
com.gitee.target123	develop-spring-boot-common	1.1		6c16a1f72b96b00fd8cb6ae5e9b43bc977998ac3
com.gitee.target123	develop-spring-boot-common	1.2		97a43527ca9362365eb02b122e1d94f442685e3f
com.gitee.target123	develop-spring-boot-common	1.2.1		9afaefade34314f835bb265a87c4472b70f1ac59
com.gitee.target123	develop-spring-boot-common	1.2.2		2b9201d103c8e12eabfe6e0ec42f58a1c201eb22
com.gitee.target123	develop-spring-boot-common	1.2.3		51043f6b51329e0c23f4e1a431660dbdf67aa5b2
com.gitee.target123	develop-spring-boot-common	1.2.4		4010417e6699442ac4aac40c0bd4bc8168aa1cde
com.github.anyzm	parameter-starter	0.0.1-RELEASE		61beba6ead8b5b38397f55dfb6046d6bc2e30ada
com.github.eventasia	eventasia-starter	0.0.10.RELEASE		2e81f291418646c6bc6a0590e0b524931d4f0196
com.github.eventasia	eventasia-starter	0.0.11.RELEASE		c637a5b6150e3ae6814af914ea3146e7db581300
com.github.eventasia	eventasia-starter	0.0.12.RELEASE		10e57933096ac5bebe73780874f1513b771fa73c
com.github.eventasia	eventasia-starter	0.0.13.RELEASE		075ab8c4b1dde492adcdb2f5c5e7f4d794da99e7
com.github.eventasia	eventasia-starter	0.0.4.RELEASE		d7ad009a5a566854381815d8f002399e181779c3
com.github.eventasia	eventasia-starter	0.0.5.RELEASE		f2ef59cbb4e6ca5ddc6bc5155751310094c36ef0
com.github.eventasia	eventasia-starter	0.0.6.RELEASE		1e780e16a6488ebe3d3807a80ebd99a2c2026480
com.github.eventasia	eventasia-starter	0.0.7.RELEASE		35447c8b4f773c35b48914a1c1b96fedc6ef307e
com.github.eventasia	eventasia-starter	0.0.8.RELEASE		12198a53c6f02fdc8f91f29c3539847216e0e7ac
com.github.eventasia	eventasia-starter	0.0.9.RELEASE		328f1f78ce44b73bd1e729c7ec46bb1e4e2a9e02
com.github.hiwepy	hitool-web	1.0.0.RELEASE		bb96ffe5670927b990259952c49fa8d8ac780b42
com.github.hiwepy	hitool-web	1.0.1.RELEASE		27e4d4a35222402acf0613228e427b92518b0d55
com.github.hiwepy	hitool-web	1.0.2.RELEASE		ad8fbd6f17a2ae383cc7024d550c8aefd1599c9a
com.github.hiwepy	hitool-web	3.0.x.20241003.RELEASE		070e4265ef242fbee2a96641f4220a91ca2efcee
com.github.javahaohao	javahao	1.1-RELEASE		N/A
com.github.javahaohao	javahao	1.2-RELEASE		N/A
com.github.javahaohao	javahao	1.3-RELEASE		N/A
com.github.javahaohao	javahao	1.4-RELEASE		N/A
com.github.javahaohao	javahao	1.6-RELEASE		N/A
com.github.javahaohao	javahao	1.7-RELEASE		N/A
com.github.javahaohao	javahao	1.8-RELEASE		N/A
com.github.javahaohao	javahao	1.9-RELEASE		N/A
com.github.kysnm	JsonPathCompiler	0.0.2		a4a85952b7ab609028cfaf0ff58baa3c3fc017f6
com.github.pwliwanow.fdb-pubsub	pubsub_2.13	0.2.0		28f5aaeb13a8dbde259f5c234497d6dd9e6b2007
com.github.yingzhuo	carnival-spring-boot-starter-stateless-captcha	1.0.0		401f4fa27b9a22caff07d9098a5e1e4e99cd0b19
com.github.yingzhuo	carnival-spring-boot-starter-stateless-captcha	1.0.1		373fadf0457e07c0f689dc751833e350898eba27
com.github.yingzhuo	carnival-spring-boot-starter-stateless-captcha	1.0.2		c3213deaa45a2060e17c93a21c0ecc34d7aabee6
com.github.yingzhuo	carnival-spring-boot-starter-stateless-captcha	1.0.3		14f9c36321e33bd0e01b1d0151b0f31f75f05c98
com.github.yingzhuo	carnival-spring-boot-starter-stateless-captcha	1.0.4		9b6006d69b1b23cc6ef113e63fd376ca73b8976c
com.github.yingzhuo	carnival-spring-boot-starter-stateless-captcha	1.0.5		6f0f3fd1402513299f491204695828a90f01cd21
com.github.yingzhuo	carnival-spring-boot-starter-stateless-captcha	1.0.6		3eb184f9719f110d24a2c97d079d3fab32b7529f
com.github.yingzhuo	carnival-spring-boot-starter-stateless-captcha	1.0.7		5f4a93c3f14ecaad4ac1447bf23bd4245bb98e28
com.github.yingzhuo	carnival-spring-boot-starter-stateless-captcha	1.1.0		8afc80002964e4481e828f787b17aa1f5e173729
com.github.yingzhuo	carnival-spring-boot-starter-stateless-captcha	1.1.1		3eb160e5a4b5d290d0239668fc91fe7966b90b0d
com.github.yingzhuo	carnival-spring-boot-starter-stateless-captcha	1.1.10		a3e9aa3b2bb3120466f2f5e2dba4daa378643c14
com.github.yingzhuo	carnival-spring-boot-starter-stateless-captcha	1.1.11		c3aab09555e870eec5786e4384cb995995a3fb54
com.github.yingzhuo	carnival-spring-boot-starter-stateless-captcha	1.1.12		57fc5f8a7afd072a9734cda7584843c56dde4bdc
com.github.yingzhuo	carnival-spring-boot-starter-stateless-captcha	1.1.13		ba9692575d90f3ca490bb9a32cf2c9c0d6b03f74
com.github.yingzhuo	carnival-spring-boot-starter-stateless-captcha	1.1.2		0f78baa1554ed397e67519e01cebfdee79033662
com.github.yingzhuo	carnival-spring-boot-starter-stateless-captcha	1.1.3		34a93dbc40b90c05d1cb1cfd930950e0da374094
com.github.yingzhuo	carnival-spring-boot-starter-stateless-captcha	1.1.4		f5737b051adc7809449f6d0faac39d45105ed47c
com.github.yingzhuo	carnival-spring-boot-starter-stateless-captcha	1.1.5		4bf8925c7de808f5e4719b3970fe268490c493b4
com.github.yingzhuo	carnival-spring-boot-starter-stateless-captcha	1.1.6		f4af7aca1c8fc6508cbb8da41ad9cec71190e382
com.github.yingzhuo	carnival-spring-boot-starter-stateless-captcha	1.1.7		67f5564643322b7dcd2371e9de22885371294c8d
com.github.yingzhuo	carnival-spring-boot-starter-stateless-captcha	1.1.8		64134a4e3b17fdd5bb3377df3237d47fee5af8b8
com.github.yingzhuo	carnival-spring-boot-starter-stateless-captcha	1.1.9		ea721f5646c98f20f1811531b615c4698220677e
com.github.yingzhuo	carnival-spring-boot-starter-stateless-captcha	1.2.0		f99c202fb51add739c2f56962570457c40a57d95
com.github.yingzhuo	carnival-spring-boot-starter-stateless-captcha	1.2.1		572b3a02ebe2e22cc19592c3bb547341902d94ab
com.github.yingzhuo	carnival-spring-boot-starter-stateless-captcha	1.2.2		130bf249ac213983c6b734ebaba1e991bc162fbd
com.github.yingzhuo	carnival-spring-boot-starter-stateless-captcha	1.2.3		cc270ae71c29d1c8a23767028bef614ab0ab8c1d
com.github.yingzhuo	carnival-spring-boot-starter-stateless-captcha	1.2.4		7a2e6a2d95f4cfdc0004eed75af2bf23f0c21839
com.github.yingzhuo	carnival-spring-boot-starter-stateless-captcha	1.3.0		a0cefda7f8a4e299f35460e2bd54b968a22f11a4
com.github.yingzhuo	carnival-spring-boot-starter-stateless-captcha	1.3.1		81f895a4273f743763aab2e2161b8af612ab0cd0
com.github.yingzhuo	carnival-spring-boot-starter-stateless-captcha	1.3.2		a6ee6c36f89cc2c7b65d938541b4ebe3bd89aa20
com.github.yingzhuo	carnival-spring-boot-starter-stateless-captcha	1.3.3		4496b919cb63bd97102407acea653fd0aac2b104
com.github.yingzhuo	carnival-spring-boot-starter-stateless-captcha	1.3.4		0331e9a2b62c46f1f509dfe38ddf6b24da21af2e
com.github.yingzhuo	carnival-spring-boot-starter-stateless-captcha	1.3.5		b3207d2ee2b0bd77bb7ef81b81e912299352058a
com.github.yingzhuo	carnival-spring-boot-starter-stateless-captcha	1.3.6		e96380a092e2d8c970dcf163f66c772b099b153d
com.github.yingzhuo	carnival-spring-boot-starter-stateless-captcha	1.3.7		746ca1a24f51658512cdf7c4d1308a5570d0e11b
com.github.yingzhuo	carnival-spring-boot-starter-stateless-captcha	1.4.0		d6cb1e81982d7205dce535fd97a67d90458035ad
com.github.yingzhuo	carnival-spring-boot-starter-stateless-captcha	1.4.0-1		f5df8b14444425e3820698f06378dc74b2b43554
com.github.yingzhuo	carnival-spring-boot-starter-stateless-captcha	1.4.1		b5e6036e612e4a345395faabe92eea6abf5fbcb6
com.github.yingzhuo	carnival-spring-boot-starter-stateless-captcha	1.4.10		622ffd647d4255ff998dd18b230531df16f2009e
com.github.yingzhuo	carnival-spring-boot-starter-stateless-captcha	1.4.11		20886827bb77f0306969809e414177f47722cbab
com.github.yingzhuo	carnival-spring-boot-starter-stateless-captcha	1.4.2		fc160c3aeb1f64f22e7efeaa979c9e52edd8d62e
com.github.yingzhuo	carnival-spring-boot-starter-stateless-captcha	1.4.3		fd7cc291eef8005fa22a88cea10111fff7e61428
com.github.yingzhuo	carnival-spring-boot-starter-stateless-captcha	1.4.4		d7ab90c44ffec1e61e209e5d0b05a37d15e1ee3f
com.github.yingzhuo	carnival-spring-boot-starter-stateless-captcha	1.4.5		63ee0485e53a5d56855be291339125a98212b457
com.github.yingzhuo	carnival-spring-boot-starter-stateless-captcha	1.4.6		a5b25514d349b00060027e8cc2d1a3b94f780a65
com.github.yingzhuo	carnival-spring-boot-starter-stateless-captcha	1.4.7		7bf2496d37bf1e8672ba704298585a46198d6896
com.github.yingzhuo	carnival-spring-boot-starter-stateless-captcha	1.4.8		e9622fbba73e26bfd0d69cccfc759d58dcd89d1a
com.github.yingzhuo	carnival-spring-boot-starter-stateless-captcha	1.4.9		9e6606c5c37ded77f40b03e39319f3c4a2cc3f4a
com.github.yingzhuo	carnival-spring-boot-starter-stateless-captcha	1.5.0		1026376dba4c036717c6231ab97f1b2111fe84b8
com.github.yingzhuo	carnival-spring-boot-starter-stateless-captcha	1.5.1		675c81aacc965dce6795828702f06a6ceaa3803e
com.github.yingzhuo	carnival-spring-boot-starter-stateless-captcha	1.5.2		a1380b937afd41f90e03f004f23dfaf00f390476
com.github.yingzhuo	carnival-spring-boot-starter-stateless-captcha	1.6.0		8ab7a7a681c3e3a6d54aad7ee101b4e63b06dbd8
com.github.yingzhuo	carnival-spring-boot-starter-stateless-captcha	1.6.1		b8504cd99f3dd1475450bbfdc05760836261f474
com.github.yingzhuo	carnival-spring-boot-starter-stateless-captcha	1.6.2		3272897250ee3c7d2fa69a5d9684e6b1a27ebd09
com.github.yingzhuo	carnival-spring-boot-starter-stateless-captcha	1.6.3		2809e0a42e5a600fe1ea00f95e5c89bf12dd75f7
com.googlecode.etl-unit	etlunit-core	1.5.1		d24e408f5dfa77a6881e59d07112cad30c970ed9
com.googlecode.etl-unit	etlunit-core	1.5.2		d04cc47cd31dd4b975229598f7e843932e952d67
com.googlecode.etl-unit	etlunit-core	1.5.3		bebc260c52223a5be179da84d7794fca31a048e5
com.googlecode.etl-unit	etlunit-core	1.6.0		426a2407781791a4ace7dea34c1e9ec32108352b
com.googlecode.etl-unit	etlunit-core	1.6.1		446a9f35b32f60a9108673fd31fbd176ad630051
com.googlecode.etl-unit	etlunit-core	1.6.2		14c8e64f2696185697cf3264637752a82294089c
com.googlecode.etl-unit	etlunit-core	1.6.3		d5c464833abaea299adee6d8fd1204405e07d4b5
com.googlecode.etl-unit	etlunit-core	1.6.5		bc54215044a4966663c7f8f178bb128acbba5c10
com.googlecode.etl-unit	etlunit-core	1.6.6		b3632274834f273a0e1f7a9a7acc685f16eaaf6d
com.googlecode.etl-unit	etlunit-core	1.6.7		efcfb8fba885a540724d8d6182c6f0e410c82c83
com.googlecode.etl-unit	etlunit-core	1.6.8		19b043d6c5b291c060d56281198f89e4a570a996
com.googlecode.etl-unit	etlunit-core	1.6.9		16ba350701aecd2a6b0fa74f795ada980f825073
com.groupress	gp-common	0.4		b6206e5602172bb209f4f5be63da38e89b3243d0
com.groupress	gp-common	0.4.0		a9337b58aff8d2832c287071612e79e1414b5b9d
com.groupress	gp-common	0.4.0-b0		acd64dd49e93c221903656a796ed3149395a82e0
com.groupress	gp-common	0.4.0-b1		646c4885d23b40a4a350205a49acbba092dbbd45
com.groupress	gp-common	0.4.1		c36250fa0ac0bbf6dd46e3ba0c3f5649eb5cb5a5
com.groupress	gp-common	0.4.1-b0		511dfae5f14d29540e1e6fddcdaa6296d8b34d11
com.groupress	gp-common	0.4.1-b1		33b49930b4438f312eafe9fadda45685974724b1
com.groupress	gp-common	0.4.1-b2		2523e64520b0aa539e4af4f83990845e41002947
com.groupress	gp-common	0.4.1-b3		bae1ecc260ef34dd44ae969c45da876920a3fbcf
com.groupress	gp-common	0.4.1-b4		4e2cc8b8db8d7e6bf57328e19b866fad090952ee
com.groupress	gp-common	0.4.1-b5		0c2ccc7a10ba687a8e517c0bb2a8ebc808148737
com.inkapplications.shade	scenes-watchosarm64	2.1.0		N/A
com.inkapplications.shade	scenes-watchosarm64	2.1.0	metadata	f0dba5557d19eb410ca5c3c3c1d240d2304293c2
com.inkapplications.shade	scenes-watchosarm64	2.2.0		N/A
com.inkapplications.shade	scenes-watchosarm64	2.2.0	metadata	0995036920885bac81163c41137a2eba135237c9
com.inkapplications.shade	scenes-watchosarm64	2.2.1		N/A
com.inkapplications.shade	scenes-watchosarm64	2.2.1	metadata	171e92980a9c0def2da31a0481ef6bbe1c5621ca
com.javiersc.kotlin	kotlin-test-junit-wasm-wasi	0.4.0		N/A
com.javiersc.kotlin	kotlin-test-junit-wasm-wasi	0.5.0		N/A
com.javiersc.kotlin	kotlin-test-junit-wasm-wasi	0.6.0		N/A
com.kraftics	krafticslib-core	1.0.0		76fa72f708454b9bd50f669516104eff7851d2cc
com.minlia.cloud	minlia-cloud-starter	0.0.17		51cc662bea8853713ba5b1848267fe98e10f712e
com.minlia.cloud	minlia-cloud-starter	0.0.18.RELEASE		033826ed0bc3505d87708fa58ec414f0b653e1cb
com.minlia.cloud	minlia-cloud-starter	1.0.0.RELEASE		e1dac5061ff808a422af0bc9bd96d24b0a5603b0
com.minlia.cloud	minlia-cloud-starter	1.0.1.RELEASE		f2d5aa49e3d9cab3ba4023606385c000e5cecbda
com.minlia.cloud	minlia-cloud-starter	1.0.2.RELEASE		5b3e53752c361dec94bd721b92d2b5fbab5d09d0
com.nrinaudo	kantan.csv-enumeratum_sjs0.6_2.13	0.6.0		5b26b02522dcfc58733802fea3eceba79385f536
com.progressoft.brix.domino	jks-server-configurator	1.0-rc.2		91dd9aaeb0e926de373f7b2296c92839182bef4c
com.rallyhealth	weejson-argonaut-v1_2.12	1.4.1		b381ee80d6bbec0c9d59a1539c437aee63903091
com.rallyhealth	weejson-argonaut-v1_2.12	1.4.2		abde8ffd403af501a4280872e4f49ce5962e436b
com.rallyhealth	weejson-argonaut-v1_2.12	1.5.0		b69ac0296fef37dbce07a177e056afb04fb3a4a3
com.rallyhealth	weejson-argonaut-v1_2.12	1.5.1		d0c55fb0bba1451ca3240a7d8e6eddf04dfd13a5
com.rallyhealth	weejson-argonaut-v1_2.12	1.6.0		b57253f6cd232a3b749f42b5545fcfb637314c9f
com.rallyhealth	weejson-argonaut-v1_2.12	1.7.0		2b08fa7736e984e70c7f80377119325b1d422cf6
com.rallyhealth	weejson-argonaut-v1_2.12	1.7.1		3f0efb9fa9e73caf2c100b43141d4001295d446b
com.rallyhealth	weejson-argonaut-v1_2.12	1.7.2		38d9bd3dde47472108d4111e4ab2052b0eaf0344
com.rallyhealth	weejson-argonaut-v1_2.12	1.8.0		9d7f6fb84b31d9ef66552ac52f95760f88ea7eb7
com.rallyhealth	weejson-argonaut-v1_2.12	1.9.0		b7f0a2ea752259ca7e3380c5a2fd19892e8c7c3e
com.rallyhealth	weejson-argonaut-v1_2.12	1.9.1		c6cf1bab594752011d2384eb206fdec1565dbf26
com.ringcentral.platform.metrics	metrics-facade	1.0.4-RELEASE		N/A
com.ringcentral.platform.metrics	metrics-facade	1.0.5-RELEASE		N/A
com.ringcentral.platform.metrics	metrics-facade	2.0.0-RELEASE		N/A
com.ringcentral.platform.metrics	metrics-facade	2.1.0-RELEASE		N/A
com.ringcentral.platform.metrics	metrics-facade	2.1.1-RELEASE		N/A
com.ringcentral.platform.metrics	metrics-facade	3.0.0-RELEASE		N/A
com.ringcentral.platform.metrics	metrics-facade	3.1.0-RELEASE		N/A
com.ringcentral.platform.metrics	metrics-facade	3.2.0-RELEASE		N/A
com.ringcentral.platform.metrics	metrics-facade	4.0.0-RELEASE		N/A
com.soywiz	korlibs-ffi-legacy-js	6.0.0		N/A
com.soywiz	korlibs-ffi-legacy-js	6.1.0		N/A
com.tvd12	ezydata-jpa	1.1.4		d3231338c8848ac464ec56ef5bf5f3635d81dff6
com.tvd12	ezydata-jpa	1.1.5		af50738882bf35152d1e015a5001c6669d4a30a0
com.tvd12	ezydata-jpa	1.1.6		6fe14c483c5683c2cb68560c80c6d5156687cd15
com.tvd12	ezydata-jpa	1.1.8		2a77b89390c993ae95f3075ae8f273b0ae845914
com.tvd12	ezydata-jpa	1.1.9		8684760a5ed132df3958d96977c1dbde93c79b6d
com.tvd12	ezydata-jpa	1.1.9a		28ed468ccd05592b4b32d1f8de6263256dbafeb9
com.tvd12	ezydata-jpa	1.2.0		49a737367cfa0989c38b72956612ce95bf70c06e
com.tvd12	ezydata-jpa	1.2.1		3dcaddd7791f2e61d0c043f9a854b25c1c9722b3
com.tvd12	ezydata-jpa	1.2.2		9859932e300297cc6e11d6cbffb5b335afee3a40
com.tvd12	ezydata-jpa	1.2.3		5e696083a0d3fe5cd472cb921befb4fd9d1af071
com.tvd12	ezydata-jpa	1.2.4		4c42240931fbfa0cb2265ac380b2a7397afe3fdd
com.tvd12	ezydata-jpa	1.2.5		418bc519d6318048c4fbd852ada58cefa3197a53
com.tvd12	ezydata-jpa	1.2.6		e988055dae541c660c51eef4dd3e4acb8416256b
com.tvd12	ezydata-jpa	1.2.7		caadd15a744794e1dd0128066c4b10a763bab7b0
com.tvd12	ezydata-jpa	1.2.8		f72f9c4862d30c099c22e3e86c1178b0cfc2a31a
com.tvd12	ezydata-jpa	1.2.9		afda0b33eaa802be01dfb9cd9d22d8ac1888656c
com.ververica	flink-cdc-composer	3.0.0		dcf5f193217477a58aec220c53332bf59c9f5e97
com.ververica	flink-cdc-composer	3.0.1		f66fcf5f96e74579c57cf6ba79455457baf42b59
com.xqbase	tuna-http	0.1.0		54480d8634da430c58a27d94bc6803e4ff96a084
com.xqbase	tuna-http	0.1.1		913c9a741cfd5ed19b53fc4050a5120d4534406e
com.xqbase	tuna-http	0.1.2		f3da4fc9a55d493e34e56d63bd28273fb43ed56a
com.xqbase	tuna-http	0.1.4		9cd1ec7a80deef7723661db40a6c646682e4b06e
com.xqbase	tuna-http	0.1.5		1758ec66c2a9517e550b0a26e6e0f7738db4ac4b
com.xqbase	tuna-http	0.1.6		19f25139a89e5cbf7928d9cd56b57118db7eabc4
de.dentrassi.eclipse.neoscada.core	org.eclipse.scada.da.server.common.osgi	0.2.0		f70278bc80b164460df691706cba0367a7c17c2c
es.gob.afirma.jmulticard	jmulticard-android	1.5		N/A
es.gob.afirma.jmulticard	jmulticard-android	1.7		N/A
es.gob.afirma.jmulticard	jmulticard-android	1.8		N/A
io.dyte	mobile-core-bridge	1.0.1		e7c4340e2371f7bf8f5547626f351e6e044a09ee
io.dyte	mobile-core-bridge	1.1.0		fc401aa8bfdef1f3e4817cd84be1e7477466c908
io.dyte	mobile-core-bridge	1.2.1		ce92361cd534a218eb504c48590dbcc8725f7014
io.dyte	mobile-core-bridge	1.3.0		9263c77138fd6b843d8df07977c7c94d0543f6b8
io.dyte	mobile-core-bridge	1.3.1		2ef64141c664afdf669c6ad7fb09a3a24c913673
io.dyte	mobile-core-bridge	1.3.2		2ef64141c664afdf669c6ad7fb09a3a24c913673
io.dyte	mobile-core-bridge	1.3.3		2ef64141c664afdf669c6ad7fb09a3a24c913673
io.dyte	mobile-core-bridge	1.3.4		7d75524971a219013f5b061e2ee2bdb6f856a0cc
io.dyte	mobile-core-bridge	1.3.5		948513ca765b7cd9cd8142b5c75e19df4d677c1b
io.dyte	mobile-core-bridge	1.3.6		948513ca765b7cd9cd8142b5c75e19df4d677c1b
io.dyte	mobile-core-bridge	1.3.7		948513ca765b7cd9cd8142b5c75e19df4d677c1b
io.dyte	mobile-core-bridge	1.3.8		eceac32a407e3f538a3271e356e702103d82e20b
io.dyte	mobile-core-bridge	1.4.0		5732114e61f0ad92d0278ba64c866031c24f94e5
io.dyte	mobile-core-bridge	1.4.1		5732114e61f0ad92d0278ba64c866031c24f94e5
io.dyte	mobile-core-bridge	1.4.2		5732114e61f0ad92d0278ba64c866031c24f94e5
io.dyte	mobile-core-bridge	1.4.3		5732114e61f0ad92d0278ba64c866031c24f94e5
io.dyte	mobile-core-bridge	1.4.4		835bb94f5f025c4ba5146223ee9005069abc351a
io.dyte	mobile-core-bridge	1.4.5		593987cf3cfeb38814b633a14e61b6cbd7d714ac
io.github.aa41336160	cygnusAd_overseas	1.0.0		N/A
io.github.aa41336160	cygnusAd_overseas	21.0.0		N/A
io.github.aa41336160	cygnusAd_overseas	21.0.1		N/A
io.github.aa41336160	cygnusAd_overseas	21.0.2		N/A
io.github.aa41336160	cygnusAd_overseas	21.0.3		N/A
io.github.aa41336160	cygnusAd_overseas	21.4.1		N/A
io.github.alopukhov.gusp	gusp	1.0.0		1a81d8d8b4a18b1595b7e89b4a77f4d5865c1513
io.github.alopukhov.gusp	gusp	1.0.1		6d5b2d51373d117dd140537104859a233d4b8ebd
io.github.marko-asplund	s3mock_2.13	0.2.7		f11affd69b5bcb360f98ba55a17d5df22a887e60
io.github.marko-asplund	s3mock_2.13	0.5.0		1b485b7be254c2ac3d4c840c1eda47ad99747941
io.github.marko-asplund	s3mock_2.13	0.6.0		5acb81f992c9d17b3c9fbdaeea5999b82c587f42
io.github.sabroe.topp	topp-tiny-tool-utility	0.8.0		f96bb5aa81cd1aae82b615bd8d1651fe054b1abb
io.github.shiyusen.jmu	monitor-ui	1.0.0		c55d01c6ca6809ceffb779f2646554f601d363d0
io.github.terminological	r6-generator-maven-plugin	0.3.0		71d38c10337146fbeed11fcb503f6cfd26002299
io.github.terminological	r6-generator-maven-plugin	0.3.1		a9b83d867926ba6d0aed8b4140d6e003acfc9c4c
io.github.terminological	r6-generator-maven-plugin	0.4.0		ca605ff5ee2a7337251cf316275a25155c2916eb
io.github.terminological	r6-generator-maven-plugin	0.4.1		a5f7d938bfe987dab84fc8f669cb84d46ce872f2
io.github.terminological	r6-generator-maven-plugin	0.5.0		34ea4e4d70baca877e3c03986306429f7d0c6bc4
io.github.terminological	r6-generator-maven-plugin	0.5.1		ebee51597dfce27e87fbf2e60b64098674cb4250
io.github.terminological	r6-generator-maven-plugin	0.5.2		452bdcbce07e835c61aea8861552e52a72014629
io.github.terminological	r6-generator-maven-plugin	0.5.3		ce2d89f64f2636a6cd807008e7ab130b49996f67
io.github.terminological	r6-generator-maven-plugin	0.5.4		ce79efa2d63457fd678e70bf32e7a5781f1a50fe
io.github.terminological	r6-generator-maven-plugin	0.5.5		8aa62b9144edfafd7851da441e2fceb0dba09d1c
io.github.terminological	r6-generator-maven-plugin	0.5.6		b964f39d7cbf9e3bcf2f11edd314817acf028640
io.github.terminological	r6-generator-maven-plugin	0.6.0		5c1763565139a7ba02197268ea46616f3481ec66
io.github.terminological	r6-generator-maven-plugin	0.6.1		5a026493b9b28ee5efd77d5b8ed733afd86e3f74
io.github.terminological	r6-generator-maven-plugin	1.0.0		49e60a1a6b389a4933b931a447c1df7306de61e1
io.github.terminological	r6-generator-maven-plugin	1.1.0		162d8d8cf9516b29cb22c39d84c96f2ed079274a
io.github.x-horizon	test-junit	1.0		f1ddc8eaa05591022a9629674f0eb1328f649b0d
io.komune.cccev	cccev-requirement-f2-client-jvm	0.15.0		48b58012052da67f268f86962623b9a1fd4428ff
io.komune.cccev	cccev-requirement-f2-client-jvm	0.16.3		879fcafb91f96bb7bffd6d5ae5bdb2becbad0430
io.komune.cccev	cccev-requirement-f2-client-jvm	0.16.4		4d12e97bce69be6af09d7ff0b770a54f659b0609
io.komune.cccev	cccev-requirement-f2-client-jvm	0.16.5		023232ba36f5a6523960518f2fa67d86ad17d193
io.komune.cccev	cccev-requirement-f2-client-jvm	0.17.0		edab9460aa9280890ca231ec65d01c7e8392095b
io.komune.cccev	cccev-requirement-f2-client-jvm	0.18.0		307f5072f5294b5b0face2f022f914c35ebd4967
io.komune.cccev	cccev-requirement-f2-client-jvm	0.19.0		bcd3ebf20737d118fd5878536e153bbc38bad761
io.komune.cccev	cccev-requirement-f2-client-jvm	0.20.0		7619ccd1ebffe6519506426d16d5a6158da2d711
io.ktor	ktor-server-rate-limit-tvosx64	2.2.0		97a4cadf01b869ac54a835d7fca69c93d6f01871
io.ktor	ktor-server-rate-limit-tvosx64	2.2.0	metadata	7a4a4ddc445110b95574a720085baa27331b66b3
io.ktor	ktor-server-rate-limit-tvosx64	2.2.1		0498010af7c9ac9751e0c7b31c6ad256ce38be27
io.ktor	ktor-server-rate-limit-tvosx64	2.2.1	metadata	a434b014fc004fff6b5ce5de2f67cfc45a3b062c
io.ktor	ktor-server-rate-limit-tvosx64	2.2.2		c82ca70f9e20ca804254c5be0a3abee074f5f674
io.ktor	ktor-server-rate-limit-tvosx64	2.2.2	metadata	67dd106c2ac0ac5a98d34ddc4b9169350546514a
io.ktor	ktor-server-rate-limit-tvosx64	2.2.3		a8259f42e361b7ecc4a74e432c4feafca4315926
io.ktor	ktor-server-rate-limit-tvosx64	2.2.3	metadata	6852210b63f4fea6946ebec565dd26d2573e3e5d
io.ktor	ktor-server-rate-limit-tvosx64	2.2.4		13f4ec1de76bc49ec397e4edfcc7c35ea1e7ab58
io.ktor	ktor-server-rate-limit-tvosx64	2.2.4	metadata	1ee1872f7b6e579284ba6ccf685c3173c50c3767
io.ktor	ktor-server-rate-limit-tvosx64	2.3.0		613b4ab177ceaebcbb0a61603407240191dd52b7
io.ktor	ktor-server-rate-limit-tvosx64	2.3.0	metadata	3cd0db1bb3a76e9a2c857bf99d016a46f3c9a357
io.ktor	ktor-server-rate-limit-tvosx64	2.3.1		35d0cf50d7ba9c0d70d41c362c962bfc1f0711e3
io.ktor	ktor-server-rate-limit-tvosx64	2.3.1	metadata	773baedcdb5e7f2f32d6c74d5e7c5cb7830b200c
io.ktor	ktor-server-rate-limit-tvosx64	2.3.10		7f4f1840526c4a265bcd71ec247b971e5c396663
io.ktor	ktor-server-rate-limit-tvosx64	2.3.10	metadata	7274b6499e664b91efaa74458e5ab740202be91e
io.ktor	ktor-server-rate-limit-tvosx64	2.3.11		0a89acbaad570eb8594757935ac3f438a6b7b72b
io.ktor	ktor-server-rate-limit-tvosx64	2.3.11	metadata	b827c06e838e47325778799eed0c8e7759c5db0a
io.ktor	ktor-server-rate-limit-tvosx64	2.3.12		a68f4756e37df863a37976ad2c46bad049517ab2
io.ktor	ktor-server-rate-limit-tvosx64	2.3.12	metadata	1ec102c9bb02e871dd21040a873e3cf42fac6536
io.ktor	ktor-server-rate-limit-tvosx64	2.3.13		a1446c9445b4d98c814724cdae1337830b1ef644
io.ktor	ktor-server-rate-limit-tvosx64	2.3.13	metadata	915a72a214bc60937d4ee4d244abbcedae495993
io.ktor	ktor-server-rate-limit-tvosx64	2.3.2		c2e26e49a05b8aaa05d19d00fadcba94a8446f4f
io.ktor	ktor-server-rate-limit-tvosx64	2.3.2	metadata	9b7e0ee505abf927de41085a71cf7a803571156b
io.ktor	ktor-server-rate-limit-tvosx64	2.3.3		c1699da3589b0266a8938c43e4dc275ef78ace26
io.ktor	ktor-server-rate-limit-tvosx64	2.3.3	metadata	9faaa35313ab1ab5deb74cffe93532f1b8dc30f0
io.ktor	ktor-server-rate-limit-tvosx64	2.3.4		8d0f25dccef8b0c768a490392c3622e24ed8f455
io.ktor	ktor-server-rate-limit-tvosx64	2.3.4	metadata	036ec1440bbf0b2dbfc70a614c76aed62c4140fe
io.ktor	ktor-server-rate-limit-tvosx64	2.3.5		e18d05ad1ee2dffb74a9ba89f567c453e4d10086
io.ktor	ktor-server-rate-limit-tvosx64	2.3.5	metadata	4f9519a78530acdc8cbfe1883401b6d87ec727ec
io.ktor	ktor-server-rate-limit-tvosx64	2.3.6		c108cf8b5317400637868e4fc1ab361e4738382d
io.ktor	ktor-server-rate-limit-tvosx64	2.3.6	metadata	8fdf8e4082abe42fc9d0ea3fe3577d420a554006
io.ktor	ktor-server-rate-limit-tvosx64	2.3.7		8034d53e4a76142eee57f217dcd5ded4788aa8d6
io.ktor	ktor-server-rate-limit-tvosx64	2.3.7	metadata	4fad45c0ef57930ec507afb129550813ebe6b6e7
io.ktor	ktor-server-rate-limit-tvosx64	2.3.8		2519669d135a268376f020ddfd2d2c175fadb6af
io.ktor	ktor-server-rate-limit-tvosx64	2.3.8	metadata	dfd5cdc250712c24cc992abf096af9616b445af3
io.ktor	ktor-server-rate-limit-tvosx64	2.3.9		2c28106b94d061ed01ccf485685497583066ae1c
io.ktor	ktor-server-rate-limit-tvosx64	2.3.9	metadata	78e2e3bcd102a6c652c331a5e87701722554075b
io.ktor	ktor-server-rate-limit-tvosx64	3.0.0		3fcf42b8a9de3a59eb5d0efd53fbd8aa6aa171c3
io.ktor	ktor-server-rate-limit-tvosx64	3.0.0	metadata	fcf2acc5d7029b483cd6de9afe42683147babf85
io.ktor	ktor-server-rate-limit-tvosx64	3.0.0-beta-1		638640fdc2ca7aa0f28092e1320c4f39018d56d7
io.ktor	ktor-server-rate-limit-tvosx64	3.0.0-beta-1	metadata	85effa02f94507018297433648ea04219bee5329
io.ktor	ktor-server-rate-limit-tvosx64	3.0.0-beta-2		b36a339401ce73c1c531c24ded0fb9828543afc9
io.ktor	ktor-server-rate-limit-tvosx64	3.0.0-beta-2	metadata	23739035f7bec53f5610b3dd5db18979dde0a05f
io.ktor	ktor-server-rate-limit-tvosx64	3.0.0-rc-1		8b243ef4179eb4b4a0d2981de9dd8b305fcd482f
io.ktor	ktor-server-rate-limit-tvosx64	3.0.0-rc-1	metadata	38e9c34dc6225b7a5f41b4383b39c3b67e2eae3c
io.ktor	ktor-server-rate-limit-tvosx64	3.0.0-rc-2		5c44e14d367f2c98a3f9a8c458036d3d1651930e
io.ktor	ktor-server-rate-limit-tvosx64	3.0.0-rc-2	metadata	ad8880089ed4f790f1cd64937388f6d0708256d1
io.ktor	ktor-server-rate-limit-tvosx64	3.0.1		a63323f637e6da7709790c0089661e66818a3eb1
io.ktor	ktor-server-rate-limit-tvosx64	3.0.1	metadata	6db6cde38e431e9f1e4e9e0c2e0368141c1a2408
io.ktor	ktor-server-rate-limit-tvosx64	3.0.2		f0ab021eaae1f447b663e70b87d20d882b58a548
io.ktor	ktor-server-rate-limit-tvosx64	3.0.2	metadata	ac26baa4c3bf5a91c194e017eb19a59c9b8f8066
io.ktor	ktor-server-rate-limit-tvosx64	3.0.3		2b6fafbebee9e154ee9380b51447a52a8bff534b
io.ktor	ktor-server-rate-limit-tvosx64	3.0.3	metadata	5a0c82ed0cf9bc8e26df449dffb6447b540015ca
io.ktor	ktor-server-rate-limit-tvosx64	3.1.0		301fdb6d6c6c782a69a540c45153cc1a28e829d2
io.ktor	ktor-server-rate-limit-tvosx64	3.1.0	metadata	704132ba60b695ae92de9d1aeac0e7d8e00c8a8a
io.ktor	ktor-server-rate-limit-tvosx64	3.1.1		c2f2939797f99f8b400845d32a4da592243f4bdf
io.ktor	ktor-server-rate-limit-tvosx64	3.1.1	metadata	23fd484b5f8375c47ef3fa45e7a0175cf9a88991
io.ktor	ktor-server-rate-limit-tvosx64	3.1.2		99301cb9aac7ecb741e7e1a77e3c9236a62562ab
io.ktor	ktor-server-rate-limit-tvosx64	3.1.2	metadata	6bd70cda96996a18d778f5eab1f33d49f8acfccd
io.quarkiverse.jpastreamer	integration-tests	0		c08e59d1f076d4de52caf421a462089a5821b5b7
io.quarkiverse.jpastreamer	integration-tests	1.0.0		f04c0c92acc76010ca529d524c86d53df8442a9c
io.quarkiverse.jpastreamer	integration-tests	1.0.1		4b85fe525138a9f2f2234e926a7114de12e34879
io.quarkiverse.jpastreamer	integration-tests	3.0.0.Alpha3		f1be3f8e891bfd83e8e9583926e5c54611bc7bc3
io.quarkiverse.jpastreamer	integration-tests	3.0.1.Alpha3		9b0f123f14139ba1f15c6091f05d23fef2fd4183
io.quarkiverse.jpastreamer	integration-tests	3.0.2.Final		89aa31aac636a03524e3a6f553dd718b62a06fe2
io.quarkiverse.jpastreamer	integration-tests	3.0.3.Final		055386832cd430bcb183a75b61aecb9eca20860d
io.repseq	repseqio	1.1.0		fbaa00d515ee2beaba4079535f86572a5cc81776
io.repseq	repseqio	1.1.0	distribution	057b931fcab214231ab49e91f7c94cf4b5f8600b
io.repseq	repseqio	1.2.0		2ffbac2568c52235836a1f8f38f2d44d22a2f6cc
io.repseq	repseqio	1.2.0	distribution	fa734f9bb4e7f63881ede65ed44023a13364f785
io.repseq	repseqio	1.2.1		6918aa749b57699d7799be240063971020aedf7a
io.repseq	repseqio	1.2.1	distribution	9b8156de83bc6550b65be567dd6b937324ee0327
io.repseq	repseqio	1.2.10		5bbce0e7c96dea50fe109016fc22eda7635d00f3
io.repseq	repseqio	1.2.10	distribution	c4bfe5eebd4ec0bdca06b746b454b69f0e573963
io.repseq	repseqio	1.2.11		4685d7aafc3d539e414a00f7f0ce23ad9a7ea3c9
io.repseq	repseqio	1.2.11	distribution	ef7fb0022643af27f213d02b3f499d03558a0511
io.repseq	repseqio	1.2.12		f38750ea6544c1a69623d9ec23d084a10e406170
io.repseq	repseqio	1.2.12	distribution	19586bd7558c5c30faac0ebe9fbdb53ab362c8b8
io.repseq	repseqio	1.2.2		af325de29b74e89239976e4912a7031a54a2711e
io.repseq	repseqio	1.2.2	distribution	a67ed1179ea305bab20d8bb027bdaf86137deac7
io.repseq	repseqio	1.2.3		43252a81425787ee45ebbefe2078a3f063ed5cd5
io.repseq	repseqio	1.2.3	distribution	c90075ced4c853f4934335662ac0f959d42aef51
io.repseq	repseqio	1.2.4		8af77cd96f5c9d3dadb5e0ffc11d333f9b073f87
io.repseq	repseqio	1.2.4	distribution	c438fe58f956f5b4095e2fba21c4c97401bd0da3
io.repseq	repseqio	1.2.5		6abd5175d6e56626cd7a2e93f5dda69215d9d469
io.repseq	repseqio	1.2.5	distribution	1f51690b4f2176b4cc1c627d877413b1de873675
io.repseq	repseqio	1.2.6		7ab0f63790095929ca491e159b4df7688cbc3d74
io.repseq	repseqio	1.2.6	distribution	290cf66d3955ad9ff0c329e80486b96608faf72d
io.repseq	repseqio	1.2.7		9a9736bbfd0ca18809e468347bfa30f438dc2860
io.repseq	repseqio	1.2.7	distribution	650f162ab399ac2c184d566fe14e3346f02efa95
io.repseq	repseqio	1.2.8		dba6e7380f01cb12f3b51dfcc6acb8344d1851f6
io.repseq	repseqio	1.2.8	distribution	477a70dd910086aba96b6480948dc435b035f5e5
io.repseq	repseqio	1.2.9		3829ee46996fb84883ff10dd8be4256643bf0ce1
io.repseq	repseqio	1.2.9	distribution	4d1e88168e042b9a53a1c4c8f60fd563a980f253
io.repseq	repseqio	1.3		7340fd065995dcee6d83d01d3527e948c0018e0a
io.repseq	repseqio	1.3	distribution	57541a47afeb4a007e02ce74a8a38a5746a23ac3
io.repseq	repseqio	1.3.2		87e6dcd81aef7e933f164fe5dc9064f66417fda5
io.repseq	repseqio	1.3.2	distribution	03085df1b1f5b603b0e453e0f1e943d00b01a189
io.repseq	repseqio	1.3.3		03d18d46330603716e697539a7f47ea37132bc46
io.repseq	repseqio	1.3.3	distribution	2b8a138beec7c6c05e764e2460b69cd9f9099dd6
io.repseq	repseqio	1.3.4		d34526be5b95a019ef02b2434cf8d193cf54359c
io.repseq	repseqio	1.3.4	distribution	9758ab07b57f5865b11b1f29fb2425762cf17300
io.repseq	repseqio	1.3.5		c8425ab4e6c49df1b4074344bd330d2a74a7639c
io.repseq	repseqio	1.3.5	all	b19054312bcc261fa281566bd282c612dc5afd28
io.repseq	repseqio	1.4.0		4fde53f917591a8f6ed840b7528d7a426795d3fb
io.repseq	repseqio	1.4.0	all	23c5c0f9136b3402ad0f851aafaec38a6bf4d533
io.repseq	repseqio	1.4.1		15275b737fcf4b268da5bc62202294b451c80a0f
io.repseq	repseqio	1.4.1	all	ac48a6202c8183a9d612e40e43270b78c752e53a
io.repseq	repseqio	1.5.0		a9aeb09f468ca8c99ba31202d0b922c0b4ab2a60
io.repseq	repseqio	1.5.0	all	55066986365b52ca3797b2dca989677266cadadf
io.repseq	repseqio	1.6.0		2435ecc87f5891f031dc6dc31697abcc3e2a8129
io.repseq	repseqio	1.6.0	all	c5da6ca75ecb2c2da1458619f48296f41ecb7a32
io.repseq	repseqio	1.7.0		b2795c616bdf86627eb29094f303cce27ea7c554
io.repseq	repseqio	1.7.0	all	d45a7164ff0495521e71f35781985df7ed291653
ir.msob.jima.storage	storage-starter-minio	1.1.1		N/A
ir.msob.jima.storage	storage-starter-minio	1.3.0		N/A
kz.btsd	did_flutter_secure_storage	1.1.8		N/A
logkit	LogKit	1.2		N/A
net.osslabz	xchange-stream-dydx	5.1.2.2		7fbf39ac538b9576d9d14888e44fdb568b4e66c8
net.osslabz	xchange-stream-dydx	5.1.2.4		8088358ac7ed5903a7c5e71bd1a659279b491a20
network.quant	overledger-sdk-api	1.0.0-alpha		769fb53e0dbd131d47541d2d28f4943f65d7ce72
network.quant	overledger-sdk-api	1.0.0-alpha.1		3cf88c538f145625d58d7eec6ee0e393fd35fb30
network.quant	overledger-sdk-api	1.0.0-alpha.2		a293d982a1a576f9cf729ba4203a039677292366
org.apache.dubbo.extensions	dubbo-wasm-api	3.3.0		b0e84c9dd34bfd1afc3a6656c2d329211b691911
org.apache.dubbo.extensions	dubbo-wasm-api	3.3.1		7dd45b235efbce3bd3ec2134f4231f334dbb3fb6
org.apache.inlong	sort-connector-pulsar-v1.18	1.13.0		6e19b56387ee7e03fea2e332dfe42db798d49dbb
org.apache.inlong	sort-connector-pulsar-v1.18	2.0.0		a91cae1e874c4d0d8af7f6f67f4d7a76f6e9a1fb
org.apache.inlong	sort-connector-pulsar-v1.18	2.1.0		bc5a931d9c6d15910ab27e90b00fb8257b0afed2
org.apache.james	zookeeper-sequence-provider	0.5		4e781d77cc2180ba1893f6942c35e76c76488545
org.apache.james	zookeeper-sequence-provider	3.0.0		1da61b35b01f97c99b4ef0f745e1ae6f073bc1ed
org.apache.james	zookeeper-sequence-provider	3.0.0-RC1		c492f25121e50a39105181196ff3bba1ad048050
org.apache.james	zookeeper-sequence-provider	3.0.0-beta5		9d8ea2989ba5697a036060e77f6e2914700db2c2
org.apache.james	zookeeper-sequence-provider	3.0.1		faabdf16e42f0e3310b08275c778d0e1ba2f10fa
org.apache.james	zookeeper-sequence-provider	3.1.0		e682bdc0148c6ea3f9f85a8cbd0c179f5c568a7f
org.apache.james	zookeeper-sequence-provider	3.2.0		677a9f31d62f4b45bc9f2360ca5823fcc52a6f49
org.apache.james	zookeeper-sequence-provider	3.3.0		9ba343e4fd5b93554ff587482ef8e89c26b76996
org.apache.james	zookeeper-sequence-provider	3.4.0		fe4d1bce95da214b0a3a3b21ad9f2e69acf302cd
org.apache.plc4x	plc4j-transport-socketcan	0.10.0		67ad10b30760a68f41921cb728325b7ba2c69cfa
org.apache.plc4x	plc4j-transport-socketcan	0.11.0		9b569721ac0941219dea7242c51527e814f165e1
org.apache.plc4x	plc4j-transport-socketcan	0.12.0		ac134d2d13dd14310cb19573c86fbed8a90b00f1
org.apache.plc4x	plc4j-transport-socketcan	0.8.0		9531622300ae3d40650c7cf6fae07d2b57de4004
org.apache.plc4x	plc4j-transport-socketcan	0.9.0		7099fbe8dada83077ef1c8fd5a6cea2d3793710a
org.apache.plc4x	plc4j-transport-socketcan	0.9.1		7fc277e23ac65787199258e3419a19495499db9a
org.apache.tuscany.sca.samples	sample-binding-comet-pubsub-webapp	2.0		N/A
org.beanshell	beanshell	2.0b4		N/A
org.citrusframework	citrus-validation	4.0.0		N/A
org.citrusframework	citrus-validation	4.0.0-M1		N/A
org.citrusframework	citrus-validation	4.0.0-M2		N/A
org.citrusframework	citrus-validation	4.0.1		N/A
org.citrusframework	citrus-validation	4.0.2		N/A
org.citrusframework	citrus-validation	4.1.0		N/A
org.citrusframework	citrus-validation	4.1.1		N/A
org.citrusframework	citrus-validation	4.2.0		N/A
org.citrusframework	citrus-validation	4.2.1		N/A
org.citrusframework	citrus-validation	4.3.0		N/A
org.citrusframework	citrus-validation	4.3.1		N/A
org.citrusframework	citrus-validation	4.3.2		N/A
org.citrusframework	citrus-validation	4.3.3		N/A
org.citrusframework	citrus-validation	4.4.0		N/A
org.citrusframework	citrus-validation	4.5.0		N/A
org.citrusframework	citrus-validation	4.5.1		N/A
org.citrusframework	citrus-validation	4.5.2		N/A
org.cloudhoist	rubygems	0.4.0		1bac41d1173447f16fc02d54aef06aa6276b3f67
org.cloudhoist	rubygems	0.4.0-beta-1		650d8ef8f3161012358d811ceaf75a08c821c7de
org.cloudhoist	rubygems	0.4.1		2f3b2d809f7f8691661b59331c01d5d784a68405
org.cloudhoist	rubygems	0.4.2		a7ff102fa043a9903c7c9586e47bacd60baf8395
org.cloudhoist	rubygems	0.4.3		0b9f732b76de34b673303dfc31c017235b195644
org.cloudhoist	rubygems	0.5.0		d8d482ba1f4e526a02ac947b7d7d3c84fc9dd460
org.cloudhoist	rubygems	0.6.0		b467668989ed60a80dc04998417b6ecf667e25c5
org.codehaus.cargo	cargo-sample-maven3-jetty7x-root-context-test	1.10.0		0263eb1944dc60ecffac83b1196745a8bf0dfc34
org.codehaus.cargo	cargo-sample-maven3-jetty7x-root-context-test	1.10.1		9bc7b1ca9fea73ebd38f64f7c6b34c43ca04073d
org.codehaus.cargo	cargo-sample-maven3-jetty7x-root-context-test	1.10.10		a41b78b53ffbda15abd20409860c0011e00d154c
org.codehaus.cargo	cargo-sample-maven3-jetty7x-root-context-test	1.10.11		c522243a95dfa3cc06c564c8012d23e40e12b49f
org.codehaus.cargo	cargo-sample-maven3-jetty7x-root-context-test	1.10.12		4e91c13b2fcfddc6ae7e5d22b3edbe6eec366915
org.codehaus.cargo	cargo-sample-maven3-jetty7x-root-context-test	1.10.13		064bd0bb8c1151ced3de931fc68525cdc9b6e0db
org.codehaus.cargo	cargo-sample-maven3-jetty7x-root-context-test	1.10.14		20cf667e510cdf63c25a5ef473f834cdda8ba2aa
org.codehaus.cargo	cargo-sample-maven3-jetty7x-root-context-test	1.10.15		fd8da425381bf096f4d754800e9eb47b9f5f0eb9
org.codehaus.cargo	cargo-sample-maven3-jetty7x-root-context-test	1.10.16		e4c1f8eb7855915205659c8283e9397796929661
org.codehaus.cargo	cargo-sample-maven3-jetty7x-root-context-test	1.10.17		22b330b9c28d95d6987de945c30cfc9aaa44e0fd
org.codehaus.cargo	cargo-sample-maven3-jetty7x-root-context-test	1.10.18		39068edcdfad8d5cd377f83a70d0587ff64ff5c5
org.codehaus.cargo	cargo-sample-maven3-jetty7x-root-context-test	1.10.19		ffae3ea2403c836e3ff2e9ec18c5489b77beee11
org.codehaus.cargo	cargo-sample-maven3-jetty7x-root-context-test	1.10.2		44f3732292747b137e9a0b423015d40092c1bdd9
org.codehaus.cargo	cargo-sample-maven3-jetty7x-root-context-test	1.10.3		f8107bf01559cad01f259d892835a66ddcb5df9e
org.codehaus.cargo	cargo-sample-maven3-jetty7x-root-context-test	1.10.4		cfde34718b7d2eab5ce629ef84c8331ea9ca3181
org.codehaus.cargo	cargo-sample-maven3-jetty7x-root-context-test	1.10.5		400a6b4c1eb208c825acc4a0415bb9eb74bcc236
org.codehaus.cargo	cargo-sample-maven3-jetty7x-root-context-test	1.10.6		34b988da856b8055d156585081236265b530b17e
org.codehaus.cargo	cargo-sample-maven3-jetty7x-root-context-test	1.10.7		3fecf2ab9e2039438c2b92228ec2f4fd9780e2f1
org.codehaus.cargo	cargo-sample-maven3-jetty7x-root-context-test	1.10.8		b24f28f33251775907086984b6639b96e4fa6058
org.codehaus.cargo	cargo-sample-maven3-jetty7x-root-context-test	1.10.9		551374b93f3a06d85f30a05037e904bf562f63bd
org.codehaus.cargo	cargo-sample-maven3-jetty7x-root-context-test	1.9.0		39f2596ceded52ec495def02df7da162ca01e40e
org.codehaus.cargo	cargo-sample-maven3-jetty7x-root-context-test	1.9.1		65509c168c4c64cd28146cb979b87a66ae52c977
org.codehaus.cargo	cargo-sample-maven3-jetty7x-root-context-test	1.9.10		2750e766891d2ef75d14a98e00cf569c6ecad4f5
org.codehaus.cargo	cargo-sample-maven3-jetty7x-root-context-test	1.9.11		d3c8dfe742e7d468549957c978b1d8de170af2be
org.codehaus.cargo	cargo-sample-maven3-jetty7x-root-context-test	1.9.12		afcddfe89b0fcc200aaaf9cf4d0f0c9b87ab64d3
org.codehaus.cargo	cargo-sample-maven3-jetty7x-root-context-test	1.9.13		385687fa95385973506f5a86e3f69941a6ce4901
org.codehaus.cargo	cargo-sample-maven3-jetty7x-root-context-test	1.9.2		12e71e063e18979b8108ecf8128c2c0d8c8d9400
org.codehaus.cargo	cargo-sample-maven3-jetty7x-root-context-test	1.9.3		2a0a364bb454df3d9f4a7a240408448fc6a22ead
org.codehaus.cargo	cargo-sample-maven3-jetty7x-root-context-test	1.9.4		562b5734747969e1e4c900a13350007bebd5827f
org.codehaus.cargo	cargo-sample-maven3-jetty7x-root-context-test	1.9.5		996ba00fbb02e2148eeb30f21bd9310bfd088f21
org.codehaus.cargo	cargo-sample-maven3-jetty7x-root-context-test	1.9.6		ac6dae833417e8a9ecc262f47cbdbfabde71eac8
org.codehaus.cargo	cargo-sample-maven3-jetty7x-root-context-test	1.9.7		3bab04af5e91b906de775d179168c730899e144a
org.codehaus.cargo	cargo-sample-maven3-jetty7x-root-context-test	1.9.8		80cbcfe5a2acf6440218a6cc6408d71ed3ed26c6
org.codehaus.cargo	cargo-sample-maven3-jetty7x-root-context-test	1.9.9		0b438ffc731e7ab8c1c59b45dc51ab5b6c0a8e07
org.cqfn.save	save-common-test-linuxx64	0.2.0		N/A
org.cqfn.save	save-common-test-linuxx64	0.2.1		N/A
org.cqfn.save	save-common-test-linuxx64	0.2.2		N/A
org.cqfn.save	save-common-test-linuxx64	0.2.3		N/A
org.cqfn.save	save-common-test-linuxx64	0.2.4		N/A
org.cqfn.save	save-common-test-linuxx64	0.2.5		N/A
org.cqfn.save	save-common-test-linuxx64	0.2.6		N/A
org.cqfn.save	save-common-test-linuxx64	0.3.0		N/A
org.cqfn.save	save-common-test-linuxx64	0.3.1		N/A
org.e-hoffman.testing	DynamicModuleAPI	1.0.0		6559233443a502277da62e139f1375d2541a817e
org.e-hoffman.testing	DynamicModuleAPI	1.1.0		3b81ccb4c888b9b6688e095c97d4c8e9fff78ecb
org.e-hoffman.testing	DynamicModuleAPI	1.2.0		941ba5505a6e97ca807250e21a038668e0f089bd
org.hammerlab.math	cubic_sjs0.6_2.12	1.0.0		2333fbfacfb20a6c45f288fee16662713cb02b03
org.hibernate.validator	hibernate-validator-performance	6.2.1.Final		29707a3e5907b714b6934d27df8da8e6f071ca8e
org.hibernate.validator	hibernate-validator-performance	6.2.2.Final		3b9e97df693dbbc1a5f2836138d52a11a070e488
org.hibernate.validator	hibernate-validator-performance	6.2.3.Final		c6ccf76e1dc3e0a771bb4bfc9b1575a4b90c0f92
org.hibernate.validator	hibernate-validator-performance	6.2.4.Final		3d43b7eb5861f0fefef287bb00b552da9a359b05
org.hibernate.validator	hibernate-validator-performance	6.2.5.Final		08c7a65168958a96ae56c698e491de1261923049
org.hibernate.validator	hibernate-validator-performance	7.0.2.Final		8f81fcbc485f9a94f67a9986bea172a6b99219f5
org.hibernate.validator	hibernate-validator-performance	7.0.3.Final		2c6a7b72dddf33a34ebd2fa87c5c17d218445cb4
org.hibernate.validator	hibernate-validator-performance	7.0.4.Final		2e037896caca3f6b63d34eab257df56ebb2a0e13
org.hibernate.validator	hibernate-validator-performance	7.0.5.Final		45842ee6c2d09b061892f3cb187420450f98d131
org.hibernate.validator	hibernate-validator-performance	8.0.0.Alpha1		4db600c6d5d0fe9f5f6d6c3c15a465fd7e9c5009
org.hibernate.validator	hibernate-validator-performance	8.0.0.Alpha2		64cc3997eea816773d934aeaabc0ade57cd576ff
org.hibernate.validator	hibernate-validator-performance	8.0.0.Alpha3		aba26d646e7550133c2014d8336fb5f075cfea62
org.hibernate.validator	hibernate-validator-performance	8.0.0.CR1		b3f64ae94784744c1eb655edf77d5f71810e195b
org.hibernate.validator	hibernate-validator-performance	8.0.0.CR2		f0aaedab3c0686df6610f14b39a05134bb546aa9
org.hibernate.validator	hibernate-validator-performance	8.0.0.CR3		1a2d09453b7398ffe60d1685b43b41e08a643307
org.hibernate.validator	hibernate-validator-performance	8.0.0.Final		d7fd256fd7faf413ed4e794d02027bf9e079e1f1
org.hibernate.validator	hibernate-validator-performance	8.0.1.Final		f38a123b8ca2633be7c69d18f4ee5016391ab824
org.hibernate.validator	hibernate-validator-performance	8.0.2.Final		279dc993f6e241ac0d8c65d6788940bc89449daa
org.honton.chas	readfiles-maven-plugin	0.0.1		44e2a73955ddb790ee751dcb12a0ebbab776d0f7
org.honton.chas	readfiles-maven-plugin	0.1.0		25d770149c7e8c1e733d68f18e7866eb562664ff
org.hyperscala	hyperscala-core_2.10	0.8.0		1d70315ad8734e59bde4c84ee5ed013eb20d4a3c
org.hyperscala	hyperscala-core_2.10	0.8.1		28179609af1eb6114044bfc9dad33c0e3cc3dcd0
org.hyperscala	hyperscala-core_2.10	0.8.2		f11486d582b914ff9c354d54d8f2c6a366749094
org.hyperscala	hyperscala-core_2.10	0.8.4		d505e1fbd58215bc5fb54496ba92681bb25c5e28
org.hyperscala	hyperscala-core_2.10	0.9.0		1c86a94aea7ea3933687796274c0df386321ffac
org.ibissource.ibis-adapterframework-akamai.7.0-RC3.org.ibissource	ibis-adapterframework-akamai	7.0-RC3		9b85497970fc12ab03f15545e0c53b61f91d7bff
org.javaruntype	javaruntype	1.0		a80aac4bc0c1eebd0d6b4af987956d108263607a
org.javaruntype	javaruntype	1.1		0c2cb264c1a8ee9dd0e8c489b7fa5cd32f2d379c
org.javaruntype	javaruntype	1.2		d7595d6aa87b56ad207961157d15b2c59f0afb53
org.javaruntype	javaruntype	1.3		26ba963f4b20c751e07b58b990bb41bf850622d8
org.kie.workbench.screens	kie-wb-common-datasource-mgmt-dbcp	7.0.0.Beta2		da128b118eb322211930769d14e7201b716a6d2c
org.kie.workbench.screens	kie-wb-common-datasource-mgmt-dbcp	7.0.0.Beta3		a1d84f69e23a8b0c38139b9519ffa0025c87b51f
org.kie.workbench.screens	kie-wb-common-datasource-mgmt-dbcp	7.0.0.Beta4		abd995c84a4844984220017d562ca420f36e1bb5
org.kie.workbench.screens	kie-wb-common-datasource-mgmt-dbcp	7.0.0.Beta5		1078cff4b11994be4a4cdf8427ae0c1e637dbccc
org.kie.workbench.screens	kie-wb-common-datasource-mgmt-dbcp	7.0.0.Beta6		4b5602a09e02a27aa09cf4eba1b6058cc0b2a8d6
org.kie.workbench.screens	kie-wb-common-datasource-mgmt-dbcp	7.0.0.Beta7		9cd086fd11c525a5fba0a0daf181d313e20c48bf
org.kie.workbench.screens	kie-wb-common-datasource-mgmt-dbcp	7.0.0.Beta8		fade577d94a494a075ff77371ecc3ffd5d4e243f
org.kie.workbench.screens	kie-wb-common-datasource-mgmt-dbcp	7.0.0.CR1		74cfd394f1b8713b865f852447ecadd220dccf21
org.kie.workbench.screens	kie-wb-common-datasource-mgmt-dbcp	7.0.0.CR2		7fc4f750e7739cf91b99c869e74022ef9ed10c66
org.kie.workbench.screens	kie-wb-common-datasource-mgmt-dbcp	7.0.0.CR3		b1a114e1304c1b0bbd76212e8885debc2eefabf3
org.kie.workbench.screens	kie-wb-common-datasource-mgmt-dbcp	7.0.0.Final		406ac4837664c37e8ab730a324ff79744b4f60e0
org.kie.workbench.screens	kie-wb-common-datasource-mgmt-dbcp	7.1.0.Beta1		98c4b2b7b486461951006a4e372b948044432d38
org.kie.workbench.screens	kie-wb-common-datasource-mgmt-dbcp	7.1.0.Beta2		0daa32ddee6f8d15e69d641416a7294459e3bdd6
org.kie.workbench.screens	kie-wb-common-datasource-mgmt-dbcp	7.1.0.Beta3		d30cb4afc2361fd253920057aeb00138369505b3
org.kie.workbench.screens	kie-wb-common-datasource-mgmt-dbcp	7.1.0.Final		3a482035857e574b96a27fff495c05bfbaaf4a7e
org.kie.workbench.screens	kie-wb-common-datasource-mgmt-dbcp	7.10.0.Final		45093a366a7b65dac6dcea3f725c4455533e6cae
org.kie.workbench.screens	kie-wb-common-datasource-mgmt-dbcp	7.11.0.Final		b9cd642062b9060c1429f1c0c649adaf01c89388
org.kie.workbench.screens	kie-wb-common-datasource-mgmt-dbcp	7.12.0.Final		8175253e2114249b0f80c072e315b708259c2d9f
org.kie.workbench.screens	kie-wb-common-datasource-mgmt-dbcp	7.13.0.Final		63df4baf264e905016c189dba9956718a647106b
org.kie.workbench.screens	kie-wb-common-datasource-mgmt-dbcp	7.14.0.Final		7f0c5cad397a6a4fad345dc6767fffb7f2c26565
org.kie.workbench.screens	kie-wb-common-datasource-mgmt-dbcp	7.15.0.Final		0b0fb0b6657336d89eeffac376b293a8121928bc
org.kie.workbench.screens	kie-wb-common-datasource-mgmt-dbcp	7.16.0.Final		98d1dbc8f7a13359e481ad713ad3705ac3c16360
org.kie.workbench.screens	kie-wb-common-datasource-mgmt-dbcp	7.17.0.Final		323cb196ef4202414fc674ba3fc8cca7c48ffd69
org.kie.workbench.screens	kie-wb-common-datasource-mgmt-dbcp	7.18.0.Final		d113a4f427770143b0c28cb0fea3855535996664
org.kie.workbench.screens	kie-wb-common-datasource-mgmt-dbcp	7.19.0.Final		5b5cd3af5bce558056faf9bfb3e5884d41fdeb66
org.kie.workbench.screens	kie-wb-common-datasource-mgmt-dbcp	7.2.0.Final		c6d5af0c400f29cc668f988346b91a3d2855a514
org.kie.workbench.screens	kie-wb-common-datasource-mgmt-dbcp	7.20.0.Final		ccea35d34c9a64debdc0abef1447d635a4e61723
org.kie.workbench.screens	kie-wb-common-datasource-mgmt-dbcp	7.21.0.Final		725b05862adf1f64cf3433ed7d2a3945d428418b
org.kie.workbench.screens	kie-wb-common-datasource-mgmt-dbcp	7.22.0.Final		3f5d7a12a072cd72cd141909ac5b8bcb81d0eba4
org.kie.workbench.screens	kie-wb-common-datasource-mgmt-dbcp	7.23.0.Final		851e3506729f263280775ee28aee9b55ae29609f
org.kie.workbench.screens	kie-wb-common-datasource-mgmt-dbcp	7.24.0.Final		644ea7318b6d4291260b057ebe44a1268d3af794
org.kie.workbench.screens	kie-wb-common-datasource-mgmt-dbcp	7.25.0.Final		db345c94bb71271c57f3120da23767a92fd15d4a
org.kie.workbench.screens	kie-wb-common-datasource-mgmt-dbcp	7.26.0.Final		6248b1bd551e0ea9675e091d7d05d71b32d786f1
org.kie.workbench.screens	kie-wb-common-datasource-mgmt-dbcp	7.27.0.Final		90cd1a9012a62135acedc4c80bf23fcf30600c48
org.kie.workbench.screens	kie-wb-common-datasource-mgmt-dbcp	7.28.0.Final		b2dc34eebe97c5109559cb5109f0f008ae57ac34
org.kie.workbench.screens	kie-wb-common-datasource-mgmt-dbcp	7.29.0.Final		fbd8a25bfe23957eb2351730da2dd596621f117b
org.kie.workbench.screens	kie-wb-common-datasource-mgmt-dbcp	7.3.0.Final		7d6d775f48be9cdcc418edd86f7f0e70b6fec63d
org.kie.workbench.screens	kie-wb-common-datasource-mgmt-dbcp	7.30.0.Final		c2f0a75872d70f3311af80684667f9d64f471ddd
org.kie.workbench.screens	kie-wb-common-datasource-mgmt-dbcp	7.31.0.Final		181e90f734c22198e665a2475ac6b4a1f842792d
org.kie.workbench.screens	kie-wb-common-datasource-mgmt-dbcp	7.32.0.Final		332d85fa5dc357fbbf0dbbe339f381b65cc88707
org.kie.workbench.screens	kie-wb-common-datasource-mgmt-dbcp	7.33.0.Final		91c5f95fecb4b66162cc80a09d5c1546fb6c1c4a
org.kie.workbench.screens	kie-wb-common-datasource-mgmt-dbcp	7.34.0.Final		e248d8f7c99b8fe7fe8c18bc6d3f5a3c84cb0e41
org.kie.workbench.screens	kie-wb-common-datasource-mgmt-dbcp	7.35.0.Final		2396c14a52970016ea85634dd0112436cdf093a8
org.kie.workbench.screens	kie-wb-common-datasource-mgmt-dbcp	7.36.0.Final		47f5b0688ac9d211c4f7fe3f6cd97fc0da23855d
org.kie.workbench.screens	kie-wb-common-datasource-mgmt-dbcp	7.36.1.Final		4b456e5c827ef61041652a03122c52c6d18fcec0
org.kie.workbench.screens	kie-wb-common-datasource-mgmt-dbcp	7.37.0.Final		b3ac8504b22f6979389ecab56701d9eeae8f9cc1
org.kie.workbench.screens	kie-wb-common-datasource-mgmt-dbcp	7.38.0.Final		27188178d6a740e6c2e0db7d4bfc20f899013adf
org.kie.workbench.screens	kie-wb-common-datasource-mgmt-dbcp	7.39.0.Final		730fcb370655d840c922ffc6a70a556a61bf24b4
org.kie.workbench.screens	kie-wb-common-datasource-mgmt-dbcp	7.4.1.Final		85fd63b482deb44df791ffd5b7dbc2cc55863433
org.kie.workbench.screens	kie-wb-common-datasource-mgmt-dbcp	7.40.0.20200703		3219c8aacb1b6f26fa6892b40bcbbcc19f317295
org.kie.workbench.screens	kie-wb-common-datasource-mgmt-dbcp	7.40.0.Final		3c9b46f2fea1542e4ce9071ca1c9d26553748f76
org.kie.workbench.screens	kie-wb-common-datasource-mgmt-dbcp	7.41.0.Final		d51ac2d0a71eded0e5b66dc64cce3659b1d4b03d
org.kie.workbench.screens	kie-wb-common-datasource-mgmt-dbcp	7.41.0.t20200723		bcbe45c1e01110a34aff76b92bccfdd3e197fb2c
org.kie.workbench.screens	kie-wb-common-datasource-mgmt-dbcp	7.42.0.Final		6aea997d274e7bec2e36ceb0f9ff51aa474f5aee
org.kie.workbench.screens	kie-wb-common-datasource-mgmt-dbcp	7.43.0.Final		085d46420467514dfa906c223549c4d8ea6a3f88
org.kie.workbench.screens	kie-wb-common-datasource-mgmt-dbcp	7.43.1.Final		611df74cc627adad3033701a31b63b175d12577f
org.kie.workbench.screens	kie-wb-common-datasource-mgmt-dbcp	7.44.0.Final		cd1e26ba00013ca88b651c2b39cb2ddab8f9a5b3
org.kie.workbench.screens	kie-wb-common-datasource-mgmt-dbcp	7.45.0.Final		f96623acd9828005c41dbdf1a646d3d6a042b728
org.kie.workbench.screens	kie-wb-common-datasource-mgmt-dbcp	7.45.0.t20201009		4f12096d1c5d6a10d8485289dcae7d48ec8ec1da
org.kie.workbench.screens	kie-wb-common-datasource-mgmt-dbcp	7.46.0.Final		4d7649c246373bf3aef0fc17d90197f64939cb26
org.kie.workbench.screens	kie-wb-common-datasource-mgmt-dbcp	7.47.0.Final		ea93956f0203a559f954a6014b5c6334d3e7205b
org.kie.workbench.screens	kie-wb-common-datasource-mgmt-dbcp	7.48.0.Final		63d59cc8fd43a0a40cff6f8bdc1c77f3a597f9ff
org.kie.workbench.screens	kie-wb-common-datasource-mgmt-dbcp	7.49.0.Final		c963ec3a8ab98f9f46556043fc758265ce3a964f
org.kie.workbench.screens	kie-wb-common-datasource-mgmt-dbcp	7.5.0.Final		14297f184dfafcc63cb3609f1c0003a48c14836a
org.kie.workbench.screens	kie-wb-common-datasource-mgmt-dbcp	7.50.0.Final		61c9da94d995bfa928abb6da6827ade8ed98e8ec
org.kie.workbench.screens	kie-wb-common-datasource-mgmt-dbcp	7.51.0.Final		3e041178131dd8a2dd054e96ebe1eb29eb915278
org.kie.workbench.screens	kie-wb-common-datasource-mgmt-dbcp	7.52.0.Final		4315ccc5a4b9d45d12076bb05fabf24f275ed3e5
org.kie.workbench.screens	kie-wb-common-datasource-mgmt-dbcp	7.53.0.Final		2b2c674762dc20ebe9a62cb917de36ba623a1c27
org.kie.workbench.screens	kie-wb-common-datasource-mgmt-dbcp	7.54.0.Final		f22c2c78d73554df9a4f9afff343b0596cefd933
org.kie.workbench.screens	kie-wb-common-datasource-mgmt-dbcp	7.55.0.Final		54473d35eacb06c88e43ecfde654170cb209f746
org.kie.workbench.screens	kie-wb-common-datasource-mgmt-dbcp	7.56.0.Final		5871051ef7a12b8ec74e62d6672a5e7c5424694c
org.kie.workbench.screens	kie-wb-common-datasource-mgmt-dbcp	7.57.0.Final		809206ba78e768a2f6e388b10153bafbc792bc6a
org.kie.workbench.screens	kie-wb-common-datasource-mgmt-dbcp	7.58.0.Final		c0bd872c406b3b63619bf0b053e559cbd1215dbd
org.kie.workbench.screens	kie-wb-common-datasource-mgmt-dbcp	7.59.0.Final		243b4f36cf32e48356912dce29d761d0802a400f
org.kie.workbench.screens	kie-wb-common-datasource-mgmt-dbcp	7.6.0.Final		560870a1873abb4612264b617785bf7886b17f03
org.kie.workbench.screens	kie-wb-common-datasource-mgmt-dbcp	7.60.0.Final		43a1db15785b34de9bd38cafa99de2bb5f6e67c3
org.kie.workbench.screens	kie-wb-common-datasource-mgmt-dbcp	7.61.0.Final		d5cf8f9922e30817f0ee1178f88d43c97ccdf6b3
org.kie.workbench.screens	kie-wb-common-datasource-mgmt-dbcp	7.62.0.Final		045632754af6b69e37cb7136f7978fc56f99a27f
org.kie.workbench.screens	kie-wb-common-datasource-mgmt-dbcp	7.63.0.Final		43e0f7a1a656d9d86538820f7c22b80a60d1df29
org.kie.workbench.screens	kie-wb-common-datasource-mgmt-dbcp	7.64.0.Final		afdd68afa0a98365ab4cb25f67dd027d1f9b249f
org.kie.workbench.screens	kie-wb-common-datasource-mgmt-dbcp	7.65.0.Final		5906eae5609b71c274389d482a4a4e18bfff91ec
org.kie.workbench.screens	kie-wb-common-datasource-mgmt-dbcp	7.66.0.Final		eb71a98ceab97f4f551b53fa03cbf53586decfa4
org.kie.workbench.screens	kie-wb-common-datasource-mgmt-dbcp	7.67.0.Final		e464c2bf75d9bd7fde6fdc3a1334974173813093
org.kie.workbench.screens	kie-wb-common-datasource-mgmt-dbcp	7.68.0.Final		037a7823893e323b4324ec4fd99d6b68f517fed2
org.kie.workbench.screens	kie-wb-common-datasource-mgmt-dbcp	7.69.0.Final		49b3b31c907999c7be44050fa4e3ee28d8c2309e
org.kie.workbench.screens	kie-wb-common-datasource-mgmt-dbcp	7.7.0.Final		1f8e2e149b6fc929a4b19dad31feba062f5706bd
org.kie.workbench.screens	kie-wb-common-datasource-mgmt-dbcp	7.70.0.Final		b6f3a4c1fdb7e05833a00f71782c7db37c7ec445
org.kie.workbench.screens	kie-wb-common-datasource-mgmt-dbcp	7.71.0.Final		48a49158c717a53c8943ac7a8a26e37e10a1029b
org.kie.workbench.screens	kie-wb-common-datasource-mgmt-dbcp	7.72.0.Final		daa8818772484b8627b77131638c68e8605dc6e3
org.kie.workbench.screens	kie-wb-common-datasource-mgmt-dbcp	7.73.0.Final		f9cdebd18691db4740f41883399bc35c3415704c
org.kie.workbench.screens	kie-wb-common-datasource-mgmt-dbcp	7.74.0.Final		c4e684e894ba42d71da916de416d12a123a28fef
org.kie.workbench.screens	kie-wb-common-datasource-mgmt-dbcp	7.74.1.Final		7ba7cfc132888224e7b7bde9ccb6e5ba8996773a
org.kie.workbench.screens	kie-wb-common-datasource-mgmt-dbcp	7.8.0.Final		fb4d6bd8b46d596cd4de2e534b3f1b7419f9e050
org.kie.workbench.screens	kie-wb-common-datasource-mgmt-dbcp	7.9.0.Final		48c8f5e05c20c074243e50fd96211c69f440cda0
org.openntf.sbt	com.ibm.sbt.automation.test	1.5.0.20160704-1200		e453ebec1bcc27645cf015367d4db3d215de5b03
org.pantsbuild	ivy-dependency-update-checker	0.0.1		16a48fbdb2fd437cd2d87d8ad52769847d7ed38f
org.pantsbuild	ivy-dependency-update-checker	0.0.2		2874acc4873f91fe922455846e1e50380fb85ecd
org.pantsbuild	ivy-dependency-update-checker	0.0.3		9ea1a496b69162beecd664b543108b79054a5e96
org.pantsbuild	ivy-dependency-update-checker	0.0.4		33965bc00c87499747ebc43908c862b6ea27ae5d
org.pantsbuild	ivy-dependency-update-checker	0.0.5		e97d6be4373cc8121148f8a114b0fa00efc5d46c
org.pantsbuild	ivy-dependency-update-checker	0.0.6		f3111608797cfd604ae280fe6393e8a2fe367e09
org.scala-js	scalajs-junit-test-plugin_2.13.2	0.6.32		e4c559fe743f53b4bc5d965333f934197dbccb90
org.scala-js	scalajs-junit-test-plugin_2.13.2	0.6.33		5c2b710164373412a1fde45ffd9f676c571f84bb
org.scala-js	scalajs-junit-test-plugin_2.13.2	1.0.0		ea4edf051d315992be9c1c40a0eacadba0fd281f
org.scala-js	scalajs-junit-test-plugin_2.13.2	1.0.1		7e95cb3271e04e21120f9fa34d13f14886d5b643
org.scala-js	scalajs-junit-test-plugin_2.13.2	1.1.0		624015e3d74efab4ff507fdb3a3f40f5195033c9
org.scala-js	scalajs-junit-test-plugin_2.13.2	1.1.1		3a4f53d92142566cf566fe9cf14f89307f7ffd04
org.scala-js	scalajs-junit-test-plugin_2.13.2	1.10.0		d004526e12496578c486be18bbea7c32b0d457ca
org.scala-js	scalajs-junit-test-plugin_2.13.2	1.10.1		56b185f5ac79d89becbcb628bc9d211d568aff5e
org.scala-js	scalajs-junit-test-plugin_2.13.2	1.11.0		420c3dea8c999734af3995faf9fb1c5c337ab0d9
org.scala-js	scalajs-junit-test-plugin_2.13.2	1.12.0		fa26b22eb6c929259b4d6b20f161b1972801ed6e
org.scala-js	scalajs-junit-test-plugin_2.13.2	1.13.0		4c1cb607ece09bb4d583cb4139f043a2a232ed0f
org.scala-js	scalajs-junit-test-plugin_2.13.2	1.13.1		d34df83e48a2ebb66d1a6c6dbc9961954d95cc72
org.scala-js	scalajs-junit-test-plugin_2.13.2	1.13.2		4693da3db169117bf473ed8f17497e689191479d
org.scala-js	scalajs-junit-test-plugin_2.13.2	1.14.0		2cc9b42158745d2de26e1f5dd59966a300512351
org.scala-js	scalajs-junit-test-plugin_2.13.2	1.15.0		c22a37b05c824d83d032a9b5ca3b7089f3f72529
org.scala-js	scalajs-junit-test-plugin_2.13.2	1.16.0		de229573f039b141f438ffddb61fa9eb9e131d1c
org.scala-js	scalajs-junit-test-plugin_2.13.2	1.17.0		81ed17b51f0d5f3b157e388954a93b2c3f8b39ec
org.scala-js	scalajs-junit-test-plugin_2.13.2	1.2.0		a0131ea2cf59aa2c3a5efa136490fa0d69966c95
org.scala-js	scalajs-junit-test-plugin_2.13.2	1.3.0		3f5277b5412a3925c90d131f748885b4937c6447
org.scala-js	scalajs-junit-test-plugin_2.13.2	1.3.1		2be7d303605033b49035b12066325a8304cebd15
org.scala-js	scalajs-junit-test-plugin_2.13.2	1.4.0		473bbb530924e80d24587022e4e0a1fe93409a13
org.scala-js	scalajs-junit-test-plugin_2.13.2	1.5.0		2d8c2ee61d712f8071dcbdd6bac4d3d84fede205
org.scala-js	scalajs-junit-test-plugin_2.13.2	1.5.1		7eaa39827a9bc2f82f2b5a54f9240d4cef035891
org.scala-js	scalajs-junit-test-plugin_2.13.2	1.6.0		1eb510b0b3dbf6ea1d5cc95f4d64e01b3df54fd3
org.scala-js	scalajs-junit-test-plugin_2.13.2	1.7.0		79eac63556e0c29e460984544d495b85c187b425
org.scala-js	scalajs-junit-test-plugin_2.13.2	1.7.1		bf12b5aa12bf5962b70a5204dd4efd06569b11f1
org.scala-js	scalajs-junit-test-plugin_2.13.2	1.8.0		152d31d653d0b9302dc7ffa4a80babb79b885c64
org.scala-js	scalajs-junit-test-plugin_2.13.2	1.9.0		a836f330375cf763f48c60b85b523a65edc70e0b
org.snmp4j	snmp4j	1.10.1		7e6b6dc9dbc5e87a164e0f47c5ca7174fcdf2d12
org.snmp4j	snmp4j	1.7.1		3839944cf4e86556742a4c4c6e121576c1a5d285
org.snmp4j	snmp4j	1.8.1		989576d5e8506b77e4676a69fcc5be3251614591
org.snmp4j	snmp4j	1.9.1f		f2b19ef3c5053a522a75d0f10a8732a49b66f577
org.snmp4j	snmp4j	2.5.0		024c9c6b8e4a89f77c85541f4bc2d2805bf6efe1
org.snmp4j	snmp4j	2.5.1		9dfd92e2a4ff5a55014cddcced62542af78ffe29
org.snmp4j	snmp4j	2.5.10		aba79f8a4eea1072beef95ce0a07ce8bade7b4b3
org.snmp4j	snmp4j	2.5.11		f6e866964240dd9f93a5b506d2cfe72fd858b853
org.snmp4j	snmp4j	2.5.2		51196604741dc5e0674e998ce50ade414759164e
org.snmp4j	snmp4j	2.5.3		dcdeea4c48428547a9d19cbb114c98aec0549024
org.snmp4j	snmp4j	2.5.4		bf866dd78a5aef979136c5c1f27ee77662653271
org.snmp4j	snmp4j	2.5.5		ca4690c1fa51da0d6b380c6af909978d9d2c8111
org.snmp4j	snmp4j	2.5.6		fc152ae9f1d9484eab5e9df925346560cb1ef864
org.snmp4j	snmp4j	2.5.7		01e67a26cc044dd92f1fbea4dad8ce794d73b746
org.snmp4j	snmp4j	2.5.8		dc68a30dd4c67b89ed0b85cd28425c02a488964b
org.snmp4j	snmp4j	2.5.9		42a3e6706f3a36ea65ff4e6b9d4ba3e39f52bcb1
org.snmp4j	snmp4j	2.6.0		08e1e0397f2aaae2510fd0797b78f1f8a273a353
org.snmp4j	snmp4j	2.6.1		5db023c459291afefe9462a5d55f057a5b5ceb29
org.snmp4j	snmp4j	2.6.2		ed0d9f5f91065f8ca00d8a445896c8f57d4fcfc9
org.snmp4j	snmp4j	2.6.3		6e30241759ed24efe9b64944ed52467122bafafa
org.snmp4j	snmp4j	2.7.0		6b12b6559951c18070b93bd1b554f1983a1b1a33
org.snmp4j	snmp4j	2.8.0		836d0c1cf4304d7e0ac2a1b978ef180302f2eb19
org.snmp4j	snmp4j	2.8.1		73fe1304c00bfb6e37923854d82217bdbd35bd76
org.snmp4j	snmp4j	2.8.10		e75c2f864ba62c7597e981357bf7a3740fbbd8da
org.snmp4j	snmp4j	2.8.11		6c7c9a8dd3fb9abf101dc92ed2f72b54603f11d2
org.snmp4j	snmp4j	2.8.12		aabb165e3c5331d95dc0b83c595a1fd58fb73dcc
org.snmp4j	snmp4j	2.8.13		6b646ec5bbb4750e80c606550268846cd62a6b0c
org.snmp4j	snmp4j	2.8.14		31f94cf401ed770c2b9ce6e63aec230b99db6030
org.snmp4j	snmp4j	2.8.15		ba7856029b8a44337cee242b80c8975fb73c41d7
org.snmp4j	snmp4j	2.8.16		b0a81d77df352c1ff33c3968bc74835342991be3
org.snmp4j	snmp4j	2.8.17		40077e149a2f56842af5e8fcfb26c9cf8cd4de0e
org.snmp4j	snmp4j	2.8.18		4344fb761f3ded8d269c7b9dd9c13e8c08cec267
org.snmp4j	snmp4j	2.8.2		52a95472ebcc92a99a3167cd00c02e7e2730eb1e
org.snmp4j	snmp4j	2.8.3		e8891d5864d1ad438e0b2d8e15b98dd2691072e6
org.snmp4j	snmp4j	2.8.4		358f87a3fe30c26d9a6f9a51cd44539c45e52283
org.snmp4j	snmp4j	2.8.5		4cdf061157884df0926aa1fcc6646b3f4ca19b38
org.snmp4j	snmp4j	2.8.6		944b3c27890dc2a698a488e09778fc1505bd2a1e
org.snmp4j	snmp4j	2.8.7		aa9da09f68e72b4fafb87bf03c4dd8174aeb2903
org.snmp4j	snmp4j	2.8.8		ca6df9948955e68bdfd413297ac5824c4afc51b7
org.snmp4j	snmp4j	2.8.9		85df1e6f60396f270585e59f043b93d219a8a94e
org.snmp4j	snmp4j	3.0.0		f7d91abceda303c2449f8cafdb44cbe14256855b
org.snmp4j	snmp4j	3.0.1		a05108ad24bb0a4e771653b4eafa65beb983b38e
org.snmp4j	snmp4j	3.0.2		0defb40d345d13ac7206ddcc3f9d97368d113ca7
org.snmp4j	snmp4j	3.0.3		85f07a1e8ba820cee76d95c2930fb4aa1a3e0de8
org.snmp4j	snmp4j	3.0.4		3fc34afe633c5e2d4bec249c3dd61c3ad1fb90ad
org.snmp4j	snmp4j	3.0.5		2e23471c340e17add29ebbbe1b04df08765f5ef3
org.snmp4j	snmp4j	3.0.6		0584c07f992c0d9abff2474e2c671c9c0dd1e4f7
org.snmp4j	snmp4j	3.1.0		b64cac7029c56ed1295bf02e092a233a0fa287a3
org.snmp4j	snmp4j	3.2.0		4e06fd3b73a03ba768be4e5800abbde6cdaf0fae
org.snmp4j	snmp4j	3.2.1		1823d6467ec75629809930e679b05733a28966e9
org.snmp4j	snmp4j	3.2.2		e957d3136bb6a1d47da4bc699344a5bd92620dbe
org.snmp4j	snmp4j	3.3.0		aea4d0630d62bf0cf5a8992c681643ac10ac6f17
org.snmp4j	snmp4j	3.3.1		c2b8dfed780ce5124c74a3829a713435e7005a83
org.snmp4j	snmp4j	3.3.2		56c291bf6867b3fbe19e7847a689360e09497fc8
org.snmp4j	snmp4j	3.3.3		27714da2886ffd783533ef399d532b9a79089128
org.snmp4j	snmp4j	3.4.0		2a1e99859ab950c483f94c98e91ed4f1eb8e294a
org.snmp4j	snmp4j	3.4.1		2a10042f00e775fe26cf799823b7afa0c51d1088
org.snmp4j	snmp4j	3.4.2		9900d3acee114d31a0bd2b83ed798639fccf1298
org.snmp4j	snmp4j	3.4.3		fd84c5ca58ce5f07a44810eea24910915bb298c2
org.snmp4j	snmp4j	3.4.4		fbbb93636a2b128da37bfdf0a0485471f32a532d
org.snmp4j	snmp4j	3.4.5		32252a9b7e1059dd2c779ef582a089511583d716
org.snmp4j	snmp4j	3.5.0		24cdf5a0711cdd60e968d6b0ad62700729e820ec
org.snmp4j	snmp4j	3.5.1		74f6962db21e4d3b3c8955a7e4a621b3b4579775
org.snmp4j	snmp4j	3.6.0		8fb2913d97e082cf9a9c2d0569ea01ab4ab4be07
org.snmp4j	snmp4j	3.6.1		854294646ce90b1dbe2751b638b522503f98f510
org.snmp4j	snmp4j	3.6.2		89333ca95537b462d8d845bec1e67a392f2c1350
org.snmp4j	snmp4j	3.6.3		37ba1cdb7f60762c1c6a0669393285958adda33f
org.snmp4j	snmp4j	3.6.4		2038024b1d9c11537cd318b89ec7b17528f76132
org.snmp4j	snmp4j	3.6.5		4bc9e92f669786565b99ee2765422f6195fd4811
org.snmp4j	snmp4j	3.6.6		c5a2de0af6b3290b7748bb8ed770776f8e8cbb69
org.snmp4j	snmp4j	3.6.7		5e8edfb60f92090fd2b8ab96a730e87c2fdc2144
org.snmp4j	snmp4j	3.7.0		bb9b2e77e598535079c3de1710c1ec9bece0a18c
org.snmp4j	snmp4j	3.7.1		294eb6068a8208d8d244cdfdf383bde206959dbf
org.snmp4j	snmp4j	3.7.2		a4ea1c5e3eec4df821d5eefb945cf437160aba40
org.snmp4j	snmp4j	3.7.3		7d3b3e0b9ebfb7ae960b6857ee2a7608c0255e8d
org.snmp4j	snmp4j	3.7.4		cb78d8c64ad7f1829d8247c673d2c21872414d47
org.snmp4j	snmp4j	3.7.5		ba2c1c5bbc166c82ca827267a3a1fb994cfd5c6c
org.snmp4j	snmp4j	3.7.6		76e7f1eb2242ae73543761128340e4f2e75e4713
org.snmp4j	snmp4j	3.7.7		eef30d92aa3f59d8c98d625834b64bf8ec35dfe6
org.snmp4j	snmp4j	3.7.8		a26e233b9aeb3e1dcafc280b9147299191fe4765
org.snmp4j	snmp4j	3.8.0		d8fd7b3bb5d225f3ea42ff64306b0f89190b91d1
org.snmp4j	snmp4j	3.8.1		14f5accee375651212af33251b507f494b7018da
org.snmp4j	snmp4j	3.8.2		89389cc5ee613f4c790c213b246a84286a3f3fa6
org.snmp4j	snmp4j	3.9.0		ae258bd439ad3790f923ba60cabdb9a13840a255
org.snmp4j	snmp4j	3.9.1		b84ea9420e4da4f2ee5c353d49867fbaae8df325
org.snmp4j	snmp4j	3.9.2		9395b341fdcbb71fe69447530c8e33b74be8904a
org.typelevel	cats-effect-testing-scalatest_sjs1_2.13	1.0.0		8e64512e69044227e3af61a6c8f5303cfc87fe28
org.typelevel	cats-effect-testing-scalatest_sjs1_2.13	1.0.0-M2		7ef024753ed8b1833490dcdd59f328018c445125
org.typelevel	cats-effect-testing-scalatest_sjs1_2.13	1.0.0-M3		a8c4adfea9b8479b5a241981d449f55b995c3992
org.typelevel	cats-effect-testing-scalatest_sjs1_2.13	1.0.1		703e630cd73649ee6d02c87afabdda6dc1af8c6c
org.typelevel	cats-effect-testing-scalatest_sjs1_2.13	1.1.0		45f1335fa9c1fafd476eaf4162bfecad5c3e54a8
org.typelevel	cats-effect-testing-scalatest_sjs1_2.13	1.1.1		857ea82a51569e8a12254e72c21cd3bc10ca340a
org.typelevel	cats-effect-testing-scalatest_sjs1_2.13	1.2.0		ed8792f5199ef5e6a0ac7f1669f998b3103ebb6a
org.typelevel	cats-effect-testing-scalatest_sjs1_2.13	1.3.0		ede3a6ce8178a357e2a703fb08db778e11759f86
org.typelevel	cats-effect-testing-scalatest_sjs1_2.13	1.4.0		bddb9011f93ce44071e4c2026a875b301e7e5834
org.typelevel	cats-effect-testing-scalatest_sjs1_2.13	1.5.0		96ee172ca246d911eca35f6bcf5fda1ec44c4d89
org.typelevel	cats-effect-testing-scalatest_sjs1_2.13	1.6.0		c4dc79849a27abdbe1d2af297f31bc9d298912f6
org.typelevel	cats-kernel_native0.5_2.12	2.12.0		3d369f1c59738775856e4da8879aab113a920f7a
org.typelevel	cats-kernel_native0.5_2.12	2.13.0		b87fdc520d96a08c5e0cfea913c6c4ef720d75bf
org.webjars.bower	github-com-vpusher-game-card	1.0.6		1e03ace23401768dce36be4e462d6c529b5f4bdd
org.webjars.npm	github-com-ghybs-Leaflet-MarkerCluster-Freezable	1.0.0		b011d948019b98b5a2ebe87131b1f6138567d4ab
org.wildfly.swarm	netflix-guava	1.0.0.Beta1		2def0e0215859de0b34c03be0e4adde517c71c2e
org.wildfly.swarm	netflix-guava	1.0.0.Beta2		cca9c8d2fa4582d1e983d119fb8040df66f7a2fb
org.wildfly.swarm	netflix-guava	1.0.0.Beta3		17300182efbd065bcc2c5217b71d729b963ce313
org.wildfly.swarm	netflix-guava	1.0.0.Beta4		d7360a21c0d62aaf0e89bdb8b1e276edd25fe431
org.wildfly.swarm	netflix-guava	1.0.0.CR1		f83fb2224d6bb8db5454aa56b6e3c84a2fec151f
org.wildfly.swarm	netflix-guava	1.0.0.Final		5c6211fbe3cb41bc04092d18aa63ed826bd40a6c
org.wildfly.swarm	netflix-guava	2012.12.0		3042ea6abc1ee9fab8acbe66ca3cf67931868b25
org.wildfly.swarm	netflix-guava	2016.10.0		465077ec9471b5c30a366b7470ed30b5209d0a0d
org.wildfly.swarm	netflix-guava	2016.11.0		ad6690d38f84109ecd442a47d68b62ff842e8b0b
org.wildfly.swarm	netflix-guava	2016.12.0		bea91ff91287ed80ca1a68ccd5bbc7e115c3361f
org.wildfly.swarm	netflix-guava	2016.12.1		58c00eb87607ce53402f110413009f6d7a276060
org.wildfly.swarm	netflix-guava	2016.8		b0053b1aad1de27b8b4d46c9fe969165c86f0fc5
org.wildfly.swarm	netflix-guava	2016.8.1		c50985a5f9f7c2d3cbbcf962338918fa6d410c04
org.wildfly.swarm	netflix-guava	2016.9		9e52c212c9552409a9abe998905ac348976aab5c
org.wildfly.swarm	netflix-guava	2017.1		a21dcddd5b38d6a7e93aae51ee3098855c4fc49b
org.wildfly.swarm	netflix-guava	2017.1.1		613782122a4657244515ef2044ca9044b68366cb
org.wildfly.swarm	netflix-guava	2017.10.0		902841de269979b11957cd41f341be3fbf5f9e10
org.wildfly.swarm	netflix-guava	2017.10.1		7b97b9f00d976c631bb2db3a8d47e3eb2ff32502
org.wildfly.swarm	netflix-guava	2017.10.2		cc772505b64e836e581c70fe0aadaaa06abd66c6
org.wildfly.swarm	netflix-guava	2017.11.0		90e6f1bf88878a1f43ec53ef88ff5b8b8a186940
org.wildfly.swarm	netflix-guava	2017.12.0		080fdf982623ac00a6880adf81a96df47f60a38b
org.wildfly.swarm	netflix-guava	2017.12.1		4f9ffa3a1881d82effe8925a376130e0082adb22
org.wildfly.swarm	netflix-guava	2017.2.0		a3e2ad304b8cecc570d9b28ed41b6ac29c9c0a19
org.wildfly.swarm	netflix-guava	2017.3.2		d44af11e33d72b3f2b0625bc0cebb11393b60199
org.wildfly.swarm	netflix-guava	2017.3.3		b2f1b32d34edf18707d1396c19a4d9c6d81c04eb
org.wildfly.swarm	netflix-guava	2017.4.0		126654db1c7ff02e96b6a6f65b2b1ac3315c5e66
org.wildfly.swarm	netflix-guava	2017.5.0		3f7f95f1755a0fe58ec0bdf47c3bfa93d31376e7
org.wildfly.swarm	netflix-guava	2017.6.0		d51b45994bb2bb0c1ede3774920f217a5fa3173e
org.wildfly.swarm	netflix-guava	2017.6.1		f6919e9641b27f3ee815ba1d37ea851c9c82369e
org.wildfly.swarm	netflix-guava	2017.7.0		4ff2de5ea7b70af7ac87682469c63ac389733938
org.wildfly.swarm	netflix-guava	2017.8.0		28ba37b7096b4e4f10f073534877b9404bd25e81
org.wildfly.swarm	netflix-guava	2017.8.1		0b1221dbfa50a3f1aa2a34a2c20b835c5178d044
org.wildfly.swarm	netflix-guava	2017.9.4		7ba03068d4fffe87bfdc3bda663f9005f7221223
org.wildfly.swarm	netflix-guava	2017.9.5		31781293a1a0fbcec25c719da3bf32b10b461026
org.wildfly.swarm	netflix-guava	2018.1.0		2dbf13de257106be21bd7e1169e330b600a4d562
org.wildfly.swarm	netflix-guava	2018.2.0		71004ef0cdd3cb4d191d198dc539e8f1a534818b
org.wildfly.swarm	netflix-guava	2018.2.0.Final		fa28e4032ccd646d2e0528692d026d3d07ae098d
org.wildfly.swarm	netflix-guava	2018.3.0		fb010cfe88fdd25ac7a6c902bdaaf9ae8eded8ae
org.wildfly.swarm	netflix-guava	2018.3.1		c66c44f3da491801efa0bcd459ca274730a91951
org.wildfly.swarm	netflix-guava	2018.3.2		01521ff6f7bd3e674babdd5106fb02c15e71a623
org.wildfly.swarm	netflix-guava	2018.3.3		efc6bdd7207379ca81f6d3f0f1481952e8a751c4
org.wildfly.swarm	netflix-guava	2018.4.0		b06b74eb46efd8153ba7c567ed536af36a0107a1
org.wildfly.swarm	netflix-guava	2018.4.1		3f42d2dcc09aadd83c9dcf37267a4e9e654f6ab8
org.wildfly.swarm	netflix-guava	2018.5.0		abcbbc96b4021666b4e686d7a7c37339f1d2bf3f
org.wvlet	wvlet-config_2.11	0.12		b5bfc27e3702a49e1a6095379de17b58c51f1304
org.wvlet	wvlet-config_2.11	0.13		c0aadad61e307b4d4e8e98ae94e5dd5a3a008bdd
org.wvlet	wvlet-config_2.11	0.14		d567afacb717e47436a47d87b8581f3149f9254b
org.wvlet	wvlet-config_2.11	0.15		0d48f29a45a377b2ac4940dd9d41111bc9ba0e00
org.wvlet	wvlet-config_2.11	0.16		72add8062fb5597bec42d93933a182962a98b2c0
org.wvlet	wvlet-config_2.11	0.17		187a0be3fffdd754e5bc4ecbaf981670c9fd8e40
org.wvlet	wvlet-config_2.11	0.18		78dfe7226bc5e5b6ac6cbb0f8ec05ff1b56da88e
org.wvlet	wvlet-config_2.11	0.19		e81dd266553cf51cb9725e7dfa140aa37456de39
org.wvlet	wvlet-config_2.11	0.20		033aa1223fcc6839a1567aded83c4ca9a6323c1b
org.wvlet	wvlet-config_2.11	0.21		9f9908adb8c93afc423a4cb5d8ee6c35d890ab39
org.wvlet	wvlet-config_2.11	0.22		2f963501a17651901ebc3bb25ded708aa93adfa1
org.wvlet	wvlet-config_2.11	0.23		5d3ba3e7cd1be6b8e3432196d25646abd588fce2
org.wvlet	wvlet-config_2.11	0.24		b0fe30ad285479ba23e6db5dfd70de7dfe6a2ac3
org.wvlet	wvlet-config_2.11	0.25		2f92e65ff7d5e44d78cfbc1cc9bf38b0896ba146
org.wvlet	wvlet-config_2.11	0.26		1f2d6223dd4ed3e2095dd821299978d9cb3cada1
org.wvlet	wvlet-config_2.11	0.27		c42ae7f7282f7987862e12d5573a7b44ddcbb817
org.wvlet	wvlet-config_2.11	0.6		247b43f32a99320593346ab3035cbb45a28aea0f
org.wvlet	wvlet-config_2.11	0.7		0f9f847c618ab735a4d8a873d470b9cc0d29734b
org.wvlet	wvlet-config_2.11	0.9		52dbc2c5306ad4ecb88d184d8f65327435310896
org.wvlet	wvlet-config_2.11	1.0		052ea2486207816c0e48be163879604de372353e
org.wvlet	wvlet-config_2.11	1.1		a80295bbe6a20a53dacde391d9a17166d5ea6a51
org.yarnandtail	andhow-multimodule-dataprocess	0.4.1		N/A
org.yarnandtail	andhow-multimodule-dataprocess	0.4.1.1		N/A
pt.ulisboa	ewp-host-plugin-demo	0.1.0		62e2c6043aefb5eb7d8605fb3d5dc3aac47a2471
pt.ulisboa	ewp-host-plugin-demo	0.1.1		f396c2655786f082ed2b973c85165099fdfd482a
pt.ulisboa	ewp-host-plugin-demo	0.1.2		846fe383f3feeb9beb6bb606a3b76f0af6f19704
pt.ulisboa	ewp-host-plugin-demo	0.1.3		e54cdba3e428db28047f1ec2bff093547f063f0d
pt.ulisboa	ewp-host-plugin-demo	0.1.4		8f3f9fba5f384a5c7a5dc49c50012593ee9ead17
pt.ulisboa	ewp-host-plugin-demo	0.10.0		eea84d2f0b65d170faa50c4ae717ef5ec277be60
pt.ulisboa	ewp-host-plugin-demo	0.11.0		1bcb8fdbaa5301f7fc8fac3df4f3a4aa9de48b5c
pt.ulisboa	ewp-host-plugin-demo	0.12.0		5ddbfa520f9f61f86cc970fbdc07b1704e97bff5
pt.ulisboa	ewp-host-plugin-demo	0.12.1		d363eae3d9e97139831612449f4170cb266bb008
pt.ulisboa	ewp-host-plugin-demo	0.12.2		aa0e38e322411bb59afe45c7abf5e8146081342d
pt.ulisboa	ewp-host-plugin-demo	0.13.0		4859c4a336d7fcccb90bebd698a6416793e124be
pt.ulisboa	ewp-host-plugin-demo	0.13.1		a36bd8581c38fd73a992777df3319699eac034ad
pt.ulisboa	ewp-host-plugin-demo	0.14.0		acf34f1195a304d82686604b05c2da7f28cce1d8
pt.ulisboa	ewp-host-plugin-demo	0.15.0		9456f0db0dafc6189ea92b449c69783a8b96e7b1
pt.ulisboa	ewp-host-plugin-demo	0.16.0		378c29cb3627abdd7b64964133a68f988e9905b2
pt.ulisboa	ewp-host-plugin-demo	0.17.0		4cd246a89c3a8fc8f1c55d77e250461d4b840a5a
pt.ulisboa	ewp-host-plugin-demo	0.17.1		9776b4517a030718a4174996d4e239dcbc871aaa
pt.ulisboa	ewp-host-plugin-demo	0.17.2		ba359fa41e5d942f8118f90bc998bcd37c3bb707
pt.ulisboa	ewp-host-plugin-demo	0.17.3		d538ecdfe3f4315a2ef4d89dc9e70e93510773b9
pt.ulisboa	ewp-host-plugin-demo	0.17.4		373a79d2494a9b2162690a2e7551810d6400a9ed
pt.ulisboa	ewp-host-plugin-demo	0.18.0		4ddea2334b08ba072bfe20f16ba7c27aebc43718
pt.ulisboa	ewp-host-plugin-demo	0.19.0		893a96e4e748fd53d1f87b6e32d6a02fc8fca6c7
pt.ulisboa	ewp-host-plugin-demo	0.2.0		a5562eef200787c315d1ce8d195aa5d727d437c0
pt.ulisboa	ewp-host-plugin-demo	0.2.1		7c9aca10d727eff8507227335393e0cf0306bc25
pt.ulisboa	ewp-host-plugin-demo	0.2.2		d3f4893b18b2a543dbb609a3aa68982bccc65884
pt.ulisboa	ewp-host-plugin-demo	0.20.0		9508e9479c76ea5b1581aec82c2a74e6c28c1d8a
pt.ulisboa	ewp-host-plugin-demo	0.20.1		e2dfde27e50ca48aae6bc0ea814c69966a00bc4b
pt.ulisboa	ewp-host-plugin-demo	0.20.3		895aa3882cc752d8f2627f7cfeab64fbb139bb60
pt.ulisboa	ewp-host-plugin-demo	0.21.0		ad4bc98d1e9f68a600eef9373019db7808b99ea8
pt.ulisboa	ewp-host-plugin-demo	0.22.0		ae26ee5728b233bde687e428ae90557695610efb
pt.ulisboa	ewp-host-plugin-demo	0.23.0		9d0d129e0f8e1ff54eeb6e7cf70d6ed054c17674
pt.ulisboa	ewp-host-plugin-demo	0.24.0		39f862fa66e0503bb3fe155030a4ddb22c8b99e2
pt.ulisboa	ewp-host-plugin-demo	0.24.1		18c64f80de280c83033c45bf6f251fc8c39dcc0c
pt.ulisboa	ewp-host-plugin-demo	0.25.0		cf87a7a7ab0d3de8934db3f4fe74a7791a7298b4
pt.ulisboa	ewp-host-plugin-demo	0.26.0		664f28bab95e99f162d25a7f3bb83cdd845fc0e1
pt.ulisboa	ewp-host-plugin-demo	0.27.0		e7f6cf04b27418950321c68eaa60b99fa8215901
pt.ulisboa	ewp-host-plugin-demo	0.3.1		8dd28a6c380c9019f8b5832ac49ee592fa7d365c
pt.ulisboa	ewp-host-plugin-demo	0.4.0		d7cc1dc730e4b17fbdaa521337ae5f734556f167
pt.ulisboa	ewp-host-plugin-demo	0.5.0		06611230ce17bc6d2183ecdc5d1157baed4487a5
pt.ulisboa	ewp-host-plugin-demo	0.6.0		354862660cd827f94eaf724552d7aad51c6c7405
pt.ulisboa	ewp-host-plugin-demo	0.7.0		e04502f70e9ff417cf8c29962a6b3520fe53eb15
pt.ulisboa	ewp-host-plugin-demo	0.8.0		89cb01d7f1013425cb69e6b71a9e49ff9d7fe541
pt.ulisboa	ewp-host-plugin-demo	0.9.0		30d85829974bb3d2df53ccb8c7c20d29100f7778
sc.tyro	percy-screenshot-provider	1.0.0		3dd1168ff0c2e30bcc1431ac8749a7292568847b
sc.tyro	percy-screenshot-provider	1.1.0		a14bc22d6b57f56064231dbc8180b688f024d297
space.kscience	kmath-geometry-wasm-js	0.4.1		N/A
space.kscience	kmath-geometry-wasm-js	0.4.2		N/A
space.kscience	kmath-optimization-macosx64	0.4.1		N/A
space.kscience	kmath-optimization-macosx64	0.4.1	metadata	aa5a0cdf7a3020cba317b570838cca31bf393e34
space.kscience	kmath-optimization-macosx64	0.4.2		N/A
space.kscience	kmath-optimization-macosx64	0.4.2	metadata	94c9057bd534ef778274048039a40fa45f11e942
torque	maven-torque-plugin	3.1.1		55f28f6fbdf48c4d95ac1caf3cc50ebd5fc63a1e
torque	maven-torque-plugin	3.1.1-rc1		000a55f0412bd3a98c47366b1aaee48940e02151
torque	maven-torque-plugin	3.1.1-rc2		5c97b62fc214919f6cd4c7f1d7416c83ccb2820a
torque	maven-torque-plugin	3.1.1-rc3		81337e91875cc6a74213a6e15c090e2547be4f33
torque	maven-torque-plugin	3.2		133c32305196b2e41e626a3e77d62a79601e4b7a
torque	maven-torque-plugin	3.2-rc1		dd8d84b2e1ac1acd9982fea7f28e99c43867ec46
torque	maven-torque-plugin	3.2-rc2		6e8c6e200b6cb2b5d26d32af5a0831eb1db3765d
torque	maven-torque-plugin	3.2-rc3		ae4ae86f1905c8a8d03e73c1c4cba6b9e468344c
torque	maven-torque-plugin	3.3		7da34ede5e890c8e5d2b40931a15a170b00baadc
torque	maven-torque-plugin	3.3-RC1		0e119c8c5dc4cf58c9168013ec2103f1cb5306a0
torque	maven-torque-plugin	3.3-RC2		65c508dcfd18b18e94c5340e6822559da6a786b0
torque	maven-torque-plugin	3.3-RC3		92c45ffb59c99dd9def64b43bd44d7d24fab2863
uk.org.okapibarcode	okapibarcode	0.1		37f335df3599b03f6c91fd209c493e2e52296001
uk.org.okapibarcode	okapibarcode	0.1-beta-1		75b8adfad84187bbd5931b2b82ce76d4de159325
uk.org.okapibarcode	okapibarcode	0.1-beta-2		c768fc9d344c1d25bba747ca9e724c2d4e0b3345
uk.org.okapibarcode	okapibarcode	0.1-beta-3		4b5860da3b2e6f5bcc4fbe4ef27ca1a759ec7dae
uk.org.okapibarcode	okapibarcode	0.1-beta-4		94d708509167092f5e169a391e93976701130ca2
uk.org.okapibarcode	okapibarcode	0.1.1		69255356cfd8963b4b951c369860c029fc17153f
uk.org.okapibarcode	okapibarcode	0.1.2		5d16d314c5fde9b66b347da64ca4a4c3fe587d45
uk.org.okapibarcode	okapibarcode	0.1.3		8ff47631903505a6591b10ef19e3f6c5bf15804f
uk.org.okapibarcode	okapibarcode	0.1.4		b2ceabcdbdf539aa3f1ff0d1e9afe9ae5624d535
uk.org.okapibarcode	okapibarcode	0.1.5		86390b447c26c20f5e86c1e09ce2aa0e632e6493
uk.org.okapibarcode	okapibarcode	0.1.6		dc8fa5072f8dc0043342e1287815aa4db9fb13ba
uk.org.okapibarcode	okapibarcode	0.1.7		1a152513278d020ea2c614f06a5079b49024933d
uk.org.okapibarcode	okapibarcode	0.1.8		d04ef6ac0afb241263ab407efc2cc39d97b50314
uk.org.okapibarcode	okapibarcode	0.1.9		b392f618afd2e66c8bb84dd714218998a087e38a
uk.org.okapibarcode	okapibarcode	0.2.0		acf7fdca9d78e45c22620f628a98f4d7786bac7f
uk.org.okapibarcode	okapibarcode	0.2.1		33f19ba203ba7ffd61d3e10367459ec9e0fc1c96
uk.org.okapibarcode	okapibarcode	0.2.2		66f0fc48d4df5f2e84176042b3ba2548c44be02e
uk.org.okapibarcode	okapibarcode	0.2.3		de47ce4ed734c03388dc6b6e208dffa5dbd661c3
uk.org.okapibarcode	okapibarcode	0.2.4		4ffdb43f3592685aba2ccd3272f995de9464769a
uk.org.okapibarcode	okapibarcode	0.2.5		cfe41854cd846214711aae532a6c3a7756f1876e
uk.org.okapibarcode	okapibarcode	0.2.6		f20228cac39c99f576694768c5b589624853749e
uk.org.okapibarcode	okapibarcode	0.2.7		8d97db06167a675f158f449e83cb77a371ee3704
uk.org.okapibarcode	okapibarcode	0.2.8		5cb7866d26e5fad3fff98762ca524ea6b245d1eb
uk.org.okapibarcode	okapibarcode	0.2.9		60d95035797f4c8af5ac325c4c54e04dfeb6fe2f
uk.org.okapibarcode	okapibarcode	0.3.0		17d113798e3b94ecd8ee1e827c0e7420e75ee267
uk.org.okapibarcode	okapibarcode	0.3.1		4dab9444ec7df06f0b6b2b69e27957ef63d8f2b6
uk.org.okapibarcode	okapibarcode	0.3.2		805a726111820fa8181a05aff6a37183cdce8303
uk.org.okapibarcode	okapibarcode	0.3.3		14c62816f121cf6d22434b90a76bf9634eb60fcc
uk.org.okapibarcode	okapibarcode	0.4.0		60d64b553cc740c3ae973b8315bf2fe10fe5de56
uk.org.okapibarcode	okapibarcode	0.4.1		a70bc43838f716bea3662eaf03558aa31486e6dd
uk.org.okapibarcode	okapibarcode	0.4.2		b0ecf9cec3a86c67f943a43d394e3084abcfbeb7
uk.org.okapibarcode	okapibarcode	0.4.3		9ca0ce5b93ad45dd6a664fddd828f3523369ac3f
uk.org.okapibarcode	okapibarcode	0.4.4		53fe5a56fc9a38915ed6e671c2fd0114545095a4
uk.org.okapibarcode	okapibarcode	0.4.5		53c1a1f120aad29b9cc12f54f05c6c9738dd9fda
uk.org.okapibarcode	okapibarcode	0.4.6		3d4cf33d01cdb03837e1e6c21cde34413c67cd5d
uk.org.okapibarcode	okapibarcode	0.4.7		2e7d6e851b05c4037262c6a42e8ffeede84c4a64
uk.org.okapibarcode	okapibarcode	0.4.8		6a890954d20eaabfbc7be8fcd87db7d1d0df222a
uk.org.okapibarcode	okapibarcode	0.4.9		50e13dd73d47591956ce0e929cfce69980e511cf
uk.org.okapibarcode	okapibarcode	0.5.0		88b47c1d2e97e2bb19dde6607eee2dfe91542824
