com.coding42	dynamos_2.11	0.2.1		285fbc03eae6eac2e87449bd9394a0ecc4457ba8
com.coding42	dynamos_2.11	0.3.0		bfb2cdd4ceab6d09bd9323a2525504ef76fb2827
com.coding42	dynamos_2.11	0.3.1		e438684deb7c3520d8bf753a21f81279fc7cac23
com.day.cq	cq-connector	5.3.0		a215d6354c202e96bcb4f62cd5ed89a4cc225100
com.day.cq	cq-connector	5.4.0		661520c5c1e31e10bffa27cdea5c32bd9dd0d4c6
com.geercode.elehall	core	0.0.2		e6c07afb694ef2cc6b3388ab624b107a099e73e6
com.geercode.elehall	core	0.0.3		cef35541fcd4890f246824ac8411b94fbf58089c
com.github.alexarchambault.tmp.ammonite	ammonite-util_2.13	2.3.8-125-0c2846b7		fff5349968cb185ccb235a3deb62c72fe5d389d1
com.github.alexarchambault.tmp.ammonite	ammonite-util_2.13	2.3.8-91-0bf267c2		707fe79c6cc847a33eb1cec79bc37127d79117ad
com.github.alexarchambault.tmp.ammonite	ammonite-util_2.13	2.3.8-93-f3ac22ce		f0427f031fc8a17c1e8edf7f87368df225c5d2bf
com.github.bbottema	java-socks-proxy-server	1.0.0		078ce6e7629d164c59bd5a5a6b481f1126f80616
com.github.bbottema	java-socks-proxy-server	1.0.1		505db7a237783caccdd6ea33ef25cb20857e5ae4
com.github.bbottema	java-socks-proxy-server	1.0.2		055d753e9d6f2862c4bc0ad1e516c0aeda127ee7
com.github.bbottema	java-socks-proxy-server	1.1.0		3464cb794db42883e9ab940c1593b5e3319fd8bc
com.github.bbottema	java-socks-proxy-server	2.0.0		7161069601c88843dc8ddf84c1bf7cdefe9ea045
com.github.bbottema	java-socks-proxy-server	3.0.0		225a12a092bd20ced2208de9eaf74e16a9ccc2fa
com.github.bbottema	java-socks-proxy-server	4.0.0		c9ce3cea05d225b9146d2cc3dfaac8a245277637
com.github.bbottema	java-socks-proxy-server	4.1.0		7ebfa48baa1622a5069dd8e1d7bcbdd2b554bfe0
com.github.bbottema	java-socks-proxy-server	4.1.1		c01ebfab21f7f3be3756e579b9c500e7da564579
com.github.bbottema	java-socks-proxy-server	4.1.2		8579b67e49b34867301746a9a803dd4edfa7370d
com.github.bingoohuang	patchca	0.0.1		fc24747c3aea58eb5f97493af0d5de1d6d756845
com.github.clarkstore	os-alisms-spring-boot-starter	0.4.10		b3c05ec29bdcacbb883db02bf1f6378d1288f985
com.github.clarkstore	os-alisms-spring-boot-starter	0.4.11		4c79193cd914cd6d26d9f4b81d67a1730424de40
com.github.clarkstore	os-alisms-spring-boot-starter	0.4.12		99bc348684c3bbc14a8bb9496c699ac2599e8a33
com.github.clarkstore	os-alisms-spring-boot-starter	0.4.13		d7a76cf5a15f6c615aa1f70e560b190f74d2c786
com.github.clarkstore	os-alisms-spring-boot-starter	0.4.15		ead7fa83a045e22975c03b983bb5a5ddb8214ce7
com.github.clarkstore	os-alisms-spring-boot-starter	0.4.16		eb7ee52192571a2bc206e9cdcf766cb4661c007f
com.github.clarkstore	os-alisms-spring-boot-starter	0.4.17		5df2998e2dcd65da5a55d6f75de22dd553f98d20
com.github.clarkstore	os-alisms-spring-boot-starter	0.4.18		da0603861c206e5e186c5672a9ef799b7419e7f7
com.github.clarkstore	os-alisms-spring-boot-starter	0.4.19		3e29540b65a263d44e44926247fa06ef8fb528f7
com.github.clarkstore	os-alisms-spring-boot-starter	0.4.2		f35f23a748b39e4f74f715910453b7a40a05b2d2
com.github.clarkstore	os-alisms-spring-boot-starter	0.4.3		4d596ad63e9a4638fb1d4a8d803b94722b746859
com.github.clarkstore	os-alisms-spring-boot-starter	0.4.4		16ad9104f97063ff56d24d02ea0e5ab34e07e240
com.github.clarkstore	os-alisms-spring-boot-starter	0.4.5		6f24372d69177a8727e553c2ebed7afbd0d78aef
com.github.clarkstore	os-alisms-spring-boot-starter	0.4.6		45ed95f0ee801d3b449f1502b44cb46a46b34e73
com.github.clarkstore	os-alisms-spring-boot-starter	0.4.7		14534dc8a712be2da31735bf5932d0009958e6c5
com.github.clarkstore	os-alisms-spring-boot-starter	0.4.8		3e319dc7c348d40f81925bb9254674b641953f0d
com.github.clarkstore	os-alisms-spring-boot-starter	0.4.9		fcfc18ad030c9887a6d1c0528c4d71b32ad5a73b
com.github.clarkstore	os-alisms-spring-boot-starter	0.5.0		19bde92199e1d5bfd074b62fc1bf429757f2d6c6
com.github.clarkstore	os-alisms-spring-boot-starter	0.5.1		37d172075359b9f0755e6ce5600ea590ff490ea2
com.github.clarkstore	os-alisms-spring-boot-starter	0.5.10		a6464b31168f2ca1170d5b2c0e6e12adaf8f0277
com.github.clarkstore	os-alisms-spring-boot-starter	0.5.11		a3bfd46219e0207069026dedb2c7a7198b957047
com.github.clarkstore	os-alisms-spring-boot-starter	0.5.12		12388190a0bfe6db709c92597557841fd134420c
com.github.clarkstore	os-alisms-spring-boot-starter	0.5.2		250071ffabc61b6c88455bf44bddf2c90c5f7302
com.github.clarkstore	os-alisms-spring-boot-starter	0.5.3		022fd7b84f46eab1a2fb37c9196d0349e2b91d13
com.github.clarkstore	os-alisms-spring-boot-starter	0.5.4		9d951a208c347e21c916722ebd82d37457100364
com.github.clarkstore	os-alisms-spring-boot-starter	0.5.5		3f4ffa2b611bb64a2910776717eef4155e39948b
com.github.clarkstore	os-alisms-spring-boot-starter	0.5.6		a7ab80b8f109bce5c2c6138889950ae6174dbf20
com.github.clarkstore	os-alisms-spring-boot-starter	0.5.7		bf783d7a2024b9962c3ab58b7683adbb2b2443d3
com.github.clarkstore	os-alisms-spring-boot-starter	0.5.8		47ab8bc2046307b0fe582bde5e0dc1d3c921a3a7
com.github.clarkstore	os-alisms-spring-boot-starter	0.5.9		6d9237a085b8322af41161e5c7b25f4c92a7b150
com.github.japgolly.nyaya	nyaya-core_2.11	0.5.0		d000c1fc26dedd16079cd950c117d78d59be73a0
com.github.japgolly.nyaya	nyaya-core_2.11	0.5.1		380bf4654d439d39c4d4b51abd02a8f38a9eaa63
com.github.japgolly.nyaya	nyaya-core_2.11	0.5.10		8978031b970e519abebcd3df4a8d853315645cff
com.github.japgolly.nyaya	nyaya-core_2.11	0.5.11		5998ebd09f2d1285c51df2e5c026dfdee8740540
com.github.japgolly.nyaya	nyaya-core_2.11	0.5.2		7663ce9234203dcdad238c8537d9d06b9ac8de89
com.github.japgolly.nyaya	nyaya-core_2.11	0.5.3		7b14b15eb3fe340c79596771f30097aa04b154d1
com.github.japgolly.nyaya	nyaya-core_2.11	0.5.4		e2093326e6e84ed9c8ef3dc005aa63fa80b37cb3
com.github.japgolly.nyaya	nyaya-core_2.11	0.5.5		ca6f2b1c65b3cebe7a92781c9c90f9ab227904ff
com.github.japgolly.nyaya	nyaya-core_2.11	0.5.6		f37c666b3baa444ba23baf346005e8f7bdb57dd9
com.github.japgolly.nyaya	nyaya-core_2.11	0.5.7		8edff7144d52964294ed2649287526d270548d71
com.github.japgolly.nyaya	nyaya-core_2.11	0.5.8		90aae917bd584c4c44ed66625ded1e8d2a2978ff
com.github.japgolly.nyaya	nyaya-core_2.11	0.5.9		043e21b20c36951b701e3dd4feef7c79372ac605
com.github.michaelruocco.servicetemplate	service-template-spring-app	0.1.10		N/A
com.github.michaelruocco.servicetemplate	service-template-spring-app	0.1.10	plain	18b1f886ca6c9f56ca0da11e4ff4b5e2f8017ec0
com.github.michaelruocco.servicetemplate	service-template-spring-app	0.1.11		N/A
com.github.michaelruocco.servicetemplate	service-template-spring-app	0.1.11	plain	e83fa7aa45b752fa3249852eb8a885f7d09876c3
com.github.michaelruocco.servicetemplate	service-template-spring-app	0.1.5		N/A
com.github.michaelruocco.servicetemplate	service-template-spring-app	0.1.5	plain	ff3c3f7f6470be47f52d40e04f13ae8ec27a2581
com.github.michaelruocco.servicetemplate	service-template-spring-app	0.1.6		N/A
com.github.michaelruocco.servicetemplate	service-template-spring-app	0.1.6	plain	505a9aa46ecb260c9b259431ac8e9ec878f7957c
com.github.michaelruocco.servicetemplate	service-template-spring-app	0.1.7		N/A
com.github.michaelruocco.servicetemplate	service-template-spring-app	0.1.7	plain	b304bd44e3f88552c868c28090248815d2077596
com.github.michaelruocco.servicetemplate	service-template-spring-app	0.1.8		N/A
com.github.michaelruocco.servicetemplate	service-template-spring-app	0.1.8	plain	c40d21b25b66b911293024a41f8ffaaed8e6c10f
com.github.michaelruocco.servicetemplate	service-template-spring-app	0.1.9		N/A
com.github.michaelruocco.servicetemplate	service-template-spring-app	0.1.9	plain	5d0004f7fe5f72e7fc28be3f95bc23766ec72a94
com.github.sebrichards	postmark-scala_2.9.3	1.0		ba237f9c172fb045894d20e158db994117d346f9
com.github.sebrichards	postmark-scala_2.9.3	1.1		75b4aa018b7299c9842c2009d2a71701fca4ee60
com.github.twogoods	hellorpc-core	0.1		3ce433683cea7cf1243bdf0b54b4e12fa897ad90
com.github.ydespreaux.testcontainers	testcontainers-mysql	1.0.0		732c261104287b0aa2120fe8739ef9a96a856273
com.github.ydespreaux.testcontainers	testcontainers-mysql	1.1.0		2d1a513e1eefe4c5940233ed0d031b8912baea86
com.github.ydespreaux.testcontainers	testcontainers-mysql	1.2.0		09cefe3885d0635a4fa57be5e0bcdda6e8721aec
com.github.ydespreaux.testcontainers	testcontainers-mysql	1.2.1		efa95bcf2ec008d8e4d62795ba69aeaf356a64bc
com.github.ydespreaux.testcontainers	testcontainers-mysql	1.2.2		009a5a94a5cac8a97162da6aab70f57ba6e3575a
com.github.ydespreaux.testcontainers	testcontainers-mysql	1.2.3		2ab04824d0065d3377172db77a91b7a5416f1bd3
com.github.ydespreaux.testcontainers	testcontainers-mysql	1.2.4		8233d82d978858aaa34a1ad603dfc35cab7164b8
com.hybhub	concurrent-util	0.1		a16c2de96bddc61d56d9a0d40959cd87ab60b3d9
com.hybhub	concurrent-util	0.2		58632485e4437a4ec26b20872ea3c649138b93aa
com.hybhub	concurrent-util	0.3.0		fd6d90062b19c0dddbeeaf3cacb31fcebba8cc0a
com.igormaznitsa	prologparser	1.3.1		4a2a3a2516dacd5312922ed32c440639a226d411
com.igormaznitsa	prologparser	1.3.2		06fdce723d9d1fa5a9adb26c1e4ee258891fe1c1
com.igormaznitsa	prologparser	2.0.0		1301f3f875d10a43e33121185c1cd74f82d0ca8b
com.io7m.certusine	com.io7m.certusine.tests	0.0.1		99c01a3f418ece64978e7e6be20bc935a9f12f28
com.io7m.certusine	com.io7m.certusine.tests	0.0.10		2ec55ed8791eff40440ce47a6c22c2ba5277e347
com.io7m.certusine	com.io7m.certusine.tests	0.0.2		b45576983fdaf63b88648563c96d613078a8054b
com.io7m.certusine	com.io7m.certusine.tests	0.0.3		aef699637269c99c198c545fe0c6318a0e2c57ea
com.io7m.certusine	com.io7m.certusine.tests	0.0.4		b4de2b2fb3b22dfbbc2cca39fb1bdd0e40d6c721
com.io7m.certusine	com.io7m.certusine.tests	0.0.5		67db3196b6b37b59640c1c8e7d58c348c2b0dc37
com.io7m.certusine	com.io7m.certusine.tests	0.0.6		daa3240110ff0c374a02fb4331b3a3a219200b0e
com.io7m.certusine	com.io7m.certusine.tests	0.0.7		ec9c37637e62f0fe2f719f77abd5b8359525be27
com.io7m.certusine	com.io7m.certusine.tests	0.0.8		2a956e144922af7c77a6000062a116df7278028d
com.io7m.certusine	com.io7m.certusine.tests	0.0.9		c2adc4f227461a687718fe86de2a87e8e722a996
com.io7m.certusine	com.io7m.certusine.tests	1.0.0		fdd3fdc86c086068f527680c6b1937e24fc771b1
com.io7m.certusine	com.io7m.certusine.tests	1.1.0		63c521296ab7ce9c19c481a84f964fb5bea60bc2
com.io7m.certusine	com.io7m.certusine.tests	2.0.0		abd16d395286c5e8710aff87dcbc151f3126af6c
com.io7m.certusine	com.io7m.certusine.tests	3.0.0		7ea6dd95174b38fc4f4633045efa6a7a4f7c2347
com.io7m.certusine	com.io7m.certusine.tests	3.1.0		3ced97c754e5dab5bfcbdc5e9658bd660fe86be3
com.io7m.certusine	com.io7m.certusine.tests	3.2.0		1c35303c834c853eb76f3a63db1479f760b69fe6
com.liveramp.workflow2	workflow_hadoop	1.0		035641fc01d528954d580ff31aeb07a55bf252f9
com.malliina	logback-streams_2.12	1.5.0		7a42e8e12468cf2ecc3fdd3b9fa6f4e3d72dd01a
com.malliina	logback-streams_2.12	1.6.0		3f519ffe7e6008e694c09b37ca2e6c9614e0bda8
com.malliina	logback-streams_2.12	1.7.0		47e1197838c92ff08977231e8912606d79d66930
com.malliina	logback-streams_2.12	1.7.1		18eab7b07c97f9019ab865a6327da593d08d2737
com.malliina	logback-streams_2.12	1.7.2		2dc516e0d1f7376c4239fbe534a56ba73e310567
com.malliina	logback-streams_2.12	1.8.0		bd24744af81268aa4d4e342d8c8ba52d53b249b0
com.netcetera.girders	girders-starter-web	5.0.18		0bd963b09a738e4547b3d792c78e991365a8a606
com.netcetera.girders	girders-starter-web	5.0.19		ef42d5eb4804842ce25e68719446f3eeb35caf3e
com.netcetera.girders	girders-starter-web	5.0.20		c320c79df89ae5007e292545a51dc47c4c6b06dc
com.netcetera.girders	girders-starter-web	5.0.21		622f4628785bb90e4e7e42cb0dee4e3dc5fb0d92
com.netcetera.girders	girders-starter-web	5.0.22		0740c101e8de2af86d29c25b212b1815e692c813
com.netcetera.girders	girders-starter-web	5.0.23		d76a96a8801818e286c69543605f333b5df6aeff
com.netcetera.girders	girders-starter-web	5.1.0		5f7cb53b634fd4f018ea20dc4428039d31ca84f0
com.netcetera.girders	girders-starter-web	6.0.0		9cb92bad0bfb11580d349ae20a2b29fa29693178
com.netcetera.girders	girders-starter-web	6.0.0-M2		57e66a621f1c241f07e6aedb4ff9570ab7515142
com.netcetera.girders	girders-starter-web	6.0.0-M3		baa3c29449c4ee32a94ddc290388d32aadaccad6
com.netcetera.girders	girders-starter-web	6.0.0-RC1		af773b8a081f12282bb6a8ea0d363b931f34a0e3
com.netcetera.girders	girders-starter-web	6.0.0-RC3		62f3e40b9393cc88f584e05a92d2bfed2b230569
com.netcetera.girders	girders-starter-web	6.1.0		1384973ba2fd6047652db11c0629408054003bcf
com.netcetera.girders	girders-starter-web	6.2.0		97524460326b9fec2710efb1fb5a034fcf2c7d79
com.netcetera.girders	girders-starter-web	6.2.1		cece2ff9ef9524d28e50c09f337774d3b23d48fd
com.netcetera.girders	girders-starter-web	6.2.2		c2fa5cf5432135faede163365a8a01eaf9c1b2ca
com.netcetera.girders	girders-starter-web	6.3.0		0e5331ce3744a434b4c9f30f35a6005e610257d1
com.netcetera.girders	girders-starter-web	6.4.0		6e4d2efa019eb5a9edc90dc45e0c2a9af4a5e189
com.netcetera.girders	girders-starter-web	6.5.0		42b2156d923f38607329253bc7b29438a22125ae
com.pcarrier.graphed	graphed	0.1.0		636976ac61bf67959bf99f2f27f1dad32a49460d
com.pcarrier.graphed	graphed	0.2.0		636976ac61bf67959bf99f2f27f1dad32a49460d
com.softwaremill.sttp.client3	async-http-client-backend-fs2_3	3.10.0		b452ecee2fc75ae7c78ea6da8e0fe736444a9912
com.softwaremill.sttp.client3	async-http-client-backend-fs2_3	3.10.1		9a2d0e086df0800f848356b03f264d854e71ad17
com.softwaremill.sttp.client3	async-http-client-backend-fs2_3	3.10.2		24ff06b690c9307eac4731194ea82a77122a5e18
com.softwaremill.sttp.client3	async-http-client-backend-fs2_3	3.10.3		ab6b22f87abb511c2b105e001660610068e54a5c
com.softwaremill.sttp.client3	async-http-client-backend-fs2_3	3.11.0		a3020201166fbc8b5acb7d04e8f70515fc585eda
com.softwaremill.sttp.client3	async-http-client-backend-fs2_3	3.3.11		00a9c62dba25d2b0af0c51a2fec1e30dff56fdc0
com.softwaremill.sttp.client3	async-http-client-backend-fs2_3	3.3.12		758e6e8be972c0129463cf4a4a40edb6c50b7773
com.softwaremill.sttp.client3	async-http-client-backend-fs2_3	3.3.13		77321fdf29d59cc74172e1376be839a35a677ae5
com.softwaremill.sttp.client3	async-http-client-backend-fs2_3	3.3.14		a42b0967f94dac046bf7be0947bbe58a75e2149b
com.softwaremill.sttp.client3	async-http-client-backend-fs2_3	3.3.15		4f86294631e2a037bc22e64d483466d4223a60d5
com.softwaremill.sttp.client3	async-http-client-backend-fs2_3	3.3.16		a427a89d613f3117eb0efcf4d77887e84acca11c
com.softwaremill.sttp.client3	async-http-client-backend-fs2_3	3.3.17		93b71a21a2bda2a9426646cb07fd14a36ef72716
com.softwaremill.sttp.client3	async-http-client-backend-fs2_3	3.3.18		7fbf7e629c37f3432898521042b066919f09b892
com.softwaremill.sttp.client3	async-http-client-backend-fs2_3	3.3.3		fa34d55d0fa69c508ca179c4c208d87667c5b34a
com.softwaremill.sttp.client3	async-http-client-backend-fs2_3	3.3.4		ce7d368dafb02e35442cea25e7e28649805fbdd1
com.softwaremill.sttp.client3	async-http-client-backend-fs2_3	3.3.5		b2fb256e1250e0aca02a4a95de8fb6763c402e68
com.softwaremill.sttp.client3	async-http-client-backend-fs2_3	3.3.6		c77bf62a3c422e90d2a83514e0149daf16ce4058
com.softwaremill.sttp.client3	async-http-client-backend-fs2_3	3.3.7		6c5bebc8e2b972c872d9a203123df9294569ef1c
com.softwaremill.sttp.client3	async-http-client-backend-fs2_3	3.3.9		696e5ba273c93dc6ee2011a69ac6866b738c2bdd
com.softwaremill.sttp.client3	async-http-client-backend-fs2_3	3.4.0		67cb0b0be0c0f26c5fae9469c4d29aa55e4c3bfa
com.softwaremill.sttp.client3	async-http-client-backend-fs2_3	3.4.1		6e78a3827bb57d81eb42a1c10d9bef1ec3c73f33
com.softwaremill.sttp.client3	async-http-client-backend-fs2_3	3.4.2		a447f6e2f867315ff1c5400d7649e29e81ef56e7
com.softwaremill.sttp.client3	async-http-client-backend-fs2_3	3.5.0		510b6d6a8069e2b27691c573af21e4b1f08c7079
com.softwaremill.sttp.client3	async-http-client-backend-fs2_3	3.5.1		813e92ce88392e1788fa5f29d33312e02deaa1b7
com.softwaremill.sttp.client3	async-http-client-backend-fs2_3	3.5.2		b34add1844dc36a2c6e429ce28b78c81072a757c
com.softwaremill.sttp.client3	async-http-client-backend-fs2_3	3.6.0		cf52bc2b2581c6b869ef9e973d40631f8ec1a0a2
com.softwaremill.sttp.client3	async-http-client-backend-fs2_3	3.6.1		db769f608ad0eba90091629fe83f09f2f37b186b
com.softwaremill.sttp.client3	async-http-client-backend-fs2_3	3.6.2		c2f270e3155fb1bf7683469f02f14349cace351a
com.softwaremill.sttp.client3	async-http-client-backend-fs2_3	3.7.0		9495d38358e86d89532f4444240a76b391b1b55d
com.softwaremill.sttp.client3	async-http-client-backend-fs2_3	3.7.1		8983d4596012330d73aee839645363e7a9143330
com.softwaremill.sttp.client3	async-http-client-backend-fs2_3	3.7.2		44a3bffd3b2edd6399b57a8e855eee5e4fe8bbbe
com.softwaremill.sttp.client3	async-http-client-backend-fs2_3	3.7.4		6e0a19b54afadcf20d34216661d3f546b3e40119
com.softwaremill.sttp.client3	async-http-client-backend-fs2_3	3.7.5		936714be184e12fb562f90e98d1aaae0577c6dd6
com.softwaremill.sttp.client3	async-http-client-backend-fs2_3	3.7.6		378b2586b387a26a69c524c553480769d31c0f35
com.softwaremill.sttp.client3	async-http-client-backend-fs2_3	3.8.0		322e57db8b146c1c1081c2b703d2faa19f949723
com.softwaremill.sttp.client3	async-http-client-backend-fs2_3	3.8.1		c470316770ce92283f1bf9725988b3cbb30fb730
com.softwaremill.sttp.client3	async-http-client-backend-fs2_3	3.8.10		661036a07614b1ddeb9d5af16cf4c93aca7f7ca2
com.softwaremill.sttp.client3	async-http-client-backend-fs2_3	3.8.11		90df251b95126e4d7e2b04a876ea7c9e1012e7e4
com.softwaremill.sttp.client3	async-http-client-backend-fs2_3	3.8.12		86d075f9fcbd2c43f777d919ec90caf9ef24b6fe
com.softwaremill.sttp.client3	async-http-client-backend-fs2_3	3.8.13		a43bc60f513e427700ac09d90d3468bd8f97b9cd
com.softwaremill.sttp.client3	async-http-client-backend-fs2_3	3.8.14		177f6a32fb337b2a158bbed6b207d2746f24867e
com.softwaremill.sttp.client3	async-http-client-backend-fs2_3	3.8.15		076c6d896fa8c0578d7be5b2463b0664af6641b7
com.softwaremill.sttp.client3	async-http-client-backend-fs2_3	3.8.16		cbfa69bbac6fb99c53a3b880a5c1d5feb7452fa3
com.softwaremill.sttp.client3	async-http-client-backend-fs2_3	3.8.2		6135edbdebf0498d4734a39839ca8040a0952147
com.softwaremill.sttp.client3	async-http-client-backend-fs2_3	3.8.3		c7cd88da5044f54904f18cddaf7b0db64d261eba
com.softwaremill.sttp.client3	async-http-client-backend-fs2_3	3.8.5		b4a8423c658742c2fe30a9c359d65e5bbc9c9c04
com.softwaremill.sttp.client3	async-http-client-backend-fs2_3	3.8.6		f6642c367275debca9210509312e2abb3626d4c4
com.softwaremill.sttp.client3	async-http-client-backend-fs2_3	3.8.7		8b229b734005fbc791a43feacca3dd5dfbee88d6
com.softwaremill.sttp.client3	async-http-client-backend-fs2_3	3.8.8		29376cadef90e752cb4a5efe5ede173a6c690b97
com.softwaremill.sttp.client3	async-http-client-backend-fs2_3	3.8.9		abbfe52f443c67581739775a93600a42895c867f
com.softwaremill.sttp.client3	async-http-client-backend-fs2_3	3.9.0		d07771361a1ef4f1ad66ce9cd477de54e48c6ae3
com.softwaremill.sttp.client3	async-http-client-backend-fs2_3	3.9.1		ef7c751932650e0f59fa7c362d5ca5e12e0ae0c5
com.softwaremill.sttp.client3	async-http-client-backend-fs2_3	3.9.2		1b36df68dcb57286cb3061748040fc239802f202
com.softwaremill.sttp.client3	async-http-client-backend-fs2_3	3.9.3		c94d4e40572414d3915e272054924ce60004c621
com.softwaremill.sttp.client3	async-http-client-backend-fs2_3	3.9.4		5b05f92739e8ea18de1c0bc98064f50aacef5f61
com.softwaremill.sttp.client3	async-http-client-backend-fs2_3	3.9.5		41764f5d6454ec3658290f7470a27647bcc95ceb
com.softwaremill.sttp.client3	async-http-client-backend-fs2_3	3.9.6		42b24cefe71e21a2bb3a001562d0d52e56ffc14e
com.softwaremill.sttp.client3	async-http-client-backend-fs2_3	3.9.7		f824691eaf5799c50d519bbd85671576acd6d9ea
com.softwaremill.sttp.client3	async-http-client-backend-fs2_3	3.9.8		0274ec88a1d4ae0ffa20995e4a25921aabab37dc
com.sshtools	maverick-synergy-assembly	3.0.0-RC1		ff887e27c44e473dbd8c9b78981d6076d8da006a
com.sshtools	maverick-synergy-assembly	3.0.0-RC2		7f77b32db6fd2f4cd54d18a84c2655ca843dd73c
com.sshtools	maverick-synergy-assembly	3.0.0-RC3		3eb7ba8779ed80c5260241454904dd108d20d5e0
com.sshtools	maverick-synergy-assembly	3.0.0-RC4		f85c915de739054a2dcc0c86bc5f1136de31edb4
com.sshtools	maverick-synergy-assembly	3.0.0-RC5		ccaa7c5bdf328c8a567b6c20e979ddcc1038647b
com.sshtools	maverick-synergy-assembly	3.0.0-RC6		f68178284674e64e1af55fe260d83b8dd7dabb95
com.sshtools	maverick-synergy-assembly	3.1.0		fac814733cc06e7bccf1c621d08da54258f5c0b1
com.sshtools	maverick-synergy-assembly	3.1.1		9eef8a4243ce39efd44995764f6582c743c7dea2
com.sshtools	maverick-synergy-assembly	3.1.2		4c416a33f481011859318b3f250b6be2bc685516
com.techempower	gemini	2.21.0		a2efc32ef9f69b774127147316e96b5b5e11124c
com.techempower	gemini	2.21.1		723d2dab4832b2b682f13b847b106043c32b81a7
com.techempower	gemini	2.22.0		ab1580e7db2e32d153b6ae66619730e30a8e77f7
com.techempower	gemini	2.23.0		6007cebdfe20e462e0c5fe4cafdbfe603bdde390
com.techempower	gemini	2.23.1		ce56915aa3eb35b1c6053dc5dd669b0bc3065b20
com.techempower	gemini	2.23.2		75f938a3a2dd81fb0a3b5e5cad1aa4104391bded
com.techempower	gemini	2.24.0		d9af2a3447e0c72ff82955f5ee1412a5801bf208
com.techempower	gemini	2.24.1		12629efd9c850bd85b4ea537d337b1c960419651
com.techempower	gemini	2.25.0		061cf374f70c1c08d3f19031a99a061a66daf36f
com.techempower	gemini	2.25.1		ff0ded7367e80219d0f1f1f35d4b5afafbe53c6f
com.techempower	gemini	2.25.2		c8fea8a2190d5fb4aa7f936d6298db96af50a8c4
com.techempower	gemini	3.0.0		b8867b0183b38f588c06e21e34af99df60307e73
com.techempower	gemini	3.0.1		73be85f862b114f7f845ade84642f63551556cd3
com.techempower	gemini	3.0.2		00c316a67efae8c767d15cf5d23fcb98005df494
com.techempower	gemini	3.0.3		8858e1e37512bf808cce3595eb8a949be1dfe2b6
com.techempower	gemini	3.1.0		15087c05134aa02d4fff99efe9a5a547cc943dd0
com.techempower	gemini	3.2.0		eeb885081c8d7d1533e0ac90ab33e30cc16e249f
com.techempower	gemini	3.3.0		5b71c467c13514d4598b02d80ab4ebe98152d080
com.techempower	gemini	3.3.1		e21031f705a96156b93c3b275c6eda7abc0e243c
com.techempower	gemini	3.3.10		81d0a0fd0180056332208d20f4a793cd6b956ec7
com.techempower	gemini	3.3.11		613c9295e7452a0172f6ebf02371c8cd1dd1eb16
com.techempower	gemini	3.3.12		293d472964b9942598d4dd6d2857ddf8a5b6fda0
com.techempower	gemini	3.3.13		0c742c51acffd2747d03fe13c6ca6bfc17e21482
com.techempower	gemini	3.3.14		a3331d2f60158f5fb2e5b7c4b5cf7eec5aa890d1
com.techempower	gemini	3.3.2		bd5948218d8333d29135a10c915e1010373bee38
com.techempower	gemini	3.3.3		96a95187a0c8eeb91b545b4a8de461eb4c45d489
com.techempower	gemini	3.3.4		3514f7018e9d735c6831c165c4cad52629270e34
com.techempower	gemini	3.3.5		3f380acdce352196b96c9d56958825f3d1ff904a
com.techempower	gemini	3.3.6		4e1745b90d85599ad10ca46a8b2fced6d6a48eff
com.techempower	gemini	3.3.7		20204297e15e5070d1540ba6da4a291174d7279f
com.techempower	gemini	3.3.8		8a5d28fdb84b6e0697e9ba1120754216903f960a
com.techempower	gemini	3.3.9		e0977c8bb79df86571c5034bbf1d0f94baf3883b
com.thoughtworks.feature	constructor_sjs0.6_2.12	1.0.0		0fa018d667a414b2981a11285db69ee6c5697fb1
com.thoughtworks.feature	constructor_sjs0.6_2.12	1.1.0		c8e39b6d031e2b59ea496ba52490707c319464c9
com.thoughtworks.feature	constructor_sjs0.6_2.12	2.0.0		a69ea12f25e8eaf2633a651c00fb95389f17e3d1
com.thoughtworks.feature	constructor_sjs0.6_2.12	2.0.0-RC0		34c939cecead4896f9531a8e132afee72bc15db5
com.thoughtworks.feature	constructor_sjs0.6_2.12	2.0.0-RC1		e91598c5b322f99ef7bf2fd3c3df67a56c14f7f4
com.thoughtworks.feature	constructor_sjs0.6_2.12	2.0.0-RC10		99e8498feca32a6aa9711b0952ec92ecf5013054
com.thoughtworks.feature	constructor_sjs0.6_2.12	2.0.0-RC11		092419f8f25af0bc6dccb113731f10112edfd88e
com.thoughtworks.feature	constructor_sjs0.6_2.12	2.0.0-RC2		1b6856e61828734ad397edbbd5fa8b22f349c851
com.thoughtworks.feature	constructor_sjs0.6_2.12	2.0.0-RC3		d413c5fce11e05d30817942f19b667453afad92f
com.thoughtworks.feature	constructor_sjs0.6_2.12	2.0.0-RC4		c304ec4fca99c9dcabe9046b19902b82d1ad6fc3
com.thoughtworks.feature	constructor_sjs0.6_2.12	2.0.0-RC5		ab069db65fd69ac180c4999dd68a3a2a812a0d1e
com.thoughtworks.feature	constructor_sjs0.6_2.12	2.0.0-RC6		9c840ca3349f5295ffeaf4f4839989f1dc7f727a
com.thoughtworks.feature	constructor_sjs0.6_2.12	2.0.0-RC7		7f3ced2f61bbdcb1c4ae58f83cdaedf1bb2a3de6
com.thoughtworks.feature	constructor_sjs0.6_2.12	2.0.0-RC8		ef1bd68a38c98705bf20b22f6250239652716e3b
com.thoughtworks.feature	constructor_sjs0.6_2.12	2.0.0-RC9		3cda93c18d4359ccf84f180139ec7649d0af061a
com.thoughtworks.feature	constructor_sjs0.6_2.12	2.0.1		084b212152aea91df5a4572d4d20aa0ce556dd58
com.thoughtworks.feature	constructor_sjs0.6_2.12	2.1.0		aa92b7f331e5a70aa135f30a4490a02dbce0d6df
com.thoughtworks.feature	constructor_sjs0.6_2.12	2.1.0-M0		053ee3fec5b4d710c63e02742c05f30d5f14e62c
com.thoughtworks.feature	constructor_sjs0.6_2.12	2.1.1		f0edae57b5a1eb3013aa6484cac3e37cbe05bef0
com.thoughtworks.feature	constructor_sjs0.6_2.12	2.2.0		7ef62e9605f22f61355d363179542dfffdef888e
com.thoughtworks.feature	constructor_sjs0.6_2.12	2.2.1		13239d9ab4210fc7c50d84b894159a2542020bf4
com.thoughtworks.feature	constructor_sjs0.6_2.12	2.2.2		8d8c721f6d48350f38dc3dc9fc15af4b27d3593c
com.thoughtworks.feature	constructor_sjs0.6_2.12	2.3.0		b80c8da1213419022f1bb2ea390491202e60f9ec
com.thoughtworks.feature	constructor_sjs0.6_2.12	2.3.0+100-4ca5e9d3		590cdc783ad8621ce4f2623dcc0118500b6bfef8
com.thoughtworks.feature	constructor_sjs0.6_2.12	2.3.0+103-00ae00f5		d2a3b4399f82b5feb8d068b1915cb030762ff98c
com.thoughtworks.feature	constructor_sjs0.6_2.12	2.3.0+105-812a461f		c30c96ff83128bcb198425621e5de067b8c78b94
com.thoughtworks.feature	constructor_sjs0.6_2.12	2.3.0+106-1fde5078		e57583150a52eadc633b4aa62fabfe97b3ccdfad
com.thoughtworks.feature	constructor_sjs0.6_2.12	2.3.0+108-d000b3a4		9b2822efc719659397f6b72e7864b7aed21eb7c5
com.thoughtworks.feature	constructor_sjs0.6_2.12	2.3.0+109-b9b5ae39		e8677753c752e3d27c342b8c7f726a68f563f25a
com.thoughtworks.feature	constructor_sjs0.6_2.12	2.3.0+114-424a6180		65d5dfe01457d81bffaa867678f61e85e0cc4126
com.thoughtworks.feature	constructor_sjs0.6_2.12	2.3.0+122-48068b12		6f7113b2775327b3145765c2d1c1789850ab4de3
com.thoughtworks.feature	constructor_sjs0.6_2.12	2.3.0+128-9541d670		508ae73c9ef399cc099ae4c74bcef4810ee4324f
com.thoughtworks.feature	constructor_sjs0.6_2.12	2.3.0+134-f7e54165		58bb1448d2884767375585bb0ebe531dba3a1982
com.thoughtworks.feature	constructor_sjs0.6_2.12	2.3.0+140-594be493		a35f96206c7b16e4576576cfc7654582fe023e9e
com.thoughtworks.feature	constructor_sjs0.6_2.12	2.3.0-M0		dfec9674f05e1340c12a975444fb7b1a6b07fddd
com.thoughtworks.feature	constructor_sjs0.6_2.12	2.3.0-M1		bfa130acbaf8265c467e0c3be9f5058cd7c9d49c
com.thoughtworks.feature	constructor_sjs0.6_2.12	2.3.0-M2		3c7812a46b6bc9144fd352bd9b8602a791976f26
com.thoughtworks.feature	constructor_sjs0.6_2.12	2.3.0-M3		2a6dcb7ed5a30ccd9a370711d877f64e17c000ae
com.thoughtworks.feature	constructor_sjs0.6_2.12	2.3.0-M4		c52c8bce935f68dbf128507eef993b83c6e00461
com.thoughtworks.feature	constructor_sjs0.6_2.12	2.3.0-M5		345529f6906c9255e1721f326a6cd12450752618
com.thoughtworks.feature	constructor_sjs0.6_2.12	2.3.0-M6		06fb1b56d19be8a5eaf8cad041d52c13f270c79c
com.thoughtworks.feature	constructor_sjs0.6_2.12	2.3.0-M7		83ad540d672c0503120d82937edd9967c22b1493
com.thoughtworks.feature	constructor_sjs0.6_2.12	2.3.0-M8		22fe46c1adfbea9ac9ed149fb36f69d2b83e50d5
com.trasier	trasier-client-spring	0.10.0		e35be8762e431389786638057a20c3c062d634d7
com.trasier	trasier-client-spring	0.10.1		e00a1f691519467fc7e30e3f9e6cabd3f051d7a8
com.trasier	trasier-client-spring	0.11.0		7b52bf53c91cbd5324f95fef192f78fe80db9deb
com.trasier	trasier-client-spring	0.11.1		c5de70cc359940b8da320aa5261bfcd82995e853
com.trasier	trasier-client-spring	0.11.2		d986340646d56249cf982b56b9056e57726eef11
com.trasier	trasier-client-spring	0.11.3		a0c81cd97bf3efe795dbab9f2cf9310f3af0d26e
com.trasier	trasier-client-spring	0.11.4		a91f6ffa0099c3cb9a2f1215402531e56b06dc7e
com.trasier	trasier-client-spring	0.11.5		f0bf65692fc0a301d0bf036d6b929ff52e91d52a
com.trasier	trasier-client-spring	0.11.6		01fffd162afbe5779e3fe8ba366caa96c338a36f
com.trasier	trasier-client-spring	0.11.7		81fa0d0b65d6b8d57b7944a2cc40fc6aa36c25d2
com.trasier	trasier-client-spring	0.12.0		f440c329fcc8db075e6228408cea1ea95d505431
com.trasier	trasier-client-spring	0.12.1		225fd7f6a28b819f68f576059640372d44e1a131
com.trasier	trasier-client-spring	0.12.2		44b50ccc295774c4435d59164cdb28dd321c5d51
com.trasier	trasier-client-spring	0.12.3		8565e5d9b208b13575cc84e62615184a7ddf4f0f
com.trasier	trasier-client-spring	0.12.4		8965a624f2b55a599eb93fb6ebf5a8f304e8ed09
com.trasier	trasier-client-spring	0.12.5		7c6dbb86555546ed6095cbbe8feacb82fcf281ea
com.trasier	trasier-client-spring	0.12.6		87766afe61ff6cc4e1d77e6883df7ee29981bc4a
com.trasier	trasier-client-spring	0.12.7		21f1572d3d46c07fcedc11c5f2a874fc7a952bdd
com.trasier	trasier-client-spring	0.13.0		67785f214c44dcdbe2e23566a18929519e0ab144
com.trasier	trasier-client-spring	0.13.1		a6c87177dd31aa88e6a1ac31d9a3293fd468ef59
com.trasier	trasier-client-spring	0.13.10		d440ffd1b10d9b8fba9485cd5122e92d1c138f50
com.trasier	trasier-client-spring	0.13.11		4ce6a8b8f93d725ef65e163186c9557ab91e775f
com.trasier	trasier-client-spring	0.13.12		068635c87c95cbf8a9140e9dea010e4e3c325ee0
com.trasier	trasier-client-spring	0.13.13		81cf0587409b230aaecf107307f31c8d6df140c6
com.trasier	trasier-client-spring	0.13.14		899c67c7199f55a651b0e3ed68e37d68d0e36faf
com.trasier	trasier-client-spring	0.13.2		1fdc420c52f45976cc7c0c06986275f2fb3b6a82
com.trasier	trasier-client-spring	0.13.3		8cc38796aea04cb11b9311146d01d5e421d07301
com.trasier	trasier-client-spring	0.13.4		b4f4a969fc935ea0855ba390084c578be04c2bc8
com.trasier	trasier-client-spring	0.13.5		49e56e64ae02306fb2482450e2bb58d98cea8b5b
com.trasier	trasier-client-spring	0.13.7		6fb9c73cc006424710d3dcc70fdc13f4b8a36b38
com.trasier	trasier-client-spring	0.13.8		e076633c38f6bb058424cf1fad0055c9b9b1f150
com.trasier	trasier-client-spring	0.13.9		a22e5188d0aef964ec99546599594fb3f0e23d3a
com.trasier	trasier-client-spring	0.7.4		7440c6d2c6b72b45c664a82786b9c94d44bdad42
com.trasier	trasier-client-spring	0.7.5		c04e1761dc3e784b958017832a5a09fcdcee25ff
com.trasier	trasier-client-spring	0.7.6		da6ecdfe3b3408a7ef49bdca6aca440ac6db6db6
com.trasier	trasier-client-spring	0.7.7		453e9f4c1c4d888c16d396b6cf49b1cd5d4074c2
com.trasier	trasier-client-spring	0.7.8		9e3143219e10b0e58ae06d2e8c1a9b8abb684b2b
com.trasier	trasier-client-spring	0.9.12		fc90f166658376b5792e64a6574dde12e4cc74db
com.trasier	trasier-client-spring	0.9.13		6c3c143393f0a7be4d6021287ae606e1c9084586
com.trasier	trasier-client-spring	0.9.14		cf8ae4ad72675694d8eefbdf9e61f5c32b5b4f9d
com.trasier	trasier-client-spring	0.9.15		eb053b645b748aca89731c0012b6711694c235a2
com.trasier	trasier-client-spring	0.9.16		7d3957529256435077681fd39207d2da0280d200
com.trasier	trasier-client-spring	0.9.17		b5344c0252b654de5c591156d14cc32ca35dd348
com.trasier	trasier-client-spring	0.9.18		cc026f0d0717213eb4d2df430454cc5b1a142163
com.trasier	trasier-client-spring	0.9.20		ce3114deaf40160889ef98753bdfb8ceb4d24608
com.trasier	trasier-client-spring	0.9.22		12c6f4a4790ea76dce7665cebf0c6ea73011b59a
com.trasier	trasier-client-spring	0.9.23		9769be58dcb3497641c39d9e78251923f1aded13
com.trasier	trasier-client-spring	0.9.24		630751b4f190cf6d42d7fa67bf83771e90e16838
com.trasier	trasier-client-spring	0.9.25		0bd8a8d15a71b2a6dff829c5880e3944288773bd
com.trasier	trasier-client-spring	0.9.26		cf6c2cd43e359d0ca08a1e5500acb9db1373275a
com.trasier	trasier-client-spring	0.9.8		98ee6f31694dfb14bc3432b4d16586e8cb4729a7
com.trasier	trasier-client-spring	1.4.0		180835f3e1252c50f5896a07ed66f0bc114a981f
com.trasier	trasier-client-spring	1.4.1		444e9e2154246a3cdadb86a39a1cf8c647796b3e
com.trasier	trasier-client-spring	1.4.2		52edddae2b39b8989d13d53f0ec8fe01a15ffb20
com.trasier	trasier-client-spring	2.0.0		42f757098ca45657bf03184fca5ce5f5a90a4eda
com.trasier	trasier-client-spring	2.0.1		37ec835c53e0011bb455bdacf46d22215829cf4b
com.trasier	trasier-client-spring	2.1.0		399d0653abb8f9526a89acb0ad86d9305354c5d7
com.trasier	trasier-client-spring	2.1.1		d2856ad80873655e4c37dba15f05391e66fb7bf1
com.trasier	trasier-client-spring	2.1.2		ae5230375c0c7247eed31d0edf41cbd9c57aec2c
com.trasier	trasier-client-spring	2.1.3		8221be5b2c12fa9af8a42e6c8d9bbd37d5582eb9
com.trasier	trasier-client-spring	2.1.4		a15e8ee06bbbb228784217afcf92e5e3b3e6e5d0
com.trasier	trasier-client-spring	2.2.0		f20d54dd8c8a7947bcefd85b522cad649ec14c7e
com.trasier	trasier-client-spring	2.2.1		57dd7a6036dcdde1c961f977d535742403ac2459
com.trasier	trasier-client-spring	2.2.2		bcad81f8978cc6c49035b4ee5bd0de3c587e8af8
com.trasier	trasier-client-spring	2.2.3		2b6662565ff6c3043205d5f940e1cbad71be0e83
com.trasier	trasier-client-spring	2.2.4		0a1d7b2a695eda400f52de2a5b464bc3b8129a5d
com.trasier	trasier-client-spring	2.2.5		ca5d0bfd414937a94e2af47a0754aca4631dec84
com.trasier	trasier-client-spring	2.2.7		e05a0a065888ed67290544bb533ee81721a82f4b
com.trasier	trasier-client-spring	2.2.8		3f41d4a3b78bd26dd4bbdd43af420e40f8904208
com.trasier	trasier-client-spring	2.3.2		97d360099b8c8daa4f3a3d9a92da3e08c96d773e
com.trasier	trasier-client-spring	2.3.3		d399b5ac1ddf875596f6784366f1c9cac0341d37
com.trasier	trasier-client-spring	2.3.4		7958deacd51920ddc544605708ec392543406fdd
com.trasier	trasier-client-spring	2.3.5		fe5adbf04d5f875a25fce8512e130d44850141b3
com.trasier	trasier-client-spring	2.3.6		dc9e2fbb363d0e98ac684877e1d3e032a3e4b9be
com.trasier	trasier-client-spring	2.3.7		2564addf8d6cc41d6c7ddf29e0e567511d1d75c4
com.trasier	trasier-client-spring	2.3.8		a9890303fe0e9ccf0bb6ed53b3bf98106ee18a79
com.trasier	trasier-client-spring	2.3.9		95c33ff83acb0f6ff3edee07116770171f8e3e51
com.vanillasource.gerec	gerec-it-tests	1.0.0		9246144a36da5a632da7c7907f4517639efb9e44
com.vanillasource.gerec	gerec-it-tests	2.0.0		f29bf3ab98812ce77d68fed02959518a4ef4c0b4
com.vanillasource.gerec	gerec-it-tests	3.0.0		1b6579805d7c03371b7f8d517174f77ba4a1cc27
com.ververica	flink-sql-connector-vitess-cdc	2.4.0		4cbc89319fd93e40f11af1416edee61294f39756
com.ververica	flink-sql-connector-vitess-cdc	2.4.1		2eabcd92f4f88c931e5d151ef6517f6ebd081abe
com.ververica	flink-sql-connector-vitess-cdc	2.4.2		333bf7ba8fd6dc3613ceea8759737ce41d5ff961
com.ververica	flink-sql-connector-vitess-cdc	3.0.0		de820c7fb283ce42a20687cd374898f490fe2d91
com.ververica	flink-sql-connector-vitess-cdc	3.0.1		4ac237dff9b733d4f1a30b4ecc1a01569db0adbc
de.heikoseeberger	akka-http-ninny_2.12	1.35.2		f14d6c7d1028825651e6b81adcc2167bb9b22604
de.heikoseeberger	akka-http-ninny_2.12	1.35.3		1893a15fd6484fae361ad278d6a980688779eb6b
de.heikoseeberger	akka-http-ninny_2.12	1.36.0		00e7865bf89f98c19dfa91d135c1275dfec71084
de.heikoseeberger	akka-http-ninny_2.12	1.37.0		488bac61fe5365058149f8d3b86bb4980d8a67d3
de.heikoseeberger	akka-http-ninny_2.12	1.38.1		bf99d35184185e899a5c3d592fcbfe42c9799288
de.heikoseeberger	akka-http-ninny_2.12	1.38.2		30d28954182c92a2787ddd0bfd1eb91e9599be9e
de.heikoseeberger	akka-http-ninny_2.12	1.39.2		3776c54a164b958eee25d878eeca703308d65175
de.heikoseeberger	akka-http-ninny_2.12	1.40.0-RC1		f8478fd317e4cdb27ae9e5e8e2ff662d7eb62bde
de.heikoseeberger	akka-http-ninny_2.12	1.40.0-RC2		c9b398cf6a359d27c87d022f7cc1db360515d5b9
de.heikoseeberger	akka-http-ninny_2.12	1.40.0-RC3		7b9fdaf9f8af658531a301d4539cb27550c88c7f
de.spraener.nxtgen	cgv19-gradle	23.0.0		67646f6e223203828744cd4697ba699904418217
de.spraener.nxtgen	cgv19-gradle	23.1.0		902fd9b120791d59b37997ac820e7e4b7e86013d
de.spraener.nxtgen	cgv19-gradle	23.1.1		7f4f8427c2a5af3539a0966da6941a1728ca11cd
de.spraener.nxtgen	cgv19-gradle	23.1.2		2e2f8a5f6c3fe0ada17fe5a23f2c8de9950f7239
de.spraener.nxtgen	cgv19-gradle	24.1.0		df40e19c1b2cd92304fab81cc5e55d29dc798f0c
dev.chopsticks	caliban-client_2.13	1.3.3.1		8735de6092ac6d4d96993387619d843062269bcb
dev.chopsticks	caliban-client_2.13	1.3.3.3		936035dbcf761e0d6ceb0b87953a31f54cb14939
dev.chopsticks	caliban-client_2.13	1.3.3.4		eaed67ba75a6a469757250421393b59f6905044d
dev.zwander.file	library-iosx64	0.1.0		N/A
dev.zwander.file	library-iosx64	0.1.0	metadata	7b406ac7a94e85725a6d526a12f7e6afd7079b4c
edu.gemini	lucuma-schemas-model_sjs1_3	0.100.0		7a9fb1f80c4b9ef31297b5944cc210248db38704
edu.gemini	lucuma-schemas-model_sjs1_3	0.101.0		0cb6f62724459ea1fecdc2b3f93353d6fd8dec25
edu.gemini	lucuma-schemas-model_sjs1_3	0.102.0		d97005a65ec61bd324ba389aecfd0629bde4efca
edu.gemini	lucuma-schemas-model_sjs1_3	0.103.0		c82ee37120162aa6cd08a22fdccb84b43a6f9490
edu.gemini	lucuma-schemas-model_sjs1_3	0.104.0		869757573713c508f784731483501eea287930e3
edu.gemini	lucuma-schemas-model_sjs1_3	0.104.1		650a172886903da817ae23bfe87136f34df5c08d
edu.gemini	lucuma-schemas-model_sjs1_3	0.105.0		0949ee1c8ab7c189786437c0fb7631e396d60813
edu.gemini	lucuma-schemas-model_sjs1_3	0.105.1		a3af732855f8b716b4f7098c9321433ed578a272
edu.gemini	lucuma-schemas-model_sjs1_3	0.106.0		95b03872e3a6df24b23825b60c748cfd37416f50
edu.gemini	lucuma-schemas-model_sjs1_3	0.107.0		c3b3a5f065b8e135b44fb7feb099c24fc11bde13
edu.gemini	lucuma-schemas-model_sjs1_3	0.107.1		a013be76488424083f5558339d3d8f08b1114f87
edu.gemini	lucuma-schemas-model_sjs1_3	0.107.2		5711215a249dab1cccb5c65fa95b3db98b16c129
edu.gemini	lucuma-schemas-model_sjs1_3	0.108.0		ee04cd131c7145e185d24c02a9362cedc97f8467
edu.gemini	lucuma-schemas-model_sjs1_3	0.109.0		6df278dc0f07eab9f1cef2f1d30a3f3bc6f75443
edu.gemini	lucuma-schemas-model_sjs1_3	0.110.0		e1df2a8ff3970c1afd686bb8f5d9896410230ac6
edu.gemini	lucuma-schemas-model_sjs1_3	0.110.1		c9f8b7899c651d555622388a9b9229de3549a2d4
edu.gemini	lucuma-schemas-model_sjs1_3	0.110.2		a08689032d9f6e89a8f39fc289e952b51aa13413
edu.gemini	lucuma-schemas-model_sjs1_3	0.110.3		60bf691bb2d30dfa45e624d44e006235d88cf65a
edu.gemini	lucuma-schemas-model_sjs1_3	0.111.0		d47de2ecdc4a819145ca329755e1a5b1aa1c2773
edu.gemini	lucuma-schemas-model_sjs1_3	0.112.0		94820e0e154f2684847260754db1205fdb0c76ed
edu.gemini	lucuma-schemas-model_sjs1_3	0.113.0		cc521a914bce83c4b035264acb09de6769744d08
edu.gemini	lucuma-schemas-model_sjs1_3	0.114.0		ef1771c3dc023939ade190f5e046b89fe7914985
edu.gemini	lucuma-schemas-model_sjs1_3	0.114.1		bedc3ddd7ccdccf1cff6856d6901fd0bb213a5d9
edu.gemini	lucuma-schemas-model_sjs1_3	0.114.2		e630e0accbb579c03566613cf703846996f951ba
edu.gemini	lucuma-schemas-model_sjs1_3	0.115.0		aeaf046996eac8646d494686ec6969f419e12fae
edu.gemini	lucuma-schemas-model_sjs1_3	0.116.0		4161adc6a7d9e90a18cf3db8140595078847535f
edu.gemini	lucuma-schemas-model_sjs1_3	0.117.0		271eb24b1a2243c6285b8770070c655b12b75e9c
edu.gemini	lucuma-schemas-model_sjs1_3	0.118.0		d9f8916635b470789c2c0a1c936df4cdc4a3a2f3
edu.gemini	lucuma-schemas-model_sjs1_3	0.119.0		8d73e0b79ebd1aa8981a73fe90a0ff783a3ddfad
edu.gemini	lucuma-schemas-model_sjs1_3	0.120.0		e9bc33c0f9e65046f54ae69db4944f33b0620735
edu.gemini	lucuma-schemas-model_sjs1_3	0.121.0		66461d9ff40e3674ab60f0c5ca258dc4458bbaf3
edu.gemini	lucuma-schemas-model_sjs1_3	0.122.0		41a9610edb1cf06921e45707a97c251dc3584449
edu.gemini	lucuma-schemas-model_sjs1_3	0.122.1		2017a3bb8d87efd4363ea226ff30fd959819846d
edu.gemini	lucuma-schemas-model_sjs1_3	0.122.2		503578e0afabec21fcf64095c1cdada7a71b7f21
edu.gemini	lucuma-schemas-model_sjs1_3	0.123.0		37ffe6274bf457e53f5f529bdd32181f8465b33a
edu.gemini	lucuma-schemas-model_sjs1_3	0.123.1		bba837b040cb7a2b6498a99374bedeeef58d9e80
edu.gemini	lucuma-schemas-model_sjs1_3	0.123.2		75b685c292dfee42d9d75f182cea84a91d05b33a
edu.gemini	lucuma-schemas-model_sjs1_3	0.124.0		0aed3e2794264a070d0757d0f546a8754a372dd5
edu.gemini	lucuma-schemas-model_sjs1_3	0.125.0		d8f46e3ff95c7d42ce7c8f34573495f0252ac09c
edu.gemini	lucuma-schemas-model_sjs1_3	0.126.0		60927bc9ae7892e0c419771da0d38e232bff0d3c
edu.gemini	lucuma-schemas-model_sjs1_3	0.127.0		2dc02cd56f04041b817358039bc41106c5721358
edu.gemini	lucuma-schemas-model_sjs1_3	0.128.0		b7131f8ee62674e09a2a8ad7a279a5ef3bb46f2b
edu.gemini	lucuma-schemas-model_sjs1_3	0.129.0		01aa379725c82c8381b2e9e93a4511cb09b2a070
edu.gemini	lucuma-schemas-model_sjs1_3	0.130.0		df0a07bf1fd5c43c0f1836da98a094dd55ba33e8
edu.gemini	lucuma-schemas-model_sjs1_3	0.130.1		9e182f53bc2e88de0f9370943616dfbf116b53fc
edu.gemini	lucuma-schemas-model_sjs1_3	0.131.0		52c5caaaf586184363c880ccccbd1c8a493e8c06
edu.gemini	lucuma-schemas-model_sjs1_3	0.131.1		de1d79e676dec83d02a789a72a556a62ec872fd2
edu.gemini	lucuma-schemas-model_sjs1_3	0.42.0		c569e8d1db3669f591bbf101edb2759d56469408
edu.gemini	lucuma-schemas-model_sjs1_3	0.42.1		b336bdb8c9883e58c2315f5da97ec94dbfece880
edu.gemini	lucuma-schemas-model_sjs1_3	0.42.2		59445792e785d3006042cbd4196e60c0cb04ebc1
edu.gemini	lucuma-schemas-model_sjs1_3	0.43.0		2a316ab9b8eec3c85ed0ddc15020eef26958a511
edu.gemini	lucuma-schemas-model_sjs1_3	0.43.1		69475365558d4739abba387543addb0b02ac7556
edu.gemini	lucuma-schemas-model_sjs1_3	0.43.2		db5fd5baf4d6d676dd83f56daf85026c4a534785
edu.gemini	lucuma-schemas-model_sjs1_3	0.44.0		62d970373fda3f9dbffe44fec89e2cfa7fd96710
edu.gemini	lucuma-schemas-model_sjs1_3	0.45.0		217055d84ebac2ac1e3e8b22741e269634b698f1
edu.gemini	lucuma-schemas-model_sjs1_3	0.46.0		cd82a597942e73aefa6c2ed566f612a06a8c1081
edu.gemini	lucuma-schemas-model_sjs1_3	0.47.0		769b6a991ca347d83f7b3c0f7c2a826e5377ce46
edu.gemini	lucuma-schemas-model_sjs1_3	0.47.1		f87846c9604188ea0e7d0cfbd140ad995d642a73
edu.gemini	lucuma-schemas-model_sjs1_3	0.48.0		8493776d48cb23270eca5ed1482cdad5e9469ed5
edu.gemini	lucuma-schemas-model_sjs1_3	0.49.0		988eacf508720ef3cd84d519152113e58d44d03d
edu.gemini	lucuma-schemas-model_sjs1_3	0.50.0		354de02405716495ab95e7b352460dc2f2f4a183
edu.gemini	lucuma-schemas-model_sjs1_3	0.51.0		984917a07cf55f92073cc995c35d757089e07f3d
edu.gemini	lucuma-schemas-model_sjs1_3	0.52.0		eb49115abc0f3f42c26efaeb6bc88f06d5116c64
edu.gemini	lucuma-schemas-model_sjs1_3	0.52.1		aa196c8de3bdce2f4dd6e4625c450077f29677ba
edu.gemini	lucuma-schemas-model_sjs1_3	0.53.0		87fd531ff05423ae5185920712ebc682da587d4e
edu.gemini	lucuma-schemas-model_sjs1_3	0.53.1		45520273ba4b0043ffa07aeaed849905be0335bc
edu.gemini	lucuma-schemas-model_sjs1_3	0.55.0		c2ac367263cc41c0d29cbbc7016cbe7c0cf47c19
edu.gemini	lucuma-schemas-model_sjs1_3	0.56.0		3b9ae9f43063a5a1272a6a8d6cd6ba16244e72a9
edu.gemini	lucuma-schemas-model_sjs1_3	0.57.0		92b86fd0ab8001969761b0398c210f76dfb2e24a
edu.gemini	lucuma-schemas-model_sjs1_3	0.58.0		18ba95fbb949f994c6ac9cc4fc46901d2425b807
edu.gemini	lucuma-schemas-model_sjs1_3	0.59.0		09bda96570d230071807452f4a82d95f2032ba56
edu.gemini	lucuma-schemas-model_sjs1_3	0.60.0		332326da16986fc044cbf2e11bef152f9c3188a7
edu.gemini	lucuma-schemas-model_sjs1_3	0.61.0		eaeee941f236514f86069c238539dce258439162
edu.gemini	lucuma-schemas-model_sjs1_3	0.62.0		faa498493cc4f31471353738b3366c20f72000e9
edu.gemini	lucuma-schemas-model_sjs1_3	0.63.0		0ac6641767628d08d458977182dd88d9bfc1a245
edu.gemini	lucuma-schemas-model_sjs1_3	0.64.0		46edcff592c8340e01d973140f22d0afa18eae00
edu.gemini	lucuma-schemas-model_sjs1_3	0.65.0		75863985b7049752dbafef52a8a4fc7eb05c64b7
edu.gemini	lucuma-schemas-model_sjs1_3	0.66.0		55dec8196938bc91ecffb30dda1d99447d729164
edu.gemini	lucuma-schemas-model_sjs1_3	0.67.0		919aec4e1638e8ac164b624575bf8454b450126d
edu.gemini	lucuma-schemas-model_sjs1_3	0.68.0		0bd4d3f1344ec2fd0f4a74863c0bc15f0ae2fbd9
edu.gemini	lucuma-schemas-model_sjs1_3	0.69.0		86cded89bd817cc7a06a9f7c2f152ee04fd80f23
edu.gemini	lucuma-schemas-model_sjs1_3	0.70.0		c0bef3c97c23d08a072a516d8a84fcb478cedfd4
edu.gemini	lucuma-schemas-model_sjs1_3	0.71.0		d1abbc9bd5fc23d01f5d411a37a60a74e42bef7c
edu.gemini	lucuma-schemas-model_sjs1_3	0.72.0		540b324ba26c46da24fe127755be6781ee3a0438
edu.gemini	lucuma-schemas-model_sjs1_3	0.73.0		1432bb540aefdd0232606666783de39bd1be01cc
edu.gemini	lucuma-schemas-model_sjs1_3	0.74.0		4e9f4250bc6df386ba10ac3d007972702710a704
edu.gemini	lucuma-schemas-model_sjs1_3	0.75.0		b64c68091c72b446cd06d4cb2554f92ba11b28cd
edu.gemini	lucuma-schemas-model_sjs1_3	0.76.0		938941bc6583e22f2d4460c677080e8f175263f9
edu.gemini	lucuma-schemas-model_sjs1_3	0.77.0		eb0eb7db99f831115373306789f36aedd2e8aa69
edu.gemini	lucuma-schemas-model_sjs1_3	0.77.1		8795f8a510c098a492e85934e5d43aaff2aa7089
edu.gemini	lucuma-schemas-model_sjs1_3	0.77.2		4a62698b71cb593e9e9a30ba2b22d20a3f5f2827
edu.gemini	lucuma-schemas-model_sjs1_3	0.78.0		e78f0e7ee86c7144764548c2eb235383d4403fa0
edu.gemini	lucuma-schemas-model_sjs1_3	0.78.1		95ef26c112b17c349bd2a7ac60ceb3a23834a289
edu.gemini	lucuma-schemas-model_sjs1_3	0.79.0		abd7431a771d0eb6ca29569dbcf346d205d46f13
edu.gemini	lucuma-schemas-model_sjs1_3	0.80.0		d6c08ef4bda50edbae43ed0f895c16e1e07caa95
edu.gemini	lucuma-schemas-model_sjs1_3	0.81.0		e2773dc63346760b551da5d7832799a3822676d7
edu.gemini	lucuma-schemas-model_sjs1_3	0.81.1		64bac86694f5217f75316f15a41f94ea9a11e847
edu.gemini	lucuma-schemas-model_sjs1_3	0.81.2		fd3124cd83f2bb7cfdea86444a035a3c133c8ad5
edu.gemini	lucuma-schemas-model_sjs1_3	0.81.3		b8209e2a6f49f239636a4ddb5cbae500ab90c7b8
edu.gemini	lucuma-schemas-model_sjs1_3	0.81.4		eb708470b9b62b5b4a9f1471183df7e45b6153d8
edu.gemini	lucuma-schemas-model_sjs1_3	0.81.5		8fd4bcb898c099bc08e9cca07e0be1d0a5664e7e
edu.gemini	lucuma-schemas-model_sjs1_3	0.82.0		bc9bcbaafd3229fe3b6261bf18b85d3a5dc6de36
edu.gemini	lucuma-schemas-model_sjs1_3	0.83.0		368d01e1a9e6a2a17b668b12b209b29bef812251
edu.gemini	lucuma-schemas-model_sjs1_3	0.84.0		83c80ab6232cb78259f7a6d0373aa377e1438a1a
edu.gemini	lucuma-schemas-model_sjs1_3	0.85.0		df3df1a2d345471f2c3719fca022ce77e9900171
edu.gemini	lucuma-schemas-model_sjs1_3	0.85.1		bde30b82263fb6a86e57259486cbab2a724f464a
edu.gemini	lucuma-schemas-model_sjs1_3	0.86.0		66288d949a5575de579e4d722fbac223f2c10430
edu.gemini	lucuma-schemas-model_sjs1_3	0.86.1		48bcea22538c8f606aa85a35de25e479e647a64b
edu.gemini	lucuma-schemas-model_sjs1_3	0.86.2		cd92ff05b15886290952428f73ca621712033c9f
edu.gemini	lucuma-schemas-model_sjs1_3	0.87.0		838e93a9d24bb068b2e10122acd9cf84375c522b
edu.gemini	lucuma-schemas-model_sjs1_3	0.88.0		7da502e4c3ee3a6736bd8473d59beab8060be95a
edu.gemini	lucuma-schemas-model_sjs1_3	0.89.0		5b85cb9713b2ee54a7c673e8309ebdda61151b2f
edu.gemini	lucuma-schemas-model_sjs1_3	0.90.0		2c56895dd4855369f95edd791b5a352d09f515d6
edu.gemini	lucuma-schemas-model_sjs1_3	0.90.1		00c15ec54053e3cfc33a70798db365f1f86e01b1
edu.gemini	lucuma-schemas-model_sjs1_3	0.90.2		dc946760cb0c03107bb2d5a81d36a82f5eb47c76
edu.gemini	lucuma-schemas-model_sjs1_3	0.90.3		3a2743ae69d745eef0409e84287e66f92c650d30
edu.gemini	lucuma-schemas-model_sjs1_3	0.90.4		fa59b7c9f9e1285f23564410dcd744b4dc6044e9
edu.gemini	lucuma-schemas-model_sjs1_3	0.90.5		36da601ef1e5d174efa17e376dfc60fdb086d853
edu.gemini	lucuma-schemas-model_sjs1_3	0.90.6		66fd03b358ebfc0450177bd5fb0d6124fedd42dd
edu.gemini	lucuma-schemas-model_sjs1_3	0.90.7		eca6f288a38345a37762016110f4a53126aa6e0a
edu.gemini	lucuma-schemas-model_sjs1_3	0.91.0		07a129e99217e8880a7678871ca9f2ec7e5d18dc
edu.gemini	lucuma-schemas-model_sjs1_3	0.92.0		ddb0699d341f5925d4a7a2ef75181711250ed8cb
edu.gemini	lucuma-schemas-model_sjs1_3	0.93.0		077c0df00a4ee56c22e635e10fb40705b5aea697
edu.gemini	lucuma-schemas-model_sjs1_3	0.93.1		9af159c91f1c16d8231a0cca316ed9079d22972b
edu.gemini	lucuma-schemas-model_sjs1_3	0.94.0		d2943747ee57d9d29736d4c3e2412dd65851350f
edu.gemini	lucuma-schemas-model_sjs1_3	0.94.1		2469d1f4c0f14fbbebf8aa992656cf13769a140b
edu.gemini	lucuma-schemas-model_sjs1_3	0.95.0		726cdbb8507cac199f7ad6d0def3daa24609fa0e
edu.gemini	lucuma-schemas-model_sjs1_3	0.96.0		e370bfaa24f17e9e48894f201f5d3d76b107a5f9
edu.gemini	lucuma-schemas-model_sjs1_3	0.97.0		7822a40a5bca3321d56861f3176f98af6566a25d
edu.gemini	lucuma-schemas-model_sjs1_3	0.98.0		afa5508b406c132031a62018a79d08013817edab
edu.gemini	lucuma-schemas-model_sjs1_3	0.99.0		2b4589413478f8d8d54873c11fcbdbf37a475811
edu.gemini	lucuma-schemas-model_sjs1_3	0.99.1		270a75fb8e3cc78757a70b547b7f7f298bdf05f0
eu.timepit	refined_2.12.0-M4	0.4.0		47068fb2bd4b8af736f3ce02c576d011493e9f57
io.cucumber	cucumber-jython	1.2.6		6d754d5dcd63340742aa751bf290034037711f29
io.cucumber	cucumber-jython	1.2.6	shaded	0fb6d2da50110327869d8953d7a6714e26b68659
io.cucumber	cucumber-jython	2.0.0		9d0772d60204f844f361552c5f595e84edb10a4e
io.cucumber	cucumber-jython	2.0.0	shaded	16a4757c97db7e13e1ace479ceb85aee28519a9f
io.cucumber	cucumber-jython	2.0.1		f3e8e13178de23df57eda57074ada7b8161934c3
io.cucumber	cucumber-jython	2.0.1	shaded	ebd4caa5b6bc9e8465b12d705c4db70d64f06b18
io.fluidsonic.dataloader	fluid-dataloader	0.2.0		f81aa6917579f86d41d885b1683538f13af393f6
io.gitee.litong	message-api	1.0.4		d00581fa208186f79b3beac0ea32a9bf8eb05f35
io.gitee.litong	message-api	1.0.5		a19b5df9fbf8746b204ed4f5e6ebf3db38de004a
io.gitee.litong	message-api	1.0.7		750e7d26da2e992742cf11226b911eeda79748b4
io.github.cquiroz.react	test_sjs1_2.12	0.8.0		1845fa10416a0a15101685e5d7833fd627daa6d6
io.github.hoangchungk53qx1	flow-bus	1.12.1		N/A
io.github.hoangchungk53qx1	flow-bus	1.13.2		N/A
io.github.koalaplot	koalaplot-core-iosx64	0.4.0		N/A
io.github.koalaplot	koalaplot-core-iosx64	0.4.0	metadata	a456f46301e0914160ae84ed94f496b9bb89c17c
io.github.koalaplot	koalaplot-core-iosx64	0.4.0-dev1		N/A
io.github.koalaplot	koalaplot-core-iosx64	0.4.0-dev1	metadata	65dd6efc4905c8b8e1f5678b1ca96294bf43c3b5
io.github.koalaplot	koalaplot-core-iosx64	0.4.0-dev2		N/A
io.github.koalaplot	koalaplot-core-iosx64	0.4.0-dev2	metadata	171195a010e35b3b3b512e4c35d70a37d0e84daa
io.github.koalaplot	koalaplot-core-iosx64	0.5.0		N/A
io.github.koalaplot	koalaplot-core-iosx64	0.5.0	metadata	43c00983a41c2e338aad046c2ca1aadcb335d513
io.github.koalaplot	koalaplot-core-iosx64	0.5.1		N/A
io.github.koalaplot	koalaplot-core-iosx64	0.5.1	metadata	3b98fd0ad9e06d21ede8e6b8283a61532650a773
io.github.koalaplot	koalaplot-core-iosx64	0.5.2		N/A
io.github.koalaplot	koalaplot-core-iosx64	0.5.2	metadata	f19c5bfa43be6df64db90e5ebf572bfb7d633a47
io.github.koalaplot	koalaplot-core-iosx64	0.5.3		N/A
io.github.koalaplot	koalaplot-core-iosx64	0.5.3	metadata	e0736240296ab318445733aea786a1bd09ba0f5c
io.github.koalaplot	koalaplot-core-iosx64	0.5.4		N/A
io.github.koalaplot	koalaplot-core-iosx64	0.5.4	metadata	4c9dfd9104953862335b92f481a3bcea6a875fa5
io.github.koalaplot	koalaplot-core-iosx64	0.6.0		N/A
io.github.koalaplot	koalaplot-core-iosx64	0.6.0	metadata	0e055669e63a29fc4d818130cb132e28efecab4e
io.github.koalaplot	koalaplot-core-iosx64	0.6.1		N/A
io.github.koalaplot	koalaplot-core-iosx64	0.6.1	metadata	e7cc68a2b1a1a225946e5cf210114ad08f752c76
io.github.koalaplot	koalaplot-core-iosx64	0.6.2		N/A
io.github.koalaplot	koalaplot-core-iosx64	0.6.2	metadata	449017b59e216a68000bccea21294e57891f7ebd
io.github.koalaplot	koalaplot-core-iosx64	0.6.3		N/A
io.github.koalaplot	koalaplot-core-iosx64	0.6.3	metadata	eb31307df65257bab8e6fb63e65320840768a9b6
io.github.koalaplot	koalaplot-core-iosx64	0.6.4		N/A
io.github.koalaplot	koalaplot-core-iosx64	0.6.4	metadata	583b45fb61ae6475b782ac06b03f95cb1220591e
io.github.koalaplot	koalaplot-core-iosx64	0.7.0		N/A
io.github.koalaplot	koalaplot-core-iosx64	0.7.0	metadata	59dce6a1182182806bed2d62e2c01ff79bde6c61
io.github.koalaplot	koalaplot-core-iosx64	0.7.1		N/A
io.github.koalaplot	koalaplot-core-iosx64	0.7.1	metadata	9fad1f6ec47ed8466ff67d92a3997be075593cc0
io.github.koalaplot	koalaplot-core-iosx64	0.8.0		N/A
io.github.koalaplot	koalaplot-core-iosx64	0.8.0	metadata	f26d92d2208006349274f36d47923001df54ad13
io.github.linpeilie	mapstruct-plus-processor	1.0.0		86c08328f024fadedb105d479afd1ac2b551826b
io.github.linpeilie	mapstruct-plus-processor	1.1.0		7f03d00b4c2a057d6d38597ff88783fb342fa59b
io.github.linpeilie	mapstruct-plus-processor	1.1.1		5cfee499c2f6eaeb80539e0cff2cd8f69b8ab664
io.github.linpeilie	mapstruct-plus-processor	1.1.2		0960c0542b55eaf5b78a890c95df0a5a13550c84
io.github.linpeilie	mapstruct-plus-processor	1.1.3		45f53e465df846302e7ba56308f7649d2da7e84f
io.github.linpeilie	mapstruct-plus-processor	1.1.4		96ef2b3c3e039d918e853775b82806dd431c39ab
io.github.linpeilie	mapstruct-plus-processor	1.1.5		3fc7697111472121459c0b23333afa5bb6c02c08
io.github.linpeilie	mapstruct-plus-processor	1.1.6		ce327d2bc143e5deb7b4e1e9f33eff8deb96233f
io.github.linpeilie	mapstruct-plus-processor	1.1.7		73306d3927f9b73a727641f4a8313da61de15e9b
io.github.linpeilie	mapstruct-plus-processor	1.1.8		1c5828341b1efabe240220d0c29e13634e6ec007
io.github.linpeilie	mapstruct-plus-processor	1.1.9		569551753e90229b00f72273a72733ba45cc14f0
io.github.linpeilie	mapstruct-plus-processor	1.2.0		827e65d239e84eddf534f5be18763ba142fa581d
io.github.linpeilie	mapstruct-plus-processor	1.2.1		3d71769075cd9256d0eb50ab1c10af94c9ee0f36
io.github.linpeilie	mapstruct-plus-processor	1.2.2		9b5be44a5a7c07025ca1a8481b92365c70fa880c
io.github.linpeilie	mapstruct-plus-processor	1.2.3		cb59ce45dc0d3cefdf4276c13199275565e94960
io.github.linpeilie	mapstruct-plus-processor	1.2.4		5616aafb707b26cc4db05f57e7dc9defb0673418
io.github.linpeilie	mapstruct-plus-processor	1.2.5		d8f8a65848ff1b60f33493332a5be9935b9a1ccf
io.github.linpeilie	mapstruct-plus-processor	1.3.0		b5034bc7ce82de6c11b1502ed902f1c1318d5efe
io.github.linpeilie	mapstruct-plus-processor	1.3.1		8007a975c3118d009b982451511a107b126de7d5
io.github.linpeilie	mapstruct-plus-processor	1.3.2		8dc25951635e937d698157e4edae339ba6bf8693
io.github.linpeilie	mapstruct-plus-processor	1.3.3		7f5e39550b08868e26512617ddffa8639325a30c
io.github.linpeilie	mapstruct-plus-processor	1.3.4		c995a06e83b7166eba012d0ddf6ff6de42a2f538
io.github.linpeilie	mapstruct-plus-processor	1.3.5		108e0a825e9aedf178b0d4fec4f343026acc75e2
io.github.linpeilie	mapstruct-plus-processor	1.3.6		23ed212c9bc59e39f82d961eea046a38a407fee6
io.github.linpeilie	mapstruct-plus-processor	1.4.0		07ba00f9826f301e6aef354f2318aa41cea0b619
io.github.linpeilie	mapstruct-plus-processor	1.4.0-R1		45731b13a75606869fd9abc73d813c9699868b0c
io.github.linpeilie	mapstruct-plus-processor	1.4.1		24a73f75c9bfd76ed153eb56fd3494cb42e97c98
io.github.linpeilie	mapstruct-plus-processor	1.4.2		cbf67ff59c1e87f171d320d742dd75e07fe874b5
io.github.linpeilie	mapstruct-plus-processor	1.4.3		30ad050df2b4e18d6b43ec0dc960f7c1279bc595
io.github.linpeilie	mapstruct-plus-processor	1.4.4		4f5e3b9d8a67e909afe7e3e9df09a139c0570b8c
io.github.linpeilie	mapstruct-plus-processor	1.4.5		8829b366d41fec31acc5100829d2746c849ba2f6
io.github.linpeilie	mapstruct-plus-processor	1.4.6		e1328a9713922a8f4d33ceb6a55d6d29cfde2d42
io.github.linpeilie	mapstruct-plus-processor	1.4.8		e09dba0c8e880ed25c892c25d3f61d1bd9b821e4
io.github.nafg.grist	grist-core_3	0.4.1		9e0fa960f09d9d71ec32e95e46e31c036a9a76cb
io.github.nafg.grist	grist-core_3	0.5.0		550c89e3884efc2555639f49b9eacd7626d2b365
io.github.sikrinick	sally-jvm	1.0.0		8f5df1587899b2f5db70778ad961a4a85e1b66ab
io.github.stefanfreitag	azureS3RepositoryArchiver	0.0.14		3dd5b0282b36a3575f390d508d1f915b044c63e5
io.github.stefanfreitag	azureS3RepositoryArchiver	0.0.15		c0e33f66fa20e95d178edbad3eb67130602f1583
io.github.stefanfreitag	azureS3RepositoryArchiver	0.0.16		b716578bdba690e64aebfe9f66aa95a5481cdb3d
io.github.stefanfreitag	azureS3RepositoryArchiver	0.0.17		8c4a264d27af9b11221645c29a8cf02f2d294c11
io.github.stefanfreitag	azureS3RepositoryArchiver	0.0.18		e23262955ca480b3174270f72f9708410534775d
io.github.stefanfreitag	azureS3RepositoryArchiver	0.0.19		a98d699b516e7ec24555f7a9b66052ebf3af6e3b
io.github.stefanfreitag	azureS3RepositoryArchiver	0.0.20		81f6cf9dcba501c76eda33eb739b328cdf4019f9
io.github.stefanfreitag	azureS3RepositoryArchiver	0.0.21		1125ae0918b3a606a2ecdfe180a9f65ebf198fcf
io.github.stefanfreitag	azureS3RepositoryArchiver	0.0.22		ecdf7315a3267a1b7eb890f854ddcd602680ed41
io.github.stefanfreitag	azureS3RepositoryArchiver	0.0.23		ba13276421999102882355ca928e3574c833192c
io.github.stefanfreitag	azureS3RepositoryArchiver	0.0.24		a0ffd4e914dafce0d53bd58f2429f3fb573a7f74
io.github.stefanfreitag	azureS3RepositoryArchiver	0.0.25		170c8d306ab6e4037a4fac504a939f563f84c460
io.github.stefanfreitag	azureS3RepositoryArchiver	1.0.0		524b0e8f5138cae02b19164c03e549d2c878b60d
io.github.stefanfreitag	azureS3RepositoryArchiver	1.0.1		57bf8ff3a92b5eaf672a6aef6744b583ab5fa202
io.github.stefanfreitag	azureS3RepositoryArchiver	1.0.2		fa5c54ea13127d2a55ae8493f3a0198b0c78b9c3
io.github.stefanfreitag	azureS3RepositoryArchiver	1.0.3		8fd7b315913c696e54a2148474df3ef26bfa1c2e
io.github.stefanfreitag	azureS3RepositoryArchiver	1.1.0		035aeecbbfe257c22ab34c3965465842e512cba6
io.github.stefanfreitag	azureS3RepositoryArchiver	1.2.0		a6d26ce76318f00444fd5ab9491642ec4f88df0f
io.github.stefanfreitag	azureS3RepositoryArchiver	1.2.1		f547f1b93c5dc7d62f122191fe58938e9b9a8c5b
io.github.stefanfreitag	azureS3RepositoryArchiver	1.3.0		c8eb1a03fd0e08ca0c3d486b93779f0bae3249f2
io.github.stefanfreitag	azureS3RepositoryArchiver	1.3.1		7cbb6ca56976720202068c7f9b4e436ae1ecb48b
io.github.stefanfreitag	azureS3RepositoryArchiver	1.3.2		e945dcdf41d2068802942f6ff071124743f2026e
io.github.stefanfreitag	azureS3RepositoryArchiver	1.4.0		957b468f3a63d32bc74af66a508657ccc35dc8c4
io.github.stefanfreitag	azureS3RepositoryArchiver	1.5.0		499b391f77e04c9d07e0b22030a6a74b5d2993ef
io.github.stefanfreitag	azureS3RepositoryArchiver	1.5.1		3a480409a70a496a0e44f3b68aa2e0b37b835586
io.github.stefanfreitag	azureS3RepositoryArchiver	1.5.10		d3ce37e9584bbe448ae4293a134f0d0f6d0a192d
io.github.stefanfreitag	azureS3RepositoryArchiver	1.5.11		9f404c42390b85dd2c7158d2924619ab3065e0d1
io.github.stefanfreitag	azureS3RepositoryArchiver	1.5.12		186201d396d8486f3b8e5c79d45082445d9737c8
io.github.stefanfreitag	azureS3RepositoryArchiver	1.5.13		36e58505a12303be9857ee01eb166ddeaa4eacd3
io.github.stefanfreitag	azureS3RepositoryArchiver	1.5.2		dc895f5f16078e607c78ddb6e89957db5cf34e4a
io.github.stefanfreitag	azureS3RepositoryArchiver	1.5.3		1b059d5ebb1cfe96f9d8bb142c066f10d5620087
io.github.stefanfreitag	azureS3RepositoryArchiver	1.5.4		5ac3dfafca27058e46c9cc87ee6dd8cca4991fd4
io.github.stefanfreitag	azureS3RepositoryArchiver	1.5.5		0785c3c5ca574d534c2df091f13a0bbf8f228d42
io.github.stefanfreitag	azureS3RepositoryArchiver	1.5.6		ae059caa1d6ef343fa50e2a0d19343bd57e85ad2
io.github.stefanfreitag	azureS3RepositoryArchiver	1.5.7		3a563ec707c0e5e85b1ee5ae402e56c66d49fd62
io.github.stefanfreitag	azureS3RepositoryArchiver	1.5.8		13c792d6ed90e60d99b452b50dac5b067fe6647a
io.github.stefanfreitag	azureS3RepositoryArchiver	1.5.9		69c8bb516e0936aeb4de9f748ddb2ac58fa34d50
io.github.stefanfreitag	azureS3RepositoryArchiver	1.6.0		64f47788513dff8c92255b716b9494f08ebb83ce
io.github.stefanfreitag	azureS3RepositoryArchiver	1.6.1		d5ff2f0ba2d56623b880491090956925ceea3251
io.github.stefanfreitag	azureS3RepositoryArchiver	1.6.10		764f68cd86f70bf580461c59887ce8fc86ce6880
io.github.stefanfreitag	azureS3RepositoryArchiver	1.6.11		4b345302c9d4f26684bebf4e86a54a193957cf33
io.github.stefanfreitag	azureS3RepositoryArchiver	1.6.12		ddeb24121dc12519a05bed77f2be577740019de1
io.github.stefanfreitag	azureS3RepositoryArchiver	1.6.13		104c3b82b8d734d9986a0e9bbfa24e99c4f8299b
io.github.stefanfreitag	azureS3RepositoryArchiver	1.6.14		894cfe8a9dfeb0e104cfbbc7f237de29cf99322a
io.github.stefanfreitag	azureS3RepositoryArchiver	1.6.15		7a23d34a7a69099cf89f57851b03127194e2bc93
io.github.stefanfreitag	azureS3RepositoryArchiver	1.6.16		cd285c02b11fc2071cdc95814cabe9f1327fb3fd
io.github.stefanfreitag	azureS3RepositoryArchiver	1.6.17		086b46e4a77c6f3d71f0f27474688f1921996d50
io.github.stefanfreitag	azureS3RepositoryArchiver	1.6.18		9fa61e8a0206faab3f14e6b726ba510af0c045e6
io.github.stefanfreitag	azureS3RepositoryArchiver	1.6.19		cac0dd7de8fbc883ce93b59f3519c145f51185c5
io.github.stefanfreitag	azureS3RepositoryArchiver	1.6.2		992614518e2f2e9e84d70f947a56d7a89f796283
io.github.stefanfreitag	azureS3RepositoryArchiver	1.6.20		23487e7d621a586ed47b291113d9eacbdc8dd928
io.github.stefanfreitag	azureS3RepositoryArchiver	1.6.21		d7e7121e241b07ecd5faac86d61c0a3623fea883
io.github.stefanfreitag	azureS3RepositoryArchiver	1.6.22		77a1d0394582c70d96845331979aa1ca2eac20a0
io.github.stefanfreitag	azureS3RepositoryArchiver	1.6.3		e0f263e4ab81901077a36adfac21dacd34b7d2f5
io.github.stefanfreitag	azureS3RepositoryArchiver	1.6.4		1247fa538882439fd6208cac8a8549ed8561404a
io.github.stefanfreitag	azureS3RepositoryArchiver	1.6.5		a95c38249835b97f422fc802e61136fa0ecf692b
io.github.stefanfreitag	azureS3RepositoryArchiver	1.6.6		9482d7b69a140905260f0a9c3c5235c6f2592232
io.github.stefanfreitag	azureS3RepositoryArchiver	1.6.7		7a14f15d440cd7953763496f446a868c0376c3f1
io.github.stefanfreitag	azureS3RepositoryArchiver	1.6.8		5d9b4d319033565887d9ad658538b8dda12481ae
io.github.stefanfreitag	azureS3RepositoryArchiver	1.6.9		6580b561a6181ca8c6c9f042632489b6bab42b92
io.leopard	leopard-chart	0.9.10		d2b9da4724c74fc0f0d52f8939e60a37c57057b5
io.leopard	leopard-chart	0.9.11		071341071016e30a57098ac2b807c0999e7a5bb1
io.leopard	leopard-chart	0.9.12		67bbf0acbe32afff0a15ba6e847174e3f00aa99d
io.matthewnelson.kmp-tor	resource-exec-tor-iossimulatorarm64	408.12.0		N/A
io.matthewnelson.kmp-tor	resource-exec-tor-iossimulatorarm64	408.12.0	metadata	d8453879a64abde120099797bb6e3dc6858f6409
io.matthewnelson.kmp-tor	resource-exec-tor-iossimulatorarm64	408.13.0		N/A
io.matthewnelson.kmp-tor	resource-exec-tor-iossimulatorarm64	408.13.0	metadata	d8453879a64abde120099797bb6e3dc6858f6409
io.matthewnelson.kmp-tor	resource-exec-tor-iossimulatorarm64	408.13.1		N/A
io.matthewnelson.kmp-tor	resource-exec-tor-iossimulatorarm64	408.13.1	metadata	d8453879a64abde120099797bb6e3dc6858f6409
io.matthewnelson.kmp-tor	resource-exec-tor-iossimulatorarm64	408.13.2		N/A
io.matthewnelson.kmp-tor	resource-exec-tor-iossimulatorarm64	408.13.2	metadata	d8453879a64abde120099797bb6e3dc6858f6409
io.matthewnelson.kmp-tor	resource-exec-tor-iossimulatorarm64	408.14.0		N/A
io.matthewnelson.kmp-tor	resource-exec-tor-iossimulatorarm64	408.14.0	metadata	8ac219ed6293ddecd4404d747f88d0c3d50fab65
io.matthewnelson.kmp-tor	resource-exec-tor-iossimulatorarm64	408.15.0		N/A
io.matthewnelson.kmp-tor	resource-exec-tor-iossimulatorarm64	408.15.0	metadata	8ac219ed6293ddecd4404d747f88d0c3d50fab65
io.matthewnelson.kmp-tor	resource-exec-tor-iossimulatorarm64	408.16.0		N/A
io.matthewnelson.kmp-tor	resource-exec-tor-iossimulatorarm64	408.16.0	metadata	8ac219ed6293ddecd4404d747f88d0c3d50fab65
io.nemesis.platform.module	nemesis-module-voucher	2.3.19.RELEASE		8c730e62b83e44a72b267953e81c96adb4a15991
io.nemesis.platform.module	nemesis-module-voucher	2.3.20.RELEASE		f0755627c39b0253efa195c43506efc1fd8919fb
io.streamthoughts	kafka-clients-kotlin	0.1.0		e07e15aff6d02ee9b0ee9ebfe28d6f841315a169
io.streamthoughts	kafka-clients-kotlin	0.2.0		d2f97a13a4c9b1a9278c625cf30125487a7a6525
link.thingscloud	netty-remoting-example	0.1.0		0759d065e0f913cafb80dd68e52a373a57b4d04a
net.solarnetwork.node	net.solarnetwork.node.datum.gss.cozir	2.0.0		6bafec77258f9060c0a8034751cb6d5928b590f3
net.solarnetwork.node	net.solarnetwork.node.datum.gss.cozir	3.0.0		cc6c1b3ef803c0620f50d3d8151d02d1de1084b7
net.solarnetwork.node	net.solarnetwork.node.datum.gss.cozir	3.0.1		be5bd1ff988c04df30aa83dfec54559d58fe475e
nl.paultegelaar.liquid.relay	liquid-relay-camel	1.0.2		57dd15e70800be51e4b8b732e6baf1579a355194
nl.paultegelaar.liquid.relay	liquid-relay-camel	1.0.4		a55e27a011f79b74223f232c5b86d4ce528b16dd
no.sparebank1.troxy	troxy-core	0.0.993		ef2bbc7ca9e059c3d5d110b129c3381b298b5d66
no.sparebank1.troxy	troxy-core	0.0.994		cfb1b90d7fd4629d2d0c02e973beb1e4ceccdc72
no.sparebank1.troxy	troxy-core	3.1.112		7f0dd924bbeefee3f50a16c3a1077d8fe4534623
no.sparebank1.troxy	troxy-core	3.1.115		7239925e26b6ec7718efe37f9abc7fb00516fa99
no.sparebank1.troxy	troxy-core	3.1.118		57a493ce42083e7672b672acf203b352c227aaf6
no.sparebank1.troxy	troxy-core	3.1.129		deefe327846cf45f3c198aa6cb3ae62286c8ab4f
no.sparebank1.troxy	troxy-core	3.1.135		15540dc90e924bc5b72bb8de1d0ac604aa944961
no.sparebank1.troxy	troxy-core	3.1.146		8092af3f982b82f9b5a1e01aa5396a5d30778693
no.sparebank1.troxy	troxy-core	3.1.149		3762174ab28a4cb7328fbff64108ec7e132cef18
no.sparebank1.troxy	troxy-core	3.1.39		97d2825b6f7a8f73fb1780e8a3d4ac07a1ce6340
no.sparebank1.troxy	troxy-core	3.1.58		11bb14c5f8e31171e378a58d9913eae9c2f88f93
no.sparebank1.troxy	troxy-core	3.1.61		7da2872648857a20dfa7bbe993c89652288102b2
no.sparebank1.troxy	troxy-core	3.1.63		97374d02eee0bde8e0f547e9141e635eb0b13776
no.sparebank1.troxy	troxy-core	3.1.66		9fd1aca150489ce8b392fe6476b927476182dc08
no.sparebank1.troxy	troxy-core	3.1.71		113ed02e8a4c51e6b40bf717db1c6e72751888a8
no.sparebank1.troxy	troxy-core	3.1.72		d746483108c3c6cfc7e5ab43da8cfbad21a811ba
no.sparebank1.troxy	troxy-core	3.1.74		8043b7696f2d0e7f1dcfdb38bf8ae7efdf42c081
no.sparebank1.troxy	troxy-core	3.1.76		1c22dd5919a6699976010640dbf7438109febb4f
no.sparebank1.troxy	troxy-core	3.1.78		39759bbf0fffcfa52581d41b9aec3f54569fd131
no.sparebank1.troxy	troxy-core	3.1.80		900d969b7b2122e6797b4404a21a8f54545c16d4
no.sparebank1.troxy	troxy-core	3.1.88		bb9a235f6f39e0976cb50272b5847e9ede9293a5
no.sparebank1.troxy	troxy-core	3.1.92		3ed1aaf80b59e04bee0e8b0fce4bab95de31d644
no.sparebank1.troxy	troxy-core	3.1.95		d4b81f4a91d62f8fc252252fbf86e6fca1e7ac9d
no.sparebank1.troxy	troxy-core	3.1.98		1e59c3fbe3f003ac7e66187c20aed1f7ece375d3
no.sparebank1.troxy	troxy-core	3.2.14		3970532d393d3b7161c8ef3027bed8de69fd10ea
no.sparebank1.troxy	troxy-core	3.2.15		0aef1aebae30f9d62068b521c8d9f337e78384d0
no.sparebank1.troxy	troxy-core	3.2.25		9014dee2d9e1dd9854eb0073231d581e39a525c6
no.sparebank1.troxy	troxy-core	3.2.33		7c7b8e469a1f8d778d0c00f5b39f24280929e080
no.sparebank1.troxy	troxy-core	3.2.46		cd62e374fbfbdc96d357edbdda80893e20d0c1e0
no.sparebank1.troxy	troxy-core	3.2.49		77dc5265bffc7c2dac7c67480f7772745f32ceaa
no.sparebank1.troxy	troxy-core	3.2.9		1853812bd6c280a0c86c160f4fe49b916d1dd11b
org.apache.ranger	conditions-enrichers	0.6.0		1480c56f28ec9e037e708684aa74a9384db08aa8
org.apache.ranger	conditions-enrichers	0.6.1		40757e10e1b51ec62264d6ea52deb7024e1ed68c
org.apache.ranger	conditions-enrichers	0.6.2		4005725e1d606a1913d8f09534b911543711084b
org.apache.ranger	conditions-enrichers	0.6.3		807b4ff0c76c66796c5b4f183028247fa21ae774
org.apache.ranger	conditions-enrichers	0.7.0		18ef2c11f5f02a57860bfba4582f1875c4ddd8ba
org.apache.ranger	conditions-enrichers	0.7.1		1358e5f08bd724ca7ef362fd9f331bd74a03dc43
org.apache.ranger	conditions-enrichers	1.0.0		e8d518d3e2f59b1d3c591e09a2c5e29af32709a8
org.apache.ranger	conditions-enrichers	1.1.0		a26722fb27f65810097bf6856689082c30f84397
org.apache.ranger	conditions-enrichers	1.2.0		3baff9a0e3b28e22a4fa75dcd3a2506abd6fd5e3
org.apache.ranger	conditions-enrichers	2.0.0		83b8edfa160180ca053521b5f9ea868c36f8fb59
org.apache.ranger	conditions-enrichers	2.1.0		f971d7924bade21fcd41952a76dbe223c21103d0
org.apache.ranger	conditions-enrichers	2.2.0		8c73bae776e0db8403c8673225211a56e96e3320
org.apache.ranger	conditions-enrichers	2.3.0		d3c2e38ef97db60565a3759822048e903f73b687
org.apache.ranger	conditions-enrichers	2.4.0		5e968b87be3cd09f3c81f7ac8c5a8c1fc010c777
org.apache.ranger	conditions-enrichers	2.5.0		bfc4bdb191229cf333032ea7823cb08aaa757744
org.apache.ranger	conditions-enrichers	2.6.0		15ea2f8265b5c87b4850b9bf302bc2df6185490e
org.bithon.agent	agent-plugin-spring-bean	1.1.0-RELEASE		1b2ff048f4a95233e7e9e306a3956ed0679239a2
org.bondolo	cowans7	2		bdb80224a123fb8b65b50a23fc2249043b0ebfc2
org.camunda.bpm.extension	camunda-bpm-mockito	1.0		210d7bb9fcb0177412c7aad7a3fbab06c0032dc7
org.camunda.bpm.extension	camunda-bpm-mockito	2.0		181fcfac0d8e52586e6145acd1bf6b6d00b64ba5
org.camunda.bpm.extension	camunda-bpm-mockito	2.1		09725977dda787c02bb6331f1ff9743bef82fad7
org.camunda.bpm.extension	camunda-bpm-mockito	2.2		2c04fff2e75abf6a173a4470f639d6d165198dd2
org.dashbuilder	dashbuilder-backend	0.1.0.Final		N/A
org.dashbuilder	dashbuilder-backend	0.1.1.Final		N/A
org.dashbuilder	dashbuilder-backend	0.1.2.Final		N/A
org.dashbuilder	dashbuilder-backend	0.1.3.Final		N/A
org.dashbuilder	dashbuilder-backend	0.1.4.Alpha1		N/A
org.dashbuilder	dashbuilder-backend	0.1.4.CR1		N/A
org.dashbuilder	dashbuilder-backend	0.1.4.CR2		N/A
org.dashbuilder	dashbuilder-backend	0.2.0.CR1		N/A
org.dashbuilder	dashbuilder-backend	0.2.0.CR2		N/A
org.dashbuilder	dashbuilder-backend	0.2.0.CR3		N/A
org.dashbuilder	dashbuilder-backend	0.2.0.Final		N/A
org.dashbuilder	dashbuilder-backend	0.2.1.Final		N/A
org.dashbuilder	dashbuilder-backend	0.2.2.Final		N/A
org.dashbuilder	dashbuilder-backend	0.3.0.Beta1		N/A
org.dashbuilder	dashbuilder-backend	0.3.0.Beta2		N/A
org.dashbuilder	dashbuilder-backend	0.3.0.CR1		N/A
org.dashbuilder	dashbuilder-backend	0.3.0.CR2		N/A
org.dashbuilder	dashbuilder-backend	0.3.0.CR3		N/A
org.dashbuilder	dashbuilder-backend	0.3.0.CR4		N/A
org.dashbuilder	dashbuilder-backend	0.3.0.Final		N/A
org.dashbuilder	dashbuilder-backend	0.3.1.Final		N/A
org.dashbuilder	dashbuilder-backend	0.3.2.Final		N/A
org.dashbuilder	dashbuilder-backend	0.3.3.Final		N/A
org.dashbuilder	dashbuilder-backend	0.3.4.Final		N/A
org.dashbuilder	dashbuilder-backend	0.4.0.Beta1		N/A
org.dashbuilder	dashbuilder-backend	0.4.0.Beta2		N/A
org.dashbuilder	dashbuilder-backend	0.4.0.CR1		N/A
org.dashbuilder	dashbuilder-backend	0.4.0.CR2		N/A
org.dashbuilder	dashbuilder-backend	0.4.0.Final		N/A
org.dashbuilder	dashbuilder-backend	0.5.0.Beta1		N/A
org.dashbuilder	dashbuilder-backend	0.5.0.CR1		N/A
org.dashbuilder	dashbuilder-backend	0.5.0.CR2		N/A
org.dashbuilder	dashbuilder-backend	0.5.0.Final		N/A
org.dashbuilder	dashbuilder-backend	0.6.0.Beta1		N/A
org.dashbuilder	dashbuilder-backend	0.6.0.Beta2		N/A
org.dashbuilder	dashbuilder-backend	0.6.0.Beta3		N/A
org.dashbuilder	dashbuilder-backend	0.6.0.Beta4		N/A
org.dashbuilder	dashbuilder-backend	0.6.0.Beta5		N/A
org.dashbuilder	dashbuilder-backend	0.6.0.Beta6		N/A
org.dashbuilder	dashbuilder-backend	0.6.0.Beta7		N/A
org.dashbuilder	dashbuilder-backend	0.6.0.Beta8		N/A
org.dashbuilder	dashbuilder-backend	0.6.0.CR1		N/A
org.dashbuilder	dashbuilder-backend	0.6.0.CR2		N/A
org.dashbuilder	dashbuilder-backend	0.6.0.CR3		N/A
org.dashbuilder	dashbuilder-backend	0.6.0.Final		N/A
org.dashbuilder	dashbuilder-backend	0.7.0.Beta1		N/A
org.dashbuilder	dashbuilder-backend	0.7.0.Beta2		N/A
org.dashbuilder	dashbuilder-backend	0.7.0.Beta3		N/A
org.dashbuilder	dashbuilder-backend	0.7.0.Final		N/A
org.dashbuilder	dashbuilder-backend	0.8.0.Final		N/A
org.dashbuilder	dashbuilder-backend	0.9.0.Final		N/A
org.dashbuilder	dashbuilder-backend	1.0.0.Final		N/A
org.dashbuilder	dashbuilder-backend	2.10.0.Final		N/A
org.dashbuilder	dashbuilder-backend	2.11.0.Final		N/A
org.dashbuilder	dashbuilder-backend	2.12.0.Final		N/A
org.dashbuilder	dashbuilder-backend	2.13.0.Final		N/A
org.dashbuilder	dashbuilder-backend	2.14.0.Final		N/A
org.dashbuilder	dashbuilder-backend	2.15.0.Final		N/A
org.dashbuilder	dashbuilder-backend	2.16.0.Final		N/A
org.dashbuilder	dashbuilder-backend	2.17.0.Final		N/A
org.dashbuilder	dashbuilder-backend	2.18.0.Final		N/A
org.dashbuilder	dashbuilder-backend	2.19.0.Final		N/A
org.dashbuilder	dashbuilder-backend	2.2.0.Final		N/A
org.dashbuilder	dashbuilder-backend	2.20.0.Final		N/A
org.dashbuilder	dashbuilder-backend	2.3.0.Final		N/A
org.dashbuilder	dashbuilder-backend	2.4.0.Final		N/A
org.dashbuilder	dashbuilder-backend	2.5.0.Final		N/A
org.dashbuilder	dashbuilder-backend	2.6.0.Final		N/A
org.dashbuilder	dashbuilder-backend	2.7.0.Final		N/A
org.dashbuilder	dashbuilder-backend	2.8.0.Final		N/A
org.dashbuilder	dashbuilder-backend	2.9.0.Final		N/A
org.jvnet.ogc	gml-v_3_2_0-schema	1.0.0		12dab51d8693d1891af45f0eb45ede4d8e36efb3
org.jvnet.ogc	gml-v_3_2_0-schema	1.0.2		ef81dae1ac9f1ea62990c49990bc6d3d1c9ef13c
org.jvnet.ogc	gml-v_3_2_0-schema	1.0.3		d8aa24cffcbe147616763e4df943e8c48d8292f6
org.jvnet.ogc	gml-v_3_2_0-schema	1.1.0		c9ec784d46d03b2bb0a9af00ce73fdac8830d087
org.kotlincrypto.random	crypto-rand-androidnativex86	0.4.0		N/A
org.kotlincrypto.random	crypto-rand-androidnativex86	0.5.0		N/A
org.ligoj.plugin	plugin-prov-google	0.0.1		e4e3cb2c4735c4574909957aeb26d3c04e63df7f
org.ligoj.plugin	plugin-prov-google	0.0.2		73b138eeada3b88e8861fe947470a532b1f96d4b
org.ligoj.plugin	plugin-prov-google	1.0.0		2f906fe8cb8761e4ba1bd727b543d08d9e64e29e
org.ligoj.plugin	plugin-prov-google	1.0.1		a65930b8482e4edff0606ba044f9ae0c60afe0bd
org.mule.transports	mule-transports	3.1.0		N/A
org.mule.transports	mule-transports	3.1.1		N/A
org.mule.transports	mule-transports	3.1.2		N/A
org.mule.transports	mule-transports	3.2.0		N/A
org.mule.transports	mule-transports	3.2.0-M1		N/A
org.mule.transports	mule-transports	3.3-M1		N/A
org.mule.transports	mule-transports	3.3-M2		N/A
org.mule.transports	mule-transports	3.3.0		N/A
org.mule.transports	mule-transports	3.3.0-EA		N/A
org.mule.transports	mule-transports	3.3.0-RC1		N/A
org.mule.transports	mule-transports	3.3.0-RC2		N/A
org.mule.transports	mule-transports	3.3.0-RC3		N/A
org.mule.transports	mule-transports	3.3.1		N/A
org.mule.transports	mule-transports	3.4-M1		N/A
org.mule.transports	mule-transports	3.4.0		N/A
org.mule.transports	mule-transports	3.4.0-RC1		N/A
org.mule.transports	mule-transports	3.5.0-bighorn		N/A
org.mule.transports	mule-transports	3.5.0-bighorn-RC3		N/A
org.mule.transports	mule-transports	3.9.0		N/A
org.scalameta	semanticdb-metacp_2.12.18	4.10.0		3c7d54701a86b6544c62e470cd659ea3129857fb
org.scalameta	semanticdb-metacp_2.12.18	4.10.1		52e994e770b95afaa16b965dfd9fcc13e26036fc
org.scalameta	semanticdb-metacp_2.12.18	4.10.2		6b6b8ef0ad0b8a58178f15167a9c8056d9c0ef28
org.scalameta	semanticdb-metacp_2.12.18	4.11.0		5b199a152e942501b836b5cb8015c521012f4a73
org.scalameta	semanticdb-metacp_2.12.18	4.11.1		3b2587e789e7e7d8a64be8523bc4f4ef224d443d
org.scalameta	semanticdb-metacp_2.12.18	4.11.2		86f15ce861997b1bbf64639ade016ff8e0736c68
org.scalameta	semanticdb-metacp_2.12.18	4.12.0		524da64f310bfab36f9a77a8429bcc8002164878
org.scalameta	semanticdb-metacp_2.12.18	4.12.1		39456c3056b59e4286d7f5f74ed3ef21c62bfdc9
org.scalameta	semanticdb-metacp_2.12.18	4.12.2		5ad25c59976d75f53f6ade17ba5298b61d02e716
org.scalameta	semanticdb-metacp_2.12.18	4.12.3		2538d30538e2a4c8762cec3a13dbbcdea5558dfd
org.scalameta	semanticdb-metacp_2.12.18	4.12.4		a66f34a6be432c443214aff8a98dc9809dd4ecbb
org.scalameta	semanticdb-metacp_2.12.18	4.12.4.1		df6c0dc9b9068c1a8b6f00035235baf98f1eded7
org.scalameta	semanticdb-metacp_2.12.18	4.12.5		eecdb7b3f46feb9e14fe0e24837144f6b9ae539f
org.scalameta	semanticdb-metacp_2.12.18	4.12.6		3f8851afe44dc6935a406b707228af97d4d3f6d6
org.scalameta	semanticdb-metacp_2.12.18	4.12.7		f234420910082de1a680b4f6ec48b540f75d12c6
org.scalameta	semanticdb-metacp_2.12.18	4.13.0		89d1ef332d4acdc61443abbc09c93b356d4ebf66
org.scalameta	semanticdb-metacp_2.12.18	4.13.1		89cdaee4bbb7252360d145403a2c0bc49fc66318
org.scalameta	semanticdb-metacp_2.12.18	4.13.1.1		96a88a7a21915b4e036139c146c7b6bf82acbd7b
org.scalameta	semanticdb-metacp_2.12.18	4.13.2		4fce0af82ab0ad06bc392ba302de4fe9193dea83
org.scalameta	semanticdb-metacp_2.12.18	4.13.3		b97710bc70065514d596da27494ead3962d6ab00
org.scalameta	semanticdb-metacp_2.12.18	4.13.4		633730876c48ce14f831de8342e7d681032c8842
org.scalameta	semanticdb-metacp_2.12.18	4.13.5		f58a2d315c6bb5f40a2fd459e0e55696bfe78d9a
org.scalameta	semanticdb-metacp_2.12.18	4.9.9		7511641c460537e49539b35538b13101f5c09c42
org.scalaz	scalaz-tests_2.10.0-RC3	7.0.0-M5		6232e00e74c3cb4e239dd5a08a569ad78dd6880b
org.springframework.roo	org.springframework.roo.addon.dod.addon	2.0.0.M1		2444d9724489b8c4d5cc83ac437b96ef4d5572df
org.springframework.roo	org.springframework.roo.addon.dod.addon	2.0.0.M2		f96c921070580a2a473df20c7f61e1c561020449
org.springframework.roo	org.springframework.roo.addon.dod.addon	2.0.0.M3		3b14371c6e8fba691e597fbf782c941465dcd9f9
org.webjars.bower	AngularJS-Toaster	0.4.12		756f693eacd5777208ec0f8734ab8367041bda58
org.webjars.bower	AngularJS-Toaster	2.0.0		72d23fa25f89e598fa68f5c70ea34c820f01a034
org.wisdom-framework	wisdom-ractivejs-maven-plugin	0.1.2		7fde58ece23f74747f94208639195c838f33ae50
org.wisdom-framework	wisdom-ractivejs-maven-plugin	0.1.4		5762c26e21baf21f219226f58786868e815de5ed
ru.krindra	VkNorthTypes-jvm	0.2.1		aadb7b4a579341e17cf97825f0b229d4f5f7571d
ru.krindra	VkNorthTypes-jvm	0.2.6		aadb7b4a579341e17cf97825f0b229d4f5f7571d
ru.krindra	VkNorthTypes-jvm	0.7		aadb7b4a579341e17cf97825f0b229d4f5f7571d
ru.krindra	VkNorthTypes-jvm	0.7.1		ca7e6dcfbf55d819259bdc132dc65b56aeb370cf
ru.krindra	VkNorthTypes-jvm	0.7.2-dev		074274bc7c373c2dcd179b8fd59e14754df35402
ru.krindra	VkNorthTypes-jvm	0.7.3-dev		074274bc7c373c2dcd179b8fd59e14754df35402
ru.krindra	VkNorthTypes-jvm	0.7.4-dev		4404cefe0d0dde9a89778eda04d515a9979faa89
ru.krindra	VkNorthTypes-jvm	0.8.0		b5512136d9dc9af42b1a52f95eff461ca8ea6e40
ru.krindra	VkNorthTypes-jvm	0.8.1-dev		896953c6721cd50d2ac551b98c4f7fc59043fccb
ru.krindra	VkNorthTypes-jvm	0.8.5		ecaaf4bcb5356d3837653d665dbe5e5b5213ebf8
ru.krindra	VkNorthTypes-jvm	0.8.6		5fae7e3eda92a2af57b818c6e23961f6f5bf6e40
ru.krindra	VkNorthTypes-jvm	0.8.7		88a1a7ef329c41b722d8cc14ec3330a23c07885e
ru.krindra	VkNorthTypes-jvm	0.9.2		ef7bd78a2b70dc92df658527db8f5ca379260c9a
ru.krindra	VkNorthTypes-jvm	0.9.3		944c98d4bd1323b1f01dc2efbf80df7fcc7301c2
ru.krindra	VkNorthTypes-jvm	0.9.5		bc33184869acd60b7f4dde7218acc97e5a1bca5b
ru.krindra	VkNorthTypes-jvm	0.9.6		22ac5ccd881efdae3693743156945545b4fac152
sh.almond	test-cross-3.3.0_2.13	0.14.0-RC11		044ac4f0b663bdc1fc7ded318ede4e6dc4b409fa
sh.almond	test-cross-3.3.0_2.13	0.14.0-RC12		3ee19362c747229e121ac6a179228573d0b599f6
sh.almond	test-cross-3.3.0_2.13	0.14.0-RC13		e1c221c3e7c58926f0f72ece7bed391d5d92694b
sh.almond	test-cross-3.3.0_2.13	0.14.0-RC14		13bb7a5708888cb74e6ab1b1bb6e713e2e4a9631
travel.wink	google-hotel-api-query	0.0.4		1b92ae0d93828e4e06d04dacc9bba873ae945417
tz.co.asoft	neat-validation-watchosx64	3.0.1		N/A
tz.co.asoft	neat-validation-watchosx64	3.0.1	metadata	7f77f72991ded28460ed42c62c8a2effd456c7ab
tz.co.asoft	neat-validation-watchosx64	3.0.11		N/A
tz.co.asoft	neat-validation-watchosx64	3.0.11	metadata	15f0e02d3582f197b5b5b7c268f234a28332e8a6
tz.co.asoft	neat-validation-watchosx64	3.0.12		N/A
tz.co.asoft	neat-validation-watchosx64	3.0.12	metadata	aace2c38aa5bd58c13eb6e9e6b8afaf15f6162d7
tz.co.asoft	neat-validation-watchosx64	3.0.13		N/A
tz.co.asoft	neat-validation-watchosx64	3.0.13	metadata	e6ff8caa07b32f7577f6df9c7eceb0257ddae123
tz.co.asoft	neat-validation-watchosx64	3.0.14		N/A
tz.co.asoft	neat-validation-watchosx64	3.0.14	metadata	6e258e23f318715e8d2e3aaec92f2f711636fa29
tz.co.asoft	neat-validation-watchosx64	3.0.15		N/A
tz.co.asoft	neat-validation-watchosx64	3.0.15	metadata	c3995977172c5b638faf30f259ee57c93e84dfe1
tz.co.asoft	neat-validation-watchosx64	3.0.2		N/A
tz.co.asoft	neat-validation-watchosx64	3.0.2	metadata	e1abeeb546895ed6904cf62de0b47bdd8be2a4b6
tz.co.asoft	neat-validation-watchosx64	3.0.3		N/A
tz.co.asoft	neat-validation-watchosx64	3.0.3	metadata	28408d104bd9f53910a9b3df276c3fc377fa5b4c
tz.co.asoft	neat-validation-watchosx64	3.0.4		N/A
tz.co.asoft	neat-validation-watchosx64	3.0.4	metadata	34cb5f651a6a62c96397dcd6504f28a65fc54416
tz.co.asoft	neat-validation-watchosx64	3.0.5		N/A
tz.co.asoft	neat-validation-watchosx64	3.0.5	metadata	f5382f788bcbede006d5f4d65d0374680b563f98
tz.co.asoft	neat-validation-watchosx64	3.0.6		N/A
tz.co.asoft	neat-validation-watchosx64	3.0.6	metadata	93d4a222d308d0b38f146ed8b95140fd5e22b4c2
tz.co.asoft	neat-validation-watchosx64	3.0.7		N/A
tz.co.asoft	neat-validation-watchosx64	3.0.7	metadata	02f19a9e89d2e17eb6983bbfa3dc227fea1c9179
tz.co.asoft	neat-validation-watchosx64	3.0.8		N/A
tz.co.asoft	neat-validation-watchosx64	3.0.8	metadata	a49fa5b2b5772309ac3769adcd9925018392cf91
tz.co.asoft	neat-validation-watchosx64	3.0.9		N/A
tz.co.asoft	neat-validation-watchosx64	3.0.9	metadata	90c80f212f5b3009a17fd981d2c6629296fcf040
tz.co.asoft	raven-outbox-client-macosx64	3.0.11		N/A
tz.co.asoft	raven-outbox-client-macosx64	3.0.11	metadata	02e2d736b78cb721388eb2d34757e5e6d616c947
tz.co.asoft	raven-outbox-client-macosx64	3.0.12		N/A
tz.co.asoft	raven-outbox-client-macosx64	3.0.12	metadata	c0d49dba6caf7349695ba88179825dc8e5e74417
tz.co.asoft	raven-outbox-client-macosx64	3.0.13		N/A
tz.co.asoft	raven-outbox-client-macosx64	3.0.13	metadata	0f8b685fb9761378866e90a7386c3acfb0ac9a89
tz.co.asoft	raven-outbox-client-macosx64	3.0.14		N/A
tz.co.asoft	raven-outbox-client-macosx64	3.0.14	metadata	fc4d4fc7e84a8bf5df49f3ead2d970161bc24e82
tz.co.asoft	raven-outbox-client-macosx64	3.0.15		N/A
tz.co.asoft	raven-outbox-client-macosx64	3.0.15	metadata	3b8a3ccbb67076511ad72555ad84618e0a82784a
tz.co.asoft	raven-outbox-client-macosx64	3.0.8		N/A
tz.co.asoft	raven-outbox-client-macosx64	3.0.8	metadata	b17309cb88317fb50a54b8840dbcdbe7779def8c
tz.co.asoft	raven-outbox-client-macosx64	3.0.9		N/A
tz.co.asoft	raven-outbox-client-macosx64	3.0.9	metadata	ffbedeeb85545bf4b1f1e3685c3f493617d12275
tz.co.asoft	raven-sms-kila-watchosarm64	3.0.11		N/A
tz.co.asoft	raven-sms-kila-watchosarm64	3.0.11	metadata	8c938685f1d32f4c46d79be26bfa7f7a9d35cf29
tz.co.asoft	raven-sms-kila-watchosarm64	3.0.12		N/A
tz.co.asoft	raven-sms-kila-watchosarm64	3.0.12	metadata	68c254fbe4b506a8e659dbf03111d64256c7b444
tz.co.asoft	raven-sms-kila-watchosarm64	3.0.13		N/A
tz.co.asoft	raven-sms-kila-watchosarm64	3.0.13	metadata	2862a219162a4d3f5152fa8a1c18e81addf08b87
tz.co.asoft	raven-sms-kila-watchosarm64	3.0.14		N/A
tz.co.asoft	raven-sms-kila-watchosarm64	3.0.14	metadata	3346418b81b8bdf662bf301c5870aead072839e0
tz.co.asoft	raven-sms-kila-watchosarm64	3.0.15		N/A
tz.co.asoft	raven-sms-kila-watchosarm64	3.0.15	metadata	b63bddc461d35cd0880c2e9f14f8700280a2fdb3
tz.co.asoft	raven-sms-kila-watchosarm64	3.0.8		N/A
tz.co.asoft	raven-sms-kila-watchosarm64	3.0.8	metadata	82827433564bb313a95f5262b7f87f00f1c64e6e
tz.co.asoft	raven-sms-kila-watchosarm64	3.0.9		N/A
tz.co.asoft	raven-sms-kila-watchosarm64	3.0.9	metadata	37197854154e37aa81df02f9891f5c7253730f1b
