br.com.objectos.oss-java17	objectos-core-logging	2.0.0		b20cb167ca545d7c2cbba0034e5ed7bbca7b6dc4
br.com.sdkopen	parent	1.0.0		N/A
cf.janga	java-fire-core	1.0.2		10660110b76a8672981e95d39567d633d23c6e70
cn.stylefeng.roses	kernel-core	1.0.0		d7e8065a71d2be3c84136134e3f85396d12be888
cn.stylefeng.roses	kernel-core	1.1.0		1ab2580bcd2b9f659fa9ffb597f73c1d4e89127c
cn.stylefeng.roses	kernel-core	1.1.1		db3236500dfea4d467fc0f2d29eea8a09c2c39fd
cn.stylefeng.roses	kernel-core	1.1.2		df0e6491635d9be9b297765d6c117ae2e3552884
cn.stylefeng.roses	kernel-core	1.1.3		d5c7b9372013a9af27e134d0471d011d5d7253f0
cn.stylefeng.roses	kernel-core	1.1.4		eca8ba8d78e8de1dc1e5a1277ce2d7d4f336b4c0
cn.stylefeng.roses	kernel-core	1.1.5		b87e65983bd4127b1dae55841e7dcb1146b7b659
cn.stylefeng.roses	kernel-core	1.2.0		1e4543c4b60a5c1108dddd3012b3bddd73e7d189
cn.stylefeng.roses	kernel-core	1.2.1		b599c21ca5a6197bdd962de0038e15df6a1da10b
cn.stylefeng.roses	kernel-core	1.2.2		72e51181efcb79d5ebdfc4c4b346aecf48f1a6be
cn.stylefeng.roses	kernel-core	1.2.4		e0015793c391840a158de0ad09ad390f7be9019f
cn.stylefeng.roses	kernel-core	1.2.5		d67a67b438c5c89c78f8cccc08a025fd1c70d881
cn.stylefeng.roses	kernel-core	1.2.6		77f5a034860c54ba6b82c3a48d1c42697c7ce159
cn.stylefeng.roses	kernel-core	1.2.7		67f4794f60dcf681aabd21d076de03653c76c541
cn.stylefeng.roses	kernel-core	1.2.8		8ed28f998796c371c908756bb4e1d7b9fbb2c954
cn.stylefeng.roses	kernel-core	1.2.9		a76328056541a3d33546563819b29e17e89fe84d
cn.stylefeng.roses	kernel-core	2.0.0		82a3c7b97cdae809bbb41bcfecff28096cf218d1
cn.stylefeng.roses	kernel-core	2.1.0		c1e81fd7595b473df9777f3ba3f3d8b6ded6e905
cn.stylefeng.roses	kernel-core	2.1.1		d1e88a2100b5522c06615ed258db4e97d05a9d15
cn.stylefeng.roses	kernel-core	2.1.2		90cdd67cf4b30a60b4d38ce1be121a053d39ad57
cn.stylefeng.roses	kernel-core	2.1.3		3b8c20fb502e516543b8d9006fcb11bd23492dbf
cn.stylefeng.roses	kernel-core	2.1.4		1204973e13002a26c06200bd43339290d69fa432
cn.stylefeng.roses	kernel-core	2.1.5		67f4a9e9ef013bad55419403f727bac4b95d5f6e
cn.stylefeng.roses	kernel-core	2.1.6		67dcc5ffacf8a308067e1bda1211f7a09168d7b5
cn.stylefeng.roses	kernel-core	2.1.7		a47235cdc4bc9552abef015a1ac393c23059c38b
cn.stylefeng.roses	kernel-core	2.1.8		9dc5b93a6974b8caf7ee8f4364e88821651670a1
cn.stylefeng.roses	kernel-core	2.2.1		1d7af98ced3a56ba50f503c88d6c80b1b241d6b6
cn.stylefeng.roses	kernel-core	2.2.10		9cbe4d434bc1aa94d24cff68e53b4ee843f8c7e4
cn.stylefeng.roses	kernel-core	2.2.11		722d13b05e40edbe7a23bf10fc58b7237c2ba4bc
cn.stylefeng.roses	kernel-core	2.2.12		a3bb6d6c4e159f144979a445226a7d1365888648
cn.stylefeng.roses	kernel-core	2.2.13		2706fd9a13219c54f10e76c5263b84a755f8b592
cn.stylefeng.roses	kernel-core	2.2.3		83767649d1edc21dfcb8c0cb2de333b2d6626d94
cn.stylefeng.roses	kernel-core	2.2.4		e2ce3b63074ed0907de1379a6dbf142d07a3cd89
cn.stylefeng.roses	kernel-core	2.2.5		16ab00b3356cf74854631a92b8c802220f2c1cc2
cn.stylefeng.roses	kernel-core	2.2.6		48e158a4b2130cf0833a3b8c05c8bb60f8ac7060
cn.stylefeng.roses	kernel-core	2.2.7		dfc47e15e68c063c5080cf6be01bf9da33286b6e
cn.stylefeng.roses	kernel-core	2.2.8		7d87712c971083997a8e4a018c0f7dce683ee52c
cn.stylefeng.roses	kernel-core	2.2.9		9ad2e5c9470c9695bb8a57b857d28c0212c490ee
com.adobe.campaign.tests.bridge.testdata	bridgeService-data	2.11.10		d1ab5febb0c4c46be80a6f790388e3a6bf0ac24f
com.adobe.campaign.tests.bridge.testdata	bridgeService-data	2.11.11		c80f3c5d20bc7c42009ca7dbae17863cd5ca00a7
com.adobe.campaign.tests.bridge.testdata	bridgeService-data	2.11.12		5c8368cecc0faec5bab313187ed7a1a3116298dc
com.adobe.campaign.tests.bridge.testdata	bridgeService-data	2.11.13		cae47c58425cf11fd5ada1af55c5ebc970e42bbc
com.adobe.campaign.tests.bridge.testdata	bridgeService-data	2.11.14		ede14f466ff122271a3c78b7cfb6f2b7a8066b5b
com.adobe.campaign.tests.bridge.testdata	bridgeService-data	2.11.15		157096447680f8bbc0e331572472836a0ffbee8a
com.adobe.campaign.tests.bridge.testdata	bridgeService-data	2.11.16		678c8f1a8e347a3ec0d0a9c12bc8630be227e184
com.adobe.campaign.tests.bridge.testdata	bridgeService-data	2.11.17		8a5937d95cab19270a39ba4483ffe7692d12b07f
com.adobe.campaign.tests.bridge.testdata	bridgeService-data	2.11.18		d71d1d63dc10078484f9bf48087cc100ff3aac3f
com.adobe.campaign.tests.bridge.testdata	bridgeService-data	2.11.19		40fa3821cb862f048d03fc620de00fa099943d54
com.alexandriasoftware.swing	jsplitbutton	1.3.0		957d3b3a13f026283c6d6b34075408fb9b471c47
com.alexandriasoftware.swing	jsplitbutton	1.3.1		7478679f23b0216bd22d5bcb8b10ec6d1d65abf7
com.codbex.chronos	codbex-chronos-parent	0.3.0		N/A
com.codbex.chronos	codbex-chronos-parent	0.4.0		N/A
com.codbex.chronos	codbex-chronos-parent	0.5.0		N/A
com.codbex.chronos	codbex-chronos-parent	0.5.1		N/A
com.codbex.chronos	codbex-chronos-parent	0.5.2		N/A
com.codbex.chronos	codbex-chronos-parent	0.5.3		N/A
com.codbex.chronos	codbex-chronos-parent	0.5.4		N/A
com.codbex.chronos	codbex-chronos-parent	0.5.5		N/A
com.comcast	ip4s-test-kit_sjs0.6_2.13	1.2.1		7531ef01793e9362119a665559cc52ecdd2fad33
com.comcast	ip4s-test-kit_sjs0.6_2.13	1.3.0		ef6f6c205d82d6e8ee9a45aa27471443c008dda8
com.gitee.chinasoft_ohos	UIWidget_widget_core	3.2.26		N/A
com.github.acierto	aciertoteam-osm	1.1.0		07284f287eb672335a42d42d2a11d62f560a1820
com.github.adetiamarhadi	mssc-brewery-eureka	0.0.1		3fc121d907c2caae0785ee0693be161afb156572
com.github.ghik	silencer-plugin_2.11	0.5		51ee04fb085485e09b86c2fe9647ad710d50d298
com.github.ghik	silencer-plugin_2.11	0.6		e4287a8e3e9ecd52751d6b103385d691bd08f320
com.github.ghik	silencer-plugin_2.11	1.0		bd6c715b0e25fa4b414d3fe73ebbb69b3d4b0f88
com.github.ghik	silencer-plugin_2.11	1.1		6587e05cbc2f798a9138f52793fb1123e4c96ec1
com.github.ghik	silencer-plugin_2.11	1.2		8c290f2e7e6f7852da91a62eea538fdee8a411bf
com.github.ghik	silencer-plugin_2.11	1.2.1		19169edfa831b33619eea2b327e6b90a121a310f
com.github.ghik	silencer-plugin_2.11	1.3.0		5ae4858c82326b583cb8e3d3a54575fa4d44d11d
com.github.ghik	silencer-plugin_2.11	1.3.1		057258280102b489ff15d202921d2e8df2f4ccfc
com.github.ghik	silencer-plugin_2.11	1.3.2		6abcc2c6d9a9e277c0f3de2b6212721854fa9f4a
com.github.ghik	silencer-plugin_2.11	1.3.3		c216afde37d433dc9e6140f7f305a1a10a970b99
com.github.ghik	silencer-plugin_2.11	1.3.4		55c9df6d250722f12ea27a84f8c8f04b0c8bb5b8
com.github.ghik	silencer-plugin_2.11	1.4.0		f221bdf4fae8cb4941bb8e81a5139433fede6f51
com.github.ghik	silencer-plugin_2.11	1.4.1		b99ca2039313070853984d8e934fd7cc30ae7cee
com.github.ghik	silencer-plugin_2.11	1.4.2		026403d81ed49654f115ac17b52343ffbf0dd34b
com.github.harmonicinc-com	extension-workmanager	2.11.${env.BUILD_NUMBER}		N/A
com.github.harmonicinc-com	extension-workmanager	2.11.11		N/A
com.github.harmonicinc-com	extension-workmanager	2.11.12		N/A
com.github.harmonicinc-com	extension-workmanager	2.11.21		N/A
com.github.harmonicinc-com	extension-workmanager	2.11.25		N/A
com.github.harmonicinc-com	extension-workmanager	2.11.26		N/A
com.github.harmonicinc-com	extension-workmanager	2.11.28		N/A
com.github.harmonicinc-com	extension-workmanager	2.11.29		N/A
com.github.harmonicinc-com	extension-workmanager	2.11.3		N/A
com.github.harmonicinc-com	extension-workmanager	2.11.30		N/A
com.github.harmonicinc-com	extension-workmanager	2.11.31		N/A
com.github.harmonicinc-com	extension-workmanager	2.11.32		N/A
com.github.harmonicinc-com	extension-workmanager	2.11.36		N/A
com.github.harmonicinc-com	extension-workmanager	2.11.4		N/A
com.github.harmonicinc-com	extension-workmanager	2.11.9		N/A
com.github.harmonicinc-com	extension-workmanager	2.13.12		N/A
com.github.harmonicinc-com	extension-workmanager	2.13.13		N/A
com.github.harmonicinc-com	extension-workmanager	2.13.5		N/A
com.github.harmonicinc-com	extension-workmanager	2.13.6		N/A
com.github.harmonicinc-com	extension-workmanager	2.13.8		N/A
com.github.harmonicinc-com	extension-workmanager	2.13.9		N/A
com.github.pavlospt.certificatetransparency	certificatetransparency-android	0.4.0		N/A
com.github.pavlospt.certificatetransparency	certificatetransparency-android	0.4.1		N/A
com.github.xujiaji.mk	mk-file	0.0.2		3d3edb24e3bff1e436b3b5c50537545aec016195
com.github.xujiaji.mk	mk-file	0.0.3		51a3f2a80f03c62e99fd5c046fdb3ef3a3f39c1a
com.github.xujiaji.mk	mk-file	0.0.4		7eb6dd560c183a851b028a11eaba75b3f4d04ce3
com.github.xujiaji.mk	mk-file	1.0.0-beta10		N/A
com.github.xujiaji.mk	mk-file	1.0.0-beta4		N/A
com.github.xujiaji.mk	mk-file	1.0.0-beta5		N/A
com.github.xujiaji.mk	mk-file	1.0.0-beta6		N/A
com.github.xujiaji.mk	mk-file	1.0.0-beta7		N/A
com.github.xujiaji.mk	mk-file	1.0.0-beta8		N/A
com.github.xujiaji.mk	mk-file	1.0.0-beta9		N/A
com.hexagontk.templates	templates_freemarker	4.0.0		4dba144b5da4a86a86db98ef00607b01d64a2990
com.hexagontk.templates	templates_freemarker	4.0.0-B1		524cd34327e17389db2d25451760e913b5ca2afc
com.hexagontk.templates	templates_freemarker	4.0.0-B2		a366647820c98c22d9e21324eee2e89b27196dfa
com.hexagontk.templates	templates_freemarker	4.0.0-B3		f810a374acc723bfab000579b2788e2630e9fa1e
com.hexagontk.templates	templates_freemarker	4.0.0-B4		d383ae71b4275b9c5364bb8efabf07292d92ee0c
com.hexagontk.templates	templates_freemarker	4.0.0-B5		5c19ddedaa876d62a28fada1b258fb73c4a585d4
com.hexagontk.templates	templates_freemarker	4.0.1		3efc911b2744014c1ebf06ac645d2f83a48dc373
com.hexagontk.templates	templates_freemarker	4.0.2		21a442767eaa754c3182f0464c70adf6a0dad520
com.hexagontk.templates	templates_freemarker	4.0.3		e5a65625691d78fa6a00e8dd28a633b0c96c9667
com.hexagontk.templates	templates_freemarker	4.0.4		4e1af704fbef813e3fc7629cc06afddff38a44c9
com.hexagontk.templates	templates_freemarker	4.1.0		c5f6932fdbf1bfa4edd647e2c9ccdd5bb21d9f07
com.hexagontk.templates	templates_freemarker	4.1.1		0ab1ac9a5e76101cec7ff50e5d1bc1811e8f46bb
com.igormaznitsa	mvn-finisher-extension	1.0.0		e29425902752db3849fa4598f190f50623e4ae1e
com.igormaznitsa	mvn-finisher-extension	1.0.1		b2cd17d84338fa1fd6731bc60542542ab1847715
com.igormaznitsa	mvn-finisher-extension	1.1.0		576ad5dde0da0430de625b590d18ed9b803f33f7
com.igormaznitsa	mvn-finisher-extension	1.1.1		dd3b38de730b71aa414deb24c983a9de54ef8522
com.jwebmp.jpms.jackson.core	jackson-databind	0.67.0.1		e87cb8d1059feddb629ed688efce5964e1688e94
com.jwebmp.jpms.jackson.core	jackson-databind	0.67.0.12		4ccdbd1f0dba1ce4e5726ea23de9f98eb07d898e
com.jwebmp.jpms.jackson.core	jackson-databind	0.67.0.15		226489379bc8166ac0eb06ff0ab2bd8a5451d614
com.jwebmp.jpms.jackson.core	jackson-databind	0.67.0.16		7fe20a137f27e3160f8238664b1cb824e12fb7d6
com.jwebmp.jpms.jackson.core	jackson-databind	0.67.0.2		6d9a57fbc1d15113d925bb09bcb667885c8cf249
com.jwebmp.jpms.jackson.core	jackson-databind	0.67.0.3		e5e52d7319ba891a203e236cdddb0a473bdcbd07
com.jwebmp.jpms.jackson.core	jackson-databind	0.67.0.4		8c0293cc38dab4418f48a32d24d7ea180e9df9f5
com.jwebmp.jpms.jackson.core	jackson-databind	0.67.0.5		3e8c57dbd9b943518803a79881aae414e54495bc
com.jwebmp.jpms.jackson.core	jackson-databind	0.67.0.7		3e60d556dc9707226c0496beb1ddf22d385beead
com.jwebmp.jpms.jackson.core	jackson-databind	0.67.0.9		abeb50f3ae39abcaf0f4726971ba586617e14f6a
com.jwebmp.jpms.jackson.core	jackson-databind	0.68.0.1		caf6c0ec909ad9496e29de40355ddcff2998d1d9
com.kloudtek.ktutils	ktutils-testing	1.2.10		c86a534b5b1be859613127c712a9f5ab8dbbb16a
com.kloudtek.ktutils	ktutils-testing	1.2.11		8562bb723f502c093a46bfd4751d7bac49782e0b
com.kloudtek.ktutils	ktutils-testing	1.2.12		c2b4b9c70015a0fc962c43d2b89ae6c217281e36
com.kloudtek.ktutils	ktutils-testing	1.2.13		519b8ad822a897417cd8bb47ff4c3531f7ff3a22
com.kloudtek.ktutils	ktutils-testing	1.2.14		4959e861794957ae89fef9bedacc9787da6fe4ac
com.kloudtek.ktutils	ktutils-testing	1.2.15		20b47d05686a089a80c1ade0ab33d58292a82416
com.kloudtek.ktutils	ktutils-testing	1.2.16		34c15de49337562e0b2a8e1261dabe39caa28e43
com.kloudtek.ktutils	ktutils-testing	1.2.17		3975c45acbf90477a1afb17f87d82e6b999c9f64
com.kloudtek.ktutils	ktutils-testing	1.2.18		13dec601c57f06faa0b9e6baf0fbc89712493bbb
com.kloudtek.ktutils	ktutils-testing	1.2.18.1		b158a0069d47abe9ad1f2a0e9e26fb842d252446
com.kloudtek.ktutils	ktutils-testing	1.2.4		429e273fe0b7b60efc8a4d3c32e0092340d295c8
com.kloudtek.ktutils	ktutils-testing	1.2.5		e9527ae7d5787d6f22d53be1e8615b9f6026565a
com.kloudtek.ktutils	ktutils-testing	1.2.6		ac54e836073cc5f05c771d6f599cb22684f035f4
com.kloudtek.ktutils	ktutils-testing	1.2.7		d145eaf825996a8550631ea9bfc5e9fea00b2579
com.kloudtek.ktutils	ktutils-testing	1.2.8		b1670571d0d1cf344be8e13b1eb326f4efa99906
com.kloudtek.ktutils	ktutils-testing	1.2.9		a9a7a7d6a11d2af5b7a7ccc1144cc7541bc10d5e
com.kloudtek.ktutils	ktutils-testing	1.3.1		d1b85a2cf6b0995cef28fdddd30c2f4a3ed4e8d1
com.kloudtek.ktutils	ktutils-testing	1.3.10		f220854a93f49222503393f330b4f254a7bcd9d7
com.kloudtek.ktutils	ktutils-testing	1.3.11		c74414796c8954e522a72777e2a532a9882dfba4
com.kloudtek.ktutils	ktutils-testing	1.3.12		319a84ad3b3245895ec116b3184c18794e3b0551
com.kloudtek.ktutils	ktutils-testing	1.3.13		5918ff3164c90e116d2eb840c559998bcfc9c227
com.kloudtek.ktutils	ktutils-testing	1.3.14		4f8595bc4b14f8fabd1b6571e074cb4f29a74fa9
com.kloudtek.ktutils	ktutils-testing	1.3.15		13a7b6c2649caec2c71fc28cabe9b1ff534f381e
com.kloudtek.ktutils	ktutils-testing	1.3.2		2aa5e822bc144f35f89c20870735b52b1d6cf9ac
com.kloudtek.ktutils	ktutils-testing	1.3.3		a4d1cc4e83ec57d89e82410e1098dc3b5d98e088
com.kloudtek.ktutils	ktutils-testing	1.3.4		c087f742f77dcb271b304661a45e668dd4fe4cec
com.kloudtek.ktutils	ktutils-testing	1.3.5		753e3d8ddf130bef637390abb811a89f6de516f0
com.kloudtek.ktutils	ktutils-testing	1.3.6		7ae5949be88b497222b5e8944ad648d9f7143031
com.kloudtek.ktutils	ktutils-testing	1.3.7		ded4bd9210af8949be34304631c35558b20dba65
com.kloudtek.ktutils	ktutils-testing	1.3.8		99911c14e807f74b0859f0f1e6cfb754594b3afc
com.kloudtek.ktutils	ktutils-testing	1.3.9		0e6a0bb948a050ff9e85e7d5a3ed4e0b0c8870d8
com.liferay	com.liferay.marketplace.deployer	1.0.0		8f1386a71cb6eb8b4886aa4552aa719d600716d3
com.liferay	com.liferay.marketplace.deployer	2.0.0		5f31c93abccfbf313fa9c08697441003c1b5ff54
com.liferay	com.liferay.marketplace.deployer	2.0.1		e79abf1ee628416bbc1b6dbe6d9d143b7e2c94a3
com.liferay	com.liferay.marketplace.deployer	2.0.10		55368609ddc0e988e4f3321acc8fa7f2f4a3924c
com.liferay	com.liferay.marketplace.deployer	2.0.11		1c40cfe064b1d05b7e5995d85ff050b4e086824c
com.liferay	com.liferay.marketplace.deployer	2.0.12		1c65dbe797e2fca9ca71b0892bf559221950882b
com.liferay	com.liferay.marketplace.deployer	2.0.13		16a18aecff3efa2ca3408f5a70d0975af7cb327c
com.liferay	com.liferay.marketplace.deployer	2.0.14		09e2e546edf009935f4f5a38a24de9392b69a41a
com.liferay	com.liferay.marketplace.deployer	2.0.15		fe6237493474b295cd41cffda17d34492a05d22d
com.liferay	com.liferay.marketplace.deployer	2.0.16		84b496fd1c125132b0a1e2f25d6ffa50558f247e
com.liferay	com.liferay.marketplace.deployer	2.0.17		0f6f4673afb0f44857f2f054c4a018f56907f3b5
com.liferay	com.liferay.marketplace.deployer	2.0.18		b1f9ce33750c696c7246347a98fac7e0c07a7c37
com.liferay	com.liferay.marketplace.deployer	2.0.19		3b4af2cfee35f8feb537351df1c12b4a006e3d7d
com.liferay	com.liferay.marketplace.deployer	2.0.2		c934d6f335c71bf601bd33aa725a9e84080d781f
com.liferay	com.liferay.marketplace.deployer	2.0.20		63d7156f0621c4f3858893f1fc61cf2caff1b16a
com.liferay	com.liferay.marketplace.deployer	2.0.21		8687e8f234169d7313c33bdbadc7e971c4fc4b98
com.liferay	com.liferay.marketplace.deployer	2.0.22		82251541657bd80f0a14456e3dbd401b8206fc2e
com.liferay	com.liferay.marketplace.deployer	2.0.23		9408200555a22ccd5242c2f7992b1e822aa086fb
com.liferay	com.liferay.marketplace.deployer	2.0.24		001b9f34f4b6473685029227a63cfed133dda6c8
com.liferay	com.liferay.marketplace.deployer	2.0.25		91c48f1c0233eb6f9ef2b62efbaf4e7174656b8e
com.liferay	com.liferay.marketplace.deployer	2.0.26		eaa37d951385dee5453448e4570d1a69dedce05c
com.liferay	com.liferay.marketplace.deployer	2.0.27		3163d389b27d381799af508e70ba2f23ecb25e97
com.liferay	com.liferay.marketplace.deployer	2.0.3		f153ac12bd4a9f7f2b76804d1e52549dead2e80e
com.liferay	com.liferay.marketplace.deployer	2.0.4		cdc4a268495caac806d21e6d6eba188a44da4940
com.liferay	com.liferay.marketplace.deployer	2.0.5		0a7e62efe9ab2da1dc6e92f6133be5c2bd3f8acc
com.liferay	com.liferay.marketplace.deployer	2.0.6		465ddd3cca2ddda3983c3eac894290d01d93eac2
com.liferay	com.liferay.marketplace.deployer	2.0.7		35b01aea6d79e5e35cd5352cc49572fa7832a138
com.liferay	com.liferay.marketplace.deployer	2.0.8		8048fa80a6cfe8bf8e53934494c57005a18e5674
com.liferay	com.liferay.marketplace.deployer	2.0.9		1c9755c095f9c7ad6a312b9d5a93320026e5e5c1
com.liferay	com.liferay.marketplace.deployer	3.0.0		37577923516ca7e5db3f917ad7f38d6a8e15ddff
com.martiansoftware	tinyjournal	1.0.0		b21425763c307ff166c0a6c6e3282d0288074821
com.nrinaudo	kantan.regex-enumeratum_sjs1_2.12	0.5.2		cc9a18fc38993f70a16a60eeaceb4891a3586d23
com.nrinaudo	kantan.regex-enumeratum_sjs1_2.12	0.5.3		197f528bff374258b3f7039c10b0fb2d9916649f
com.nrinaudo	kantan.regex-enumeratum_sjs1_2.12	0.6.0		5b2fe3247904d8df49dafc8b968006242bd77fad
com.protenus	dipendi-jsr330_2.11	0.6.0		89f3ea293dc861c7550e163714fba8711a731b8f
com.ryanjeffreybrooks	indefinitepagerindicator	1.0.1		N/A
com.solace.spring.cloud	spring-cloud-stream-binder-solace-core	0.1.0		7ddec373e9e37c570120e1f5fa6c4a1e5cf7b96f
com.solace.spring.cloud	spring-cloud-stream-binder-solace-core	1.0.0		0e989b8dfbfbef93c244fa92d02b1bbaaece7dcd
com.solace.spring.cloud	spring-cloud-stream-binder-solace-core	1.1.0		a9745096cc45221456b2b6e1d4e47bc1bec6aa7a
com.solace.spring.cloud	spring-cloud-stream-binder-solace-core	1.2.0		d281faed3b4c936324949cf34b37f2e555c658b3
com.solace.spring.cloud	spring-cloud-stream-binder-solace-core	1.2.1		7efd1399d0477cdb8f9177ecce0c253662a6d50d
com.solace.spring.cloud	spring-cloud-stream-binder-solace-core	2.0.0		4d9f32d2693958e91e3c444343f3fae6954848fd
com.solace.spring.cloud	spring-cloud-stream-binder-solace-core	2.0.1		265505f9caeb6d06244c516f90af6e21ce863110
com.solace.spring.cloud	spring-cloud-stream-binder-solace-core	2.1.0		ab1d8246af9f1690cde6f97cbe3d6229eef8f247
com.solace.spring.cloud	spring-cloud-stream-binder-solace-core	2.1.1		7915f4c28386fbfce0f1603d14c8964bb5ca29d9
com.solace.spring.cloud	spring-cloud-stream-binder-solace-core	3.0.0		f0afba3f1e99b674d22d99461aa5a42b47214010
com.solace.spring.cloud	spring-cloud-stream-binder-solace-core	3.1.0		023b89a5a8845b3206b841ba15239ca3cd3f70a9
com.solace.spring.cloud	spring-cloud-stream-binder-solace-core	3.2.0		00f2d3b4544a170d0d9c2f5c7086511dfdea07ac
com.solace.spring.cloud	spring-cloud-stream-binder-solace-core	3.2.1		1e53c0bd9e1540c478515ad11901890c422cab8f
com.solace.spring.cloud	spring-cloud-stream-binder-solace-core	3.3.0		6a42116043d5e426e2327cb9ad76e073cbb4c773
com.solace.spring.cloud	spring-cloud-stream-binder-solace-core	3.3.1		7ca0da7ef688a3808123be008dbc69048951aa95
com.solace.spring.cloud	spring-cloud-stream-binder-solace-core	3.3.2		035cd4131eb672adb0509f1fda873db9a3d575f4
com.solace.spring.cloud	spring-cloud-stream-binder-solace-core	3.4.0		7451200406e5feb41c1dde798b15eea14bef4526
com.solace.spring.cloud	spring-cloud-stream-binder-solace-core	3.5.0		424576832101ff62602d8e6f0df0822a7642d864
com.solace.spring.cloud	spring-cloud-stream-binder-solace-core	4.0.0		10481c41aba51c82ed19171bb0ce2447593f1a26
com.solace.spring.cloud	spring-cloud-stream-binder-solace-core	4.1.0		b3e8974e9a7329ada0661df25d673c16c0669071
com.solace.spring.cloud	spring-cloud-stream-binder-solace-core	4.2.0		e488d98e56a92bae888f2982aac00b432a71b256
com.solace.spring.cloud	spring-cloud-stream-binder-solace-core	5.0.0		a1ae9c9bdfcc69e13d45964ca15e947aba31985a
com.solace.spring.cloud	spring-cloud-stream-binder-solace-core	5.1.0		b33efc3b26543a533346b5cfd9afd7084a532703
com.solace.spring.cloud	spring-cloud-stream-binder-solace-core	5.2.0		1bb31cb1c8b7b8493efc3c74435fc66d60ef2356
com.solace.spring.cloud	spring-cloud-stream-binder-solace-core	5.3.0		9fbc2ceec2276f001044c5e4fb6b968bcd48998e
com.solace.spring.cloud	spring-cloud-stream-binder-solace-core	5.4.0		a76fa1111a304e884ca25e379eb720ab8c1dc9cc
com.solace.spring.cloud	spring-cloud-stream-binder-solace-core	5.5.0		7035e3f2253f256c9fd58f320b1ce117315cb75d
com.solace.spring.cloud	spring-cloud-stream-binder-solace-core	5.6.0		1f2a79f6a057101e28ee3a73c65700d360e927bb
com.solace.spring.cloud	spring-cloud-stream-binder-solace-core	5.7.0		4be364f003642f3119f016525d5dba93de8b720f
com.solace.spring.cloud	spring-cloud-stream-binder-solace-core	5.8.0		8bd645a3f262255018ce678641557b38dc02c162
com.soywiz	korlibs-serialization-yaml-android-debug	5.5.0-alpha3		N/A
com.soywiz	korlibs-serialization-yaml-android-debug	6.0.0-alpha1		N/A
com.soywiz	korlibs-serialization-yaml-android-debug	6.0.0-alpha2		N/A
com.tegeltech	jenkins-commits	1.0.2		75692eccb724f844186d83491929b96b97e47351
com.tegeltech	jenkins-commits	1.0.2	jar-with-dependencies	24ab3db880550d4e8bfd7b294766de336f18155b
com.vecna	taglib-metadata-ant	1.0		9fc72cfd27b4722da4818bbe131cd002b97547ed
com.vecna	taglib-metadata-ant	1.1		3630ac55eee7edf30915672a288eb0553ee8919b
com.vecna	taglib-metadata-ant	1.3		cce27da0061f3c7a5c8ac784b1d59af5dd7a6fd8
de.svws-nrw	svws-admin-client	0.0.12		N/A
de.svws-nrw	svws-admin-client	0.0.14		N/A
de.svws-nrw	svws-admin-client	0.0.2		N/A
de.svws-nrw	svws-admin-client	0.0.91		N/A
de.svws-nrw	svws-admin-client	0.0.92		N/A
de.svws-nrw	svws-admin-client	0.7.9		N/A
de.svws-nrw	svws-admin-client	0.8.0		N/A
de.svws-nrw	svws-admin-client	0.8.1		N/A
de.svws-nrw	svws-admin-client	0.8.10		N/A
de.svws-nrw	svws-admin-client	0.8.11		N/A
de.svws-nrw	svws-admin-client	0.8.12		N/A
de.svws-nrw	svws-admin-client	0.8.13		N/A
de.svws-nrw	svws-admin-client	0.8.14		N/A
de.svws-nrw	svws-admin-client	0.8.15		N/A
de.svws-nrw	svws-admin-client	0.8.16		N/A
de.svws-nrw	svws-admin-client	0.8.2		N/A
de.svws-nrw	svws-admin-client	0.8.3		N/A
de.svws-nrw	svws-admin-client	0.8.5		N/A
de.svws-nrw	svws-admin-client	0.8.6		N/A
de.svws-nrw	svws-admin-client	0.8.7		N/A
de.svws-nrw	svws-admin-client	0.8.8		N/A
de.svws-nrw	svws-admin-client	0.8.9		N/A
de.svws-nrw	svws-admin-client	0.9.0		N/A
de.svws-nrw	svws-admin-client	0.9.1		N/A
de.svws-nrw	svws-admin-client	0.9.2		N/A
de.svws-nrw	svws-admin-client	0.9.3		N/A
de.svws-nrw	svws-admin-client	0.9.4		N/A
de.svws-nrw	svws-admin-client	1.0.0		N/A
de.svws-nrw	svws-admin-client	1.0.1		N/A
de.svws-nrw	svws-admin-client	1.0.2		N/A
de.svws-nrw	svws-admin-client	1.0.3		N/A
de.svws-nrw	svws-admin-client	1.0.4		N/A
de.svws-nrw	svws-admin-client	1.0.5		N/A
de.svws-nrw	svws-admin-client	1.0.6		N/A
de.svws-nrw	svws-admin-client	1.0.7		N/A
dev.metaschema.java	metaschema-databind-modules	1.0.0		8462a2aa7e9418550e67295fc726d5ba689d3d6a
dev.metaschema.java	metaschema-databind-modules	1.0.1		f0753102af1ce623fe2114e915303458e1174d5b
dev.metaschema.java	metaschema-databind-modules	1.0.2		6804a46c940ab2e06d072a8f9986120215ab2460
dev.metaschema.java	metaschema-databind-modules	1.1.0		80278bf3049c5b598b0587dc0ba4dfdd12df7155
dev.metaschema.java	metaschema-databind-modules	1.2.0		e47fc03d480b9b5c67e98cb5ed00d41aedad0f8d
dev.metaschema.java	metaschema-databind-modules	2.0.0		27080183308e714cb97dc33bf7143bbc967ed65e
dev.metaschema.java	metaschema-databind-modules	2.0.1		105274958eea0b40e2f05f6245d92f1e4d67a2a4
dev.metaschema.java	metaschema-databind-modules	2.1.0		889a7c4551e8ec6194eba96473405c8031a739f2
dev.metaschema.java	metaschema-databind-modules	2.2.0		b50cf5fb52567b2580d0b1d01f0fcc5c58099dc3
io.ballerina	ballerina-performance	0.983.0		N/A
io.ballerina	ballerina-performance	0.990.0		N/A
io.ballerina	ballerina-performance	1.1.0		N/A
io.cellery.distribution	io.cellery.distribution.docker.microgateway.container	0.1.0		N/A
io.cellery.distribution	io.cellery.distribution.docker.microgateway.container	0.4.0		N/A
io.frees	frees-tagless_sjs0.6_2.12	0.4.0		d8f31a6cdb82fb612fe2c29d6fc177f6b9273883
io.frees	frees-tagless_sjs0.6_2.12	0.4.1		734403900c7bbc1190f9165da6cb76388d05849b
io.frees	frees-tagless_sjs0.6_2.12	0.4.2		3467bad412f026c5e2afa001fa0bfac4f35bb9f0
io.frees	frees-tagless_sjs0.6_2.12	0.4.3		4769a0fc254d2c268c634d71c8966043228389ff
io.frees	frees-tagless_sjs0.6_2.12	0.4.4		fe8fa723f289cc7a2b5b6fb2ebca06b1c08689fa
io.frees	frees-tagless_sjs0.6_2.12	0.4.5		5a137b49a886391d1566beaad972d751b4c85959
io.frees	frees-tagless_sjs0.6_2.12	0.4.6		5d37750f222ce815c30eea48c06c412bc2dd2d41
io.github.Leomrlin	calcite-linq4j	1.18.0-geaflow_1.0		70b41ab5fe5d1513ff2b1b512b203a35356edc50
io.github.aastvik	demo	0.0.1		7ad472d6990a21cc0a7d3c8b1005c9457b9a4e1a
io.github.dawdler-series	dawdler-client-plug-validator	1.0.2-jdk1.8-RELEASES		24db099872db23a5e858c1c55f101a660c65aa92
io.github.dawdler-series	dawdler-client-plug-validator	1.0.2-jdk17-RELEASES		e32b59a8e152bda67521911d178f4e99e54c5c82
io.github.dawdler-series	dawdler-client-plug-validator	1.0.2-jdk21-RELEASES		5d385d38a7d4c2a8ad9020d6c8eaf3ed446e8fcf
io.github.dawdler-series	dawdler-client-plug-validator	1.0.4-jdk1.8-RELEASES		29785032091fe7c11cc3d280b73c2aa4fc5bc0a1
io.github.dawdler-series	dawdler-client-plug-validator	1.0.6-jdk1.8-RELEASES		810e09794737ce70a27a1df0ea8cc67962412f8c
io.github.dawdler-series	dawdler-client-plug-validator	1.0.6-jdk17-RELEASES		1215423abf3cd510f1422c86a1dca0a4daf78995
io.github.dawdler-series	dawdler-client-plug-validator	1.0.6-jdk21-RELEASES		2bcd94de52fc2a41e5f7f81cc1c945059e613959
io.github.dawdler-series	dawdler-client-plug-validator	1.0.7-jdk1.8-RELEASES		bd1afaa1a403198e27568a231b6d1a5a6b62b316
io.github.dawdler-series	dawdler-client-plug-validator	1.0.7-jdk17-RELEASES		4ade0a7910ca198f6c1fb353b297b738f74362fe
io.github.dawdler-series	dawdler-client-plug-validator	1.0.7-jdk21-RELEASES		62a9bd2e0ac0c8977e86247cea977a0c0102b32d
io.github.dawdler-series	dawdler-client-plug-validator	1.0.8-jdk1.8-RELEASES		ba325af6b3b04e283dc9d732021bd7cae6f7980c
io.github.dawdler-series	dawdler-client-plug-validator	1.0.8-jdk17-RELEASES		bd1ad727c2cdb2a9059a20f4ed848869fa395cad
io.github.dawdler-series	dawdler-client-plug-validator	1.0.8-jdk21-RELEASES		c69c212027dd50d2f2f6c1f544c4c17924adfabd
io.github.dawdler-series	dawdler-client-plug-validator	1.8.2-jdk1.8-RELEASES		1443e589f7d23f7fe4f1de815512e808b9312e29
io.github.dawdler-series	dawdler-client-plug-validator	1.8.4-jdk1.8-RELEASES		d3d7456abbfa2b66c0c76536c60e150822f6ff67
io.github.dawdler-series	dawdler-client-plug-validator	17.2-jdk17-RELEASES		6a542b32501768cd8391d92d25a9747027b07aba
io.github.dawdler-series	dawdler-client-plug-validator	17.4-jdk17-RELEASES		2687a7e1469334cf6b2d696f24519e7f63d76b2a
io.github.dawdler-series	dawdler-client-plug-validator	21.2-jdk21-RELEASES		5ebbcfdff5ad36034180ab297ec7f8747b2779a3
io.github.dawdler-series	dawdler-client-plug-validator	21.4-jdk21-RELEASES		da56bd1c0272df3d5f5db5ffae18947f6ece21e2
io.github.embeddedkafka	embedded-kafka-schema-registry_2.11	5.1.0		79076b4f4898c65178cedeeee9b84129a0e85735
io.github.embeddedkafka	embedded-kafka-schema-registry_2.11	5.1.1		2d6c9130e243900e0833192702f47cec8367e2fc
io.github.embeddedkafka	embedded-kafka-schema-registry_2.11	5.1.2		7c0ec0ca0aba4b0be46040d15f263954ef95c462
io.github.embeddedkafka	embedded-kafka-schema-registry_2.11	5.2.0		bf21a03cca1825ba51a77656eefe38928fbd0202
io.github.embeddedkafka	embedded-kafka-schema-registry_2.11	5.2.1		80446e635c11efe4a49fd81e3c834c4c8f2dac1f
io.github.embeddedkafka	embedded-kafka-schema-registry_2.11	5.2.2		9eee6d141120600b6ffea28addbc4fa7497a3ede
io.github.embeddedkafka	embedded-kafka-schema-registry_2.11	5.3.0		f7a659485271e7fd9dce3d0e63fb05d7839b8799
io.github.embeddedkafka	embedded-kafka-schema-registry_2.11	5.3.1		5bd855296fac93b1cd46cabc2bfd6cb14c77666c
io.github.embeddedkafka	embedded-kafka-schema-registry_2.11	5.3.2		cd448fb549e26475c7ff1c33fa4b898fd450b33b
io.github.embeddedkafka	embedded-kafka-schema-registry_2.11	5.4.0		50d561da6669b306fef386bfb5bef37a1cd7fe5d
io.github.embeddedkafka	embedded-kafka-schema-registry_2.11	5.4.1		d335806b27417f21e209ddcd0a6e7a24008215a1
io.github.embeddedkafka	embedded-kafka-schema-registry_2.11	5.4.1.1		abbb56057dff9fb75a49bca0c2d06f7e77d387ae
io.github.embeddedkafka	embedded-kafka-schema-registry_2.11	5.4.1.2		afdf66641080dda28b5fe0b70b641eac294d3a2d
io.github.it346	gg-core-secure	1.0.10		fb56f6c96f536935b763b3d32c6a0c19cc0190ba
io.github.it346	gg-core-secure	1.0.11		926f2accdaa5df2f15bc64dc9955f528d703ab02
io.github.it346	gg-core-secure	1.0.12		0b95a33f02fc8266329a532a47c94e7bdac86b18
io.github.it346	gg-core-secure	1.0.5		31cf12e272d618bb0d90fc51759d7131d00fdd41
io.github.it346	gg-core-secure	1.0.6		09b490f9717587c870a0e54db3bcb8ea5ccb392b
io.github.it346	gg-core-secure	1.0.7		14ce354d38a793d25ee05fe248bab4e219f9bb84
io.github.it346	gg-core-secure	1.0.8		889d4d9c5fcdd8622ad0285189056077b3354883
io.github.it346	gg-core-secure	1.0.9		ddfa619e366ab32f2a5bb5687d1b49565fa03b94
io.github.it346	gg-core-secure	1.1.0		3100fd375e71b0a70835efc22e9512985a86d79c
io.github.it346	gg-core-secure	1.1.1		ee362838966419d0fec8d701a816242891f8b93e
io.github.lauro299	litellmkts	0.0.3		92dd7a64c1be0b98007c05e3a4245fa7cc69c92a
io.github.liuziyuan	quarkus-easy-retrofit-integration	1.0.0		a62fac8d2b855aefb735da32b59d1fdbcf6dcae5
io.github.murdos	easy-random-protobuf	0.1.0		336eacc8c1bbe9c8aff016b9e896c58092d9c6b5
io.github.murdos	easy-random-protobuf	0.2.0		6338b934f9610dea84a0ed54a3dbff62c03e2989
io.github.murdos	easy-random-protobuf	0.3.0		682277633cbca9304621ffe4e6b9969ee78c10a7
io.github.murdos	easy-random-protobuf	0.4.0		2373ff123894064e6e908cbb65edcca58b0927ed
io.github.pdvrieze.xmlutil	core-androidnativex86	0.90.2		N/A
io.github.pdvrieze.xmlutil	core-androidnativex86	0.90.3		N/A
io.github.pdvrieze.xmlutil	core-androidnativex86	0.91.0		N/A
io.github.pdvrieze.xmlutil	core-androidnativex86	0.91.0-RC1		N/A
io.github.yousojeong	PDFBoxAnchor	1.0.0		7415299fe23aca15ce99492224fc883035a5b434
io.github.yousojeong	PDFBoxAnchor	1.0.1		02ea0928ce4aa82b6c310bfea1fa3bf2908f7cdc
io.netty.incubator	netty-incubator-codec-bhttp	0.0.1.Final		2c253da43917d007517c9a58311d7daf1abfe666
io.netty.incubator	netty-incubator-codec-bhttp	0.0.10.Final		3be25eb0ce8acc6cb0c93e54684d9e66985afae0
io.netty.incubator	netty-incubator-codec-bhttp	0.0.11.Final		f7ead9406f7636dcb086f52d9dbb2cf1d479c8c5
io.netty.incubator	netty-incubator-codec-bhttp	0.0.12.Final		9f252116a36e98df09d265f42f6bf71dc6a220d2
io.netty.incubator	netty-incubator-codec-bhttp	0.0.13.Final		5a80add41595ab04983754f0c08aa19afbb54eba
io.netty.incubator	netty-incubator-codec-bhttp	0.0.14.Final		ada66a54246b9bad62e0f4333c4ff554f67a1933
io.netty.incubator	netty-incubator-codec-bhttp	0.0.15.Final		bec1beb3c07160838949f46382f7467f597ff1b8
io.netty.incubator	netty-incubator-codec-bhttp	0.0.16.Final		db73b582b626213a1d53e476c13abef00e6a848f
io.netty.incubator	netty-incubator-codec-bhttp	0.0.17.Final		d2450e04dc2b7f3d84feec049c71f7446d64c2f0
io.netty.incubator	netty-incubator-codec-bhttp	0.0.18.Final		30fe9ba9b036f0b10303721b0e48e3728b895d4e
io.netty.incubator	netty-incubator-codec-bhttp	0.0.2.Final		b0e357169e2fe19bc6cb85c6c8346aa8d54c4a7e
io.netty.incubator	netty-incubator-codec-bhttp	0.0.3.Final		3803dd378acd594460f942f9d9a507cd8f37920d
io.netty.incubator	netty-incubator-codec-bhttp	0.0.4.Final		ffbf269e46408b12fe27bf5cf69dbce76067a104
io.netty.incubator	netty-incubator-codec-bhttp	0.0.5.Final		afb9739dace089781efb3164f684d4c84dd68359
io.netty.incubator	netty-incubator-codec-bhttp	0.0.6.Final		505f67d2534d6c079b9d7323bb81a8c0b3c43091
io.netty.incubator	netty-incubator-codec-bhttp	0.0.7.Final		39f1984c1cbe7eb4e03f6fbc2bc1730325b32f5f
io.netty.incubator	netty-incubator-codec-bhttp	0.0.8.Final		7c3dbd3b4832bbada0a08e1c22af58e7199e5519
io.netty.incubator	netty-incubator-codec-bhttp	0.0.9.Final		f052ec29519e964a2e99b450d38cdea1d214faec
io.objectbox	agp-wrapper-3-4	3.5.0		c7df852e565808a53561b4578910f5a4ea89386f
io.objectbox	agp-wrapper-3-4	3.5.1		ffd06a602a0f512b6194ebd0c4299c1330f18db3
io.objectbox	agp-wrapper-3-4	3.6.0		a8d93dd306929f51b1c67728a5209157182145a5
io.objectbox	agp-wrapper-3-4	3.7.0		7e8d61a002e31cb12baa28d747d868a6068b8d62
io.objectbox	agp-wrapper-3-4	3.7.1		ab74fac0caee7d46eb803fe1b76b85f9ca502582
io.objectbox	agp-wrapper-3-4	3.8.0		b699fa494323eabdd148af6b5fc777229d9c2cbc
io.objectbox	agp-wrapper-3-4	4.0.0		42a435a225ca4037d79a7898f7fe336397bec011
io.objectbox	agp-wrapper-3-4	4.0.1		f274bab82c70ffe42c52fba1dde89ff5611de21c
io.objectbox	agp-wrapper-3-4	4.0.2		d74d0699ec58bd41d874ae8442170f6ef5a72caa
io.objectbox	agp-wrapper-3-4	4.0.3		c6fc2f7a47b38e62134ee24dcdcdd510af9c3fdd
io.objectbox	agp-wrapper-3-4	4.1.0		647c227ed60a131854a32154a9444ad4211e1a68
io.objectbox	agp-wrapper-3-4	4.2.0		3872eb86c2c123eb1c178caa0321df808ee73c21
io.snamp.osgi	openstack4j	3.0.4		299554c4fcd71444d45e4d960455db8e81b1747c
io.springboot.plugin	spring-boot-starter-captcha	1.3.0		c5f945b2fc5d4f08fe00a950bbcf15656fd58971
io.uhndata.cards	cards-scheduled-csv-export	0.9.22		ec76ab7880c2fcb232dc87af5510e95a6d275837
io.uhndata.cards	cards-scheduled-csv-export	0.9.23		74f420032fadd853630fe5b2b4d3e856563e2cc9
io.uhndata.cards	cards-scheduled-csv-export	0.9.23.1		b723ba55660648bcd8faa4359f5f7ac526661476
io.uhndata.cards	cards-scheduled-csv-export	0.9.24		d783b5c33870a008110629551fd5b69e3dcfffeb
io.uhndata.cards	cards-scheduled-csv-export	0.9.24.1		2ac387050fb077e5317d3a89b3c4fe52713ec78e
io.uhndata.cards	cards-scheduled-csv-export	0.9.25		52382dd9b90b29c16de51bc49e35368529b86b1a
net.corda	corda-tools-explorer	3.2-corda		6ef22c61bd9b52b10792b787447774d3ca68eee2
net.corda	corda-tools-explorer	3.3-corda		848559ec34e93cdd6d59ec3581bcbec2a025d909
net.corda	corda-tools-explorer	3.4-corda		296fab2db2a18cf8ca6f4569f615402b335df40a
net.corda	corda-tools-explorer	4.0		ea5c162d00cbd0d14ac0e950c47bd1d7481ce245
net.corda	corda-tools-explorer	4.10		1f42201219e90eb08d186186d929022dc478841c
net.corda	corda-tools-explorer	4.10.3		214fe6a30772761f1735072b787b2f1d6ad06dd6
net.corda	corda-tools-explorer	4.10.5		01453f57a3e586f08adffe3445b37a08760c4c48
net.corda	corda-tools-explorer	4.10.6		30b01a9d6e11eff27de0223d207bab61b69ea8c2
net.corda	corda-tools-explorer	4.11.1		cac70457a9d50d0877b711efcf3e5410c271d18e
net.corda	corda-tools-explorer	4.11.3		12883648c00368295d5d5d07f790f309efe1b9e4
net.corda	corda-tools-explorer	4.11.4		8963d1dad79dbe500c96bc71b3095b461661f8da
net.corda	corda-tools-explorer	4.11.5		9bf1513ce2275c73f03679fd3ac4cac63043858a
net.corda	corda-tools-explorer	4.12		1a5e286308b7b696d07116d00d6263ef6a597e48
net.corda	corda-tools-explorer	4.12.1		16e8faacce7eaa44f88e5601ebf08cb879b775c8
net.corda	corda-tools-explorer	4.12.2		19e0eb223ad13d5da6b2c2989a061145abdb0b1d
net.corda	corda-tools-explorer	4.12.3		3751e343a19e83dd72cdfc71ac63e05715aab89f
net.corda	corda-tools-explorer	4.12.4		a9dbbe5738242b8c04b3265fc71ecd49ed743196
net.corda	corda-tools-explorer	4.12.5		7ce4a84e187c54113bccfab81f7d3e1fd24b9d75
net.corda	corda-tools-explorer	4.3		7a84b487a71f4e890900cba8150c752deabf7011
net.corda	corda-tools-explorer	4.5		d9ccf5e45001f72a1be259fcdc6252765548fad6
net.corda	corda-tools-explorer	4.6		b96b18dbd7118bfee7f60546122f378a3517b079
net.corda	corda-tools-explorer	4.7		b61edb5a1d454daf19ec9b2307e1686808ccc659
net.corda	corda-tools-explorer	4.8		50a8f4feecb4d0f43b26e80fe95b56f86b3d0bbc
net.corda	corda-tools-explorer	4.8.12		03775d3b07d8d2ad238b15385ef74ced30b911b0
net.corda	corda-tools-explorer	4.9		d00c04b8bd2765ac979c8aa7e1a42a75e7015789
net.corda	corda-tools-explorer	4.9.1		1aef10bf089335cc9822e459177782416d3213e5
net.corda	corda-tools-explorer	4.9.10		45521ad7113f973f874a1408cbc4be2c7c153f98
net.corda	corda-tools-explorer	4.9.11		fce64acc8a44038a45250988b7c35beb6aea7a79
net.corda	corda-tools-explorer	4.9.3		882f50765e568db33b1392b691f25cd08c36b745
net.corda	corda-tools-explorer	4.9.4		402c902939b4c6d518354c365373e1f38b2d7e61
net.corda	corda-tools-explorer	4.9.5		5fa168c11095b9385a980cc3a810e51a160ceb8c
net.corda	corda-tools-explorer	4.9.7		9c9812ca55d13d42083b20a9aa0b28d496f73c63
net.corda	corda-tools-explorer	4.9.8		b9eb0bbea68e4a5666d72e2bcfe3376eb0e3e015
net.corda	corda-tools-explorer	4.9.9		da2395c2f566ab36cae42edb3886388157b0cbc0
net.winterly.rxjersey	rx-jersey-rxjava2	0.8.0		6cbc2e875eff96706b782ce80c7d93ac6e1ab1b3
org.andromda.bootstrap.repositories	andromda-repository-mdr-uml14	3.2		ee31c753e1ebcd9370dca93381c0dac0906de695
org.andromda.bootstrap.repositories	andromda-repository-mdr-uml14	3.3		f1c242cb5a0f21b8baae61ad01cf5b1dc328d52a
org.andromda.bootstrap.repositories	andromda-repository-mdr-uml14	3.4		821881fa1112953ced7254ba0020dc3d89b93014
org.apache.cocoon	cocoon-tour	2.3.0		N/A
org.atnos	eff-writer_native0.5_2.12	7.0.3		7cd6eb69bf574e6af50df248fc34fa9788d185a2
org.atnos	eff-writer_native0.5_2.12	7.0.4		592b353af73b74c6d0282dfe9690ec2f58a5d972
org.atnos	eff-writer_native0.5_2.12	7.0.5		d375c120683aea893fb7028087a70a9485de6cbf
org.atnos	eff-writer_native0.5_2.12	7.0.6		9a7db191009a2683f4ce98b80d5a2c292c2670e8
org.beryx	handlebars-java-helpers	0.1.0		9cf917664d3a462b7eaeb8b430337d42119aa11b
org.beryx	handlebars-java-helpers	0.1.1		7d34143c9baa314bd1b869c164f58d1f753ab99d
org.beryx	handlebars-java-helpers	0.2.0		8abcbf99a750ddef2baf9c3dd3c81386754645e6
org.beryx	handlebars-java-helpers	0.2.1		e889d661cf590c44870c88fc701a5a803d7d63e2
org.beryx	handlebars-java-helpers	0.2.2		882cfd7f9dfc2e3d70ccc02b9d43562f31623dc6
org.beryx	handlebars-java-helpers	0.3.0		94a8b13ffad2dc07218fffcc9ee0bd90c6da71e5
org.beryx	handlebars-java-helpers	0.4.1		561866662f7fca963740922c478b4032840a0ec6
org.codehaus.groovy.maven.examples	install-maven-plugin	1.0		b0d22d69289bfc9412890a1c9b18359bd3d8af85
org.codehaus.groovy.maven.examples	install-maven-plugin	1.0-rc-1		7ee145594604534562394e247b15094891bd79c6
org.codehaus.groovy.maven.examples	install-maven-plugin	1.0-rc-2		30b22d98b8b2bd6b83a5c9cd982c57b13da1179a
org.codehaus.groovy.maven.examples	install-maven-plugin	1.0-rc-3		3233950d5470ff8d2143d147df4f71ca39293107
org.codehaus.groovy.maven.examples	install-maven-plugin	1.0-rc-4		1988479e50748380c7a0b584a34ffe33e623f6cb
org.codehaus.groovy.maven.examples	install-maven-plugin	1.0-rc-5		fcb3fd6e2636cb667e537011242fc743171547ca
org.codehaus.groovy.maven.examples	install-maven-plugin	1.0-rc-5-kohsuke-1		386d0d3d228619a5a958aaaebcd326559215f8eb
org.codehaus.mojo	gwt-maven-plugin	1.0		54275f8b7f07653166ca6ef20770fa17823a9926
org.codehaus.mojo	gwt-maven-plugin	1.1		d1885a651b9407d117b4331026111749b10882b1
org.codehaus.mojo	gwt-maven-plugin	1.2		5976717335828783f85928cf03ba6eddd37f34e6
org.codehaus.mojo	gwt-maven-plugin	2.1.0		1689d7017e77cacd17219d9804834fc33cfc04da
org.codehaus.mojo	gwt-maven-plugin	2.1.0-1		9e942615d7cb65c9126ef8737294c335f747206f
org.codehaus.mojo	gwt-maven-plugin	2.10.0		f8b4f2b8354308afcab98b1c4f2a2b4c74713986
org.codehaus.mojo	gwt-maven-plugin	2.2.0		649a97f70b86c696b66f32491a6c7fd5426ec821
org.codehaus.mojo	gwt-maven-plugin	2.3.0		7816e825b910f9a07d34fb07116b2474720003f8
org.codehaus.mojo	gwt-maven-plugin	2.3.0-1		ad89621ef5c96df0768f258d16cc9abb110b9601
org.codehaus.mojo	gwt-maven-plugin	2.4.0		7a0615603b5c996b87e602fc7242a2d1975a4ae1
org.codehaus.mojo	gwt-maven-plugin	2.5.0		c9158144d71a6f015aee188c998147de1c61c514
org.codehaus.mojo	gwt-maven-plugin	2.5.0-rc1		4b55af1e17af26d310ca26ddc7365a09f09c9f2c
org.codehaus.mojo	gwt-maven-plugin	2.5.0-rc2		24908d770bfc1efcca5ee85f8b98f1982e18fe6e
org.codehaus.mojo	gwt-maven-plugin	2.5.1		2c9a7e8d3e753d819c6f3e66af358685ef882282
org.codehaus.mojo	gwt-maven-plugin	2.5.1-rc1		ab56e463815d6017defc8448183a18d7f1eb6b5e
org.codehaus.mojo	gwt-maven-plugin	2.6.0		0e1cc6a4b30875b8f66e2c31c9368c369c8aefb3
org.codehaus.mojo	gwt-maven-plugin	2.6.0-rc1		af49eab8c73f22d963838bdad059643ad45857c0
org.codehaus.mojo	gwt-maven-plugin	2.6.0-rc2		aee20a0ae5775f3e82d904a13cca8ae8d9b48b00
org.codehaus.mojo	gwt-maven-plugin	2.6.0-rc3		4f05c8ffdc0989e186e43239953cd0419d516fc1
org.codehaus.mojo	gwt-maven-plugin	2.6.1		bb5f7f6d2acfbea9b050aa1580d1698fa09c76a0
org.codehaus.mojo	gwt-maven-plugin	2.6.1-rc1		9e153819c24424ba4a7e5a98c0e598450bbc0ac8
org.codehaus.mojo	gwt-maven-plugin	2.6.1-rc2		1be9b776a46f5db818610ef4c11bfeb2938f8b9b
org.codehaus.mojo	gwt-maven-plugin	2.7.0		dc8dbed7558dc7a81f222faa4ad557bcda097d54
org.codehaus.mojo	gwt-maven-plugin	2.7.0-beta1		8b5ecc3a6c4d6a11271d06ac63f13786ebeee132
org.codehaus.mojo	gwt-maven-plugin	2.7.0-rc1		87721671a4094740caa9c1acdb3cd557253958b6
org.codehaus.mojo	gwt-maven-plugin	2.8.0		87b4663e69303f3935f0002d3e8e066b2bb816fe
org.codehaus.mojo	gwt-maven-plugin	2.8.0-beta1		188af518e32b45a33101816a2b383f2e9995954a
org.codehaus.mojo	gwt-maven-plugin	2.8.0-rc1		a7d31976d139843da04c043c9b2d075766726191
org.codehaus.mojo	gwt-maven-plugin	2.8.0-rc2		467eba3d3a6d1ef955c3dc004c2bb7a36f07e637
org.codehaus.mojo	gwt-maven-plugin	2.8.0-rc3		41957b7692c13b97fcedea5892537bca19162d20
org.codehaus.mojo	gwt-maven-plugin	2.8.1		96649fd70a931201d802f6414416586769140be1
org.codehaus.mojo	gwt-maven-plugin	2.8.2		546f5177b226898ab585990da1e3037b49b50ed7
org.codehaus.mojo	gwt-maven-plugin	2.9.0		cb626432269416ec168795b10e6bcfb740d17824
org.everit.authentication	org.everit.authentication.oauth2.ri.schema.qdsl	1.0.0		d7e99bc8e298e3e69c198149aebc71cac9b49bc3
org.everit.authentication	org.everit.authentication.oauth2.ri.schema.qdsl	2.0.0		ec2a4d27a5849e94756b025b2380bd35b38b898b
org.fabric3	fabric3-contribution-scanner-war	2.5.0		45d1b74d19dffce16b0517148ad158eb4634dfe6
org.fabric3	fabric3-contribution-scanner-war	2.5.1		e943e0e429cff089438b2c94823a8b1c9b78bab9
org.fabric3	fabric3-contribution-scanner-war	2.5.2		3bd90462e322cfc55bc85544ac63eb1f8e873dea
org.fabric3	fabric3-contribution-scanner-war	2.5.3		14210ef4d44fbdb06ada9d4c67de4ea9b1e5ac5b
org.fabric3	fabric3-contribution-scanner-war	3.0.0		de4251da71e14a96b445ae35c41601e495f9e4b4
org.finos.legend.engine	legend-engine-xt-analytics-binding-pure	4.31.1		a4912104f2a14acc9b52234d3bf7e276a6eac609
org.finos.legend.engine	legend-engine-xt-analytics-binding-pure	4.31.2		f8224c2187102f3e0d7ae608a409c6a17e63b01e
org.finos.legend.engine	legend-engine-xt-analytics-binding-pure	4.31.3		77cbc48011819804d0d9f3c2df960f5dd6952ee1
org.finos.legend.engine	legend-engine-xt-analytics-binding-pure	4.32.0		cca569b1b42627bdd0b4b643aefbc5be0e8515f9
org.finos.legend.engine	legend-engine-xt-analytics-binding-pure	4.32.1		9563058ad5434cdecdd871ce190fc14e6ffd3759
org.finos.legend.engine	legend-engine-xt-analytics-binding-pure	4.32.2		4fdf108340080afab43b37700cfa6c7f2d0b5892
org.finos.legend.engine	legend-engine-xt-analytics-binding-pure	4.33.0		7bbb55464a416c70d45728c85fcd12853877210f
org.finos.legend.engine	legend-engine-xt-analytics-binding-pure	4.33.3		1ade6a991aaf8a02f9b656ec5d6ce9d929e72370
org.finos.legend.engine	legend-engine-xt-analytics-binding-pure	4.33.5		b4f2815606c03e4e5d08adb01fe4716aa64eaa79
org.finos.legend.engine	legend-engine-xt-analytics-binding-pure	4.33.6		a41e191ae5c19aef8ab9d5f2049b722263828bd4
org.finos.legend.engine	legend-engine-xt-analytics-binding-pure	4.34.0		b87236641e69cd823c6ca184b7ff7d4a6528e153
org.finos.legend.engine	legend-engine-xt-analytics-binding-pure	4.35.0		3f338081b568b87342e9c0b129861d411a1b0919
org.finos.legend.engine	legend-engine-xt-analytics-binding-pure	4.35.1		288d8afa157cafb311ceaf93384e215dfa610a28
org.finos.legend.engine	legend-engine-xt-analytics-binding-pure	4.35.2		87192aa612e927f7398259af9a4a8b370e218c6e
org.finos.legend.engine	legend-engine-xt-analytics-binding-pure	4.35.3		52494958a1d96ecd13bf227b6f2839b25ad9af76
org.finos.legend.engine	legend-engine-xt-analytics-binding-pure	4.35.4		357fb73ea05ecba301c8d37011dea15e6dc694cd
org.finos.legend.engine	legend-engine-xt-analytics-binding-pure	4.35.5		2a3f8f98c20ffff59266797e46f48bbcd6d2b9dd
org.finos.legend.engine	legend-engine-xt-analytics-binding-pure	4.36.0		152fd97b2ee09b4b6858390c9178b4d5736fab3b
org.finos.legend.engine	legend-engine-xt-analytics-binding-pure	4.37.0		57390b89b620a8ce343b1f15bd498ec58bf1d392
org.finos.legend.engine	legend-engine-xt-analytics-binding-pure	4.37.1		d6f62abf264ef10324329b5590a6c05fb4e9742e
org.finos.legend.engine	legend-engine-xt-analytics-binding-pure	4.37.2		d3e192c1348afc45f28859c0ed3303de27cb4fd3
org.finos.legend.engine	legend-engine-xt-analytics-binding-pure	4.37.7		48eb0eb0744eed98525b03fa7ff9906c76428e77
org.finos.legend.engine	legend-engine-xt-analytics-binding-pure	4.37.8		74ed93b943d369b57f70f3e278779a438e45d9c0
org.finos.legend.engine	legend-engine-xt-analytics-binding-pure	4.38.0		732f621cfeccc505fbb4fd0cc3852733aa0a0b40
org.finos.legend.engine	legend-engine-xt-analytics-binding-pure	4.38.1		1f837a13d488a25495f1bf705dee5ea7e7c61184
org.finos.legend.engine	legend-engine-xt-analytics-binding-pure	4.38.2		b032538799b1fd5e78d3e205b1bff64730cae757
org.finos.legend.engine	legend-engine-xt-analytics-binding-pure	4.38.3		e13b864625eb0d698427975915cfcb2b0cd6824b
org.finos.legend.engine	legend-engine-xt-analytics-binding-pure	4.38.4		a7bf7f897552e61b3c3cea51255e27196ebaf646
org.finos.legend.engine	legend-engine-xt-analytics-binding-pure	4.39.0		f1e276ac4f663a6700d62814f6c263780d465804
org.finos.legend.engine	legend-engine-xt-analytics-binding-pure	4.39.1		bebf346eb71cd2c5d260ebde5f5d4c36eca5c127
org.finos.legend.engine	legend-engine-xt-analytics-binding-pure	4.40.0		90deb2b254450e8d0b3faa7e3eddff7ecf51a0d4
org.finos.legend.engine	legend-engine-xt-analytics-binding-pure	4.40.3		1bb0feb298657d40376e37e1b7d49cd9462f8e55
org.finos.legend.engine	legend-engine-xt-analytics-binding-pure	4.41.0		f5803194a8842ad9988846aa7465625f6afd4205
org.finos.legend.engine	legend-engine-xt-analytics-binding-pure	4.42.0		81a0b9dfc195fa2ac30425686b07c174795c0eb0
org.finos.legend.engine	legend-engine-xt-analytics-binding-pure	4.42.1		08351c8c2d0cb0c02ecd1d4a486ce89d053f7bd9
org.finos.legend.engine	legend-engine-xt-analytics-binding-pure	4.42.2		2e38b7765807533d2e3cc46ae6e721fd3d51ed48
org.finos.legend.engine	legend-engine-xt-analytics-binding-pure	4.42.3		8befd51338c0fc38d55f2425f901b16e79ad8a7e
org.finos.legend.engine	legend-engine-xt-analytics-binding-pure	4.42.4		eb530a467d3126cb090d6a7d0ad7e29fdc82cfb0
org.finos.legend.engine	legend-engine-xt-analytics-binding-pure	4.42.5		6478c077c4db7670641d84c7a34fcc71bfc72c0f
org.finos.legend.engine	legend-engine-xt-analytics-binding-pure	4.42.6		086bfa2371c6cbe159a6c5010351ade8b14874cc
org.finos.legend.engine	legend-engine-xt-analytics-binding-pure	4.43.0		53ca5e0e27b7b0a721c69b294989ddc933c71fe4
org.finos.legend.engine	legend-engine-xt-analytics-binding-pure	4.43.1		749d02c6209361245cb79ddd2fef92a852e3ad52
org.finos.legend.engine	legend-engine-xt-analytics-binding-pure	4.43.2		bccd9fd967223ae091bddb163829ec346020124e
org.finos.legend.engine	legend-engine-xt-analytics-binding-pure	4.43.3		090ccf7e6703727a94d9fc40f8ea98fb07bd8d7e
org.finos.legend.engine	legend-engine-xt-analytics-binding-pure	4.43.4		3f461ccaf940e84f042d5b4a998c340059acf02e
org.finos.legend.engine	legend-engine-xt-analytics-binding-pure	4.44.0		a6fb661aa052a4f98de483bded26926a10ec4c13
org.finos.legend.engine	legend-engine-xt-analytics-binding-pure	4.44.1		506b41c40e1c741588b99f91851360b00f004bd6
org.finos.legend.engine	legend-engine-xt-analytics-binding-pure	4.44.2		5ee7370ed3c26dd028f07a426232971485c48f18
org.finos.legend.engine	legend-engine-xt-analytics-binding-pure	4.44.3		ecb61e156591009657090c7a9f0c1c82e74d279f
org.finos.legend.engine	legend-engine-xt-analytics-binding-pure	4.45.0		8eff98e46ce5b2989f919f8808e1e6e7427388a8
org.finos.legend.engine	legend-engine-xt-analytics-binding-pure	4.45.1		47da3c26c1ebb4725eda4b73c3f43878fb724ce5
org.finos.legend.engine	legend-engine-xt-analytics-binding-pure	4.45.2		96f7a860ae458d0595f4115abc0f377b3053ce7e
org.finos.legend.engine	legend-engine-xt-analytics-binding-pure	4.46.0		9634e746c0214dfd9fec478350ca2e3db0a66f1a
org.finos.legend.engine	legend-engine-xt-analytics-binding-pure	4.46.1		183feb125f8bf4816c451549355d08618578a433
org.finos.legend.engine	legend-engine-xt-analytics-binding-pure	4.46.2		6e043679c33b3814ced2760a82e0b84f1a92700f
org.finos.legend.engine	legend-engine-xt-analytics-binding-pure	4.47.0		e43f014209decad1504ab53a323da1751771cedf
org.finos.legend.engine	legend-engine-xt-analytics-binding-pure	4.47.1		0305f06bc2f972138c1e29c3e1d80882d35d4646
org.finos.legend.engine	legend-engine-xt-analytics-binding-pure	4.47.2		405bf9e3b0b565434b80bbd2ea40f37f0e0f7a09
org.finos.legend.engine	legend-engine-xt-analytics-binding-pure	4.47.3		68e0a42d0f0a454ba9c7bba57e9b46bff64a0df2
org.finos.legend.engine	legend-engine-xt-analytics-binding-pure	4.48.0		c414fa1b5f4ece55588a9d8c97855d9e7ce61c08
org.finos.legend.engine	legend-engine-xt-analytics-binding-pure	4.48.1		5e97deb146b877447be12ec0eb36341177ec5740
org.finos.legend.engine	legend-engine-xt-analytics-binding-pure	4.48.2		b9a5f3402a49b83f7c03fa398601ad8e6e25b785
org.finos.legend.engine	legend-engine-xt-analytics-binding-pure	4.49.0		23048a478b33cc1a476f2504bcda9bf3aaaadaa8
org.finos.legend.engine	legend-engine-xt-analytics-binding-pure	4.49.1		c8aed2cf2c4494323488d5216443bdcf0cdcfa87
org.finos.legend.engine	legend-engine-xt-analytics-binding-pure	4.50.0		c4a04afbf9cb0ae4927aa25b0755f150eaa724e7
org.finos.legend.engine	legend-engine-xt-analytics-binding-pure	4.50.1		4278910c3750738db9daa8ed3dee0b783ac6ac16
org.finos.legend.engine	legend-engine-xt-analytics-binding-pure	4.51.1		3b284f413eedb4a785c090e1ae631cc02192c9fc
org.finos.legend.engine	legend-engine-xt-analytics-binding-pure	4.52.0		3289e8ddb5409f54133ab145aa467634bde73186
org.finos.legend.engine	legend-engine-xt-analytics-binding-pure	4.52.1		ea0a210ed1721b4f79bf9dbdadefe86cee2f6580
org.finos.legend.engine	legend-engine-xt-analytics-binding-pure	4.53.0		74303d7694706c4769598066798a55729a5f62b9
org.finos.legend.engine	legend-engine-xt-analytics-binding-pure	4.53.3		aec3a8163354eeddf6be9c773eee7b1f0f2b23d6
org.finos.legend.engine	legend-engine-xt-analytics-binding-pure	4.53.5		a5120e67ce57af24c3b77ce8e86a1480f9ca84a7
org.finos.legend.engine	legend-engine-xt-analytics-binding-pure	4.53.8		6e27b00ba3791b19a24135fe3f9d00da0f6ace23
org.finos.legend.engine	legend-engine-xt-analytics-binding-pure	4.54.0		065a97e49c143ae5d9fc487ee3d4bfda9192f9db
org.finos.legend.engine	legend-engine-xt-analytics-binding-pure	4.54.1		68bbf3a354df81fd431e9c97e82b33da48d9842e
org.finos.legend.engine	legend-engine-xt-analytics-binding-pure	4.55.0		e9b347535b5051702f6e9d7a612dfcd8c5d038d2
org.finos.legend.engine	legend-engine-xt-analytics-binding-pure	4.55.1		705354f758ae058c01d8ebf4b9d89de8da616f04
org.finos.legend.engine	legend-engine-xt-analytics-binding-pure	4.55.2		795c267f3b87ae70df641dd609facb0a4bcc17d3
org.finos.legend.engine	legend-engine-xt-analytics-binding-pure	4.55.3		d886a7d75058cbfe02e7d7954b57fd3906b8a34c
org.finos.legend.engine	legend-engine-xt-analytics-binding-pure	4.55.4		f9834d751105a328a8e33192e5ec1fb46bb62db3
org.finos.legend.engine	legend-engine-xt-analytics-binding-pure	4.56.0		9807ed5f738a3be15bd35bde4247dfdd0ee139ac
org.finos.legend.engine	legend-engine-xt-analytics-binding-pure	4.57.0		7eb755f9d2985c8424d11f6774e8da22f5817596
org.finos.legend.engine	legend-engine-xt-analytics-binding-pure	4.57.1		3f420b94f09af7c14b66223d97239eaadd5b4856
org.finos.legend.engine	legend-engine-xt-analytics-binding-pure	4.58.0		6d02718f022272961aa2e97d7953c7936b94c575
org.finos.legend.engine	legend-engine-xt-analytics-binding-pure	4.58.1		97ceeb9b2bcf9d761ace7ac0cfe3793e3836cf7d
org.finos.legend.engine	legend-engine-xt-analytics-binding-pure	4.59.0		2356b4534223b0fd09507e700afe1bb884d8e94d
org.finos.legend.engine	legend-engine-xt-analytics-binding-pure	4.60.0		07556355665c2bc79c20e43b258717d8def8159a
org.finos.legend.engine	legend-engine-xt-analytics-binding-pure	4.61.0		f5b74880fac534a1cee17b5937cb5c0f00e9af57
org.finos.legend.engine	legend-engine-xt-analytics-binding-pure	4.62.0		a607e2b69668818a15a37248ef2928e02821ecd1
org.finos.legend.engine	legend-engine-xt-analytics-binding-pure	4.62.1		9ddc615234b85d5c15ba75f8c835cf0a86fc15ca
org.finos.legend.engine	legend-engine-xt-analytics-binding-pure	4.63.0		1da4d1c9cb631b2c56e7f708a9f9148f4ede6e58
org.finos.legend.engine	legend-engine-xt-analytics-binding-pure	4.63.1		25c2d9f35e046c3b8e3927989eab825b9bb018fc
org.finos.legend.engine	legend-engine-xt-analytics-binding-pure	4.63.2		713f4749bea85edb228f9a306f2591aababd500b
org.finos.legend.engine	legend-engine-xt-analytics-binding-pure	4.64.0		60fe85ad302bd90b460c95e3753b2ded44def9fd
org.finos.legend.engine	legend-engine-xt-analytics-binding-pure	4.64.1		c055ea240fe220b5b18824565f370a2f7a8a1448
org.finos.legend.engine	legend-engine-xt-analytics-binding-pure	4.65.0		1723d1db5de99cbbdd3fb15f794c7f1595c5cbba
org.finos.legend.engine	legend-engine-xt-analytics-binding-pure	4.65.2		3e70bfb4f0680c4ef8796d1f220375580483bed2
org.finos.legend.engine	legend-engine-xt-analytics-binding-pure	4.65.3		be461046722b756bb4d92698e4c78fb7f876494d
org.finos.legend.engine	legend-engine-xt-analytics-binding-pure	4.66.0		be705d29b640f0cf97d2949231b4288f09318a7c
org.finos.legend.engine	legend-engine-xt-analytics-binding-pure	4.66.1		bf1ec37a5928f214e0f5f0b4acd7cb09468844ce
org.finos.legend.engine	legend-engine-xt-analytics-binding-pure	4.67.0		0d35d6c6a9ec4f118f612428722663fceb11fd54
org.finos.legend.engine	legend-engine-xt-analytics-binding-pure	4.67.1		596f82b2fe006e158ab51d431ebc093bbde4bb44
org.finos.legend.engine	legend-engine-xt-analytics-binding-pure	4.67.10		0b462c8fe82f0e1f572834e3f7776e807ee6d86c
org.finos.legend.engine	legend-engine-xt-analytics-binding-pure	4.67.11		84f9e34899edf62da847b479c1886abfbbf38cdc
org.finos.legend.engine	legend-engine-xt-analytics-binding-pure	4.67.12		689daae4f3998c51754e59ece6c61b3d3bd292f3
org.finos.legend.engine	legend-engine-xt-analytics-binding-pure	4.67.2		51db82f29279c93c9371db46b345c869b4e1641a
org.finos.legend.engine	legend-engine-xt-analytics-binding-pure	4.67.3		7100d05cb215135ecfb257c149814b513698b082
org.finos.legend.engine	legend-engine-xt-analytics-binding-pure	4.67.4		edfb656e38bf7d30fbe10fc425a34dbb912d6d1e
org.finos.legend.engine	legend-engine-xt-analytics-binding-pure	4.67.5		c305bc3167ce2f7b60b9c37c70311b779e19928a
org.finos.legend.engine	legend-engine-xt-analytics-binding-pure	4.67.7		d7fa859ffca140ab97a10d39538201fd168c0357
org.finos.legend.engine	legend-engine-xt-analytics-binding-pure	4.67.8		977d1e56ed1a558b41fa76ffb9d874423f3ae39e
org.finos.legend.engine	legend-engine-xt-analytics-binding-pure	4.67.9		c6ea39cff9753995532817135ce5669ab22e91c0
org.finos.legend.engine	legend-engine-xt-analytics-binding-pure	4.68.0		9c77e8a729d691c59be24f2672420d8cbe445240
org.finos.legend.engine	legend-engine-xt-analytics-binding-pure	4.69.0		87032b21ee9696cba18e4dbc4511a14ae507d85d
org.finos.legend.engine	legend-engine-xt-analytics-binding-pure	4.69.1		04f255515656a1dcc185011aaaebf48460800069
org.finos.legend.engine	legend-engine-xt-analytics-binding-pure	4.69.2		afc517b0fd9d4be94512301b3491ab6dea3293f4
org.finos.legend.engine	legend-engine-xt-analytics-binding-pure	4.69.3		de7dba7946f606c5b5ff5d28a66811f276480b6a
org.finos.legend.engine	legend-engine-xt-analytics-binding-pure	4.69.4		d5f557c3a9625964a51e248245e66df37f440a6e
org.finos.legend.engine	legend-engine-xt-analytics-binding-pure	4.70.0		709f5420ee758c8d3dc33b749cb78c761398b8ef
org.finos.legend.engine	legend-engine-xt-analytics-binding-pure	4.70.1		89e5266cab45ba17c318c82276287287488ea5b5
org.finos.legend.engine	legend-engine-xt-analytics-binding-pure	4.71.1		84d5c4187cac9d3be0921ce813ff295f670b3668
org.finos.legend.engine	legend-engine-xt-analytics-binding-pure	4.72.0		9decca66accc34ff78fcd1989454ef84dc33084c
org.finos.legend.engine	legend-engine-xt-analytics-binding-pure	4.73.0		9f7e82ff82947ff434a0e61247f141ba2f2e8a21
org.finos.legend.engine	legend-engine-xt-analytics-binding-pure	4.73.1		440b56fd1adad31c9a7fa1ebe9e66675368b14d0
org.finos.legend.engine	legend-engine-xt-analytics-binding-pure	4.74.0		3bb35a75a96821d6d460f699cb184285c0a8ecc4
org.finos.legend.engine	legend-engine-xt-analytics-binding-pure	4.75.0		29692956f9b92cff3f054385c896c9bc09169b98
org.finos.legend.engine	legend-engine-xt-analytics-binding-pure	4.75.1		7be306ddf91ac1ce2c8344884d08895a4b2542fb
org.finos.legend.engine	legend-engine-xt-analytics-binding-pure	4.75.3		844910186af3bc47ae38bc705514f97612719396
org.finos.legend.engine	legend-engine-xt-analytics-binding-pure	4.76.0		5e163f24dee5b80a03c483df915f4b6f67915d16
org.finos.legend.engine	legend-engine-xt-analytics-binding-pure	4.77.0		4d0ac170dfb8c96c57c83a953c3619e20e13d94e
org.finos.legend.engine	legend-engine-xt-analytics-binding-pure	4.77.1		1ba4f32f15f952fc30cec228cd311e69ad2508de
org.finos.legend.engine	legend-engine-xt-analytics-binding-pure	4.78.0		9abe0238a99929fea6d74f15fcff0d40a5a21ffd
org.finos.legend.engine	legend-engine-xt-analytics-binding-pure	4.78.1		905c5fcf975f1dd98f0f9d251380682286608a70
org.finos.legend.engine	legend-engine-xt-analytics-binding-pure	4.78.2		67a78ea3db7cf4d8cca46be7283d90b51693d1e0
org.finos.legend.engine	legend-engine-xt-analytics-binding-pure	4.78.3		138223230aa4f9f07174a14342e18022bc3ebf89
org.finos.legend.engine	legend-engine-xt-analytics-binding-pure	4.78.6		158b9a624ab6cef29d764726dc2990e679dc9bbd
org.finos.legend.engine	legend-engine-xt-analytics-binding-pure	4.79.0		131a7be401e3d4807fd9e9f162a9fb41e7d77aa9
org.finos.legend.engine	legend-engine-xt-analytics-binding-pure	4.80.0		ed957605032b9a6204ae3c72f97673b85edf7c19
org.finos.legend.engine	legend-engine-xt-analytics-binding-pure	4.81.0		d9b3b6a38595af3d925cddb789b7d068a77a383f
org.finos.legend.engine	legend-engine-xt-analytics-binding-pure	4.82.0		a84552cbbd96deac8b151ec85a576482e088064b
org.finos.legend.engine	legend-engine-xt-analytics-binding-pure	4.83.0		690e91729588095a6a49d8fe25f1d13d98fe7695
org.finos.legend.engine	legend-engine-xt-analytics-binding-pure	4.83.1		63531b77947bbb84204ee6d4088e95de80da13e5
org.finos.legend.engine	legend-engine-xt-analytics-binding-pure	4.83.2		aacd19720de9553d384262a074c97e742b354087
org.finos.legend.engine	legend-engine-xt-analytics-binding-pure	4.83.3		30e80ac2c53a92ac367b072d61bc1cd62f577a56
org.insight-centre	textcat	0.1		e7eaf184550a860a6e8c1b4577962dd9afb79a7e
org.insight-centre	textcat	0.2		ed7911c6752c6c09dce1292544e2e877ef957aa7
org.insight-centre	textcat	0.2.1		d8df1b2e382758b6ffedcc942e493a93ac7338df
org.insight-centre	textcat	0.2.2		0e18554d9d34df20eed24e55405942e40498046e
org.jboss.arquillian.osgi	arquillian-osgi-jbosgi	2.1.0.CR1		N/A
org.jibx.schema.org.opentravel._2013A.ws	org.jibx.schema.org.opentravel._2013A.hotel.ws.soap	1.1.1		3e1d2aa694ebaeb51f2cdfcf31eeefc5fe6971e9
org.jibx.schema.org.opentravel._2013A.ws	org.jibx.schema.org.opentravel._2013A.hotel.ws.soap	1.1.4		108d9ee2f0f428d6f15d134016d04d743e4446c5
org.jibx.schema.org.opentravel._2013A.ws	org.jibx.schema.org.opentravel._2013A.hotel.ws.soap	1.2.0		904845c1e8942eb4afd586d0797270c8eaedb70e
org.jibx.schema.org.opentravel._2013A.ws	org.jibx.schema.org.opentravel._2013A.hotel.ws.soap	1.2.1		a7fdc176afaff7448153c6cb8ae07490c282026c
org.json4s	json4s-mongo_2.10	3.1.0		b01b043ffad3997a388e5a0927b689e1f1c5e3a8
org.json4s	json4s-mongo_2.10	3.2.0		30b0d69d195e8763b15f3e8967ac1cb0b5b6f16c
org.json4s	json4s-mongo_2.10	3.2.1		196a798776c183ebef323f601b6c871bc9ee1147
org.json4s	json4s-mongo_2.10	3.2.10		c9f0519dd3ba973cdb25cf4bde54f6ded2277e7a
org.json4s	json4s-mongo_2.10	3.2.11		df5d067ff224b4798880a45e3b968ea70de4c7c3
org.json4s	json4s-mongo_2.10	3.2.2		8e942103c87dd992dba12382a7739dafa89f269c
org.json4s	json4s-mongo_2.10	3.2.3		c45826f217b1607b7dce61951eba8f3eb60b8518
org.json4s	json4s-mongo_2.10	3.2.4		91e6118ad972fba1996e0633d27f2d710398d8ce
org.json4s	json4s-mongo_2.10	3.2.5		c70af27726c17ef1e25c14d8b726ba6b8a0db985
org.json4s	json4s-mongo_2.10	3.2.6		b3aa20f6af06e2cd9911afe494c17f4060a2ce1d
org.json4s	json4s-mongo_2.10	3.2.7		fb3607018c18402143b2f58f24def5319589ab34
org.json4s	json4s-mongo_2.10	3.2.8		4a2df2ce3893a36f0af0ff95c27c1340a60b0b3a
org.json4s	json4s-mongo_2.10	3.2.9		8feefdba14bea1a9acfa8d75610e65f4d021c5c1
org.json4s	json4s-mongo_2.10	3.3.0		17e6d476eae5cc0516d2790a799aa6130921e045
org.json4s	json4s-mongo_2.10	3.3.0.RC1		8f0a404b82234e4b3383ff7e1e74c56db0065dea
org.json4s	json4s-mongo_2.10	3.3.0.RC2		365176a3450b7d530a792ab86682759d24b27607
org.json4s	json4s-mongo_2.10	3.3.0.RC3		bbd31e0d136d6fa2d64daafa8867ac21d88993eb
org.json4s	json4s-mongo_2.10	3.3.0.RC4		24e969290a7b1e0f5e111d0ad1d59e224388bba4
org.json4s	json4s-mongo_2.10	3.3.0.RC5		4514916982c3419f15492b56a0c4a5f89e77cb2a
org.json4s	json4s-mongo_2.10	3.3.0.RC6		6af4f77a15605eeb65e512974426d8cf9de21657
org.json4s	json4s-mongo_2.10	3.4.0		7ac46e42aa1ef1915b9207b5da8244249cad8b9d
org.json4s	json4s-mongo_2.10	3.4.1		295e4280181aceb8aa7768e79659ab41362e4ede
org.json4s	json4s-mongo_2.10	3.4.2		a5edd52aea0c83f2868c22b6b85dddf301cb96b6
org.json4s	json4s-mongo_2.10	3.5.0		a23f117fc59feb12e720db25997a10ff952ad8ae
org.json4s	json4s-mongo_2.10	3.5.0.RC1		8b0064dc17b0c34073f90e0102bc98f619d4df1d
org.json4s	json4s-mongo_2.10	3.5.1		60d4a693ed769a4b86555969438e83940d34c939
org.json4s	json4s-mongo_2.10	3.5.2		01b5be73f89d61d99516e70ede928243722fd0af
org.json4s	json4s-mongo_2.10	3.5.3		4c61cd62d917fc9ff13f473cf9c7ae86e349b0ba
org.json4s	json4s-mongo_2.10	3.5.4		3a5d26b65cf8895f8522fe4bf0c604c9981af744
org.json4s	json4s-mongo_2.10	3.5.5		84fb7633c530c947e33701419d9a421c68375bfa
org.json4s	json4s-mongo_2.10	3.6.0		b6c2808546c1ed5d3c56a9b77dcf36c21882abec
org.json4s	json4s-mongo_2.10	3.6.0-M1		ec6392d3b5a13501b2b8324961e6d64763378c9d
org.json4s	json4s-mongo_2.10	3.6.0-M2		6482ad3ba1afa682cdb75ebd5e06fe2d0c99148d
org.json4s	json4s-mongo_2.10	3.6.0-M3		dc05af1b13c0eaac9376bc1d019fd9cf9d55d289
org.json4s	json4s-mongo_2.10	3.6.0-M4		f257ad5744fbda1d7a6deebc488bddef6bc54f29
org.json4s	json4s-mongo_2.10	3.6.0-RC1		fe576345c2ada077e0f8c7bf64cd1527555f6986
org.json4s	json4s-mongo_2.10	3.6.1		808aaacdbdc4556b287dc512a515fddb8ea7635e
org.json4s	json4s-mongo_2.10	3.6.10		b80b9f336c8fe3d636c538e27076bbf604d3a0ba
org.json4s	json4s-mongo_2.10	3.6.11		2cae9650c959f9707f1cde5de25356f3f191283c
org.json4s	json4s-mongo_2.10	3.6.12		09c9c5402e26179b2013002441766dac6db0d9c1
org.json4s	json4s-mongo_2.10	3.6.2		12a61fa695dc852655b77f5f2ce9a1a17b37590f
org.json4s	json4s-mongo_2.10	3.6.3		78baffa17049957c4edc9a6c0cecf708e9c2a12d
org.json4s	json4s-mongo_2.10	3.6.4		7f17cc148e2ecfce35320b99806bba394caa3127
org.json4s	json4s-mongo_2.10	3.6.5		f2785aa716471ad22184ed735b5cadcfaeb454b4
org.json4s	json4s-mongo_2.10	3.6.6		371a87a6691f9960352066105aeee38a7fec272a
org.json4s	json4s-mongo_2.10	3.6.7		146d98e663ed5b592bfc23991e5e902d2fac35fe
org.json4s	json4s-mongo_2.10	3.6.8		efea5e1f34141828f376f3c78e2a7122bd4e6aae
org.json4s	json4s-mongo_2.10	3.6.9		9f009ed7ec352ebcbb9bde37dcbaffeb29eb745b
org.jvnet.hyperjaxb3	hyperjaxb3-ejb-plugin	0.1		51fada3b185c07a5e836544ad7056a714b00b760
org.jvnet.hyperjaxb3	hyperjaxb3-ejb-plugin	0.2.GA		8d1f26b8d9896af7b70ee067c2a41795f2e406db
org.jvnet.hyperjaxb3	hyperjaxb3-ejb-plugin	0.2.RC1		c613d5baf88edce4e280f93cdf1a9f5f426aedfc
org.jvnet.hyperjaxb3	hyperjaxb3-ejb-plugin	0.3		abafdb8c8a5efeb867fa64895e33829618886557
org.jvnet.hyperjaxb3	hyperjaxb3-ejb-plugin	0.4		8c71c80431c13808c7dca13fdff0fc5d9a1100b8
org.jvnet.hyperjaxb3	hyperjaxb3-ejb-plugin	0.5.0		276e3e252db279f70550608276c4f8538f4f5ad3
org.jvnet.hyperjaxb3	hyperjaxb3-ejb-plugin	0.5.1		1d4a25470c15dd06ecede437ff306450bbef7bf3
org.jvnet.hyperjaxb3	hyperjaxb3-ejb-plugin	0.5.2		74152133ca1072035baac503d52cb65e794828e9
org.jvnet.hyperjaxb3	hyperjaxb3-ejb-plugin	0.5.3		0f6b6b1c22a2b7d5f1f2ab8115132d2e279c0585
org.jvnet.hyperjaxb3	hyperjaxb3-ejb-plugin	0.5.4		0293be9430a78b454ebee3edf2972f338ed30a0d
org.jvnet.hyperjaxb3	hyperjaxb3-ejb-plugin	0.5.5		1e14d954343e8fb631e5ee9a0984adff5f73815b
org.jvnet.hyperjaxb3	hyperjaxb3-ejb-plugin	0.5.6		8771454114fbf47a6b735980aa24913e75cc0dd8
org.jvnet.hyperjaxb3	hyperjaxb3-ejb-plugin	0.6.0		60c6f4af6bf21948389b765959d72fdef50c169f
org.jvnet.hyperjaxb3	hyperjaxb3-ejb-plugin	0.6.1		8dd53e0ebf5d0fe53ad9e20cd35672cf8db7ed58
org.jvnet.hyperjaxb3	hyperjaxb3-ejb-plugin	0.6.2		7cd783b4d352d26a693927f6b13f0e262df8019c
org.lanatec	spring-browsersync	0.1		6e6a48e4b5eeb92f6fd4425245c3274b6c7713fc
org.netbeans.external	net-java-html-boot-fx	RELEASE100		b9bbf5bf22e1b8603f312f6e02abc6267996b38a
org.netbeans.external	net-java-html-boot-fx	RELEASE110		b9bbf5bf22e1b8603f312f6e02abc6267996b38a
org.netbeans.external	net-java-html-boot-fx	RELEASE111		dc7f2c830a0616b3c2e53187bd01057ec70f003b
org.netbeans.external	net-java-html-boot-fx	RELEASE112		dc7f2c830a0616b3c2e53187bd01057ec70f003b
org.netbeans.external	net-java-html-boot-fx	RELEASE113		f56b997d397f2984442342dd89069f0e086de8a8
org.netbeans.external	net-java-html-boot-fx	RELEASE90		b9bbf5bf22e1b8603f312f6e02abc6267996b38a
org.optaplanner	optaplanner-persistence-xstream	10.0.0		acaefc328733d4e35b68b98037d899e2f7836add
org.optaplanner	optaplanner-persistence-xstream	6.4.0.Beta1		f12233a2e7a5eeecb5cc3317acecbe98dc1665ea
org.optaplanner	optaplanner-persistence-xstream	6.4.0.Beta2		0987866ba69d7460a390f941b5e170127238c6a3
org.optaplanner	optaplanner-persistence-xstream	6.4.0.CR1		44804b97f6bd3f96e5b0f1efb34e41a76fc90816
org.optaplanner	optaplanner-persistence-xstream	6.4.0.CR2		5ca3f1c4df5ae49a35d20ef2f43dcb5bdbdcc335
org.optaplanner	optaplanner-persistence-xstream	6.4.0.Final		a54051eadc756c20b73cadf838bc8c92c4d7af5f
org.optaplanner	optaplanner-persistence-xstream	6.5.0.Beta1		422b65a38e78090847cbdc8df162159cb6d72852
org.optaplanner	optaplanner-persistence-xstream	6.5.0.CR1		c20f3eaca4242c09b96bd6560abdc02fce34e785
org.optaplanner	optaplanner-persistence-xstream	6.5.0.CR2		855009c4d5fa878cc5100e4f09f3e0a59d026eb8
org.optaplanner	optaplanner-persistence-xstream	6.5.0.Final		eb1e4630945f65b90cbbf79bdc6f3c83d5ed19ab
org.optaplanner	optaplanner-persistence-xstream	7.0.0.Beta1		80753a376fb4f6e18aa7aa54525d94e077369afb
org.optaplanner	optaplanner-persistence-xstream	7.0.0.Beta2		89533a0fb1f3232f302917d3047e3c88700029c3
org.optaplanner	optaplanner-persistence-xstream	7.0.0.Beta3		2f583595ce1f24acdb701f2d26fecaef610f47f0
org.optaplanner	optaplanner-persistence-xstream	7.0.0.Beta4		06f2792a2121ed5000b3a5b975c2fe20372b7f7d
org.optaplanner	optaplanner-persistence-xstream	7.0.0.Beta5		86e7445c4c741203326f894e3cb34980e1d587f9
org.optaplanner	optaplanner-persistence-xstream	7.0.0.Beta6		c457960433661fdbcc8b678f0b9935c1739b7cb4
org.optaplanner	optaplanner-persistence-xstream	7.0.0.Beta7		3a5e36d168c1e5827cb86295b17f301ece659129
org.optaplanner	optaplanner-persistence-xstream	7.0.0.Beta8		c66eca962c26effadec22dfcfe31c41300f06a1f
org.optaplanner	optaplanner-persistence-xstream	7.0.0.CR1		b2a8952c9febf45e7252849e1c079a9bd2b36d82
org.optaplanner	optaplanner-persistence-xstream	7.0.0.CR2		17b7335b187a5be5759bdea1bbbb4cc3edbb677d
org.optaplanner	optaplanner-persistence-xstream	7.0.0.CR3		5de693b09293b99bc6784e2d1b30423c6a9e1407
org.optaplanner	optaplanner-persistence-xstream	7.0.0.Final		cf12f01659fd070f7cce01e0fc3f74cd7c9772fb
org.optaplanner	optaplanner-persistence-xstream	7.1.0.Beta1		9a663cf3cc47f25a87e52d6a3ffdf1e37bb96de6
org.optaplanner	optaplanner-persistence-xstream	7.1.0.Beta2		beccaa9b6110b1e131ade15f453dd7b830e8ab3c
org.optaplanner	optaplanner-persistence-xstream	7.1.0.Beta3		2591441bfd4894dbb9f33db7525c618c3fff7181
org.optaplanner	optaplanner-persistence-xstream	7.1.0.Final		ba59e817cd03666a5d8af07d182362841772ac16
org.optaplanner	optaplanner-persistence-xstream	7.10.0.Final		7eb16250681395456672daff0a278d6d471bd547
org.optaplanner	optaplanner-persistence-xstream	7.11.0.Final		02723aad350f2624d219b5170009603564ec7c90
org.optaplanner	optaplanner-persistence-xstream	7.12.0.Final		4ae937bee5f85bd800fd5448b06426c8505fd145
org.optaplanner	optaplanner-persistence-xstream	7.13.0.Final		abe51626dcce8d15e25c01926119a7be9ce7a773
org.optaplanner	optaplanner-persistence-xstream	7.14.0.Final		d1cc3bc98c71c6af98f0b2295e3e33f8894a4242
org.optaplanner	optaplanner-persistence-xstream	7.15.0.Final		0a0f601080a8fdef1707d1712bee173a05df6a73
org.optaplanner	optaplanner-persistence-xstream	7.16.0.Final		833a0c18fe84dea377fd8ea4d5e6afa6374ab8f2
org.optaplanner	optaplanner-persistence-xstream	7.17.0.Final		9132b45198393f420df0bf9da2dcb34cadc2bfbb
org.optaplanner	optaplanner-persistence-xstream	7.18.0.Final		12fb906a6b02587c78a79d16e360fa0ecf90855c
org.optaplanner	optaplanner-persistence-xstream	7.19.0.Final		0248c8654d70c3497a0eb2506e51acba4476b048
org.optaplanner	optaplanner-persistence-xstream	7.2.0.Final		9bfa46e0598c355de24013d6452a38e7c593f8a5
org.optaplanner	optaplanner-persistence-xstream	7.20.0.Final		23bd45554bfeace9dbc53d56731ebefaa67bface
org.optaplanner	optaplanner-persistence-xstream	7.21.0.Final		97ecdc5fb91e21df8104c505ff5508598b012e79
org.optaplanner	optaplanner-persistence-xstream	7.22.0.Final		4b28e8565436d2e7708ef584d962079aa70f8176
org.optaplanner	optaplanner-persistence-xstream	7.22.0.t042		b73ee1df0daf7dce5a100e53223bd149465a0b41
org.optaplanner	optaplanner-persistence-xstream	7.23.0.Final		518b549b34677c44b1ff1e36d5828b66d45fb756
org.optaplanner	optaplanner-persistence-xstream	7.24.0.Final		8a3c590f11952f8836ca8d22609b4020d71ea538
org.optaplanner	optaplanner-persistence-xstream	7.24.0.t043		f535d329bb70e1fcd54e6ae0ac7ab4a77e10932d
org.optaplanner	optaplanner-persistence-xstream	7.25.0.Final		f247fb164ef7be486899c4bba10911c4a38dd56b
org.optaplanner	optaplanner-persistence-xstream	7.26.0.Final		091d1724d3ca5424d38671e0c3077927cb3be070
org.optaplanner	optaplanner-persistence-xstream	7.27.0.Final		b1ff0856f7b8501b3f68905e37122daf7ff07b74
org.optaplanner	optaplanner-persistence-xstream	7.28.0.Final		cf4cfd0059703942c952a596bb78cae070cfd0ad
org.optaplanner	optaplanner-persistence-xstream	7.29.0.Final		484ef88677127769363f5f16e74b4511bff8e706
org.optaplanner	optaplanner-persistence-xstream	7.3.0.Final		ca6bab324cc2ba813431f27bf53ad7e565bc0a25
org.optaplanner	optaplanner-persistence-xstream	7.30.0.Final		9a4e89cfbb44d87aa81f7269082b3e5ee50a915e
org.optaplanner	optaplanner-persistence-xstream	7.31.0.Final		7368a0fbe85abd6336adab01625e1f47e4b7f780
org.optaplanner	optaplanner-persistence-xstream	7.32.0.Final		1fac37f157246dad1267a6d50af3deecaea3cd12
org.optaplanner	optaplanner-persistence-xstream	7.33.0.Final		2ace54a8076f13e7814c39609a89e35b96d43d5d
org.optaplanner	optaplanner-persistence-xstream	7.34.0.Final		6149fb22b8d4b0ea767cffbc27d7ca33da322481
org.optaplanner	optaplanner-persistence-xstream	7.35.0.Final		4268fb1d352dcfd8423b5f18bf2e5566f80dfe35
org.optaplanner	optaplanner-persistence-xstream	7.36.0.20200331		86a7d4f099bae4652611bfa5c43bf6f5d0722f0b
org.optaplanner	optaplanner-persistence-xstream	7.36.0.Final		675614055f7294cbb39ccab739c4cf710ee0d5e0
org.optaplanner	optaplanner-persistence-xstream	7.36.1.Final		31bcd8fb937b2be4180eba6996ab087689f58f89
org.optaplanner	optaplanner-persistence-xstream	7.37.0.Final		5d9fc1576ea62b8e66c5f4cf6c37bdeee7f220cc
org.optaplanner	optaplanner-persistence-xstream	7.38.0.Final		cf6dc3980ca57d25bd6ac61194480a1e46f789a0
org.optaplanner	optaplanner-persistence-xstream	7.39.0.CR1		323555e15f54bd9bc18460c5934a69df7d40812a
org.optaplanner	optaplanner-persistence-xstream	7.39.0.Final		26d8d3fd94326817b0230b14ba02c18d7f50dba9
org.optaplanner	optaplanner-persistence-xstream	7.4.1.Final		fc8c8f18999955236b48de02330f15c239f62069
org.optaplanner	optaplanner-persistence-xstream	7.40.0.20200703		83c12602b8acb914cc22f08dc2d46cbaeac16b58
org.optaplanner	optaplanner-persistence-xstream	7.40.0.Final		c1215013d194a6979e9ea6e516ff7a2ab296ca05
org.optaplanner	optaplanner-persistence-xstream	7.41.0.Final		7c4a112663f19c8ac0e6386345fd2c4cd73a8f71
org.optaplanner	optaplanner-persistence-xstream	7.41.0.t20200723		59343c775d021cb75921f69a4763d6ca768c8405
org.optaplanner	optaplanner-persistence-xstream	7.42.0.Final		f009c9e098f16311c32efc93bbeffc5a4b9a0062
org.optaplanner	optaplanner-persistence-xstream	7.43.0.Final		e42e8b9e324e5c0f7a5a9152da947f939c49625c
org.optaplanner	optaplanner-persistence-xstream	7.43.1.Final		79193eb5a31352d8bfb069dc08d2c4fe8680292e
org.optaplanner	optaplanner-persistence-xstream	7.44.0.Final		824b584ff4f718124d1e5790ca64637d3695758c
org.optaplanner	optaplanner-persistence-xstream	7.45.0.Final		cd75e69860e659cf961f0aa6233f2cdd07fa1d91
org.optaplanner	optaplanner-persistence-xstream	7.45.0.t20201009		5c73b601d3b265fa104d2d5f667043d2a8350101
org.optaplanner	optaplanner-persistence-xstream	7.45.0.t20201014		c43e4588dbd9de693fffc0a8c150bfcc64481ae5
org.optaplanner	optaplanner-persistence-xstream	7.46.0.Final		26ab40eaa1c8e1b845f84aec75ead02432627904
org.optaplanner	optaplanner-persistence-xstream	7.47.0.Final		23682c847931251965298a11597ba9f261d81bc5
org.optaplanner	optaplanner-persistence-xstream	7.48.0.Final		5dd0789d1574e5a4c3a29522bb81a66630d64eaa
org.optaplanner	optaplanner-persistence-xstream	7.49.0.Final		6033a5c60d5fef6dce99d2c6c158053edad903f0
org.optaplanner	optaplanner-persistence-xstream	7.5.0.Final		bc94f5c328728ebfe2d713b8b3ba0d4ce333c560
org.optaplanner	optaplanner-persistence-xstream	7.5.0.t018		f5da78219cfc1928e2a24fca2c395a3551f21ce4
org.optaplanner	optaplanner-persistence-xstream	7.50.0.Final		7bf7ddff64c53f8c0be7550bdcdde192948c6133
org.optaplanner	optaplanner-persistence-xstream	7.51.0.Final		0d82e948229b50d47abb28cc65ff0692af9f7453
org.optaplanner	optaplanner-persistence-xstream	7.52.0.Final		5f4d75edd16811e9499a8acdd65905d948724da2
org.optaplanner	optaplanner-persistence-xstream	7.53.0.Final		693f8befc389c4f9e8dbc02b2b353235b6429015
org.optaplanner	optaplanner-persistence-xstream	7.54.0.Final		453b0353738666306aeb1bdcab2aa8510ea755f1
org.optaplanner	optaplanner-persistence-xstream	7.55.0.Final		416d19e8ac1876f008e73cdf4f9c1679b82608d7
org.optaplanner	optaplanner-persistence-xstream	7.56.0.Final		f7e8988762f9931c779a389e0d6a9a3f6b1900a9
org.optaplanner	optaplanner-persistence-xstream	7.57.0.Final		11720befdd8a28062aae6e4fbd65200f062e8491
org.optaplanner	optaplanner-persistence-xstream	7.58.0.Final		8bcf5a4e916e9dfaa66a6543d9818aa2d6769f11
org.optaplanner	optaplanner-persistence-xstream	7.59.0.Final		6cf1052f0e10ee1bbbebf88e6656ef573202f428
org.optaplanner	optaplanner-persistence-xstream	7.6.0.Final		f5554f62ae09a5e5b58df892de7054f112848ef6
org.optaplanner	optaplanner-persistence-xstream	7.6.0.t022		cae41a4c7d103aca54ffc24fa7a140009b5f3aaf
org.optaplanner	optaplanner-persistence-xstream	7.60.0.Final		ff5fdda566dc48f84fef4a6bf4286ff13c1e80a5
org.optaplanner	optaplanner-persistence-xstream	7.61.0.Final		14e69a1921e0104c7238ab9ac5d6831511f0023f
org.optaplanner	optaplanner-persistence-xstream	7.62.0.Final		5337c1419d3e94335bb47b39260b009dac8e8c95
org.optaplanner	optaplanner-persistence-xstream	7.63.0.Final		f952e110df57b1f386812c470dc13e4f03a6c88b
org.optaplanner	optaplanner-persistence-xstream	7.64.0.Final		f0723a2a46960f53df7a65b857c20411560917bb
org.optaplanner	optaplanner-persistence-xstream	7.65.0.Final		13ebc9dbac7d69092beb3f885ab68169c83863d3
org.optaplanner	optaplanner-persistence-xstream	7.66.0.Final		67babdf539059c401ba5d5cc520b3da9a4cb4be6
org.optaplanner	optaplanner-persistence-xstream	7.67.0.Final		0ecc095a5bb74975ada53a75bd0f23302fd5d527
org.optaplanner	optaplanner-persistence-xstream	7.68.0.Final		0677d661fff60386200b6f2593f326918a224501
org.optaplanner	optaplanner-persistence-xstream	7.69.0.Final		54a202f489f3dc058bbb9c0a3b4cbbba10989445
org.optaplanner	optaplanner-persistence-xstream	7.7.0.Final		f4c55c46240afd068a0b9a7eaf79902bc0d1c9b4
org.optaplanner	optaplanner-persistence-xstream	7.70.0.Final		0390a50f58b70e07a8ffddb5a010bdd7d9782dee
org.optaplanner	optaplanner-persistence-xstream	7.71.0.Final		b112116ec5e6fa1ca40d52db7dea573270b674a0
org.optaplanner	optaplanner-persistence-xstream	7.72.0.Final		0391beb149f05df6b865713c513454df5a30443b
org.optaplanner	optaplanner-persistence-xstream	7.73.0.Final		cbc90ff0a1c5000ed147c5c1ff3216f4996014f5
org.optaplanner	optaplanner-persistence-xstream	7.8.0.Final		f550c811ad0406de4e48910985c50ca7382a7879
org.optaplanner	optaplanner-persistence-xstream	7.9.0.Final		3668ef0b4ecbb24788115d1fb69fb680dcca9b14
org.optaplanner	optaplanner-persistence-xstream	8.0.0.Beta1		3ef4a1c877b416c7fd3a8e4fc797c32b9f7f7059
org.optaplanner	optaplanner-persistence-xstream	8.0.0.Final		d8991405c72b1e32402508e98430efe04a7d3731
org.optaplanner	optaplanner-persistence-xstream	8.1.0.Final		62e7db9246d4b0b9cd0294fe101c47db62e4efc9
org.optaplanner	optaplanner-persistence-xstream	8.10.0.Final		a3478edea1a696e37440b77df73b6046c8519623
org.optaplanner	optaplanner-persistence-xstream	8.11.0.Final		53c5a34a198507d84fc925a45caeab5cb707d9f2
org.optaplanner	optaplanner-persistence-xstream	8.11.1.Final		5acc3f112d35ed8d8ac05271ccdc4bab1fbd6312
org.optaplanner	optaplanner-persistence-xstream	8.12.0.Final		f6817dac6d2a36b1a4b6229139668e01ddc7959e
org.optaplanner	optaplanner-persistence-xstream	8.13.0.Final		dcf77f302b6662747e5ca6e72c5d9980d0409d91
org.optaplanner	optaplanner-persistence-xstream	8.14.0.Final		141b186b3b0c666284fa4f30cf11028133d0f4b6
org.optaplanner	optaplanner-persistence-xstream	8.14.1.Final		b4e736e42856680b74807f760720de0956c6280e
org.optaplanner	optaplanner-persistence-xstream	8.15.0.Final		27d102332e3fcd34f8b835b70ffe6c2f8fc8b46b
org.optaplanner	optaplanner-persistence-xstream	8.16.0.Final		beca30b437afe9cf4713f052fc2ce88502212b73
org.optaplanner	optaplanner-persistence-xstream	8.16.1.Final		9b68144d57b8e396d786e60a0b4d63330025c6a3
org.optaplanner	optaplanner-persistence-xstream	8.17.0.Final		abeb3121ee60e7d3dc1c248ac5386f7e06679674
org.optaplanner	optaplanner-persistence-xstream	8.18.0.Final		74f5eeaf19e0f25f2f96849f61c8bb8070d17042
org.optaplanner	optaplanner-persistence-xstream	8.19.0.Final		5e20e79ce4cc7308fb46f9ec1244b967eede5be6
org.optaplanner	optaplanner-persistence-xstream	8.2.0.Final		bf7d245cf140de464915f11f00d128595e1b1dec
org.optaplanner	optaplanner-persistence-xstream	8.20.0.Final		c9148ab3b87f37ade69f000c429ca48a32865272
org.optaplanner	optaplanner-persistence-xstream	8.21.0.Final		038e7bef29da711ae0cb549e843e170fb2b8b93a
org.optaplanner	optaplanner-persistence-xstream	8.22.0.Final		5f8ce5e3a5fb830bf329d2b032a97f0f4cae25e9
org.optaplanner	optaplanner-persistence-xstream	8.22.1.Final		0af9a099796794ea737b5fc93e1139cecb59b83d
org.optaplanner	optaplanner-persistence-xstream	8.23.0.Final		1c20d7bdaf721510f143a9cd9e4c55258e0c2502
org.optaplanner	optaplanner-persistence-xstream	8.24.0.Final		6fcabcaecf5bc835ea05f17bf53f21b03b1741f8
org.optaplanner	optaplanner-persistence-xstream	8.24.1.Final		92fbc000bec34e871d94dfa17fe115fc2c8d7770
org.optaplanner	optaplanner-persistence-xstream	8.25.0.Final		90814be1e193cb8bc93af9fac67be77c81a32998
org.optaplanner	optaplanner-persistence-xstream	8.26.0.Final		323b70001ea3e60c223406cac4dfa812064f7247
org.optaplanner	optaplanner-persistence-xstream	8.27.0.Final		d52aa672d9b51bb5cf2396283b05ffa084c4da8d
org.optaplanner	optaplanner-persistence-xstream	8.28.0.Final		2298d3eda24e0023e91dfba8876118ea4c7a49e9
org.optaplanner	optaplanner-persistence-xstream	8.29.0.Final		f8be61a6a88b90e17f6c4b75e89d7d54328847ca
org.optaplanner	optaplanner-persistence-xstream	8.3.0.Final		6864ef833e08e09df6a0dfed98b91276180459bc
org.optaplanner	optaplanner-persistence-xstream	8.30.0.Final		a86d960d890cd3daccd054a1597509adee3220e8
org.optaplanner	optaplanner-persistence-xstream	8.31.0.Final		d116dc2c3250a7f04c88cdcb279d5169c9d8f80e
org.optaplanner	optaplanner-persistence-xstream	8.31.1.Final		e0cc109ac16e06b420c49ed61483618272253c5c
org.optaplanner	optaplanner-persistence-xstream	8.32.0.Final		8f5f25889bb3bd376805a382196260e52bd1d33b
org.optaplanner	optaplanner-persistence-xstream	8.33.0.Final		7db30bb3232f9bb53eb2b3aa11d349c32c0a103f
org.optaplanner	optaplanner-persistence-xstream	8.34.0.Final		9d6e720aff61f85b06b1f21cd47d99b4dccb4d59
org.optaplanner	optaplanner-persistence-xstream	8.35.0.Final		27724f96095abbea9fed1028b4be6c4f32753fea
org.optaplanner	optaplanner-persistence-xstream	8.36.0.Final		0bbafde1e73469266a586c1967917f39a7016bb5
org.optaplanner	optaplanner-persistence-xstream	8.37.0.Final		b92e9c77da46e3bc185751475ddf6ebfb52bb07c
org.optaplanner	optaplanner-persistence-xstream	8.38.0.Final		2acae16c4186f4c42b46a2fea7a99a7043613589
org.optaplanner	optaplanner-persistence-xstream	8.4.0.Final		5f2801725d4754decaba08b9fa0c8f39a7c3d9e6
org.optaplanner	optaplanner-persistence-xstream	8.4.1.Final		bffefb8548e16de6aef62e90bbe58a4aa8e6548a
org.optaplanner	optaplanner-persistence-xstream	8.40.0.Final		f5c2f9efa52974c8a318a6d6215dd78e20a30968
org.optaplanner	optaplanner-persistence-xstream	8.41.0.Final		90a66b072dad9af54ddb7faa8277397b6a13a3f5
org.optaplanner	optaplanner-persistence-xstream	8.42.0.Final		07ea394b8ae0409a28705113ac2f5df325dd3197
org.optaplanner	optaplanner-persistence-xstream	8.43.0.Final		957dcf8affaf68fbe49396b8802d99ab6d6523e1
org.optaplanner	optaplanner-persistence-xstream	8.44.0.Final		d8c2b68c9544a643d6af2b0eb96b9b3fe7682a2e
org.optaplanner	optaplanner-persistence-xstream	8.5.0.Final		8ae935670eb58b43ed8a6cbf996d7c72ffcf8715
org.optaplanner	optaplanner-persistence-xstream	8.6.0.Final		93964eff2e34ff71b6899a6a527256bcceb7c3b7
org.optaplanner	optaplanner-persistence-xstream	8.7.0.Final		7b52b3913dc093ce3b77433c53a0c4e332677b75
org.optaplanner	optaplanner-persistence-xstream	8.8.0.Final		61edd5fa4c0edcaab9a3aacc1467e88a61186e1e
org.optaplanner	optaplanner-persistence-xstream	8.9.0.Final		e8c08a93f33da1d89091b7b447e18320b785a832
org.optaplanner	optaplanner-persistence-xstream	8.9.1.Final		239824e812f8eaccc0887c9421bf9c6c779c196f
org.optaplanner	optaplanner-persistence-xstream	9.34.0.Beta1		61af46aac1f3ff3cfe392401ec2470abc73443f8
org.optaplanner	optaplanner-persistence-xstream	9.35.0.Beta2		202eb00692d73bcd417eeb04d88264f92ba49017
org.optaplanner	optaplanner-persistence-xstream	9.36.0.Beta3		ed4fc797bd3eedce574738a3998ecc2bd88fdea3
org.optaplanner	optaplanner-persistence-xstream	9.37.0.Final		764bdaf035b0efab3bbd31e0d7f62d4e9ce57209
org.optaplanner	optaplanner-persistence-xstream	9.38.0.Final		dac9c1975045e7ea56db89d692dc9fd0cce98f55
org.optaplanner	optaplanner-persistence-xstream	9.40.0.Final		70116dda8d8a922e9832ef580df94489efd826e9
org.optaplanner	optaplanner-persistence-xstream	9.41.0.Final		42e5fc111defce2af602fb9cb5b3536d01e49dac
org.optaplanner	optaplanner-persistence-xstream	9.42.0.Final		593608a8ea6c2931ef538bfe7660b10e270a8a9d
org.optaplanner	optaplanner-persistence-xstream	9.43.0.Final		2ddc3224cdc3851fb72021924b569b6586882910
org.optaplanner	optaplanner-persistence-xstream	9.44.0.Final		14ee0f945ba9ef5cb6f42f0f899c5d24dc4eee49
org.pcre4j	lib	0.0.0		041f432348068f081f1f6d9a0cab06c6be7a3983
org.pcre4j	lib	0.1.0		d5748ee9f47cf444ebda61292c304f1ff7f71173
org.pcre4j	lib	0.1.1		317bcdeae4487a74be00474c201663617884e64c
org.pcre4j	lib	0.1.2		076b45add1da329524a14e54fdefe521ebc39275
org.pcre4j	lib	0.2.0		e8eb7fae32eecb5945187424bd8fb8c6f6a8f263
org.pcre4j	lib	0.2.1		5cfecf38eaba0cfee03be0f7be83887fcffb959f
org.pcre4j	lib	0.3.0		d4247dc248448ee38ee8fc0cc6e72eeb5ac00910
org.pcre4j	lib	0.4.0		6c75c9ffecffba4a744f992d8679f5fcd149c5a2
org.pcre4j	lib	0.4.1		72ac6b8b7afa2ffb3a8374900ee3d25bfdb6b1bc
org.pcre4j	lib	0.4.2		13ca5af3af90948c7b971bec15302764303dcfed
org.pcre4j	lib	0.4.3		586996cb6926ca56cd2e3dc7ea731fc96ec6e5c1
org.piwik.java.tracking	matomo-java-tracker-servlet-javax	3.0.2		4e4483ace27a60317d8515a112720939e478bf2f
org.piwik.java.tracking	matomo-java-tracker-servlet-javax	3.0.5		d152d61a60fe284c9c36fba81f40b323406c5c3f
org.piwik.java.tracking	matomo-java-tracker-servlet-javax	3.0.6		9f70850e38837903138a6d8c8b5db1a5128ae925
org.piwik.java.tracking	matomo-java-tracker-servlet-javax	3.1.1		b4a781c0d126093bb660385f23094ddbd8d422b1
org.piwik.java.tracking	matomo-java-tracker-servlet-javax	3.2.0		d9d4b1e1c6ddf0da24eb15a383a54394be7c09fe
org.piwik.java.tracking	matomo-java-tracker-servlet-javax	3.2.1		9ae1ad66b931dad15c43ea80767c43cc85845bc9
org.piwik.java.tracking	matomo-java-tracker-servlet-javax	3.3.0		3f2f725e10c2d44b0d437254e3f907135a3d4316
org.piwik.java.tracking	matomo-java-tracker-servlet-javax	3.3.1		fea410dee9be00445a3090866651e4aa6334041a
org.piwik.java.tracking	matomo-java-tracker-servlet-javax	3.4.0		d9cefa92f469f6081da6110fc04653b89d6bc6da
org.projectlombok	lombok.ast	0.2		e2fde5a32736114360a2b17b070fc14adb927b19
org.reduxkotlin	redux-kotlin-thunk-linuxmips32	0.5.5		N/A
org.reduxkotlin	redux-kotlin-thunk-linuxmips32	0.6.0		N/A
org.scala-saddle	saddle-hdf5_2.10	1.2.0		bffc3afad0b5e72c530afe5a2ea4f0d20ae381e8
org.scala-saddle	saddle-hdf5_2.10	1.3.0		57021eeaf150dde66a582129fe6dc36dab304581
org.scala-saddle	saddle-hdf5_2.10	1.3.1		48253d24b0653447c97c7f654d2d61f4123f5c36
org.scala-saddle	saddle-hdf5_2.10	1.3.2		d6d38fe0f11c676d6f4c725c1b9ec0851360c087
org.scala-saddle	saddle-hdf5_2.10	1.3.3		f2f294ca7c8aa0bb8eb03d838022d65550903437
org.scala-saddle	saddle-hdf5_2.10	1.3.4		ebf228ab18d4f3c03217d12ae057190cbb0346bb
org.scalatestplus	easymock-5-1_2.13	3.2.15.0		0c7b5eb2534f9615634b09c8dede7786328f3fbb
org.scalatestplus	easymock-5-1_2.13	3.2.16.0		762ced525f58530d38739caf02d7d84c90a545fe
org.scalatestplus	easymock-5-1_2.13	3.2.17.0		7eb1500b2aef2dfeab719b933e861ece3baaaf15
org.ton	ton-kotlin-contract	0.1.0		8bb4e2e77c6936e3e8c28a07cf8884adbd9d6f4a
org.ton	ton-kotlin-contract	0.1.1		8bb4e2e77c6936e3e8c28a07cf8884adbd9d6f4a
org.ton	ton-kotlin-contract	0.2.1		fc4798aac41ba23e1b6b4c1d0cd93f6bc9c7d51a
org.ton	ton-kotlin-contract	0.2.10		6b1acc0c18cab01cc9b195e1cf16167a66d849ad
org.ton	ton-kotlin-contract	0.2.12		856b1375b59453b02326ec0cd3f1424f5d7cfa08
org.ton	ton-kotlin-contract	0.2.13		856b1375b59453b02326ec0cd3f1424f5d7cfa08
org.ton	ton-kotlin-contract	0.2.14		856b1375b59453b02326ec0cd3f1424f5d7cfa08
org.ton	ton-kotlin-contract	0.2.15		12d82d157cf20076784a337cf6cd903f01ac8dc6
org.ton	ton-kotlin-contract	0.2.16		abcf95a8beef8e50916c7ab33c024dfbda4ce9db
org.ton	ton-kotlin-contract	0.2.18		63411280140bc7ed3753a89d6caf5d20f86cabf1
org.ton	ton-kotlin-contract	0.2.2		fc4798aac41ba23e1b6b4c1d0cd93f6bc9c7d51a
org.ton	ton-kotlin-contract	0.2.4		fc4798aac41ba23e1b6b4c1d0cd93f6bc9c7d51a
org.ton	ton-kotlin-contract	0.2.6		6b1acc0c18cab01cc9b195e1cf16167a66d849ad
org.ton	ton-kotlin-contract	0.2.7		6b1acc0c18cab01cc9b195e1cf16167a66d849ad
org.ton	ton-kotlin-contract	0.2.8		6b1acc0c18cab01cc9b195e1cf16167a66d849ad
org.ton	ton-kotlin-contract	0.2.9		6b1acc0c18cab01cc9b195e1cf16167a66d849ad
org.ton	ton-kotlin-contract	0.3.0		ec4cd73ab28a02984b5c409ebf2f6435f120506b
org.ton	ton-kotlin-contract	0.3.1		f4b9a6abf4f8ee92f409ca209365d492bf0b809b
org.ton	ton-kotlin-contract	0.4.2		8717607ce47584cc5a6e05a07b76f3d8de05fcbf
org.ton	ton-kotlin-contract	0.4.3		8717607ce47584cc5a6e05a07b76f3d8de05fcbf
org.usergrid	usergrid-services	0.0.12		bf5d51dd0e2be9e6f93bb6e9d0d8d6af3ffeed4b
org.usergrid	usergrid-services	0.0.13		8a4b3ff4770a4da2e566571fb5efd86fa1858f1d
org.usergrid	usergrid-services	0.0.14		eb16bf6532fa50d72b8ba53b25d1070577b9e895
org.usergrid	usergrid-services	0.0.15		396d35c1609d46d3c3f991a5ca520ec55914c71f
org.usergrid	usergrid-services	0.0.26		287d5086ceaa730f522b54c0745cd602743db10e
org.usergrid	usergrid-services	0.0.26.1		e3dbb3bcd7812401d8dcb5917e031637512cc21a
org.usergrid	usergrid-services	0.0.27		a268e2d9c231a43bb06de918620305e9aa92e745
org.usergrid	usergrid-services	0.0.27.1		8b9f7018e9eee863fe3f08936dbb368ec4df46a3
org.virtuslab	besom-slack_3	0.4.11-core.0.4		79c4f5e88881d52993c672d6c2839f8ef3d2c252
org.virtuslab	besom-slack_3	0.4.2-beta.0.0.1		bc763a141e4dc2bad5e6dd7fbacb9e24e481f8fb
org.virtuslab	besom-slack_3	0.4.2-core.0.1.0		adc3466d89787a354a0a8842a56454317223e9c0
org.virtuslab	besom-slack_3	0.4.3-core.0.2		52ae8e7961a9c69f148236c19cf2b570f7b06762
org.virtuslab	besom-slack_3	0.4.4-core.0.3		a02d7054fc46a7007b7e04a52364b3ee8e8b0965
org.webjars.npm	atomico__use-responsive-state	1.0.1		c753db33e14abd3c3f1a1028b8c1eabd815e3977
org.webjars.npm	gulp-version-append	0.2.0		8f1545eeb289c31bb99d055d4535e590621e5b2c
org.webjars.npm	twix	0.6.4		36900d5aba858427068a4507463bc719c1caca75
org.webjars.npm	twix	0.9.0		74da4be1ae5c1bea4e78a159304fa3ec271fd51b
org.webjars.npm	twix	1.1.3		db69fafcf7797ca9f6333b6057ce4f6ffb88dc21
org.webjars.npm	twix	1.2.1		dada56adf3d249e3bd3618c07e7ebe3d2f82314d
org.webjars.npm	web3-bzz	1.2.4		1e44fd021e06c0260e337be64d7a35facc0452ab
org.webjars.npm	web3-bzz	1.5.2		7c802753044f3d3d5a69d8e6a5bc7411ceb14a12
org.wildfly.swarm.testsuite	testsuite-jaxrs-cdi	2012.12.0		N/A
org.wildfly.swarm.testsuite	testsuite-jaxrs-cdi	2017.10.0		N/A
org.wildfly.swarm.testsuite	testsuite-jaxrs-cdi	2017.10.1		N/A
org.wildfly.swarm.testsuite	testsuite-jaxrs-cdi	2017.10.2		N/A
org.wildfly.swarm.testsuite	testsuite-jaxrs-cdi	2017.11.0		N/A
org.wildfly.swarm.testsuite	testsuite-jaxrs-cdi	2017.12.0		N/A
org.wildfly.swarm.testsuite	testsuite-jaxrs-cdi	2017.12.1		N/A
org.wildfly.swarm.testsuite	testsuite-jaxrs-cdi	2017.9.4		N/A
org.wildfly.swarm.testsuite	testsuite-jaxrs-cdi	2017.9.5		N/A
org.wildfly.swarm.testsuite	testsuite-jaxrs-cdi	2018.1.0		N/A
org.wildfly.swarm.testsuite	testsuite-jaxrs-cdi	2018.2.0		N/A
org.wildfly.swarm.testsuite	testsuite-jaxrs-cdi	2018.2.0.Final		N/A
org.wildfly.swarm.testsuite	testsuite-jaxrs-cdi	2018.3.0		N/A
org.wildfly.swarm.testsuite	testsuite-jaxrs-cdi	2018.3.1		N/A
org.wildfly.swarm.testsuite	testsuite-jaxrs-cdi	2018.3.2		N/A
org.wildfly.swarm.testsuite	testsuite-jaxrs-cdi	2018.3.3		N/A
org.wildfly.swarm.testsuite	testsuite-jaxrs-cdi	2018.4.0		N/A
org.wildfly.swarm.testsuite	testsuite-jaxrs-cdi	2018.4.1		N/A
org.wildfly.swarm.testsuite	testsuite-jaxrs-cdi	2018.5.0		N/A
ru.biosoft	graph	2.0.0		N/A
space.kscience	kmath-complex-macosx64	0.4.1		N/A
space.kscience	kmath-complex-macosx64	0.4.1	metadata	8c4d26514d90e898b7abfb9e289c6554b6063304
space.kscience	kmath-complex-macosx64	0.4.2		N/A
space.kscience	kmath-complex-macosx64	0.4.2	metadata	dd3efae4c035aa93351d231ed21d158075785db9
tech.devscast	validable-js	2.0.0-alpha02		N/A
