br.com.objectos.rio	boot	0.7.0		ea1b3eeecfa5fbd91eb7f68d05e8e9787e6a849f
ch.sbs	dtbook-update-metadata	0.10		64270913b091a724fddca47cb215da2aa61c2032
ch.sbs	dtbook-update-metadata	0.11		5e83f8e85c283d5d750a2a7dcf8f9c7453435584
ch.sbs	dtbook-update-metadata	0.12		9670a3cfa01a0ad111e154d9ead78a347ea4afbe
ch.sbs	dtbook-update-metadata	0.8		a7afa1eb4cf681c840e89a256ae23fe35aca6c78
ch.sbs	dtbook-update-metadata	0.9		83901a40756fa055a46e2631b4d4747b7acf4ded
cn.fox-tech	fox-edge-server-protocol-cjt188-core	1.0.0		eebfd077503b049567f518db72cb6b24c684c5dd
cn.fox-tech	fox-edge-server-protocol-cjt188-core	1.0.1		7b4434a5d36a716c5404827e11be455ee4637dcd
cn.fox-tech	fox-edge-server-protocol-cjt188-core	1.0.2		f8eaed481a8996b29f9982617a2b5ce627572659
cn.fox-tech	fox-edge-server-protocol-cjt188-core	1.0.3		8bfbf46af6360175a2b515cf2905bbb3177b594d
cn.fox-tech	fox-edge-server-protocol-cjt188-core	1.0.4		3af8b81b5ed852b47644f6e413e01c4a5e5d4a3b
cn.fox-tech	fox-edge-server-protocol-cjt188-core	1.0.6		b96e26eef97fcb4f5d8f26fb0439533217fb6757
cn.fox-tech	fox-edge-server-protocol-cjt188-core	1.0.7		bfdae797caa02a2545250c2af9fce882c488b85d
cn.fox-tech	fox-edge-server-protocol-cjt188-core	1.0.8		a79a57797ffe1528b8156268300fb0248a8d1a01
cn.fox-tech	fox-edge-server-protocol-cjt188-core	1.0.9		fa9bc45f481b967c070c40c9e2720308f2b2c41f
cn.fox-tech	fox-edge-server-protocol-cjt188-core	1.1.0		f8d6e2bd52cd7ec6644f612c27f672ea7facb98c
cn.fox-tech	fox-edge-server-protocol-cjt188-core	1.1.1		7c2d4823e1bd2e11119f7727c4c553d26f7628b4
cn.fox-tech	fox-edge-server-protocol-cjt188-core	1.1.2		8e8fbdf1dadb505f6c930e29e7fb25dcab230e0f
cn.fox-tech	fox-edge-server-protocol-cjt188-core	1.1.3		99d2545f1cc0dc058ebb1d8eea783065dc501eda
cn.fox-tech	fox-edge-server-protocol-cjt188-core	1.1.4		0ec55a17bff638627d765b9d1e3a46899f3ffd46
cn.fox-tech	fox-edge-server-protocol-cjt188-core	1.1.5		7c732d8bed4ba8ceed3468c196e5db152704eccb
cn.fox-tech	fox-edge-server-protocol-cjt188-core	1.1.6		1fab9e736c8ddec92040a1f7e046d3b03a87ccd3
cn.fox-tech	fox-edge-server-protocol-cjt188-core	1.1.7		a40aeaaa97d8e84c72dd8ed916c295ff29e0c1ee
cn.fox-tech	fox-edge-server-protocol-cjt188-core	1.1.8		1e1a669e2c4dedd6429ce45ff712819b60992946
cn.fox-tech	fox-edge-server-protocol-cjt188-core	1.1.9		35b1fc58287e480be29462142d0fc13ccc247e39
cn.fox-tech	fox-edge-server-protocol-cjt188-core	1.2.0		9eabe7b1d13c979a94a3400e78701c7e4e54965a
cn.fox-tech	fox-edge-server-protocol-cjt188-core	1.2.1		ebf691cd275d4921520a0b379686b557f752df25
cn.fox-tech	fox-edge-server-protocol-cjt188-core	1.2.3		00a908993459cc2a930d419ec08f438e5af1c481
com.azure.spring	spring-cloud-azure-starter-storage	4.10.0		36b56c9e74232845c2a9ed39a06fd1b334f55ec8
com.azure.spring	spring-cloud-azure-starter-storage	4.11.0		ececee3d95545a14aec9fe261cc63eb9e80b042c
com.azure.spring	spring-cloud-azure-starter-storage	4.12.0		debdb427783f89e14d546095b979c70fa1b5136c
com.azure.spring	spring-cloud-azure-starter-storage	4.13.0		f801532f13a6f50dc575097d67794398be48788c
com.azure.spring	spring-cloud-azure-starter-storage	4.14.0		2f3e75686f142f0648804fcb883df6ef193d4b16
com.azure.spring	spring-cloud-azure-starter-storage	4.15.0		3aae4f6ca3209f7ae7ad16ca77f80f5c80c20fd6
com.azure.spring	spring-cloud-azure-starter-storage	4.16.0		9241faebd38e740af07912c8146e9f29b4ee03c1
com.azure.spring	spring-cloud-azure-starter-storage	4.17.0		6a59cd4f1f3e96da898ca7c551002e97da316935
com.azure.spring	spring-cloud-azure-starter-storage	4.18.0		c4fb438de007606939f20d255d6983001123aec2
com.azure.spring	spring-cloud-azure-starter-storage	4.19.0		9800d0239602a6f0770808f501fcf08535d8b347
com.azure.spring	spring-cloud-azure-starter-storage	4.20.0		e1a61701e9eb266cebb3a852b52c03d1f3483d6c
com.azure.spring	spring-cloud-azure-starter-storage	4.3.0		d0f4f9e875ce1c35574ffbfe9fcf267c99d97295
com.azure.spring	spring-cloud-azure-starter-storage	4.4.0		2361ce2dc64981c8cf4c0c7ecfba027b78df039f
com.azure.spring	spring-cloud-azure-starter-storage	4.4.1		459b8e62f4fe2e3d6aceac6ede795aeed634f581
com.azure.spring	spring-cloud-azure-starter-storage	4.5.0		6e3a5a8e76e6d849fef8166fb1f77ccf1fb36fc6
com.azure.spring	spring-cloud-azure-starter-storage	4.5.0-beta.1		dfcafa5faae39c1a97172d8f861db207985a48c7
com.azure.spring	spring-cloud-azure-starter-storage	4.6.0		9c94f71f3a86644b3ef67490dad1ae937c5fd06a
com.azure.spring	spring-cloud-azure-starter-storage	4.7.0		9767bc8de741d81ed5a92127a1342faf778bd80b
com.azure.spring	spring-cloud-azure-starter-storage	4.8.0		35b34c4993c6b42688ebd9a97d8eaaed9b6f74bd
com.azure.spring	spring-cloud-azure-starter-storage	4.9.0		f668e5b8d88294f5472d2bd39614ba908c43ca8e
com.azure.spring	spring-cloud-azure-starter-storage	4.9.0-beta.1		4c791b97eb5f129c7f0ad427e223f61869c4be80
com.azure.spring	spring-cloud-azure-starter-storage	5.0.0		c34e9c994094dfab2ec0a2a5ba05ee7f05962b09
com.azure.spring	spring-cloud-azure-starter-storage	5.1.0		77f28834e52e15e23336a0cfbf1b377bacd491c7
com.azure.spring	spring-cloud-azure-starter-storage	5.10.0		0e8aebb262531907efb71539d622d9f785a34ff4
com.azure.spring	spring-cloud-azure-starter-storage	5.11.0		707d3fab73cf0619c7d855da2374e813726d071a
com.azure.spring	spring-cloud-azure-starter-storage	5.12.0		912e3aa15f4abd14e85771a7974bc2230f203654
com.azure.spring	spring-cloud-azure-starter-storage	5.12.0-beta.1		af279ea4a5fb1540cd9dbb59e9d71f30d11ae78a
com.azure.spring	spring-cloud-azure-starter-storage	5.13.0		9d093f48e419307f16161aa4268582a71c20f443
com.azure.spring	spring-cloud-azure-starter-storage	5.14.0		fa465869d766382774553ad391519d076ae9b82e
com.azure.spring	spring-cloud-azure-starter-storage	5.15.0		0d1ade485d6d0fa48561afbfd79599aacd9df531
com.azure.spring	spring-cloud-azure-starter-storage	5.16.0		b574b1a442de398be24578079727c7dfc3ff58bc
com.azure.spring	spring-cloud-azure-starter-storage	5.17.0		a6b812c207354a030dfc4a11b32075ae23bac18b
com.azure.spring	spring-cloud-azure-starter-storage	5.17.1		f2688ae215d9015f58eb9c25c2e68fac23c0108a
com.azure.spring	spring-cloud-azure-starter-storage	5.18.0		ae4268ae38f930d3365399460ff507e5d0b59fda
com.azure.spring	spring-cloud-azure-starter-storage	5.19.0		f82daadad69d8972a7e3d6deff362e9f4f368f67
com.azure.spring	spring-cloud-azure-starter-storage	5.2.0		f24d08d0c51c4c2b947f61896caed4264a006182
com.azure.spring	spring-cloud-azure-starter-storage	5.20.0		e4c2f3b4f447fb7e365e06c7b33359c6192546fc
com.azure.spring	spring-cloud-azure-starter-storage	5.20.1		1c6e2f4d392440bd967dea25a27031d9e55c7ff1
com.azure.spring	spring-cloud-azure-starter-storage	5.21.0		3a36144baf154a71e806a45ceb9574ee61bc4a8d
com.azure.spring	spring-cloud-azure-starter-storage	5.22.0		d26ba351dc9e9f6df3107034c759c11523ec4c2a
com.azure.spring	spring-cloud-azure-starter-storage	5.3.0		38d8147e050e047abf639aa3449ecd55605bef2f
com.azure.spring	spring-cloud-azure-starter-storage	5.4.0		c9bbd7ea9b3a41ad3976e04ca08b7acd7ef57f20
com.azure.spring	spring-cloud-azure-starter-storage	5.5.0		74071b93c43249ccaab31edd30192a36b7f66285
com.azure.spring	spring-cloud-azure-starter-storage	5.6.0		4efe1897479a3dfb936abf397211be14121e702b
com.azure.spring	spring-cloud-azure-starter-storage	5.7.0		01e9acfb2a71ee24d69a8cee615971b170909811
com.azure.spring	spring-cloud-azure-starter-storage	5.8.0		a03c7b1f8e5a45b3e7890112e1a3c6a5165298a4
com.azure.spring	spring-cloud-azure-starter-storage	5.9.0		fb4aa335c8f574105bc26bf7960492b4e5840f84
com.azure.spring	spring-cloud-azure-starter-storage	5.9.1		cc367afcb64a823a38171ede8eebc21367c86cad
com.azure.spring	spring-cloud-azure-starter-storage	6.0.0-beta.2		c15d12344e4339506138158ae4202607199cd272
com.azure.spring	spring-cloud-azure-starter-storage	6.0.0-beta.3		4138a9deb8bcae0bf1beb808024b543918980b75
com.azure.spring	spring-cloud-azure-starter-storage	6.0.0-beta.4		fdec244f915bf43442a326565ff36f4e4eded210
com.ea.orbit.actors.tests	orbit-actors-benchmarks	0.6.0		8a1ab36e645520342330f6f4743d013479a7295a
com.ea.orbit.actors.tests	orbit-actors-benchmarks	0.6.1		e34ac67bf0d99cb12d783291370eb69c70d5f196
com.ea.orbit.actors.tests	orbit-actors-benchmarks	0.6.2		b59db697b2f5f4203aa7a92ab65ff21225b479cd
com.ea.orbit.actors.tests	orbit-actors-benchmarks	0.6.3		fa126cb0ab05943db46a3272d6dd7b7c734e5114
com.ea.orbit.actors.tests	orbit-actors-benchmarks	0.7.0		adea56a75ad8f1d9685159ee6acc167f65e29cea
com.ea.orbit.actors.tests	orbit-actors-benchmarks	0.7.1		85f752bc57cc4a63ca15bd2d226863864ddad1c6
com.flozano.metrics	metrics-statsd	0.2.1		5689263e9ea0e390155da4b8fbfa01a4f0274c72
com.flozano.metrics	metrics-statsd	0.3.0		34cde5045bb436028af8bd5acd3eecc88512977d
com.fraktalio.fmodel	domain-tvossimulatorarm64	3.4.0		N/A
com.fraktalio.fmodel	domain-tvossimulatorarm64	3.4.0	metadata	9885d808e3769884ee3e60cb8d5976cbb18145e4
com.fraktalio.fmodel	domain-tvossimulatorarm64	3.5.0		N/A
com.fraktalio.fmodel	domain-tvossimulatorarm64	3.5.0	metadata	638a7dabc3a42be76d9c8c5ce0fcb889fb0aa7cb
com.fraktalio.fmodel	domain-tvossimulatorarm64	3.5.1		N/A
com.fraktalio.fmodel	domain-tvossimulatorarm64	3.5.1	metadata	75c3fc7674287d470f54210d5f259ff5c2b50805
com.fraktalio.fmodel	domain-tvossimulatorarm64	3.6.0		N/A
com.fraktalio.fmodel	domain-tvossimulatorarm64	3.6.0	metadata	1d87cfd8bc70876f61aa92fc13a76be509a34759
com.github.dercilima	firebackup	0.0.1		N/A
com.github.dercilima	firebackup	0.0.2		N/A
com.github.dercilima	firebackup	0.0.3		N/A
com.github.dercilima	firebackup	0.0.4		N/A
com.github.dercilima	firebackup	0.0.5		N/A
com.github.dercilima	firebackup	0.0.6		N/A
com.github.dercilima	firebackup	0.0.7		N/A
com.github.dercilima	firebackup	0.0.8		N/A
com.github.javadev	swaydb-java	0.7.1		ecb520e8b802b9095f43adbc3ceafe1a92ba6350
com.github.javadev	swaydb-java	0.8-beta.8.3		26cdc59ca10cb9c90f53acb6f522b192270e76e3
com.github.javadev	swaydb-java	0.8-beta.8.4		17b50a800b25162a394d2fb21518421347f27240
com.github.javadev	swaydb-java	0.8-beta.8.8		f6066682145166832bc794aa65b5c2ea5e8db6ff
com.github.javadev	swaydb-java	0.8.0		N/A
com.github.javadev	swaydb-java	0.9-alpha.2		e3a8630de03935a598f3b805816c2e3e72ab8228
com.github.simplesteph.ksm	kafka-security-manager_2.12	0.3		b326ecc0b2bffe50fe44d7573edb19adfd243ed8
com.github.srec	srec	0.1.0		N/A
com.github.srec	srec	0.1.1		N/A
com.github.wangzihaogithub	security-filter	1.0.0		d53f1843c244263315073ce6609e599cfe399087
com.github.wangzihaogithub	security-filter	1.0.1		3650053876ea962ad30cf00c41e5034b6508211e
com.github.wangzihaogithub	security-filter	1.0.2		96a2a1bab75751de0efce58a3cd6359a004f066e
com.github.wangzihaogithub	security-filter	1.0.3		5edac42bd4cc6161d60e45ebb1e98c2799de6b19
com.github.wangzihaogithub	security-filter	1.0.4		68f9b0eded3b1b03fb6957c76512e5746d06fff5
com.github.wangzihaogithub	security-filter	1.0.5		a90b95dc5625d197d3ac15de47bf023538d8ed6f
com.github.wangzihaogithub	security-filter	1.0.6		828dd0db24406e745ead8139a95a5e874fc2e76e
com.github.wangzihaogithub	security-filter	1.0.7		884689dd2e26f7e6546855a2f168a3440f7f5123
com.github.wangzihaogithub	security-filter	1.0.8		f1647673c78e6674cec2390b18ee77503c69ec8c
com.github.wangzihaogithub	security-filter	1.0.9		8eec2f60a4dcad755ac521af5964be172048a208
com.github.wangzihaogithub	security-filter	1.1.0		57fc12956584e6feaf0b3f7de4ee975179e1dad2
com.github.wangzihaogithub	security-filter	1.1.1		33b9807c59373d6cb4cf94fe8bc858e65a4d943f
com.github.wangzihaogithub	security-filter	1.1.10		80a7ec3151756ad32550bb9c1308e1b6248a8370
com.github.wangzihaogithub	security-filter	1.1.11		1758312c9378cf5e7ba07824b31049266c4c373d
com.github.wangzihaogithub	security-filter	1.1.12		499d2bdddfaf8fa69e6401b7ea18c56f7717ae85
com.github.wangzihaogithub	security-filter	1.1.13		2d9c1e6d08820213c40d3febae09ee405052eb99
com.github.wangzihaogithub	security-filter	1.1.14		c9ed1e0dce491b6107b9252cb2b73927177217bc
com.github.wangzihaogithub	security-filter	1.1.2		6debd5f6be2092809506f9c40c2a0f01546f0743
com.github.wangzihaogithub	security-filter	1.1.3		8ffe5c1e1b769daa4c6177719f9a7f7803181661
com.github.wangzihaogithub	security-filter	1.1.4		9558146ee777b7cf5a062eab443e55130f281ba9
com.github.wangzihaogithub	security-filter	1.1.5		5111c2a9d187f846c4126d76c982417b380a7ae4
com.github.wangzihaogithub	security-filter	1.1.6		c35525d90e4567496b4a347132c7756ea7b1e475
com.github.wangzihaogithub	security-filter	1.1.7		30983c7f34b851fc3acebfcd82efbbffeaebef52
com.github.wangzihaogithub	security-filter	1.1.8		61e6396150884564edba0d227b51f4f2ee04eff1
com.github.wangzihaogithub	security-filter	1.1.9		607e96a5cd75989bcd68ace6d69dd81b7dfda8b5
com.github.wasiqb.coteafs	selenium	1.0.0		2cf523893ed9677b68bafeb2044435fcce3ae5a7
com.github.wasiqb.coteafs	selenium	1.0.0-beta1		38209032bd63d1982448c1d2af411d0765bdcf49
com.github.wasiqb.coteafs	selenium	1.0.0-beta2		127f5a7915a33945b0e10c5dd76c8e67a9ca87ca
com.github.wasiqb.coteafs	selenium	1.0.0-beta3		cb365428f243064f51f752f4ace335fa5da45f92
com.github.wasiqb.coteafs	selenium	1.0.0-beta4		e4d110f1221c9cedddf83d06b58a8de9e2d8f84b
com.github.wasiqb.coteafs	selenium	2.0.0		a6181039570ba9623943ce1ba9cad5230b5efdfe
com.github.wasiqb.coteafs	selenium	2.0.0-beta1		5e08a45253042a338f9687d02b1bd4148419d1b9
com.github.wasiqb.coteafs	selenium	2.1.0		a86f5c464c94bd383a82e1cbab6d9901aeeb8115
com.github.wasiqb.coteafs	selenium	2.1.0-beta1		c29c55c39305019451e51d50c89cf21ef6480208
com.github.wasiqb.coteafs	selenium	3.0.0		83c63732aa089c0a7e0b67fb4823d4c2794aeec0
com.github.wasiqb.coteafs	selenium	3.0.0-beta1		cf4e04b5044fcd2d3acea8606b1b04da48d77dc1
com.github.wasiqb.coteafs	selenium	3.1.0		3bd43ed18a8b634b057645efda767f96671bfa2e
com.github.wasiqb.coteafs	selenium	3.2.0		9858c869a16c922ba7aa73f5d86e337e93c6c12a
com.github.wasiqb.coteafs	selenium	3.2.1		b68565438a598311320e82894676ee0b2d60485d
com.github.wasiqb.coteafs	selenium	3.2.2		f5ddb9cc2dc2513c1dcf903a164d60f5b52780d9
com.github.wasiqb.coteafs	selenium	3.3.0		df691850018cd0b1d522fc725a9b12f11dac6899
com.github.wasiqb.coteafs	selenium	3.4.0		cc68b9d6bedec62f97b81851948cb0bb6ae35c1d
com.github.wasiqb.coteafs	selenium	4.0.0		126dd10c6a28c5e69a4fb10de0913e84057755ed
com.github.wasiqb.coteafs	selenium	4.0.1		a3b3272e04f1336f26ec555dc5d4796b06259576
com.github.wasiqb.coteafs	selenium	4.1.0		82757c1b322e8a55f3a33abe86bdfcf553abe250
com.github.wasiqb.coteafs	selenium	4.1.1		c46cba7b52c6f410d8b25e20a69c3a91f12e8e8f
com.github.wasiqb.coteafs	selenium	4.2.0		a2acc26a42af543f03cc9e64239fefbeb7c92f6b
com.growingio.giokit	giokit-plugin	1.0.0		be2b677268b12864171d0146e47ded35608cad4a
com.growingio.giokit	giokit-plugin	1.0.1		b4f7679f1c9cbd34e570178ac4375bf020ba7a1a
com.growingio.giokit	giokit-plugin	1.1.0		a6fff458d4eb5f3d09562a9492b9517264100c0b
com.growingio.giokit	giokit-plugin	1.2.0		f857c8d54b3d7d2260f0a61cc194dade28e7cbd2
com.growingio.giokit	giokit-plugin	1.3.0		c7be91c85bea74f664536d16065e1e6014b71987
com.growingio.giokit	giokit-plugin	1.4.0		7b3526468beb080af111a89da2c996f43c39bde9
com.jwebmp.plugins.javascript	jwebmp-plugins-javascript-parent	0.67.0.1		N/A
com.jwebmp.plugins.javascript	jwebmp-plugins-javascript-parent	0.67.0.12		N/A
com.jwebmp.plugins.javascript	jwebmp-plugins-javascript-parent	0.67.0.15		N/A
com.jwebmp.plugins.javascript	jwebmp-plugins-javascript-parent	0.67.0.16		N/A
com.jwebmp.plugins.javascript	jwebmp-plugins-javascript-parent	0.67.0.2		N/A
com.jwebmp.plugins.javascript	jwebmp-plugins-javascript-parent	0.67.0.3		N/A
com.jwebmp.plugins.javascript	jwebmp-plugins-javascript-parent	0.67.0.4		N/A
com.jwebmp.plugins.javascript	jwebmp-plugins-javascript-parent	0.67.0.5		N/A
com.jwebmp.plugins.javascript	jwebmp-plugins-javascript-parent	0.67.0.7		N/A
com.jwebmp.plugins.javascript	jwebmp-plugins-javascript-parent	0.67.0.9		N/A
com.jwebmp.plugins.javascript	jwebmp-plugins-javascript-parent	0.68.0.1		N/A
com.manorrock.piranha	piranha-authorization-exousia	19.11.0		5c7980efce64d48211b1c27d295d3083113a07a7
com.manorrock.piranha	piranha-authorization-exousia	4.0.15.0		cc1d0fabb9056308ca4bd2c5953feef17e056149
com.merkle.oss.magnolia	magnolia-spring-renderer	0.0.2		04f0c9cb8050323184a7407898372ad473fa8524
com.merkle.oss.magnolia	magnolia-spring-renderer	0.0.3		77a85f6261548dffd366d16f4ec472e2905a4aa0
com.merkle.oss.magnolia	magnolia-spring-renderer	0.0.4		90dbefa3f3c700f3ed8d977d4f5173e794226140
com.outr	scribe-macros_2.13	2.7.10		f86c2aa380332df8542ee3fb04dec785fbc6dd9c
com.outr	scribe-macros_2.13	2.7.11		ea10ff483496d37487066d8c0e50c30043ee32f6
com.outr	scribe-macros_2.13	2.7.12		a74decaade992366df4f12e775ef1714850eecb0
com.outr	scribe-macros_2.13	2.7.13		504f7f283437efd08efe70fcd622571a435572d5
com.outr	scribe-macros_2.13	2.7.8		dcec431b5925b927cbcc168edf846da4d92ebdcc
com.outr	scribe-macros_2.13	2.7.9		b231bf76606d3bfc6ea31b642c800af0e33d739e
com.outr	scribe-macros_2.13	2.8.0		f406151a6f79bd729bc2d52a05196cc331fe5099
com.outr	scribe-macros_2.13	2.8.1		92d58f7dd120446c08397e4a68d607f058fef48f
com.outr	scribe-macros_2.13	2.8.2		a0228f26c795cf4968f1a1a9a1111558ae237c3d
com.outr	scribe-macros_2.13	2.8.3		d6651454603e89d536acd88645d13a3ade93cb86
com.outr	scribe-macros_2.13	2.8.4		1433bef1a16dcf6a48368729a3609da3ff5a1e3c
com.outr	scribe-macros_2.13	2.8.5		bda004c51bfe18bb15e90df1c3c881053b71c358
com.outr	scribe-macros_2.13	2.8.6		48807eb9a6ae1fcc2e60c0b6d10edd74af086640
com.rickclephas.kmp	nsexception-kt-crashlytics-iosx64	0.1.0		N/A
com.rickclephas.kmp	nsexception-kt-crashlytics-iosx64	0.1.0	metadata	4f9563a5e69523c9026ce386412720d7e6c67bd4
com.rickclephas.kmp	nsexception-kt-crashlytics-iosx64	0.1.1		N/A
com.rickclephas.kmp	nsexception-kt-crashlytics-iosx64	0.1.1	metadata	073b737804e56491bdf2ffcebebe3e875379cf34
com.rickclephas.kmp	nsexception-kt-crashlytics-iosx64	0.1.10		N/A
com.rickclephas.kmp	nsexception-kt-crashlytics-iosx64	0.1.10	metadata	2fab772b992973b9d58069f898c15cad3f416088
com.rickclephas.kmp	nsexception-kt-crashlytics-iosx64	0.1.11		N/A
com.rickclephas.kmp	nsexception-kt-crashlytics-iosx64	0.1.11	metadata	4bef7ac4c7a71841baecda4c5e4d988ed1dae7dd
com.rickclephas.kmp	nsexception-kt-crashlytics-iosx64	0.1.12		N/A
com.rickclephas.kmp	nsexception-kt-crashlytics-iosx64	0.1.12	metadata	0dcf58e339d1a2c99750191e989f6057de732a81
com.rickclephas.kmp	nsexception-kt-crashlytics-iosx64	0.1.13		N/A
com.rickclephas.kmp	nsexception-kt-crashlytics-iosx64	0.1.13	metadata	588538a23db0b688a1fdb39c4861b9d83706e91f
com.rickclephas.kmp	nsexception-kt-crashlytics-iosx64	0.1.14		N/A
com.rickclephas.kmp	nsexception-kt-crashlytics-iosx64	0.1.14	metadata	1f078a537c7740b1d95fda88c43caade8a4c8f7c
com.rickclephas.kmp	nsexception-kt-crashlytics-iosx64	0.1.15		N/A
com.rickclephas.kmp	nsexception-kt-crashlytics-iosx64	0.1.15	metadata	6ab1977d19bd2556a3781cd8271869df64098c2b
com.rickclephas.kmp	nsexception-kt-crashlytics-iosx64	0.1.15-kotlin-2.0.0-Beta1		N/A
com.rickclephas.kmp	nsexception-kt-crashlytics-iosx64	0.1.15-kotlin-2.0.0-Beta1	metadata	f8fea0831c8b948c83b2494be20b4a8ab254482d
com.rickclephas.kmp	nsexception-kt-crashlytics-iosx64	0.1.15-kotlin-2.0.0-Beta2		N/A
com.rickclephas.kmp	nsexception-kt-crashlytics-iosx64	0.1.15-kotlin-2.0.0-Beta2	metadata	59e6e6659211fd2c8d651b26b3e6028e1ca239f4
com.rickclephas.kmp	nsexception-kt-crashlytics-iosx64	0.1.16		N/A
com.rickclephas.kmp	nsexception-kt-crashlytics-iosx64	0.1.16	metadata	a6d800ad7e03fe8f2a248840fe5e3a658ea7af7e
com.rickclephas.kmp	nsexception-kt-crashlytics-iosx64	0.1.17		N/A
com.rickclephas.kmp	nsexception-kt-crashlytics-iosx64	0.1.17	metadata	82e1cb5b020cb94b00eef3a530e2d6fabce71a77
com.rickclephas.kmp	nsexception-kt-crashlytics-iosx64	0.1.17-kotlin-2.0.0-Beta3		N/A
com.rickclephas.kmp	nsexception-kt-crashlytics-iosx64	0.1.17-kotlin-2.0.0-Beta3	metadata	fdd6e30d37e36fdbc77ce14e5b8fbaab4b7469e7
com.rickclephas.kmp	nsexception-kt-crashlytics-iosx64	0.1.2		N/A
com.rickclephas.kmp	nsexception-kt-crashlytics-iosx64	0.1.2	metadata	05626599227e4a4e94d5cd79ccce76df87a2f1a9
com.rickclephas.kmp	nsexception-kt-crashlytics-iosx64	0.1.3		N/A
com.rickclephas.kmp	nsexception-kt-crashlytics-iosx64	0.1.3	metadata	708c96628edc72c04b1024f48152948f6f4f76c5
com.rickclephas.kmp	nsexception-kt-crashlytics-iosx64	0.1.4		N/A
com.rickclephas.kmp	nsexception-kt-crashlytics-iosx64	0.1.4	metadata	355a17db89477069d1e7340888fdd12eaf23cb70
com.rickclephas.kmp	nsexception-kt-crashlytics-iosx64	0.1.5		N/A
com.rickclephas.kmp	nsexception-kt-crashlytics-iosx64	0.1.5	metadata	d8f9b13f39fff7772d652c5a84bad56ade89c23d
com.rickclephas.kmp	nsexception-kt-crashlytics-iosx64	0.1.6		N/A
com.rickclephas.kmp	nsexception-kt-crashlytics-iosx64	0.1.6	metadata	f0322e88849f5af6436b8e8aa2fe043e90387911
com.rickclephas.kmp	nsexception-kt-crashlytics-iosx64	0.1.7		N/A
com.rickclephas.kmp	nsexception-kt-crashlytics-iosx64	0.1.7	metadata	cd89fccd4476b7114e0d08eaed2405e74a096aff
com.rickclephas.kmp	nsexception-kt-crashlytics-iosx64	0.1.7-kotlin-1.9.0-Beta		N/A
com.rickclephas.kmp	nsexception-kt-crashlytics-iosx64	0.1.7-kotlin-1.9.0-Beta	metadata	f392cb6ec16e03887593872f364b1377f1666bd5
com.rickclephas.kmp	nsexception-kt-crashlytics-iosx64	0.1.7-kotlin-1.9.0-RC		N/A
com.rickclephas.kmp	nsexception-kt-crashlytics-iosx64	0.1.7-kotlin-1.9.0-RC	metadata	060165a960bc6b053d95a5b745a726e1ac75e8b1
com.rickclephas.kmp	nsexception-kt-crashlytics-iosx64	0.1.8		N/A
com.rickclephas.kmp	nsexception-kt-crashlytics-iosx64	0.1.8	metadata	af59a3b33012ad56e1c132344f1f36e6f714922c
com.rickclephas.kmp	nsexception-kt-crashlytics-iosx64	0.1.9		N/A
com.rickclephas.kmp	nsexception-kt-crashlytics-iosx64	0.1.9	metadata	7b90d4d888e34993c6699bba7c5bd798d125251e
com.rickclephas.kmp	nsexception-kt-crashlytics-iosx64	1.0.0-BETA-1		N/A
com.rickclephas.kmp	nsexception-kt-crashlytics-iosx64	1.0.0-BETA-1	metadata	c15260dab3e678ea3c95c237284d11ceb7bef977
com.rickclephas.kmp	nsexception-kt-crashlytics-iosx64	1.0.0-BETA-1-kotlin-2.0.0-Beta4		N/A
com.rickclephas.kmp	nsexception-kt-crashlytics-iosx64	1.0.0-BETA-1-kotlin-2.0.0-Beta4	metadata	3b7496514da8a6fbffa2d2df4a638850e22b373a
com.rickclephas.kmp	nsexception-kt-crashlytics-iosx64	1.0.0-BETA-10		N/A
com.rickclephas.kmp	nsexception-kt-crashlytics-iosx64	1.0.0-BETA-10	metadata	e5e0e39a8ca0b753383c4a71fb3f1067d345e5a9
com.rickclephas.kmp	nsexception-kt-crashlytics-iosx64	1.0.0-BETA-10-kotlin-2.1.20-Beta2		N/A
com.rickclephas.kmp	nsexception-kt-crashlytics-iosx64	1.0.0-BETA-10-kotlin-2.1.20-Beta2	metadata	ab468c0341ac2fd88a17f48eeeae851b3baf3d61
com.rickclephas.kmp	nsexception-kt-crashlytics-iosx64	1.0.0-BETA-10-kotlin-2.1.20-RC		N/A
com.rickclephas.kmp	nsexception-kt-crashlytics-iosx64	1.0.0-BETA-10-kotlin-2.1.20-RC	metadata	d2d20d889d7a546ab784656824068f4927ce6d9b
com.rickclephas.kmp	nsexception-kt-crashlytics-iosx64	1.0.0-BETA-10-kotlin-2.1.20-RC2		N/A
com.rickclephas.kmp	nsexception-kt-crashlytics-iosx64	1.0.0-BETA-10-kotlin-2.1.20-RC2	metadata	d51ddf844b6689a2ac6e4368c1eb556f9f9c0dd5
com.rickclephas.kmp	nsexception-kt-crashlytics-iosx64	1.0.0-BETA-10-kotlin-2.1.20-RC3		N/A
com.rickclephas.kmp	nsexception-kt-crashlytics-iosx64	1.0.0-BETA-10-kotlin-2.1.20-RC3	metadata	dd8ddbdb0f67ba4921c8ec433227ed13d395bca3
com.rickclephas.kmp	nsexception-kt-crashlytics-iosx64	1.0.0-BETA-11		N/A
com.rickclephas.kmp	nsexception-kt-crashlytics-iosx64	1.0.0-BETA-11	metadata	664593f803d1da3e06115d096dd5f7407d7fd7ec
com.rickclephas.kmp	nsexception-kt-crashlytics-iosx64	1.0.0-BETA-11-kotlin-2.1.21-RC		N/A
com.rickclephas.kmp	nsexception-kt-crashlytics-iosx64	1.0.0-BETA-11-kotlin-2.1.21-RC	metadata	3235a893d648a0e9da64fd383f998941633cc67b
com.rickclephas.kmp	nsexception-kt-crashlytics-iosx64	1.0.0-BETA-11-kotlin-2.2.0-Beta1		N/A
com.rickclephas.kmp	nsexception-kt-crashlytics-iosx64	1.0.0-BETA-11-kotlin-2.2.0-Beta1	metadata	9d77744f0da4d4acdf97ba92001923249d67cad4
com.rickclephas.kmp	nsexception-kt-crashlytics-iosx64	1.0.0-BETA-2		N/A
com.rickclephas.kmp	nsexception-kt-crashlytics-iosx64	1.0.0-BETA-2	metadata	413163c1a9058901b731ab8e40757b876db6117f
com.rickclephas.kmp	nsexception-kt-crashlytics-iosx64	1.0.0-BETA-2-kotlin-2.0.0-Beta5		N/A
com.rickclephas.kmp	nsexception-kt-crashlytics-iosx64	1.0.0-BETA-2-kotlin-2.0.0-Beta5	metadata	ee93a8fa2622238e9a276023e58e75c407b4d483
com.rickclephas.kmp	nsexception-kt-crashlytics-iosx64	1.0.0-BETA-2-kotlin-2.0.0-RC1		N/A
com.rickclephas.kmp	nsexception-kt-crashlytics-iosx64	1.0.0-BETA-2-kotlin-2.0.0-RC1	metadata	b39e90a1967ed30c890766e8d7b7d0eb439849c6
com.rickclephas.kmp	nsexception-kt-crashlytics-iosx64	1.0.0-BETA-2-kotlin-2.0.0-RC2		N/A
com.rickclephas.kmp	nsexception-kt-crashlytics-iosx64	1.0.0-BETA-2-kotlin-2.0.0-RC2	metadata	16739aabbb6c5e54b1838d584e9945c4cc7173df
com.rickclephas.kmp	nsexception-kt-crashlytics-iosx64	1.0.0-BETA-3		N/A
com.rickclephas.kmp	nsexception-kt-crashlytics-iosx64	1.0.0-BETA-3	metadata	a49cb468c7b606c7b303e0069b02e3acd0bb3525
com.rickclephas.kmp	nsexception-kt-crashlytics-iosx64	1.0.0-BETA-3-kotlin-2.0.0-RC3		N/A
com.rickclephas.kmp	nsexception-kt-crashlytics-iosx64	1.0.0-BETA-3-kotlin-2.0.0-RC3	metadata	a99c44db54e929774c2ba354f7f50cc8a34e6311
com.rickclephas.kmp	nsexception-kt-crashlytics-iosx64	1.0.0-BETA-4		N/A
com.rickclephas.kmp	nsexception-kt-crashlytics-iosx64	1.0.0-BETA-4	metadata	5f2c8a7bdfa451f9caec75ae93e485405ff7a046
com.rickclephas.kmp	nsexception-kt-crashlytics-iosx64	1.0.0-BETA-4-kotlin-2.0.10-RC		N/A
com.rickclephas.kmp	nsexception-kt-crashlytics-iosx64	1.0.0-BETA-4-kotlin-2.0.10-RC	metadata	8e873c4dac4fe66274ed391cc9bfcc48279564b1
com.rickclephas.kmp	nsexception-kt-crashlytics-iosx64	1.0.0-BETA-4-kotlin-2.0.20-Beta1		N/A
com.rickclephas.kmp	nsexception-kt-crashlytics-iosx64	1.0.0-BETA-4-kotlin-2.0.20-Beta1	metadata	1147c02576d37ccfd274e7172ebfb9f11d23063d
com.rickclephas.kmp	nsexception-kt-crashlytics-iosx64	1.0.0-BETA-4-kotlin-2.0.20-Beta2		N/A
com.rickclephas.kmp	nsexception-kt-crashlytics-iosx64	1.0.0-BETA-4-kotlin-2.0.20-Beta2	metadata	5faccaf5f43f772262e84c507685172eb345bc13
com.rickclephas.kmp	nsexception-kt-crashlytics-iosx64	1.0.0-BETA-5		N/A
com.rickclephas.kmp	nsexception-kt-crashlytics-iosx64	1.0.0-BETA-5	metadata	16eceb57606a29bbb73eefaf8cdae2137f4bba9d
com.rickclephas.kmp	nsexception-kt-crashlytics-iosx64	1.0.0-BETA-5-kotlin-2.0.10-RC2		N/A
com.rickclephas.kmp	nsexception-kt-crashlytics-iosx64	1.0.0-BETA-5-kotlin-2.0.10-RC2	metadata	cc7f3a88b49dee53d396abb5f7d404f5bd969f10
com.rickclephas.kmp	nsexception-kt-crashlytics-iosx64	1.0.0-BETA-5-kotlin-2.0.20-RC		N/A
com.rickclephas.kmp	nsexception-kt-crashlytics-iosx64	1.0.0-BETA-5-kotlin-2.0.20-RC	metadata	f34a7f48c5e2597e6c3a73cd0d0e4d8242009867
com.rickclephas.kmp	nsexception-kt-crashlytics-iosx64	1.0.0-BETA-6		N/A
com.rickclephas.kmp	nsexception-kt-crashlytics-iosx64	1.0.0-BETA-6	metadata	f4da0e41e7b5292d9c9027c6913d5889868734ba
com.rickclephas.kmp	nsexception-kt-crashlytics-iosx64	1.0.0-BETA-6-kotlin-2.0.20-RC2		N/A
com.rickclephas.kmp	nsexception-kt-crashlytics-iosx64	1.0.0-BETA-6-kotlin-2.0.20-RC2	metadata	e6d8a4aabfb47727cbf25949635f2011c0922a53
com.rickclephas.kmp	nsexception-kt-crashlytics-iosx64	1.0.0-BETA-7		N/A
com.rickclephas.kmp	nsexception-kt-crashlytics-iosx64	1.0.0-BETA-7	metadata	e3ced0a5da254e7dae2ef63c037ee12c78c3415c
com.rickclephas.kmp	nsexception-kt-crashlytics-iosx64	1.0.0-BETA-7-kotlin-2.1.0-Beta1		N/A
com.rickclephas.kmp	nsexception-kt-crashlytics-iosx64	1.0.0-BETA-7-kotlin-2.1.0-Beta1	metadata	cd139a20d05d21c21d38d2d5f1fabfc17795b48a
com.rickclephas.kmp	nsexception-kt-crashlytics-iosx64	1.0.0-BETA-8		N/A
com.rickclephas.kmp	nsexception-kt-crashlytics-iosx64	1.0.0-BETA-8	metadata	6bd91150d3e725ee8faded92d400adba6413879a
com.rickclephas.kmp	nsexception-kt-crashlytics-iosx64	1.0.0-BETA-8-kotlin-2.1.0-Beta2		N/A
com.rickclephas.kmp	nsexception-kt-crashlytics-iosx64	1.0.0-BETA-8-kotlin-2.1.0-Beta2	metadata	decd89511537d9015f034b79b8b4c17fee0223aa
com.rickclephas.kmp	nsexception-kt-crashlytics-iosx64	1.0.0-BETA-8-kotlin-2.1.0-RC		N/A
com.rickclephas.kmp	nsexception-kt-crashlytics-iosx64	1.0.0-BETA-8-kotlin-2.1.0-RC	metadata	40792ad932d01bf6412a6b14e9f70f60bc3fe0bd
com.rickclephas.kmp	nsexception-kt-crashlytics-iosx64	1.0.0-BETA-8-kotlin-2.1.0-RC2		N/A
com.rickclephas.kmp	nsexception-kt-crashlytics-iosx64	1.0.0-BETA-8-kotlin-2.1.0-RC2	metadata	1cf70b813462e47b266ff3d71278fdc42eb5a78a
com.rickclephas.kmp	nsexception-kt-crashlytics-iosx64	1.0.0-BETA-9		N/A
com.rickclephas.kmp	nsexception-kt-crashlytics-iosx64	1.0.0-BETA-9	metadata	ebbb5903495a8b351050dd18b8e0f31827b722ca
com.rickclephas.kmp	nsexception-kt-crashlytics-iosx64	1.0.0-BETA-9-kotlin-2.1.10-RC		N/A
com.rickclephas.kmp	nsexception-kt-crashlytics-iosx64	1.0.0-BETA-9-kotlin-2.1.10-RC	metadata	9b611a6159ff12f4aff78feeb05464d110d14de9
com.rickclephas.kmp	nsexception-kt-crashlytics-iosx64	1.0.0-BETA-9-kotlin-2.1.10-RC2		N/A
com.rickclephas.kmp	nsexception-kt-crashlytics-iosx64	1.0.0-BETA-9-kotlin-2.1.10-RC2	metadata	a439f52e70a2cb7756b157f64883c0abd1ec44e4
com.rickclephas.kmp	nsexception-kt-crashlytics-iosx64	1.0.0-BETA-9-kotlin-2.1.20-Beta1		N/A
com.rickclephas.kmp	nsexception-kt-crashlytics-iosx64	1.0.0-BETA-9-kotlin-2.1.20-Beta1	metadata	be62407cc5ba8a550d1e2e9f6dd549acc2a01619
com.ripplargames	engine	0.0.1		12ef674eee1b47ba8453a1299094cb5e5f649cb6
com.ripplargames	engine	0.0.2		2afad879d5cb11a873dd7ed9b0fcb056a0f3a086
com.sitewhere	sitewhere-java-model	2.0.0		f2116c2ad0192d7cc945ba54ab905b6dc0da9589
com.sitewhere	sitewhere-java-model	2.0.1		b31cf8bdd93898950c00115c1ced4aeb53c21929
com.sitewhere	sitewhere-java-model	2.0.2		d763f0ecbc98e143f09ca1b8c96b36d2138fbc8e
com.sitewhere	sitewhere-java-model	2.1.0		f4662da2b515ea1d85ca17c3f6a84da0dc3e62c1
com.sitewhere	sitewhere-java-model	2.1.1		cc715b94fac861267d2a10cbb2ff0a6eb44a91c9
com.sitewhere	sitewhere-java-model	2.1.10		81a33294b2e772c2b92862bfe857333a02b86682
com.sitewhere	sitewhere-java-model	2.1.11		659e134a6b5314a5ec929623435fbd4ef2dd2155
com.sitewhere	sitewhere-java-model	2.1.12		da95562f068e6478241b4ec4906c55764776b5c3
com.sitewhere	sitewhere-java-model	2.1.13		42e6a7016a082d88f8919f5108b785b438a6263b
com.sitewhere	sitewhere-java-model	2.1.2		35ec58b350ed0341b97faab6125dd86fa228608e
com.sitewhere	sitewhere-java-model	2.1.3		d15df0a179b267fcb5563122bb47c00bcdb77fd9
com.sitewhere	sitewhere-java-model	2.1.4		27c005ab4a7b2a748387aeb882ad204c5b5699b1
com.sitewhere	sitewhere-java-model	2.1.5		9f68553c0ee27a0ed533f028ae0bd69882ac6e64
com.sitewhere	sitewhere-java-model	2.1.6		0af89899da9df4850c98d73486109f6e2be262ef
com.sitewhere	sitewhere-java-model	2.1.7		c036b04530173e64012328a1f6c8930d04b64867
com.sitewhere	sitewhere-java-model	2.1.8		26a5b1ec32e91b6428e56292650aa4532cf30cee
com.sitewhere	sitewhere-java-model	2.1.9		51881330ac6edc09d6a02d634ae0d35e0486dabb
com.sitewhere	sitewhere-java-model	2.2.0		fd26217b89aef7353a4bf4e83d22b7c5eeb4cfc8
com.sitewhere	sitewhere-java-model	3.0.0		f8ddd4bb7384c7dd2de899a50df86b3e35438d2c
com.sitewhere	sitewhere-java-model	3.0.0.alpha1		ac017360b41f6610e3edee4c81f93b83b40bbe92
com.sitewhere	sitewhere-java-model	3.0.0.alpha2		ea2580238c66b743744c456e090c043ce88705d7
com.sitewhere	sitewhere-java-model	3.0.0.alpha3		c3600c94958cab7561d34d4746d77032d1018266
com.sitewhere	sitewhere-java-model	3.0.0.alpha4		595fb8f14c0a9a4a060e73cf671de2af8ecd40d9
com.sitewhere	sitewhere-java-model	3.0.0.alpha5		3fb61e8317214faa6512e9463101764186bb337e
com.sitewhere	sitewhere-java-model	3.0.0.alpha6		7b2991c9f12934a66a6dbcc9b0e89244e09b3f94
com.sitewhere	sitewhere-java-model	3.0.0.alpha7		df9456808fa35a579c0f2471206f91c5e0cbbe1c
com.sitewhere	sitewhere-java-model	3.0.0.beta1		5f028f7a3bbb9f8767c64a91fc9bd58e92098f75
com.sitewhere	sitewhere-java-model	3.0.0.beta10		86c800ca80b4d9cd3ee61047bb9b4484d95b3e1f
com.sitewhere	sitewhere-java-model	3.0.0.beta12		58910d2de12ca467b1268a6d56d7a54fc5827ab9
com.sitewhere	sitewhere-java-model	3.0.0.beta13		2913988d27fddd9c36a50e4466edba4f5061a8a1
com.sitewhere	sitewhere-java-model	3.0.0.beta14		2ab4bb5a07457b0c2c53578f1dfb5db810eb470d
com.sitewhere	sitewhere-java-model	3.0.0.beta15		54f1d111447181615cb5f485621bcc1cc75c8db2
com.sitewhere	sitewhere-java-model	3.0.0.beta16		c1aff88714807807cca555bc15c4495c141b1eb9
com.sitewhere	sitewhere-java-model	3.0.0.beta17		ccaff95eb9c6607bd7363a97f73d8b8aeb6758c6
com.sitewhere	sitewhere-java-model	3.0.0.beta2		7916f728dcd98a26ddf96019fdd03a82c2dfcbef
com.sitewhere	sitewhere-java-model	3.0.0.beta3		6ae7a754436b2c296c45d4663ef106174da69c7a
com.sitewhere	sitewhere-java-model	3.0.0.beta4		e9c1ef49d279b865c798c9ec2875d28f64c06e1a
com.sitewhere	sitewhere-java-model	3.0.0.beta5		b0e71d4e5bb8cad09ac51db38ec3f90692d79e47
com.sitewhere	sitewhere-java-model	3.0.0.beta6		41d31f268b13de86992eb98e079057d8cf42b6cc
com.sitewhere	sitewhere-java-model	3.0.0.beta7		28075b6e0cf2075a78a758af56fefc6519809233
com.sitewhere	sitewhere-java-model	3.0.0.beta8		68afa235e1db99c632929c3ed9518521feffd5b7
com.sitewhere	sitewhere-java-model	3.0.0.beta9		e0d82f0e5febdcdcb85f565a841aa5d9ffb1649d
com.slack.circuit	circuit-sharedelements-iossimulatorarm64	0.26.0		N/A
com.slack.circuit	circuit-sharedelements-iossimulatorarm64	0.26.0	metadata	eac504133075e76128c05a88cd890fc56708e3f9
com.slack.circuit	circuit-sharedelements-iossimulatorarm64	0.26.1		N/A
com.slack.circuit	circuit-sharedelements-iossimulatorarm64	0.26.1	metadata	7a5cba2fb9c52d619d0dae569e9aeeea940e3916
com.slack.circuit	circuit-sharedelements-iossimulatorarm64	0.27.0		N/A
com.slack.circuit	circuit-sharedelements-iossimulatorarm64	0.27.0	metadata	19b4ae7a217932b6a6b72e4e8a5fe88f56ede4bb
com.slack.circuit	circuit-sharedelements-iossimulatorarm64	0.27.1		N/A
com.slack.circuit	circuit-sharedelements-iossimulatorarm64	0.27.1	metadata	19b4ae7a217932b6a6b72e4e8a5fe88f56ede4bb
com.softwaremill.macwire	macros_2.11	0.6		ddb43a4c0efbb993c317c2cda95ec0e95dd8be2e
com.softwaremill.macwire	macros_2.11	0.7		fc49617a313f899b334f84eefc229c4c8e019201
com.softwaremill.macwire	macros_2.11	0.7.1		7f4e67f490ce13cd711f7645b6aea6b8d9fded1d
com.softwaremill.macwire	macros_2.11	0.7.2		786a2381a3f4a29f1a4353e6d18163cc799730c3
com.softwaremill.macwire	macros_2.11	0.7.3		15f9b63fa175a5bdf435c54bd23e21b27daf6d52
com.softwaremill.macwire	macros_2.11	0.8.0		96e4437568839bc4b3e44d7356fba0b1eb17924e
com.softwaremill.macwire	macros_2.11	1.0.0		086aca1c623efc0cf33594cc0cff9f02fa0966b5
com.softwaremill.macwire	macros_2.11	1.0.1		35f7812b14829fbcbbdcc51dafd4fdfcf1b0a5d1
com.softwaremill.macwire	macros_2.11	1.0.2		3527c0cbb7025a46dd9765a5e0e31405f7336ddf
com.softwaremill.macwire	macros_2.11	1.0.3		b4eb8fdead6a29d124db9e89795680c73b35b8fb
com.softwaremill.macwire	macros_2.11	1.0.4		f3a645f670adb240696cad959b960442b01cb956
com.softwaremill.macwire	macros_2.11	1.0.5		0c2b2435fc4036fcd25167dc1e5fa13442b36ec3
com.softwaremill.macwire	macros_2.11	1.0.6		9c175ee326071ba0c64863607682b319fb79d8cd
com.softwaremill.macwire	macros_2.11	1.0.7		111d6332a38a421c19d5d40075f76d5286083543
com.softwaremill.macwire	macros_2.11	2.0.0		e64c93421b44bb2b0168dd09b4c0aa3983225176
com.softwaremill.macwire	macros_2.11	2.1.0		741ba8a94ffa8ddbe979720151dbc28b9eca8260
com.softwaremill.macwire	macros_2.11	2.2.0		b4224c9c98135573066d782b985c1c008a4393fe
com.softwaremill.macwire	macros_2.11	2.2.1		341f75f505b1c6590b4339344ab4da1286189d38
com.softwaremill.macwire	macros_2.11	2.2.2		6f5c48e0768b1c28fd4c5ccce2eb0ad415d3ded4
com.softwaremill.macwire	macros_2.11	2.2.3		2a76905c82a4b20535cc46f63e911b6c7f43a9c8
com.softwaremill.macwire	macros_2.11	2.2.4		bb38038014e0094a907f1f126070e00a1f321181
com.softwaremill.macwire	macros_2.11	2.2.5		678b6f1e010813c5c0254229a3cef07413afcf4b
com.softwaremill.macwire	macros_2.11	2.3.0		a986cfda07250bd941199ac3f4ece8679e037c58
com.softwaremill.macwire	macros_2.11	2.3.1		f00e3a5c542cd10b421f542200cfbd8983b2c183
com.softwaremill.macwire	macros_2.11	2.3.2		45aafa194045cde134f8e5100dd213087f789162
com.softwaremill.macwire	macros_2.11	2.3.3		8fa0c52c5c3c464e566cc1c60aa3ef0012ca7a4c
com.softwaremill.macwire	macros_2.11	2.3.4		076a517a8f715c15b27844ea65a1d0a7f90e32cd
com.softwaremill.macwire	macros_2.11	2.3.5		168374669576fdd527a4851b6829e08a86ec3583
com.softwaremill.macwire	macros_2.11	2.3.6		033bc65437c1e23b71755decc3f5607825ed57ed
com.softwaremill.macwire	macros_2.11	2.3.7		17b69b5fbbafb6eb73f628d49581a8c60de9787d
com.soundcloud.lightcycle	lightcycle-api	1.0.0		0ed2aa5db8bd7f270f6eaf939fdabe8f391d0862
com.soundcloud.lightcycle	lightcycle-api	1.1.0		412616921bdaddfd12c0145f77af89b5551aae82
com.soundcloud.lightcycle	lightcycle-api	1.2.0		6f22028ce7d3270a5bab22b99610c3cb1ec39fed
com.soundcloud.lightcycle	lightcycle-api	1.3.0		d272092bfde36dc2c878b03ee04b0c25b1aeb8ee
com.soundcloud.lightcycle	lightcycle-api	1.4.0		52fa1dcecdd6d93be24fbb1c18102020b993083d
com.soundcloud.lightcycle	lightcycle-api	1.5.0		35d60d11d96553fc189f6ce5487e472fbbf99ba1
com.soundcloud.lightcycle	lightcycle-api	1.5.1		1a95fa53a2166fd1213c15285ae17a8cb3ba0f58
com.soundcloud.lightcycle	lightcycle-api	1.6.0		440ce3ee2ffd62488805ab84ac93f62b7058d41f
com.soundcloud.lightcycle	lightcycle-api	1.6.1		bcdc42f23bbaf988ac3dd191ade90c1b1e2b9464
com.soundcloud.lightcycle	lightcycle-api	1.6.3		7eb3ad4faf4ff97ce1b39a325889d5429d3f1de0
com.soundcloud.lightcycle	lightcycle-api	1.6.4		f8c532006cc898141114635266df2471346ea23e
com.soundcloud.lightcycle	lightcycle-api	1.7.0		a927267382bc5e13998b368e17695016010a80d8
com.soundcloud.lightcycle	lightcycle-api	1.8.0		1dc8c99fc8cdfe4df1e7b7f25eee273ddc63001e
com.sshtools	jsixel-swt	0.0.2		5cb609b2ae7d8abb8fa317fad452d859968117b9
com.stratio.tikitakka	discovery	0.1.1		92a07fd2e48dc111776e498e3ad0416d0c0afe5b
com.stratio.tikitakka	discovery	0.1.2		4af47b30db9337e69f0144920ea44ff6c0174360
com.stratio.tikitakka	discovery	0.2.0		2e3b191fb0240d5d8c419454d93b7f99fded4a3f
com.stratio.tikitakka	discovery	0.3.0		cb78dfabc3892201f3bf13aa4714effc3f95c3e3
com.sumologic.elasticsearch	elasticsearch-aws_2.11	7.1.0		3ce1b92d77d5b4e851b42f7056ae6f7c85b13dda
com.sumologic.elasticsearch	elasticsearch-aws_2.11	7.1.1		03ab0badf8a8eaa22a711482d2a6d848951c91bc
com.sumologic.elasticsearch	elasticsearch-aws_2.11	7.1.2		00ba03c9078dd8dac90838e85b63af4b18642bda
com.sumologic.elasticsearch	elasticsearch-aws_2.11	7.1.3		7212998bb59c7332df9fe0439b03846fda6c6b60
com.sumologic.elasticsearch	elasticsearch-aws_2.11	7.1.4		c1b599c044c58a6ef2c436a23445f171107203c1
com.sumologic.elasticsearch	elasticsearch-aws_2.11	7.1.5		783045cca5d59c76552a30e69c1d6999fbf6d314
com.sumologic.elasticsearch	elasticsearch-aws_2.11	7.1.6		9b4b9fb80e4df37ad1abd6754cb68a13e430faba
com.sumologic.elasticsearch	elasticsearch-aws_2.11	7.1.7		8c5659e7e0bb32138671dbde104ae96c0ba4dbc3
com.sumologic.elasticsearch	elasticsearch-aws_2.11	7.1.8		d44089ff595bdb62d3df534b7974c4be69fd5c29
com.sumologic.elasticsearch	elasticsearch-aws_2.11	7.1.9		e5882c80e1a70e1d238a92ea93ced07224acf5cc
com.toast.iap	iap-unity-plugin	1.4.1		N/A
com.toast.iap	iap-unity-plugin	1.5.0		N/A
com.toast.iap	iap-unity-plugin	1.5.1		N/A
com.toast.iap	iap-unity-plugin	1.5.2		N/A
com.toast.iap	iap-unity-plugin	1.5.3		N/A
com.toast.iap	iap-unity-plugin	1.5.3-rc0		N/A
com.waspring	wacache	1.0.0		8ce14191926e0b91d8ac2539805782ff554c55de
dev.jonpoulton.alakazam	kotlin-logging-android	6.0.0		N/A
dev.kord	kord-gateway-js	0.10.0		N/A
dev.kord	kord-gateway-js	0.11.0		N/A
dev.kord	kord-gateway-js	0.11.1		N/A
dev.kord	kord-gateway-js	0.12.0		N/A
dev.kord	kord-gateway-js	0.13.0		N/A
dev.kord	kord-gateway-js	0.13.1		N/A
dev.kord	kord-gateway-js	0.14.0		N/A
dev.kord	kord-gateway-js	0.15.0		N/A
dev.kord	kord-gateway-js	0.9.0		N/A
io.7mind.izumi	fundamentals-bio_sjs1_3	1.1.0		b016421c8b128d90864baa74e66e8aaf0534c4e9
io.7mind.izumi	fundamentals-bio_sjs1_3	1.1.0-M15		fc72986d19e773d0db279046e2d9e6a649b07191
io.7mind.izumi	fundamentals-bio_sjs1_3	1.1.0-M16		f32370fdd71719ead0fe1b784d7c2074162f58ec
io.7mind.izumi	fundamentals-bio_sjs1_3	1.1.0-M17		e1773e2f7d4f7573ecc73c1fd7932397b556bfa0
io.7mind.izumi	fundamentals-bio_sjs1_3	1.1.0-M18		66cb47602837b63ea0a10be3894a5b886ac9987b
io.7mind.izumi	fundamentals-bio_sjs1_3	1.1.0-M19		90e4d8500c7c97648d8d183a44453b61b1b75327
io.7mind.izumi	fundamentals-bio_sjs1_3	1.1.0-M20		88b7adbd1fb1e9d13e82c720b15096e393e16c83
io.7mind.izumi	fundamentals-bio_sjs1_3	1.1.0-M21		337bd3a99f70b1b8a66d0121a3ada8d2ffb6f914
io.7mind.izumi	fundamentals-bio_sjs1_3	1.1.0-M22		110fbf93e4bcfb061aa3a7894ec3edff46b17df7
io.7mind.izumi	fundamentals-bio_sjs1_3	1.1.0-M23		59b4e3b90d61467447cfda4413098dca1ce47a8b
io.7mind.izumi	fundamentals-bio_sjs1_3	1.1.0-M24		73ffae7d986755d80cf06742a9382d37e4eb9045
io.7mind.izumi	fundamentals-bio_sjs1_3	1.1.0-M25		5caa98c95370b33daffb95f9cdfc1d6fcefb3ecb
io.7mind.izumi	fundamentals-bio_sjs1_3	1.1.0-M26		b6f04721fe97a43487f163f82d289a74bf45957f
io.7mind.izumi	fundamentals-bio_sjs1_3	1.1.0-M27		372f0dbdceb53b2b294ef2e4ddff63c3f1beb8df
io.7mind.izumi	fundamentals-bio_sjs1_3	1.2.0		0e9b41b642b8c4c7a3985eda583ece4d7b2e8443
io.7mind.izumi	fundamentals-bio_sjs1_3	1.2.1		e047d551fd3ea0697981af19c701ca063dd3fac4
io.7mind.izumi	fundamentals-bio_sjs1_3	1.2.10		a013952c6c1ea3b546d38b74449d2755ae0c774b
io.7mind.izumi	fundamentals-bio_sjs1_3	1.2.11		1d08a16bb3de2302d5b251193c7ccaf24a12d89d
io.7mind.izumi	fundamentals-bio_sjs1_3	1.2.12		3ff7e68b585cb03fbadcaf46034bb233a5ccd317
io.7mind.izumi	fundamentals-bio_sjs1_3	1.2.13		91a4a71c02389ae7e2c668396bcd2a36232d8143
io.7mind.izumi	fundamentals-bio_sjs1_3	1.2.14		6c9cf1944c0343cd1c0ad55e621e8ced8c304c61
io.7mind.izumi	fundamentals-bio_sjs1_3	1.2.15		0b225e1cebd9bea4a7463f190d71cbd6b46cfd2f
io.7mind.izumi	fundamentals-bio_sjs1_3	1.2.16		dbdb4801af06d29511d7581813c8c28d594a9905
io.7mind.izumi	fundamentals-bio_sjs1_3	1.2.17		97607c3e81044d1492a31813c88739a677c4e85d
io.7mind.izumi	fundamentals-bio_sjs1_3	1.2.2		e66884d75df61c8ff4fbb7b9d04caabd9b0a5d6c
io.7mind.izumi	fundamentals-bio_sjs1_3	1.2.3		d171b696e68ba8d9ee456da4b1e851e543362df9
io.7mind.izumi	fundamentals-bio_sjs1_3	1.2.4		a636b29bad387a42810acbe5ca2110bc838f2788
io.7mind.izumi	fundamentals-bio_sjs1_3	1.2.5		aa46343f25fc23c0848ffe713664d58f44c429be
io.7mind.izumi	fundamentals-bio_sjs1_3	1.2.6		5135f9c7ec0df20aa14309ec431739bc98d4db41
io.7mind.izumi	fundamentals-bio_sjs1_3	1.2.7		7345e2f85fb14822975a1dcf4efdaa16e73bd652
io.7mind.izumi	fundamentals-bio_sjs1_3	1.2.8		6d844148a9d1ff2ee6375db60a24edc5cc13c932
io.7mind.izumi	fundamentals-bio_sjs1_3	1.2.9		5279d85b961fbfe7e154e5fc6bfc2692923cd65e
io.craftcode	craft-atom-test	3.0.0		045d790c29842afd99839e6c61f2e2d2cce4f206
io.craftcode	craft-atom-test	3.0.1		33953d37142cfce70d9f60d354991deaeab5f762
io.craftcode	craft-atom-test	3.1.0		5e3013bd30fc4ca49a9fccbb58e46ba70471ac9f
io.craftcode	craft-atom-test	3.1.1		5c785cbad09bb45a443e918072ebd18a842ecf6f
io.craftcode	craft-atom-test	3.1.2		f5be648a638e5552530fdbf7b5d136fbf7496e01
io.github.CyberAgent	protoc-gen-scalapb	0.9.1		239e515b371b67ceb54261c78a04fa0305ddfc0e
io.github.CyberAgent	protoc-gen-scalapb	0.9.2		8c8bd7734f58abc5aceb6aef58e9bc7de1ab896f
io.github.CyberAgent	protoc-gen-scalapb	0.9.3		4e4fb27f2b45fc43a1d0712888cdde9721e6f541
io.github.bxkftechteam	geomesa-sql-core_2.11	0.1.0		e525cc992d1c8475a22aad9e29fd2a63ca8d1e2b
io.github.fuquanming	fqm-spring-boot-starter-mq	1.0.0		6684f57a7e13eebc08472e2e8d575ae24106ac6b
io.github.fuquanming	fqm-spring-boot-starter-mq	1.0.1		8cb86d14eb18f7b02172415ff8f293f31491fd33
io.github.fuquanming	fqm-spring-boot-starter-mq	1.0.2		a78e08bc1ebd080f965b284fed8f037cfae8270f
io.github.fuquanming	fqm-spring-boot-starter-mq	1.0.3		bd4549dc64693bf7faf52602427e0292487cb599
io.github.fuquanming	fqm-spring-boot-starter-mq	1.0.4		d38e52eb85446429a46a72ee50feba3273cd3829
io.github.fuquanming	fqm-spring-boot-starter-mq	1.0.5		194c32d1789c2cf855a308c920794ff89d121eb4
io.github.fuquanming	fqm-spring-boot-starter-mq	1.0.6		7358b566d8f74a82118d229622a25493b52ec8d4
io.github.kevincianfarini.monarch	kotlinx-serialization-mixin-js	0.2.0		N/A
io.github.kevincianfarini.monarch	kotlinx-serialization-mixin-js	0.2.1		N/A
io.github.kevincianfarini.monarch	kotlinx-serialization-mixin-js	0.2.2		N/A
io.github.kevincianfarini.monarch	kotlinx-serialization-mixin-js	0.2.3		N/A
io.github.launa23	xchange-binance	1.0.0		44c65cc63f5da10de72b9e541f3ab91a15ebc287
io.github.launa23	xchange-binance	1.0.1		cbd54cef5bd9e128579392cc34ecfe5997e1e088
io.github.launa23	xchange-binance	1.0.2		8ffd2c15f6bce8e8cde42eb48a0f6d37f4689f69
io.github.patxibocos	google-photos-exporter	0.0.2		eb96b55755f812c2dc079bd2dd9eb7fc9c8a3fe4
io.github.patxibocos	google-photos-exporter	0.0.2	all	3f32a5092bd50377cb9e8f598a2a972c3bbc750a
io.github.patxibocos	google-photos-exporter	0.0.3		d51ea1a3a7347e71cac60dd6ff24078a1d3d1ec4
io.github.patxibocos	google-photos-exporter	0.0.3	all	b9a4bf8d22a093a6661ddf30039e1489169f270e
io.github.patxibocos	google-photos-exporter	0.0.4		14cc0b0dd5d27fdd6d75a6349a122e54d43c1109
io.github.patxibocos	google-photos-exporter	0.0.5		f7ea7ff72bc6664e8a1d5b3cc56e491aa75e96f8
io.github.xxfast	decompose-router-wear-jvm	0.4.0		2ad14aed781c4a73ed4dbb421966d408a0a06686
io.github.xxfast	decompose-router-wear-jvm	0.5.0		2ad14aed781c4a73ed4dbb421966d408a0a06686
io.github.xxfast	decompose-router-wear-jvm	0.5.1		2ad14aed781c4a73ed4dbb421966d408a0a06686
io.github.xxfast	decompose-router-wear-jvm	0.6.0		2ad14aed781c4a73ed4dbb421966d408a0a06686
io.github.xxfast	decompose-router-wear-jvm	0.7.0		2ad14aed781c4a73ed4dbb421966d408a0a06686
io.github.xxfast	decompose-router-wear-jvm	0.8.0		b776ab584564019561dccc7d53f3a6cfbfcea8d6
io.github.xxfast	decompose-router-wear-jvm	0.9.0		b776ab584564019561dccc7d53f3a6cfbfcea8d6
io.github.yuntianhengzhi	spring-boot-starter-biz-ip	0.0.1		687dde32149d47dc84374fa09829b9eb00a4aa43
io.kotest	kotest-framework-engine-watchosdevicearm64	5.9.0		N/A
io.kotest	kotest-framework-engine-watchosdevicearm64	5.9.0	metadata	4b507de50c859752a33aac16ee060d3d37101d3e
io.kotest	kotest-framework-engine-watchosdevicearm64	5.9.1		N/A
io.kotest	kotest-framework-engine-watchosdevicearm64	5.9.1	metadata	78c9a08bd2fd99bed8f217615bdf8a4324bf4ef1
io.kotest	kotest-framework-engine-watchosdevicearm64	6.0.0.M1		N/A
io.kotest	kotest-framework-engine-watchosdevicearm64	6.0.0.M1	metadata	2ad14aed781c4a73ed4dbb421966d408a0a06686
io.kotest	kotest-framework-engine-watchosdevicearm64	6.0.0.M2		N/A
io.kotest	kotest-framework-engine-watchosdevicearm64	6.0.0.M2	metadata	2ad14aed781c4a73ed4dbb421966d408a0a06686
io.kotest	kotest-framework-engine-watchosdevicearm64	6.0.0.M3		N/A
io.kotest	kotest-framework-engine-watchosdevicearm64	6.0.0.M3	metadata	2ad14aed781c4a73ed4dbb421966d408a0a06686
io.leopard	leopard-servlet	0.0.3		8f2f15fa8c93e0d2f68d1c30a06e79bb6c752d58
io.leopard	leopard-servlet	0.9.10		8fdf852ee3e4012186781494880e7d01f8e19e58
io.leopard	leopard-servlet	0.9.11		fbcb7786f5abdd43bbba4026d3afa1107cc92a7e
io.leopard	leopard-servlet	0.9.12		80c2bbbee48b40b8b55ec9e86211c680e7c02e34
io.leopard	leopard-servlet	0.9.4		0ccc773b1da2e9d2446f40a6ead3ef67b075c2fa
io.leopard	leopard-servlet	0.9.6		29a9f65349cd9392473f6984857468359295c93e
io.leopard	leopard-servlet	0.9.8		a4cdc74d50f15bce127a1c254725bdb8563960fd
io.redlink.nlp	ner-regex	3.0.0		d54351216a359ab619d538b974ac03438368ba41
io.rsocket.kotlin	rsocket-transport-ktor-client-watchosX86	0.13.1		N/A
io.rsocket.kotlin	rsocket-transport-ktor-client-watchosX86	0.13.1	metadata	0270fa149d0eb1a289c641ab66fea344baeb3049
io.rsocket.kotlin	rsocket-transport-ktor-client-watchosX86	0.14.3		N/A
io.rsocket.kotlin	rsocket-transport-ktor-client-watchosX86	0.14.3	metadata	d53f93339e783c9ee28f1841f301fa3f22e7ab4b
io.uok	spacex-boot-socketio	1.1.0		b6077abecd44277ead607f2205475326a8cbea12
io.vasilev	discipline-core_3	1.2-46-9684497		62c0c78aed575ea8c0623760727447fa45861ed4
io.vasilev	discipline-core_3	1.4-3-07da872		d761c23845478cdb53c7a51860ad2021c08c2bc2
io.vasilev	discipline-core_3	1.4-3-ee5f9c6		91605e2c5df8f32e8e91c1315ee5a5a17b050ec3
li.rudin.mavenjs	mavenjs-test-app	2.0.1		68d1c32ac37eaf40a6368a9e31201f5a7a2dfff1
ml.shifu	guagua-core	0.4.0		7bd10e9b157fc61187d2e187b99468bf9af4bce6
ml.shifu	guagua-core	0.4.1		46da83b70193ffa8d8bd71590d2747ee77e69555
ml.shifu	guagua-core	0.4.2		adeda1e6908583db09e137904b5f679fd97d7fa0
ml.shifu	guagua-core	0.5.0		847b9a832b66f52f1ee9f1fb7967cd3341340569
ml.shifu	guagua-core	0.6.0		713eaf29a10e4b31e25c6f7d556f656626450627
ml.shifu	guagua-core	0.6.1		f3d9fe38ca18e67dbe25fd34eb8b675a8cc0d030
ml.shifu	guagua-core	0.7.0		4e58b4a91ff853e9af97617ed801b861784b836c
ml.shifu	guagua-core	0.7.1		2e47d2b96a20ab2e6ca3976720012334e0681854
ml.shifu	guagua-core	0.7.10		5852fbf17610b04af5fc88a52d74bc3a3d830e7f
ml.shifu	guagua-core	0.7.2		84de191ff7c22297b2f2c523ef5f2d47eec0242e
ml.shifu	guagua-core	0.7.3		396a8c35216d965df77e71ce5a98f72607f80621
ml.shifu	guagua-core	0.7.4		8ac90ac5c5c4b7bebb4c9972eae8a6ff0d5e091e
ml.shifu	guagua-core	0.7.5		72b4dddbd44b2790ece5de5c6279e683f67c21cf
ml.shifu	guagua-core	0.7.6		ec2818067b4805de1dba3a9b44d82c0abd819acf
ml.shifu	guagua-core	0.7.7		fd5635d6890741878ab93a2ab4834ad0217bef60
ml.shifu	guagua-core	0.7.8		cb43353ad58bf473792b1862e950026fa7b792f6
ml.shifu	guagua-core	0.7.9		9eab928ff50e50d80547d63361a24716fdf7ee2d
net.reyadeyat	net.reyadeyat.api.service.spring	2024.08.30		6442531edad900150471b2e4209307f47fd6cd05
org.anyline	anyboot-redis	2.0.1.835		f0136bafadceca320e8cff51040c1ae2305db8a8
org.anyline	anyboot-redis	2.0.2.835		08d8447fcbee2975be217946cffb24a11d78388a
org.anyline	anyboot-redis	2.0.3.835		4983191e31c7ed3ea9659b03ac09d5bd92e790ae
org.anyline	anyboot-redis	2.0.5.835		2e3b72f9f0b89dcc63549692532289a95e727616
org.anyline	anyboot-redis	2.0.6.831		9abd35dcdc3687b3c16b15de52e56bd8d8956d2d
org.anyline	anyboot-redis	2.0.6.832		ffdf87f66dd5098d3b7fd30c43ffd46358ec7fb1
org.anyline	anyboot-redis	2.0.6.833		5fd3f2197094239d61384156868707f2d2d450fe
org.anyline	anyboot-redis	2.0.6.835		805a46ac0f0ff8f441c54cd5e8cde22ea012a545
org.anyline	anyboot-redis	2.1.1.835		48a5e141c59653551cbe076395520768162f83c9
org.anyline	anyboot-redis	2.1.1.836		5e7fbb29e866c80355cd67b2d802f9bff7080a4a
org.anyline	anyboot-redis	2.2.2.831		546e370c474a5a6af4b0fd81ca5f640b8f4e8f88
org.anyline	anyboot-redis	2.2.2.832		ac758de690068832e8f099088cb55cb2c14db8bf
org.anyline	anyboot-redis	2.2.2.833		f1578cc83fdb24b39bbd082763f841185646dc90
org.anyline	anyboot-redis	2.2.2.835		200aee3403958a991fac3c97f278a3f1c6960eec
org.anyline	anyboot-redis	8.3.6.200		02d0b6d39e0971223322d4b7b8d86e0fd024dd66
org.anyline	anyboot-redis	8.3.6.210		bccdf92eb7ddf0d004014a342eb105f204c4509f
org.anyline	anyboot-redis	8.3.6.211		6f28451b80b9cae9fe9157fa7e871ec9c627005a
org.apache.bval	bval-tck11-runner	1.1.0		0e0edecf1603975c18fd59c01de82c8f1f779422
org.apache.causeway.persistence	causeway-persistence-commons	2.0.0		d4a4988cd35f69c0d9397537e0c10ef85d725512
org.apache.causeway.persistence	causeway-persistence-commons	2.0.0-RC1		0484f557a99cd5d4868e36fb5ba54d9612e9bead
org.apache.causeway.persistence	causeway-persistence-commons	2.0.0-RC2		cc4b0dc8d2789cf5239a5434dde7f27d89ad6681
org.apache.causeway.persistence	causeway-persistence-commons	2.0.0-RC3		9199be32860f4d4db28884957bf5989a825ed755
org.apache.causeway.persistence	causeway-persistence-commons	2.0.0-RC4		7c51ceef17c202312fd24bb56d122c538b67bf3c
org.apache.causeway.persistence	causeway-persistence-commons	2.1.0		6c5279a5f507dceabcf151f79728e60e891e8cdb
org.apache.causeway.persistence	causeway-persistence-commons	3.0.0		156ce30504ce6b163972162f113f2e18f0a7e093
org.apache.causeway.persistence	causeway-persistence-commons	3.1.0		2186618c0aaa160fb464fd5489252318e42a0a6b
org.apache.causeway.persistence	causeway-persistence-commons	3.2.0		1f4e475a675e03bb19ad674011a6b5a85c3874aa
org.apache.causeway.persistence	causeway-persistence-commons	3.3.0		4803708afc6657cd20eb7f9f36d2181901c02e68
org.apache.opennlp	opennlp-maxent	3.0.1-incubating		e0cb6620d2bacaa37c05a3c0c45322267421868d
org.apache.opennlp	opennlp-maxent	3.0.2-incubating		b6c5e43e399b076d2c3ce013898c9d6229a55066
org.apache.opennlp	opennlp-maxent	3.0.3		55e39e6b46e71f35229cdd6950e72d8cce3b5fd4
org.apache.skywalking	skywalking-profile-receiver-plugin	10.0.1		62941ba93d0d6530511a7f954db35f334e1d9afb
org.apache.skywalking	skywalking-profile-receiver-plugin	10.1.0		bd9167430067e34743a9a0e1704f66ac48ac9ac4
org.apache.skywalking	skywalking-profile-receiver-plugin	7.0.0		04960465d48bb31ca756ffab798d3fc82d74f2de
org.apache.skywalking	skywalking-profile-receiver-plugin	8.0.0		6421068d5f16c6ccdf77890985e2a565a4af5ba7
org.apache.skywalking	skywalking-profile-receiver-plugin	8.0.1		74d1506de1db34302c01b43b643e4c2ac5bd4ced
org.apache.skywalking	skywalking-profile-receiver-plugin	8.1.0		fa279c9adecb796a88f6bbdc983a1f62ad4ba8cb
org.apache.skywalking	skywalking-profile-receiver-plugin	8.2.0		2cb0083251fefff0ac191fd21110d70da5e94414
org.apache.skywalking	skywalking-profile-receiver-plugin	8.3.0		b2e756cee9878967c652ef528530176c0eac9e6f
org.apache.skywalking	skywalking-profile-receiver-plugin	8.4.0		ef2235cc9029ad17e2102d07a8d10d3e442fe124
org.apache.skywalking	skywalking-profile-receiver-plugin	8.5.0		5407d9a6203cbb170d6e0ef7b1465b43f8c5df83
org.apache.skywalking	skywalking-profile-receiver-plugin	8.6.0		abb296f88819e5644ee39e6a802a81b32d7fe5b9
org.apache.skywalking	skywalking-profile-receiver-plugin	8.7.0		99a15317713c36385ca5efe7d9f57b7587c5e30e
org.apache.skywalking	skywalking-profile-receiver-plugin	8.8.0		10dba7def3797c913380e625491f321246925e06
org.apache.skywalking	skywalking-profile-receiver-plugin	8.8.1		b35889f2d7dbadbb768df30055f07f8d2069ee8a
org.apache.skywalking	skywalking-profile-receiver-plugin	8.9.0		c267f94f40fb4af6807a44c441ffc7fc2404c28d
org.apache.skywalking	skywalking-profile-receiver-plugin	8.9.1		14c50e42cb18078d98d43cb14ff4e30238a9f501
org.apache.skywalking	skywalking-profile-receiver-plugin	9.0.0		d2461e3397ebba9a474a94d3a9ba3c8105999201
org.apache.skywalking	skywalking-profile-receiver-plugin	9.1.0		275f047b47d4db9fd5158dc6bb982a44d280af1a
org.apache.skywalking	skywalking-profile-receiver-plugin	9.2.0		bd2a867a4b4d2d13db0dffda9dfee8eb10a4975c
org.apache.skywalking	skywalking-profile-receiver-plugin	9.3.0		f54defc3636de7b169b513adfcec0d70e2fad963
org.apache.skywalking	skywalking-profile-receiver-plugin	9.4.0		61cd4a5dd5247fae2ec8818c3431af8f17d76b7f
org.apache.skywalking	skywalking-profile-receiver-plugin	9.5.0		b01a8bf12a5f42e34a1152941db0f4b91eee73a3
org.apache.skywalking	skywalking-profile-receiver-plugin	9.6.0		93b988ee34090edac50274fc8e04831a9bec175e
org.apache.skywalking	skywalking-profile-receiver-plugin	9.7.0		c8fe2a920ad3a305eee0499a3f5d1f95b8fd68fa
org.apache.taverna.engine	taverna-report-api	3.1.0-incubating		d83061f6db994b319011f6ce54fcb17593ff4130
org.apache.tuscany.sca	tuscany-binding-corba-runtime	1.4		082c75e021abe91d6e001cbabb837e449adfe718
org.apache.tuscany.sca	tuscany-binding-corba-runtime	1.5		4832c89d26abaeb354ce3fe9bfca94a2b15634a1
org.apache.tuscany.sca	tuscany-binding-corba-runtime	1.5.1		9951f56a5f091b75052d7f2e00d60d9f4bc9204c
org.apache.tuscany.sca	tuscany-binding-corba-runtime	1.6		07da0e2f8dd7bea035c56a0717b29978e676380a
org.apache.tuscany.sca	tuscany-binding-corba-runtime	1.6.1		f6d9900d506131cb647d9904bde3acec754f02d7
org.apache.tuscany.sca	tuscany-binding-corba-runtime	1.6.2		2849c2b8799a98023d471f14010ab454e9c89bf3
org.apache.tuscany.sca	tuscany-binding-corba-runtime	2.0		d86eb6c7f5df4112fa2f2ea552f8f357cdb6704f
org.apache.tuscany.sca	tuscany-binding-corba-runtime	2.0-Beta1		72954e3bb177f35dff730278696c168ceaefe3d5
org.apache.tuscany.sca	tuscany-binding-corba-runtime	2.0-Beta2		05698cb12f91f9152b73d83bce7ba8c65eb3aa93
org.apache.tuscany.sca	tuscany-binding-corba-runtime	2.0-Beta3		279366ee9b585843513c4467452590a891fdd890
org.apache.tuscany.sca	tuscany-binding-corba-runtime	2.0-M5		4c4811895b388314e65b1456fcb2a7bc926c1a73
org.apache.tuscany.sca	tuscany-binding-corba-runtime	2.0-M5.1		0393cb159bdd43fc64145e06e4a74c6aeac4406b
org.apache.tuscany.sca	tuscany-binding-corba-runtime	2.0.1		61c2a38b801236080d9ba56e9d799ced03155cfc
org.apache.tuweni	tuweni-net	0.10.0		f3b722b251418a5a31e6e945db44e8360bf2bac0
org.apache.tuweni	tuweni-net	0.8.2		ea0414c5c38212e177056de52a6b9371a4aa2895
org.apache.tuweni	tuweni-net	0.9.0		3c6b07ce7ce2aff407faaec4d06f152a228405ef
org.apache.tuweni	tuweni-net	1.0.0		cf6f0509faf7870e83ff0e8a8440047937f0f798
org.apache.tuweni	tuweni-net	1.1.0		f0efaf5b12fe9034a9a0828dbd3aec6d8b303a17
org.apache.tuweni	tuweni-net	2.0.0		0d1690582b6141986c71a6686f918cd53e084810
org.apache.tuweni	tuweni-net	2.1.0		258229357b38ebb13b718b60962423ac4f52545e
org.apache.tuweni	tuweni-net	2.2.0		0ff06cf77be5f24ef882137919ff9a2be455ad48
org.apache.tuweni	tuweni-net	2.3.0		c12d954eeda65a89191be90355d5ac947efdee22
org.apache.tuweni	tuweni-net	2.3.1		88aa76c0f4913c1ebb0579353a51023c77468bc3
org.codehaus.groovy	groovy-yaml	3.0.0		c50fb76dc2ee50ed05e59fd1d5d1161a26f3bd58
org.codehaus.groovy	groovy-yaml	3.0.0	groovydoc	6b8d8b4aab88dc7069c9585a85dcf80da17d10d9
org.codehaus.groovy	groovy-yaml	3.0.0	indy	c23c0a3c5a8fdeb07eff056ad2592839d6843029
org.codehaus.groovy	groovy-yaml	3.0.0-alpha-4		2551be8d585025f3703c5c7251b2f1bcb63f4f05
org.codehaus.groovy	groovy-yaml	3.0.0-alpha-4	groovydoc	0125ad6aa30dafbde25e2cee388f38c1b1772c1b
org.codehaus.groovy	groovy-yaml	3.0.0-alpha-4	indy	6aa4d86cca895f2717e01b3f001fd6b53bcc14ae
org.codehaus.groovy	groovy-yaml	3.0.0-beta-1		60d8d0c953a605be608ee4d9750cb95704e757fa
org.codehaus.groovy	groovy-yaml	3.0.0-beta-1	groovydoc	f7fea60b28f65a19b0a6fca1f9f8c74185a5ce23
org.codehaus.groovy	groovy-yaml	3.0.0-beta-1	indy	9c7de38e8c4e083083e583da30ef86586ca7e5eb
org.codehaus.groovy	groovy-yaml	3.0.0-beta-2		17b4258344ae006d4dfd626f318c315aa6e42386
org.codehaus.groovy	groovy-yaml	3.0.0-beta-2	groovydoc	1478187590427fab61bb571f8e2971f13965a9c0
org.codehaus.groovy	groovy-yaml	3.0.0-beta-2	indy	d10499f09f991a8cbba81fbbafb6c6d75995bec9
org.codehaus.groovy	groovy-yaml	3.0.0-beta-3		9284d02707c8e617abfbed98aecf74ae61a50e11
org.codehaus.groovy	groovy-yaml	3.0.0-beta-3	groovydoc	428fbedf34de4cc149d42680778acfa790bd51a1
org.codehaus.groovy	groovy-yaml	3.0.0-beta-3	indy	f41f1f9cb4694754daf3b7196c9c9ea475f8b6df
org.codehaus.groovy	groovy-yaml	3.0.0-rc-1		22fa02e7f4bf8386b3da7e53169a72bdc4cc183c
org.codehaus.groovy	groovy-yaml	3.0.0-rc-1	groovydoc	9a792b59162c8ee7f8ac9e17145683a5a5998192
org.codehaus.groovy	groovy-yaml	3.0.0-rc-1	indy	24202583727cb2158f253b49e5dc5dedf368a23d
org.codehaus.groovy	groovy-yaml	3.0.0-rc-2		44b1b1d650880c7f9dc54a9679edc218933de845
org.codehaus.groovy	groovy-yaml	3.0.0-rc-2	groovydoc	57a88670107a00a605f4cf2527df0fce4bc7e54a
org.codehaus.groovy	groovy-yaml	3.0.0-rc-2	indy	196d89510b7c7d2385108cbb4ce3d316a9ba2e48
org.codehaus.groovy	groovy-yaml	3.0.0-rc-3		6111a408de41a05a6ee829e60c0f4be9e2978acc
org.codehaus.groovy	groovy-yaml	3.0.0-rc-3	groovydoc	167faa2e18774f91a7f000e1b436542b3b0fc416
org.codehaus.groovy	groovy-yaml	3.0.0-rc-3	indy	31d07dce577fdbfcb74ed099c57b4665a9ede83f
org.codehaus.groovy	groovy-yaml	3.0.1		a0e8ae30e4f4982cb653204c76c5fc589c21eff8
org.codehaus.groovy	groovy-yaml	3.0.1	groovydoc	cd5c71c21e0fe7c1bad38b792e8c6eefd5cd257e
org.codehaus.groovy	groovy-yaml	3.0.1	indy	0b60aabdfe4840d15ea5975d2a583b4bb6242059
org.codehaus.groovy	groovy-yaml	3.0.10		08399aab87bafac2b4d4de2f8fb41bb761a2c30c
org.codehaus.groovy	groovy-yaml	3.0.10	groovydoc	d9b7455a8d55a7e5e8385889369d75e39924d8f6
org.codehaus.groovy	groovy-yaml	3.0.10	indy	6c3296e85d31da84106f9536bb5b5681565e0c4f
org.codehaus.groovy	groovy-yaml	3.0.11		07de8d5cb62cc29ec0f9d77bda67323ddaae7e36
org.codehaus.groovy	groovy-yaml	3.0.11	groovydoc	36cd84cefb7f94f97797c386ffc97967c6886389
org.codehaus.groovy	groovy-yaml	3.0.11	indy	059f9e5dcee8e2fde75be31d3a9f8898fc598301
org.codehaus.groovy	groovy-yaml	3.0.12		2af2e075c41b56bca4b2832ab09eb587ece808c9
org.codehaus.groovy	groovy-yaml	3.0.12	groovydoc	a10cedbe084f9a944bce2d3036e3fb88f32f153f
org.codehaus.groovy	groovy-yaml	3.0.12	indy	4127345b9d661329485fe4d53bc65bc137bdf0e2
org.codehaus.groovy	groovy-yaml	3.0.13		4decda55706de60bb5a3cf3f939cca0aa7be2861
org.codehaus.groovy	groovy-yaml	3.0.13	groovydoc	6d3ee4f37eeed4fa9bda050c4a11535dc12d3f32
org.codehaus.groovy	groovy-yaml	3.0.13	indy	25e69e7794df39a8e2216abb9c0028d43954da75
org.codehaus.groovy	groovy-yaml	3.0.14		a98b7e4416572db49de5ad0509cf5cb44e51ada0
org.codehaus.groovy	groovy-yaml	3.0.14	groovydoc	fb595ec7326c96cc70e7432112925a655cdb2302
org.codehaus.groovy	groovy-yaml	3.0.14	indy	f70d732603e2de911ebef410c997ec160a7f17e0
org.codehaus.groovy	groovy-yaml	3.0.15		a11ed6dea51879b4950be4a3b1dc8e58cd25ddc0
org.codehaus.groovy	groovy-yaml	3.0.15	groovydoc	2a2240f9947b064d8a172c9f24809ac6766f2738
org.codehaus.groovy	groovy-yaml	3.0.15	indy	1844adc8d0f1d69185932fe0335a5d9fa6b525db
org.codehaus.groovy	groovy-yaml	3.0.16		e5d050ae596ee1a6b44a4799dec9ec103f884d57
org.codehaus.groovy	groovy-yaml	3.0.16	groovydoc	a46ddb30039c9d83625bcdfe6fb06e1de0db79af
org.codehaus.groovy	groovy-yaml	3.0.16	indy	0cca07a00596507413cffb16e9e3f870419d5886
org.codehaus.groovy	groovy-yaml	3.0.17		5c84d6463722cf2a2d97999238f490a5b308789b
org.codehaus.groovy	groovy-yaml	3.0.17	groovydoc	3cc0e21d7f88d9f1f6944bb54a4b9cbd2cdb1643
org.codehaus.groovy	groovy-yaml	3.0.17	indy	bf2863303e6e19052689bd8eec7e3a0cc210aef9
org.codehaus.groovy	groovy-yaml	3.0.18		69e5bd040706ef665e504a2697a54e91e17e6329
org.codehaus.groovy	groovy-yaml	3.0.18	groovydoc	002efdac82a94af8eedee71bd9b0cacbfb9e47cd
org.codehaus.groovy	groovy-yaml	3.0.18	indy	bbddd85a7cef69c7b7c77981dfceb94790b2c0dc
org.codehaus.groovy	groovy-yaml	3.0.19		c0f3796f2e27ef0cbe9154f365aa56d145025974
org.codehaus.groovy	groovy-yaml	3.0.19	groovydoc	533cc2dd0c6750a9b3e3a3e51788a30d2804ddce
org.codehaus.groovy	groovy-yaml	3.0.19	indy	807ee5f51931e902765ec57e65811c1e39a7a59b
org.codehaus.groovy	groovy-yaml	3.0.2		34e83cdc8c86c437d71cc639b454228fe9251aac
org.codehaus.groovy	groovy-yaml	3.0.2	groovydoc	3a8c1de6d2b951bf98bcbfe2545e41269e3ba397
org.codehaus.groovy	groovy-yaml	3.0.2	indy	d13e97a82d6f1fd73efd9766fff77363386ef9ca
org.codehaus.groovy	groovy-yaml	3.0.20		e187e442541e298c588bfcd0909a1b193ad99ce7
org.codehaus.groovy	groovy-yaml	3.0.20	groovydoc	62a6f0b77a521e0f2e110f95d8ef4386e492f4eb
org.codehaus.groovy	groovy-yaml	3.0.20	indy	a2df05891b6c7eb1154a1cf87fd61541c016244a
org.codehaus.groovy	groovy-yaml	3.0.21		694273138046849fe2c7b331df82047735728d93
org.codehaus.groovy	groovy-yaml	3.0.21	groovydoc	33a9fc40c27900693aec03ca76034a1e956b2665
org.codehaus.groovy	groovy-yaml	3.0.21	indy	4ad053d6ffae5255164a3a78e76b7a5f51e5fe54
org.codehaus.groovy	groovy-yaml	3.0.22		6dba1980d998c9241217784e7999df52f5578ade
org.codehaus.groovy	groovy-yaml	3.0.22	groovydoc	4ba4af4815f7d1d4a0fee157e7ecd2a47f11dfb7
org.codehaus.groovy	groovy-yaml	3.0.22	indy	a3b8ac9063c54493e278c3b0bafd5bc10709c73a
org.codehaus.groovy	groovy-yaml	3.0.23		e1048df81c6c0f01d46680e24de242f4c9dee41a
org.codehaus.groovy	groovy-yaml	3.0.23	groovydoc	9011b1dd3f89f39b3a25669cd608f6f02b00ca6b
org.codehaus.groovy	groovy-yaml	3.0.23	indy	bb7f03a2a18ee63b872893d2d8f7700383c721c8
org.codehaus.groovy	groovy-yaml	3.0.24		422311f6f717aad226172b17169f31207145085a
org.codehaus.groovy	groovy-yaml	3.0.24	groovydoc	0b9cdde2624c0040312ac562bf3b8e738f8f07da
org.codehaus.groovy	groovy-yaml	3.0.24	indy	59f2334415fef2a57c9b9ad5d3e41c42bb939142
org.codehaus.groovy	groovy-yaml	3.0.3		53cb6f901ae7134bd18944ffd9110cc3349fa1cd
org.codehaus.groovy	groovy-yaml	3.0.3	groovydoc	a3e5daf27c473f92e6911adc5528779bb1f7c698
org.codehaus.groovy	groovy-yaml	3.0.3	indy	250b08eca8678476232dea9bdda95394c75223de
org.codehaus.groovy	groovy-yaml	3.0.4		cc7f91e48ce60f3a80e987373b0b3e6dd97085e7
org.codehaus.groovy	groovy-yaml	3.0.4	groovydoc	e7353848b7d38642b91000adfd4bb85e1aa1d496
org.codehaus.groovy	groovy-yaml	3.0.4	indy	548dd167e3f0b02a4d421300e24a41ade0b62f88
org.codehaus.groovy	groovy-yaml	3.0.5		c111a0f4cee7ae3e4e98669507fcc49b9a31779b
org.codehaus.groovy	groovy-yaml	3.0.5	groovydoc	7c443a56a7e410e0c3921790414c0dc62a3da8fc
org.codehaus.groovy	groovy-yaml	3.0.5	indy	803aeed18b92ca634b786c96ae6cbd85ad390630
org.codehaus.groovy	groovy-yaml	3.0.6		e097c00b6fda70a57b86c0f6d4ded9101ffa7e61
org.codehaus.groovy	groovy-yaml	3.0.6	groovydoc	02d909245052dbf39328485a2e756556380f5e4f
org.codehaus.groovy	groovy-yaml	3.0.6	indy	fc564c9cdccef103e45c7156fc29e0e7174d3fac
org.codehaus.groovy	groovy-yaml	3.0.7		440d65f308de9565388b4825e7ca2ca59fdf9bfb
org.codehaus.groovy	groovy-yaml	3.0.7	groovydoc	42b69b338644c0c2d1f16886d0fd285a57a97018
org.codehaus.groovy	groovy-yaml	3.0.7	indy	c8a0456a5f6866c80acdaece88dc03edf01bfdc1
org.codehaus.groovy	groovy-yaml	3.0.8		f93edc034de6a286a82f571287c76d18973f9cc2
org.codehaus.groovy	groovy-yaml	3.0.8	groovydoc	8f33bd4ff56e11a13ec853e26dcf34c2ac2e4342
org.codehaus.groovy	groovy-yaml	3.0.8	indy	30c1da320448ba45f42d8ddb6c85ff7ad2c7eddd
org.codehaus.groovy	groovy-yaml	3.0.9		71933ca5386de1d6b43b7d76d7bee24fd5e2f17b
org.codehaus.groovy	groovy-yaml	3.0.9	groovydoc	6f88f46963d00e9bf145fcf4ea77014956cfc5b3
org.codehaus.groovy	groovy-yaml	3.0.9	indy	5f1050cecfb612adeac67e4e3d906a7b3e0d6fc7
org.coodex	concrete-support-jaxrs	0.2.0		ab0d66e67e741ed4859ef8a05fffb6c5e77e7aef
org.coodex	concrete-support-jaxrs	0.2.1		05267e83f8f45b85ea910b671c89e4cfdc5874a8
org.coodex	concrete-support-jaxrs	0.2.2		cc5528a54c79639919a5308ee96a768b795a8369
org.coodex	concrete-support-jaxrs	0.2.3		b2d147d3f0b711453cd6b521ca3bb733533ec192
org.coodex	concrete-support-jaxrs	0.4.0		7bd0c7769abca2a294736654658f37ddf7b662d1
org.coodex	concrete-support-jaxrs	0.4.0-RC3		2e856bb2c0a4f2f2dc014d6601c66dc9b5910875
org.coodex	concrete-support-jaxrs	0.4.1		87aa88ff793bef30b796ef07029c520e2228068e
org.craftsmenlabs.gareth	gareth-api	0.2.0		9cae79395b917b12e580b1e301d1e4601b91318b
org.craftsmenlabs.gareth	gareth-api	0.3.0		e92833265ceab8a4603f28ce6fa51994d94779c9
org.craftsmenlabs.gareth	gareth-api	0.4.0		b11adc817e867eadf37897a4e83cad2089290b9a
org.craftsmenlabs.gareth	gareth-api	0.5.0		422114c2aa5ff41dec076df89f4f097934278034
org.craftsmenlabs.gareth	gareth-api	0.6.0		c7152c938f44c4712f20a28e5aba70cb42903e37
org.craftsmenlabs.gareth	gareth-api	0.7.0		48f96797d9149e6296fe20fdca2d82a73778d135
org.craftsmenlabs.gareth	gareth-api	0.8.0		62542d02f4b38a0075365a45991fe198adef5546
org.craftsmenlabs.gareth	gareth-api	0.8.1		ef44fcda952fa0b0e69ab10aebf2b2ae2802ba58
org.craftsmenlabs.gareth	gareth-api	0.8.2		5465fa9c994a24e369821075db4e26b2aa718ff3
org.craftsmenlabs.gareth	gareth-api	0.8.3		6cdcf9cb7d69f1d5d9ec9cc9424ab1982a426990
org.craftsmenlabs.gareth	gareth-api	0.8.4		c69639b49884b8841d3034b2a4c32323f5501b2b
org.craftsmenlabs.gareth	gareth-api	0.8.5		9c6e175e07966729820f6bf7c888f7f684855010
org.craftsmenlabs.gareth	gareth-api	0.8.6		e286169e5d2d2157fefea3a333cd56dc1f7f1b5a
org.craftsmenlabs.gareth	gareth-api	0.8.7		e13a177af17ee20d7e1e2bb9307cd8fff87dd9ba
org.danbrough.ktor	ktor-server-velocity-jvm	2.1.1		ee78254b136da6d2d85ebc9831f64a6829ce3a98
org.danbrough.ktor	ktor-server-velocity-jvm	2.1.1a		9cd4a910f299bb827142e52f5d53e3666162b45e
org.danbrough.ktor	ktor-server-velocity-jvm	2.2.3		8f1c57e6794c6dab36e0ad14f250cbea56747840
org.danbrough.ktor	ktor-server-velocity-jvm	2.2.4		64e240c540ca058b9ee40f9f3eaa4c95dfbf7315
org.dishevelled	dsh-bitset	1.0		9144a14d1138fd793861e0c5a6da4f760f04e332
org.dishevelled	dsh-bitset	2.0		8ccecb1536e59890c57416f12f6d4dd558da0e01
org.dishevelled	dsh-bitset	2.1		4826b6334b41fdf98e053247cef3b06da5b91d41
org.dishevelled	dsh-bitset	3.0		25f60dd74ed873b8042b60748e5d0ae410078c04
org.eclipse.birt	org.eclipse.birt.chart.viewer	4.9.0		f17e6eb8de5d2531657b7425544d4a6a2038995b
org.eclipse.dirigible	dirigible-components-engine-ftp	10.0.0		bb8605a3ac97420093d1a9986bf8a870ba0d5aef
org.eclipse.dirigible	dirigible-components-engine-ftp	10.0.1		06c308be52b9124728865eab5e45eebd2b5ba3e6
org.eclipse.dirigible	dirigible-components-engine-ftp	10.0.2		592fa6475f4f1a7c4b71536a4567524f67d6929e
org.eclipse.dirigible	dirigible-components-engine-ftp	10.0.3		5a865e783500115f6150ee49b984e7236e226771
org.eclipse.dirigible	dirigible-components-engine-ftp	10.0.4		e414aecbe3e4e6849c7d90b02187bfb4939a065e
org.eclipse.dirigible	dirigible-components-engine-ftp	10.0.5		7a9598434b6009c64327cad11357ded1b7146468
org.eclipse.dirigible	dirigible-components-engine-ftp	10.1.0		2689fe343b8ecf0325a38d7f9737eef92cc32f4c
org.eclipse.dirigible	dirigible-components-engine-ftp	10.1.1		b458aedee7d0027c41f3768f5a5c748daacb5152
org.eclipse.dirigible	dirigible-components-engine-ftp	10.1.2		4d515d2db4768517a8f9bf9c34223065d42a70eb
org.eclipse.dirigible	dirigible-components-engine-ftp	10.1.3		0c7253f83e535f9494124c730f6d95d1021989f1
org.eclipse.dirigible	dirigible-components-engine-ftp	10.2.0		78618d8ed348c629400f7fba6ef824488f078214
org.eclipse.dirigible	dirigible-components-engine-ftp	10.2.1		6635f65cb8172172a8b8523ec52f681b37fca32d
org.eclipse.dirigible	dirigible-components-engine-ftp	10.2.10		25ef10f2be36b4cc113865bf691a96e0a201ee04
org.eclipse.dirigible	dirigible-components-engine-ftp	10.2.2		f7f18023496c3d6a401c83c10f101a2efe0e1d2d
org.eclipse.dirigible	dirigible-components-engine-ftp	10.2.3		214aab8aac9f0859e8a408c40cb5167479b83caf
org.eclipse.dirigible	dirigible-components-engine-ftp	10.2.4		56752cc25dffe1a8972d0b7e93f416a8d9af5949
org.eclipse.dirigible	dirigible-components-engine-ftp	10.2.5		951786c23ff5684fd0ba87836192dec0a1a64ee3
org.eclipse.dirigible	dirigible-components-engine-ftp	10.2.6		17e445a975a0674efee0c4dc93d24175ef372f1c
org.eclipse.dirigible	dirigible-components-engine-ftp	10.2.7		ea5d8baa706cc6749dbe10460d2fccd26c1eac53
org.eclipse.dirigible	dirigible-components-engine-ftp	10.2.8		93ca6ad65c20317dae7bb08d48a39c064c71af1d
org.eclipse.dirigible	dirigible-components-engine-ftp	10.2.9		65ca2e6f98e20b6e85c1230148c74714a0a71e15
org.eclipse.dirigible	dirigible-components-engine-ftp	10.3.0		2ef5f4c556ae90ea2d6cfc0c70affbd8d3b62701
org.eclipse.dirigible	dirigible-components-engine-ftp	10.4.0		3307f1b21efbf5484db2bfdc20929a36059eec6e
org.eclipse.dirigible	dirigible-components-engine-ftp	10.4.1		3a1aa05692bea39ef644ca00e3057c9f11f5af61
org.eclipse.dirigible	dirigible-components-engine-ftp	10.5.0		8dc258e6f0647af0dc1f8abc8109ccabcd7d301d
org.eclipse.dirigible	dirigible-components-engine-ftp	10.5.1		b467393d11ff3cdeb3e6f69d87511e48a0221c63
org.eclipse.dirigible	dirigible-components-engine-ftp	10.5.10		f8cbc6699e5e99d0d185b5713988ab8879715f03
org.eclipse.dirigible	dirigible-components-engine-ftp	10.5.11		19d23f858b5ff61aa3765c4bb4ee86538fb55883
org.eclipse.dirigible	dirigible-components-engine-ftp	10.5.12		330524ee65d31a5e4c058244324d632afb5cd997
org.eclipse.dirigible	dirigible-components-engine-ftp	10.5.13		5df211035a9a13ec1abb7a43536fd64e5d393cc6
org.eclipse.dirigible	dirigible-components-engine-ftp	10.5.2		7ff54bdb858a0b6b58270ec3f9988ed2bfb86766
org.eclipse.dirigible	dirigible-components-engine-ftp	10.5.3		0cc97f0302d14263092aea98ce36d0ed13d78366
org.eclipse.dirigible	dirigible-components-engine-ftp	10.5.4		f7a8cbda401eda0b126596c988daad83f93f6982
org.eclipse.dirigible	dirigible-components-engine-ftp	10.5.5		8a5c8b4c04cd07c8726d3758ec949c39dcdd0517
org.eclipse.dirigible	dirigible-components-engine-ftp	10.5.6		84073f7b8a1869385850405c3efa9b2a79250f85
org.eclipse.dirigible	dirigible-components-engine-ftp	10.5.7		47a93576c0c53fcbebca82c297207a427a4c9dbd
org.eclipse.dirigible	dirigible-components-engine-ftp	10.5.8		82209860cc927fba723b475f37b350b124d3a1ec
org.eclipse.dirigible	dirigible-components-engine-ftp	10.5.9		2bb05d1b66d0bdff84e92e4539d89bd221a04e70
org.eclipse.dirigible	dirigible-components-engine-ftp	10.6.0		df39ff48de1efb1deb9ed1f46a7ff3eb2916c870
org.eclipse.dirigible	dirigible-components-engine-ftp	10.6.1		782d38665beee1e481bd98913f1f8440efdb0672
org.eclipse.dirigible	dirigible-components-engine-ftp	10.6.10		a6e67a32fdc632f114921285a322451d8f4d7896
org.eclipse.dirigible	dirigible-components-engine-ftp	10.6.11		6e60048c0d2a47e5f2be0a027e998a8337043cb9
org.eclipse.dirigible	dirigible-components-engine-ftp	10.6.12		f00bd0a8f2dcf598b59b1450ce550aa2ce2f3767
org.eclipse.dirigible	dirigible-components-engine-ftp	10.6.13		32bc5c06a992a2674d8547e34829a538fd970c5e
org.eclipse.dirigible	dirigible-components-engine-ftp	10.6.14		293110852bb68be001c3279c2cb06be6ac44e635
org.eclipse.dirigible	dirigible-components-engine-ftp	10.6.15		f2c94c3d535b802ef06caed5cd7baa3c2feb8eb6
org.eclipse.dirigible	dirigible-components-engine-ftp	10.6.16		5009aa55bbe115a3bc4ed7906c10866d3b57c140
org.eclipse.dirigible	dirigible-components-engine-ftp	10.6.17		9f7a099bb6b614abf2d11eb86ddcef9462fa5334
org.eclipse.dirigible	dirigible-components-engine-ftp	10.6.18		da627dcd840301d3477d93fdbc9a0566ac902b67
org.eclipse.dirigible	dirigible-components-engine-ftp	10.6.19		cf63f715253cdaa977fe0892c9a618c4d4b14387
org.eclipse.dirigible	dirigible-components-engine-ftp	10.6.2		137d9a708f30a371fb4b3000d0f551136eb3c951
org.eclipse.dirigible	dirigible-components-engine-ftp	10.6.20		b9d05b3d5c0cdcf718aded65a98bb14a8ab3c493
org.eclipse.dirigible	dirigible-components-engine-ftp	10.6.21		d887bb848992b80c36b29b2b4bccddd11c359269
org.eclipse.dirigible	dirigible-components-engine-ftp	10.6.22		3772732b78c5e566b7acd9f0271583b4ca6199ab
org.eclipse.dirigible	dirigible-components-engine-ftp	10.6.23		fc523d38551c4cf16cf65230be54487eab341c46
org.eclipse.dirigible	dirigible-components-engine-ftp	10.6.24		252735d292e5e05850b8920e99a9b57ca6454980
org.eclipse.dirigible	dirigible-components-engine-ftp	10.6.25		55f498b6a5f4374b15fc5a8a81fdaea0236da83d
org.eclipse.dirigible	dirigible-components-engine-ftp	10.6.26		68e25ef4a64400cb8e1f96a126d5956e19e9b89e
org.eclipse.dirigible	dirigible-components-engine-ftp	10.6.27		c496dd76f00d12886e1c4798a5de051776c54c44
org.eclipse.dirigible	dirigible-components-engine-ftp	10.6.28		9c88d4e3c1d32fe7789246df74a39fed4f15d5a2
org.eclipse.dirigible	dirigible-components-engine-ftp	10.6.29		cfb09ac1622deddd0d3a475c34859b0165662e5e
org.eclipse.dirigible	dirigible-components-engine-ftp	10.6.3		d79705a70dc30bbe922db4483a34687d6eaa0059
org.eclipse.dirigible	dirigible-components-engine-ftp	10.6.30		d5927542c9489246214526c63bab384256c6056a
org.eclipse.dirigible	dirigible-components-engine-ftp	10.6.31		000ce0af9c9724e879b98f2ac0b39f315961a101
org.eclipse.dirigible	dirigible-components-engine-ftp	10.6.32		0870a0df42e1b1df43a3cbd1c5a00eb74357d31c
org.eclipse.dirigible	dirigible-components-engine-ftp	10.6.33		5303f312d843d613fe9ec1c609408691dc09812a
org.eclipse.dirigible	dirigible-components-engine-ftp	10.6.34		1f722dea7ca3ba6faf6996adb2207c56b06d28d0
org.eclipse.dirigible	dirigible-components-engine-ftp	10.6.36		743d53c5c28ed58c79692a07e6a9b3ec272f6493
org.eclipse.dirigible	dirigible-components-engine-ftp	10.6.37		9e4f1d8dd115e27d07456945638312eb9d165c38
org.eclipse.dirigible	dirigible-components-engine-ftp	10.6.38		651d85cdb65e420d9d3cb3bf09a3374a2c206eb8
org.eclipse.dirigible	dirigible-components-engine-ftp	10.6.39		e6ac14494aac6ba39206701e9b853cdc16eca791
org.eclipse.dirigible	dirigible-components-engine-ftp	10.6.4		0ff59da16842a22cb33a21f91873436769a37936
org.eclipse.dirigible	dirigible-components-engine-ftp	10.6.41		6acb1afebbbec95669ba5a344540f872d2414440
org.eclipse.dirigible	dirigible-components-engine-ftp	10.6.42		9ba017790bf7bf31d9feca71814f662cb60d300b
org.eclipse.dirigible	dirigible-components-engine-ftp	10.6.43		4fc76ceebc334fbc2fb9a4738b488067e693f51d
org.eclipse.dirigible	dirigible-components-engine-ftp	10.6.44		7f71a7bf802a42195aeae4eb100f84d25816350c
org.eclipse.dirigible	dirigible-components-engine-ftp	10.6.45		46848e01d6080c1871febd0451a58404fc447b59
org.eclipse.dirigible	dirigible-components-engine-ftp	10.6.47		6b1094ac183cea1742a42c9d4f28ff458c178bbe
org.eclipse.dirigible	dirigible-components-engine-ftp	10.6.48		6bcb9277f9fe587f9216e04f1ea06a6558ebc3d7
org.eclipse.dirigible	dirigible-components-engine-ftp	10.6.5		23622088c8eb8203c2bfe5dbf7f0b535cf55dc14
org.eclipse.dirigible	dirigible-components-engine-ftp	10.6.50		0430ee5f2516ea4d2c8e73703ed09bb5c7c757ef
org.eclipse.dirigible	dirigible-components-engine-ftp	10.6.6		ccdc74ca9d03d94b2cbc20a217a4dba24288064d
org.eclipse.dirigible	dirigible-components-engine-ftp	10.6.7		a076afbd025270712118560b4572d3712ee379a3
org.eclipse.dirigible	dirigible-components-engine-ftp	10.6.8		70c5d420e8d817f0e2ff8b52e70b623aa39c1a14
org.eclipse.dirigible	dirigible-components-engine-ftp	10.6.9		aff2d8c47fb5acc50dde267057bbf629dba61ade
org.eclipse.dirigible	dirigible-components-engine-ftp	11.1.0		470411fc0f4b90316ff5b204bcef040e8996e1ca
org.eclipse.dirigible	dirigible-components-engine-ftp	11.1.1		0de06ecaa7f8fdf92e01481b96c6f4e56d355318
org.eclipse.dirigible	dirigible-components-engine-ftp	11.11.0		355e9802b2ff45c84098ab2734d79b1fa5f4d6a9
org.eclipse.dirigible	dirigible-components-engine-ftp	11.12.0		7135930f939e899d1a403f88545d97150900dacb
org.eclipse.dirigible	dirigible-components-engine-ftp	11.13.0		5ac7a8d07cbe5902f89a9284a243b090b3d10b67
org.eclipse.dirigible	dirigible-components-engine-ftp	11.14.0		876510082dc087b3ca9830fc728d3a6c368638dc
org.eclipse.dirigible	dirigible-components-engine-ftp	11.15.0		7c2540257d034b740517181cb485585370052c04
org.eclipse.dirigible	dirigible-components-engine-ftp	11.16.0		0ba5608640a7092b2ad458d2521733d238ba272c
org.eclipse.dirigible	dirigible-components-engine-ftp	11.17.0		13e6cdfb58419558c0e1d5a036d99c0de6b138c3
org.eclipse.dirigible	dirigible-components-engine-ftp	11.18.0		700454997f739fa8121b3eeb024052881489d841
org.eclipse.dirigible	dirigible-components-engine-ftp	11.19.0		7999f68d7573223eba2946024cf5ff94a162058c
org.eclipse.dirigible	dirigible-components-engine-ftp	11.2.0		8c26e07b3a0a63d10a42bb97066797bfbacc2418
org.eclipse.dirigible	dirigible-components-engine-ftp	11.2.1		8d30e8f0dea7a2582e8fa8179e3439d40dda11b4
org.eclipse.dirigible	dirigible-components-engine-ftp	11.2.3		2385e7957e90106ff8927119d9e2541182c4f876
org.eclipse.dirigible	dirigible-components-engine-ftp	11.2.4		09a4126af4c84e5597b09b46e920dcd998778d47
org.eclipse.dirigible	dirigible-components-engine-ftp	11.2.5		626be93ee64deed83e62ce76399e6bdafebbd45c
org.eclipse.dirigible	dirigible-components-engine-ftp	11.2.6		31da11a570048a8cb3084edde24802212537c476
org.eclipse.dirigible	dirigible-components-engine-ftp	11.20.0		bf8929caf99c141a4a369112ad36a5b92c4315f2
org.eclipse.dirigible	dirigible-components-engine-ftp	11.22.0		96f327fd1ede22902108ffc59209c55c63a80297
org.eclipse.dirigible	dirigible-components-engine-ftp	11.23.0		a61aa5a245cb7b72b976b5cfa11905e57c4100cb
org.eclipse.dirigible	dirigible-components-engine-ftp	11.24.0		e4d5c8210485c60506bbeed895089b9b68797862
org.eclipse.dirigible	dirigible-components-engine-ftp	11.25.0		e241396b7c87a9c92b7a5c8b917f115d32865af5
org.eclipse.dirigible	dirigible-components-engine-ftp	11.26.0		d9697ac02cf3f20b92f4c30a8dea1a08d84b44b8
org.eclipse.dirigible	dirigible-components-engine-ftp	11.27.0		f7c587e966c6fab9c9a5ec4ea64f2edfe617815c
org.eclipse.dirigible	dirigible-components-engine-ftp	11.28.0		4edf7fa04717f945215b20dd5d5b4f11ecf33373
org.eclipse.dirigible	dirigible-components-engine-ftp	11.29.0		569ecfe37c9c8469d7862b6a445ee656f7dcaf21
org.eclipse.dirigible	dirigible-components-engine-ftp	11.3.0		a8bd57a15c1b565ef466957dedb11730b3b8ed0d
org.eclipse.dirigible	dirigible-components-engine-ftp	11.30.0		1368b54bd4dadcd86bb7f9fb55c06713d6676377
org.eclipse.dirigible	dirigible-components-engine-ftp	11.31.0		ff55b4214f6a80895250e4f19e3390c8ef198013
org.eclipse.dirigible	dirigible-components-engine-ftp	11.32.0		574c6e762242566eedf87fca9e7c6a4c387c1778
org.eclipse.dirigible	dirigible-components-engine-ftp	11.33.0		a8cdc7bef55efc8e6e6fd185003b992aa76516db
org.eclipse.dirigible	dirigible-components-engine-ftp	11.34.0		29cf8aa5f95c833ae1ec74b5372187c5c502abcd
org.eclipse.dirigible	dirigible-components-engine-ftp	11.34.1		216848bb59babc250dc9bec41a336b2267ae605f
org.eclipse.dirigible	dirigible-components-engine-ftp	11.35.0		cab8496c4517080ca0a7a3aaedcae544d1d6803b
org.eclipse.dirigible	dirigible-components-engine-ftp	11.37.0		0617fbc4c96b41d4fc45c128e39b013c5a8dc62f
org.eclipse.dirigible	dirigible-components-engine-ftp	11.38.0		be5308ee077c58896dead5d685d24da5d0c2e14f
org.eclipse.dirigible	dirigible-components-engine-ftp	11.39.0		a6f499b58ab4fbd1d71f552c9f87d7f4c0b54e87
org.eclipse.dirigible	dirigible-components-engine-ftp	11.4.1		a533ceb423906db8ff4618419ce0538aad19b5c7
org.eclipse.dirigible	dirigible-components-engine-ftp	11.40.0		f315066ffae5629eb90981d9b834c3be29bd94ba
org.eclipse.dirigible	dirigible-components-engine-ftp	11.41.1		87569d55606a9bad2b31ade2e24080a0eee2de26
org.eclipse.dirigible	dirigible-components-engine-ftp	11.42.0		20797e707e8a8e042ddd9fd586e90000a904d9da
org.eclipse.dirigible	dirigible-components-engine-ftp	11.43.0		78c8e5e9da43b5c9c8cafd3914a697529bae567d
org.eclipse.dirigible	dirigible-components-engine-ftp	11.44.0		d0516ea9db48582cc6e77da84c6d8d104487c82d
org.eclipse.dirigible	dirigible-components-engine-ftp	11.5.0		e0c03fd1e885eb624fe1f6cac64086de8725c666
org.eclipse.dirigible	dirigible-components-engine-ftp	11.6.0		b6c4c4dd70aee2a556d23a31738a9ec92fcdedf9
org.eclipse.dirigible	dirigible-components-engine-ftp	11.6.1		716bad15956bc7e308ab6fc3ce96601ddc8ce2ae
org.eclipse.dirigible	dirigible-components-engine-ftp	11.7.0		708f9ed3a4e1ecc6ffa9b86f72d5d23681547a00
org.eclipse.dirigible	dirigible-components-engine-ftp	11.8.0		00420a925d9f33f94d5ed0c3e69374936cfb6310
org.eclipse.dirigible	dirigible-components-engine-ftp	11.9.0		8b1ad6505bf478695656b9777ebe9e9ae6d4f357
org.eclipse.dirigible	dirigible-components-engine-ftp	8.10.0		c5b4c1aaca45b20d55f1bb2841d088e523558ab9
org.eclipse.dirigible	dirigible-components-engine-ftp	8.10.1		ab00ff4a21b5ad7accb8c66191406377690d94e4
org.eclipse.dirigible	dirigible-components-engine-ftp	8.10.2		f0fa26788954025cc1a3a4ba5d18b275e2437cdd
org.eclipse.dirigible	dirigible-components-engine-ftp	8.10.3		b9b5507f6aebf29ec0f6a8f6cebd40ccd36ca46d
org.eclipse.dirigible	dirigible-components-engine-ftp	8.10.4		35087c7a19647c784b1293999eadce237b03f4bb
org.eclipse.dirigible	dirigible-components-engine-ftp	8.11.0		637558ceaaf79b92e2a20d131ce4dc72224f8c1e
org.eclipse.dirigible	dirigible-components-engine-ftp	8.11.1		090027aed6ed9eb5c2677fc96505f4d836f2643c
org.eclipse.dirigible	dirigible-components-engine-ftp	8.11.2		b7268cd84d2782c3294e450574b76de06f24e021
org.eclipse.dirigible	dirigible-components-engine-ftp	8.11.3		dd9a8cf0cea7fb2075b28df5d277eeeed46bdfba
org.eclipse.dirigible	dirigible-components-engine-ftp	8.11.4		5afda136a4a24d5c15e5088fe7644ba949c0acd7
org.eclipse.dirigible	dirigible-components-engine-ftp	8.12.0		5fa8c22b602740bb768b2205b5db1f149092a57c
org.eclipse.dirigible	dirigible-components-engine-ftp	8.13.0		bd9c90cbebf68cad9fc6d0afd9c47679545ac0e7
org.eclipse.dirigible	dirigible-components-engine-ftp	8.14.0		1d79eaa134d105b523d57f423d45ccee265a023e
org.eclipse.dirigible	dirigible-components-engine-ftp	8.14.1		1103a0c56295d3edaf47e79a18f7c827f832f5dc
org.eclipse.dirigible	dirigible-components-engine-ftp	8.14.2		826694927507357bee7345c05575e97876a2a967
org.eclipse.dirigible	dirigible-components-engine-ftp	8.15.0		182f92c605f0c1fac00ac90987407b59eca58c37
org.eclipse.dirigible	dirigible-components-engine-ftp	8.15.1		217be6d32cdc19e6a124614103778a1f3464ca9f
org.eclipse.dirigible	dirigible-components-engine-ftp	8.15.2		b0aceb69e477b000111dd1670addcc54b2b88532
org.eclipse.dirigible	dirigible-components-engine-ftp	8.15.3		c0cdc127819e09fc9fc184410838dac9351a5e21
org.eclipse.dirigible	dirigible-components-engine-ftp	8.15.4		87231c8a38e5689a062cbe46c044706cc197a9a0
org.eclipse.dirigible	dirigible-components-engine-ftp	8.16.0		458c3cea91c8559436cebd2b7a0c4243634bb06f
org.eclipse.dirigible	dirigible-components-engine-ftp	8.16.1		241577546cb5fadff1246df6ccdb1ad7ce8c5d35
org.eclipse.dirigible	dirigible-components-engine-ftp	8.17.0		2d5803eadd7db35581c3f75053bce03d5cb72f1e
org.eclipse.dirigible	dirigible-components-engine-ftp	8.17.1		1f79597db30fc8368ec2952c16000480d8272d36
org.eclipse.dirigible	dirigible-components-engine-ftp	8.18.0		78647d84c2eda2cfcb3dadcd360f8ce063f21411
org.eclipse.dirigible	dirigible-components-engine-ftp	8.18.1		7d855bb238df32ddd3877d21927daffe54d39c59
org.eclipse.dirigible	dirigible-components-engine-ftp	8.18.2		80e4fed1c40efed04a913ee6c5346561b7b6be65
org.eclipse.dirigible	dirigible-components-engine-ftp	8.18.3		f107273e0eae62d929d5736636295922a3649e7e
org.eclipse.dirigible	dirigible-components-engine-ftp	8.18.4		af03a8e78d85237265fc23c19cbb4df097732aad
org.eclipse.dirigible	dirigible-components-engine-ftp	8.18.5		7d6e32582bf7eb5086504195ebf8294f59393d2c
org.eclipse.dirigible	dirigible-components-engine-ftp	8.18.6		55c24de65ee42235be18fce16993752a06ef192c
org.eclipse.dirigible	dirigible-components-engine-ftp	8.18.7		545f8183c4071168181a3520f9364139166bfca6
org.eclipse.dirigible	dirigible-components-engine-ftp	8.18.8		5f205b269789f9157d47895319596a69bc00669f
org.eclipse.dirigible	dirigible-components-engine-ftp	8.18.9		4a41772765d5fdd4ed1d299c78e4baf0c74d60f2
org.eclipse.dirigible	dirigible-components-engine-ftp	8.7.0		5dd2b64fb409a2fba2cf8351ee51439f3bcea007
org.eclipse.dirigible	dirigible-components-engine-ftp	8.7.1		2e4bb328057db3b8cd0fd3827109192db4c89f38
org.eclipse.dirigible	dirigible-components-engine-ftp	8.8.0		f4b086441f090e6f96dd593d84b88d64308f47c5
org.eclipse.dirigible	dirigible-components-engine-ftp	8.8.1		51da742548cdad586115c1ba839d2f5a737ee8c3
org.eclipse.dirigible	dirigible-components-engine-ftp	8.8.2		b88c0390a2f6720d9ac7ba14d5f0ef4bfe5d63e3
org.eclipse.dirigible	dirigible-components-engine-ftp	8.9.0		7b1164a13ec9d6bb842ac51df023e21ac168e856
org.eclipse.dirigible	dirigible-components-engine-ftp	8.9.1		c98623ac478f2c61f4996867d208ae5ba1a5ff0d
org.eclipse.dirigible	dirigible-components-engine-ftp	8.9.2		c7c6745f7c61aa79e69f66cf396a395c755e5126
org.eclipse.dirigible	dirigible-components-engine-ftp	9.0.0		63d5c8fcb634620d39c5300121870f6609da7fcc
org.eclipse.dirigible	dirigible-components-engine-ftp	9.1.0		26e535ea63512328a09f26b2f045822fff93ba4a
org.eclipse.dirigible	dirigible-components-engine-ftp	9.1.1		5ce67ae66c025c2a791520a5345220579c702bb0
org.eclipse.dirigible	dirigible-components-engine-ftp	9.2.0		c92a346c43ed292ce1202d897e10e16c48864aac
org.eclipse.dirigible	dirigible-components-engine-ftp	9.2.1		4db2546d01be6d0a2702d1489e470e5854596b8e
org.eclipse.dirigible	dirigible-components-engine-ftp	9.2.2		765af0b68ad037588c7a515cd69bc80350845569
org.eclipse.ecsp	device-common	0.1.0		9f5ccbe107b2965e5b02c0e0094e18eba4fdd915
org.eclipse.ecsp	device-common	0.1.0	shaded	ad8847e898df51f65933e68ecdc2d30c7076a96c
org.eclipse.jdt	launching	3.2.1-r321_v20060731		9f7e380e308309db91e68fd4536032ad8ee22d45
org.eclipse.jdt	launching	3.3.0-v20070510		58f23f9aa76a786a28b26cd1ce97047752fcddf0
org.glassfish.ozark.test	thymeleaf	1.0.0-m02		N/A
org.jboss.hal	hal-db	3.5.0.Final		c1ea9bd2951a8a52ec428cde2b29fe20cf60968c
org.jboss.hal	hal-db	3.5.1.Final		1838c9bd6a09e7e20222e2d6f1ec4089883627ea
org.jboss.hal	hal-db	3.5.10.Final		cb0f6f10069583597a96af6c13878d3c4bdd8d9e
org.jboss.hal	hal-db	3.5.11.Final		47e1162b994ebbc8bf6609c5dbd02a0e58ac0062
org.jboss.hal	hal-db	3.5.12.Final		17450cac1e93d20f57373288ac24b528d94f593e
org.jboss.hal	hal-db	3.5.2.Final		d183ef1dc35304c9c1e512d85f14f9aa707cb7b7
org.jboss.hal	hal-db	3.5.3.Final		987f3640106914895845246f125f89a1a7cce741
org.jboss.hal	hal-db	3.5.4.Final		f05739c1c569056a9dd7a89231c9b9f43c8091de
org.jboss.hal	hal-db	3.5.5.Final		4af3671316eb998c4ff39ae8551cf94f41d8f549
org.jboss.hal	hal-db	3.5.6.Final		70fc61ba1bbb062a049c0a257646110eec33abeb
org.jboss.hal	hal-db	3.5.7.Final		669c4025c8fb150f0edf9c13b5b46720319bbab4
org.jboss.hal	hal-db	3.5.8.Final		0d151b57eeca1edc9353b18513c82a09cd69aed1
org.jboss.hal	hal-db	3.5.9.Final		bc6243b6775049243f37805cedd1b804a72c3f2e
org.jboss.hal	hal-db	3.6.0.Final		8e95946bdd5bcd18619436fd14a14fd15fd815f2
org.jboss.hal	hal-db	3.6.1.Final		aa735460353938fa2002d4f52c09e24206b0181d
org.jboss.hal	hal-db	3.6.10.Final		89ca4797d50c08da01e1bfc270b7a076753007d9
org.jboss.hal	hal-db	3.6.11.Final		82fa16421f1be0a9bfffaecb96a729e87c910cd2
org.jboss.hal	hal-db	3.6.12.Final		f3870e393933a329a84d6d49cd01802893ccd3a7
org.jboss.hal	hal-db	3.6.13.Final		cf198f7508ba8d11a91c071685f956cbefb71d92
org.jboss.hal	hal-db	3.6.14.Final		8f0c6d5cf4135e228b8cd08f4b29aa265c7746c8
org.jboss.hal	hal-db	3.6.15.Final		21642b9313f51fe7e5770174c34de50252514549
org.jboss.hal	hal-db	3.6.16.Final		ad411c1273007e5d6aa6f9840c21399550da5dc8
org.jboss.hal	hal-db	3.6.17.Final		c06f4a361cfc6367c4719039b731c4606e51f166
org.jboss.hal	hal-db	3.6.18.Final		0b1e604ebb2b679fb7f9a1229c26044439bd4042
org.jboss.hal	hal-db	3.6.19.Final		f1101fd29e1f75d4a25c1ff7942daf5ea52c6b97
org.jboss.hal	hal-db	3.6.2.Final		72716c58230a3a256c34046d7f8e41ac0cc25cf8
org.jboss.hal	hal-db	3.6.20.Final		11b69736b40740611e9a1a8a4eaf42f32a1b8f16
org.jboss.hal	hal-db	3.6.21.Final		8a13f4be6317b3f15b395a17e01f677817386b65
org.jboss.hal	hal-db	3.6.22.Final		33a94eb4c437e3d57ffe8ef157828f2b11e797fe
org.jboss.hal	hal-db	3.6.23.Final		b2af8f62779ab2da6416ac09f5a4e429b9aa2dd5
org.jboss.hal	hal-db	3.6.3.Final		f4bfa3b6c9500424db41b7dde8d7f2a6d57bf588
org.jboss.hal	hal-db	3.6.4.Final		e560ae190ebad2f5eb09ea3159c8854a3708611c
org.jboss.hal	hal-db	3.6.5.Final		c63f8e573b43091a3bcf925edbd463898a34e9b1
org.jboss.hal	hal-db	3.6.6.Final		86ec3c9da0b5679c10c5719547457063e288fb74
org.jboss.hal	hal-db	3.6.7.Final		ad7c6a4a5f8c37dcf6d23a18dda4be76c4c81c8e
org.jboss.hal	hal-db	3.6.8.Final		56cb73bb849fd5767791ffeebebe165e371d33e9
org.jboss.hal	hal-db	3.6.9.Final		186c2211d92e6e79e4205f4db2c4b4d7e0502b14
org.jboss.hal	hal-db	3.7.0.Final		c6b1dd8fbfd775edbb4a641a9d2031d5df8a137d
org.jboss.hal	hal-db	3.7.10.Final		6ce1b40b2c6f1c7790c5d7fe218c6377f8fa6c6c
org.jboss.hal	hal-db	3.7.4.Final		e32aca1c6c6768482290114f5f78c1bb9d4c4e6d
org.jboss.hal	hal-db	3.7.5.Final		84878dfef836032e1120e8838b3cc90e8a8b6ad7
org.jboss.hal	hal-db	3.7.6.Final		13c73bd20f7f00e893ccb1d71949a9119aba90f1
org.jboss.hal	hal-db	3.7.7.Final		d8d4a81a8487655a3b5798f329ffe516b76c286c
org.jboss.hal	hal-db	3.7.8.Final		68231f2858ede16bc53e7983b0ec2facf7be057c
org.jboss.hal	hal-db	3.7.9.Final		8a1f7c30c838ed560fbae6a2018e6d34bc6b6ccc
org.kie.kogito	02-kogito-auth-example	1.3.0.Final		77368f93aba2c275da16f511e7ef516c9a3c1dc8
org.kie.kogito	02-kogito-auth-example	1.4.0.Final		6dbe56b14c8fae2037a6447ec2fc5148fbf04ef7
org.kie.kogito	02-kogito-auth-example	1.4.1.Final		dfb8f0f815b8cec38ed58cd9c9ff4233ceaa3680
org.metabit.platform.interfacing	jjournal	0.3.6		1cedbd219bc00f75eebd7ce5703a307c27dfdfb0
org.opendaylight.faas	vxlan-fabric	1.0.0-Beryllium		a90f3369bd5f136ff254c95dc376ff7c848f2591
org.opendaylight.faas	vxlan-fabric	1.0.1-Beryllium-SR1		1427d800cc08e44e0825a80a06594ed7650f2cba
org.opendaylight.faas	vxlan-fabric	1.0.2-Beryllium-SR2		51ec2da2f5755b338da359109868a0e2baddbe8c
org.opendaylight.faas	vxlan-fabric	1.0.3-Beryllium-SR3		0948c7ed7b82a8d3a9daa7469dfee7d0d77fe05c
org.opendaylight.faas	vxlan-fabric	1.0.4-Beryllium-SR4		b4d37c286541cd7bda74664a1fb1ffa2fb4ba78c
org.opendaylight.faas	vxlan-fabric	1.1.0-Boron		db0e5a0bcdfe4dc7f0a85ba4d1e902892d6c4ffb
org.opendaylight.faas	vxlan-fabric	1.1.1-Boron-SR1		ccaa971640d9f9f12a291a67974dc154b6b3bdee
org.opendaylight.faas	vxlan-fabric	1.1.2-Boron-SR2		1a0281ff38c06ac04004df07c1f5285146745521
org.opendaylight.faas	vxlan-fabric	1.1.3-Boron-SR3		1e5cd8ac2ba06af0f74085a78834e170990d5196
org.opendaylight.faas	vxlan-fabric	1.1.4-Boron-SR4		ad9bb3223ae848d8147d1e74307a27dbfc684286
org.opendaylight.faas	vxlan-fabric	1.2.0-Carbon		9b9fb890e755d3848c0ed4228524db7877c39d07
org.opendaylight.faas	vxlan-fabric	1.2.1-Carbon		3c8b3b19818355302f00bae20c9063f1d9d45456
org.opendaylight.faas	vxlan-fabric	1.2.2-Carbon		794a0a8b7269a6d3f08b0aefeb905b69ffc4f271
org.opendaylight.faas	vxlan-fabric	1.2.3-Carbon		a2a2092843cfcac7ae1934035e8836aa6824f9fa
org.opendaylight.faas	vxlan-fabric	1.2.4-Carbon		b52909bb32cbedcc2bb02b7a7582725d31083f9f
org.opendaylight.faas	vxlan-fabric	1.3.0		e04712ceaa72aed4ea0dc1ea9db376c44d1890c6
org.opendaylight.faas	vxlan-fabric	1.3.1		cd7dad64c61b03ea920a28a3c3dd6e2e6e46c4a7
org.opendaylight.faas	vxlan-fabric	1.3.2		bb7eed4b437e8fb3fb7d13a65337d8335a692dad
org.opendaylight.faas	vxlan-fabric	1.3.3		2946da2e23b749b7d9fe08afa485da411dd038e2
org.opendaylight.odlparent	odlparent-artifacts	1.6.1-Beryllium-SR1		e6d64cf2b51f557f46f9bbedf85c59efc17c104c
org.opendaylight.odlparent	odlparent-artifacts	1.6.2-Beryllium-SR2		76e6737281be8ca9519a8c76e227d16a1bab055e
org.opendaylight.odlparent	odlparent-artifacts	1.6.3-Beryllium-SR3		793a44819d2c267e1f4f5367d4a226e847c7b87a
org.opendaylight.odlparent	odlparent-artifacts	1.6.4-Beryllium-SR4		b9af27fd8a053668f0f4b99b3a73fd96358c719e
org.opendaylight.odlparent	odlparent-artifacts	1.7.0-Boron		e1628e89dec196d67cef81abcdf7ef53784435d0
org.opendaylight.odlparent	odlparent-artifacts	1.7.1-Boron-SR1		2dd4f03d2ec3937b41f8d7f508f2d5b7831efe52
org.opendaylight.odlparent	odlparent-artifacts	1.7.2-Boron-SR2		cc028c446bc955df1095c82ba7454819288de50b
org.opendaylight.odlparent	odlparent-artifacts	1.7.3-Boron-SR3		28272722b744c5c24e6c82300bb893f9a8531131
org.opendaylight.odlparent	odlparent-artifacts	1.7.4-Boron-SR4		e92dd49c3d96659e1e3aa9420294cad0c1b43d1e
org.openscience.cdk	cdk-descriptor	1.5.10		N/A
org.openscience.cdk	cdk-descriptor	1.5.11		N/A
org.openscience.cdk	cdk-descriptor	1.5.12		N/A
org.openscience.cdk	cdk-descriptor	1.5.13		N/A
org.openscience.cdk	cdk-descriptor	1.5.14		N/A
org.openscience.cdk	cdk-descriptor	1.5.15		N/A
org.openscience.cdk	cdk-descriptor	2.0		N/A
org.openscience.cdk	cdk-descriptor	2.1		N/A
org.openscience.cdk	cdk-descriptor	2.1.1		N/A
org.openscience.cdk	cdk-descriptor	2.2		N/A
org.openscience.cdk	cdk-descriptor	2.3		N/A
org.openscience.cdk	cdk-descriptor	2.5		N/A
org.openscience.cdk	cdk-descriptor	2.6		N/A
org.questdb	questdb-jdk8	6.0.0		4255ed052830366e1b0d3e56c75222fed40784ef
org.questdb	questdb-jdk8	6.0.1		9b593b93d69c2dfcdd901fef7aa9ed1922192bf6
org.selenide	selenide-testng	1.0.0		648750c930729b51aa147c5a1aa57b4a37ffcf0c
org.webjars.bowergithub.datatables	dist-datatables-scroller	2.0.0		4dc29971107b5a0ad3f822ad6ffbeba2647ed8f4
org.webjars.bowergithub.datatables	dist-datatables-scroller	2.0.1		357eefa07c37bc26d2d4a64ed2df2cc8c0b99140
org.webjars.bowergithub.datatables	dist-datatables-scroller	2.0.5		9f1a572fec6366401890637a1a35ea4496bd3262
org.webjars.bowergithub.datatables	dist-datatables-scroller	2.2.0		b69562e2e49a9bfb16115f433295facd9a476ede
org.webjars.npm	github-com-openpgpjs-elliptic	6.4.0		409bc04909a7660e0ba10f8652a56d4e2352ef51
org.webjars.npm	xstate__fsm	1.4.0		eddb0c5c8328531e79d4bdcda496c82072709092
org.webjars.npm	xstate__fsm	1.6.2		15ecd50d955e9e6d68b1047f8bb07b42ecf25df7
org.wildfly.swarm	teiid-ldap	2012.12.0		5e66d2fe5226cc8c604383aad41b9ccd0459871d
org.wildfly.swarm	teiid-ldap	2017.12.0		776b6d1f54d3e98bead635db17ece670d93629a0
org.wildfly.swarm	teiid-ldap	2017.12.1		e00a261616a936bf626733742de948f5ad7f2e23
org.wildfly.swarm	teiid-ldap	2018.1.0		0696d2839ec8e45aa2f54d8f83117b611d724b36
org.wildfly.swarm	teiid-ldap	2018.2.0		b8c73b4306ef3e7e95472a3b9887b8b89ec4268d
org.wildfly.swarm	teiid-ldap	2018.2.0.Final		35de60acff77f1ce413901be6b0ba7bc4624ef3d
org.wildfly.swarm	teiid-ldap	2018.3.0		2cb53fab3b5ce668ac0d33f00a07a2145108c331
org.wildfly.swarm	teiid-ldap	2018.3.1		74878ef729e1801f381d4ecc2838e8010d09e3b0
org.wildfly.swarm	teiid-ldap	2018.3.2		9bb6db5251adad6b93cab97ea9403459dfd01505
org.wildfly.swarm	teiid-ldap	2018.3.3		a0107f881721fdb6b789b84a76e80dfb0bfe5a73
org.wildfly.swarm	teiid-ldap	2018.4.0		e019795e57b6049f41c995fac34c0dff7dfc8025
org.wildfly.swarm	teiid-ldap	2018.4.1		2442ac2e6e534ca9d09c9ccb3dd837fee3a152db
org.wildfly.swarm	teiid-ldap	2018.5.0		633983edda2eb699fe57e50c8d38681d77e101aa
pl.immutables	akka-reasonable-downing_2.13	1.2.0		73cddd8c9c683bfc9ec1577d11bf172e6a92e204
ru.pixnews.igdbclient	igdbclient-ktor-js	0.1		N/A
ru.pixnews.igdbclient	igdbclient-ktor-js	0.2		N/A
ru.pixnews.igdbclient	igdbclient-ktor-js	0.3		N/A
ru.pixnews.igdbclient	igdbclient-ktor-js	0.4		N/A
ru.pixnews.igdbclient	igdbclient-ktor-js	0.5		N/A
ru.pixnews.igdbclient	igdbclient-ktor-js	0.6		N/A
se.lfv.reqstool	reqstool-maven-plugin	0.0.2		efeee172b06a41c55a941728bb113f3e50c54e98
se.lfv.reqstool	reqstool-maven-plugin	0.0.3		c4835f51d4543163355d303779ad9c92f1d61d6c
se.lfv.reqstool	reqstool-maven-plugin	0.0.4		78ce36bd4dab428582baa8111a3eb5e8ba45de09
se.lfv.reqstool	reqstool-maven-plugin	0.1.0		41e2011df0fe40bd5f5c88ec710f0a5be854203e
se.lfv.reqstool	reqstool-maven-plugin	1.0.0		4b126fd9613c725d68e4780d1c2e457ed5bae523
se.lfv.reqstool	reqstool-maven-plugin	1.0.1		78660aafa9138b10609e6b6f822f88659b6fb69f
se.lfv.reqstool	reqstool-maven-plugin	1.0.2		0f0e588c700599983f5804b8df48b3e54426fe13
sh.almond	scala-kernel-api_3.3.0	0.14.0-RC10		c7458bad3270dd6211ccb9f206a72879a57ccc99
sh.almond	scala-kernel-api_3.3.0	0.14.0-RC11		291ffa1e6bbfb314b0366981f19e2a37cbe373f1
sh.almond	scala-kernel-api_3.3.0	0.14.0-RC12		3bc42119f96b8888c1f1cce6eb0e35ef56633867
sh.almond	scala-kernel-api_3.3.0	0.14.0-RC13		c3d29fdfd5d03e69f7d40467c97c3ee1307e8330
sh.almond	scala-kernel-api_3.3.0	0.14.0-RC14		7acc471955b6bf639415b94eff623baec3d2d1d1
sh.almond	scala-kernel-api_3.3.0	0.14.0-RC15		adbbd4565583c061a04188f1f2d17da50b8d7344
sh.almond	scala-kernel-api_3.3.0	0.14.0-RC3		53e190f54c2ed36021066b78e12ddf779074e3a0
sh.almond	scala-kernel-api_3.3.0	0.14.0-RC4		dbbbe2fb7c03aa211d7c266480042c72fbf80b4a
sh.almond	scala-kernel-api_3.3.0	0.14.0-RC5		5e4f105ca509c3d3878d9cf15028a65920917886
sh.almond	scala-kernel-api_3.3.0	0.14.0-RC6		97744fbb62ec40ceae8e002c097074e1fe3ccc28
sh.almond	scala-kernel-api_3.3.0	0.14.0-RC7		81d105eb5a048936b1714b2e129a8bd22761af33
sh.almond	scala-kernel-api_3.3.0	0.14.0-RC8		e159ce54ca5a896729af98b4146e5b339f8ee274
sh.almond	scala-kernel-api_3.3.0	0.14.0-RC9		91859492c06a93df1040606ae5b112512c27f787
tech.dev-scion	metaprobe-kmp-android	1.0.1		N/A
uk.gov.hmrc	stub-data-generator_2.11	0.3.1		02cd630e4511968a30481bc290b8de66b404096c
uk.gov.hmrc	stub-data-generator_2.11	0.3.3		25770f8be5e763397163738763329f1f83ad7d72
uk.gov.hmrc	stub-data-generator_2.11	0.4.0		5e92180a61ad8ed4fdf3e45bb0febe82e6e13bb5
uk.gov.hmrc	stub-data-generator_2.11	0.5.0		85c65eba0d50fabf795ca7d23df1d7fefeeb1c91
uk.gov.hmrc	stub-data-generator_2.11	0.5.1		53429eeb63669e2c80d4f863e0f813ca7ca4f7ab
uk.gov.hmrc	stub-data-generator_2.11	0.5.2		9611c74034770a99e49641702e771a0c6c0fdd71
uk.gov.hmrc	stub-data-generator_2.11	0.5.3		ee14efbdf3a4871699e3d19b19c0167e1d4636bc
xyz.kotlinw	kotlinw-module-remoting-shared-jvm	0.0.6		60dd31f497910fb6d3d35d084900e01ef3e1d413
xyz.kotlinw	kotlinw-module-remoting-shared-jvm	0.0.7		60dd31f497910fb6d3d35d084900e01ef3e1d413
