br.com.devsrsouza.compose.icons.jetbrains	line-awesome	0.2.0		88fa53b35a4693d858f13461192c33bacc09e64e
br.com.devsrsouza.compose.icons.jetbrains	line-awesome	0.2.0	all	935f8932e013d968cbca8112d8febcfe8c5571a6
br.com.devsrsouza.compose.icons.jetbrains	line-awesome	1.0.0		c3b45c2867ab9c6b3c78a9d414c6ef77bbd61202
br.com.devsrsouza.compose.icons.jetbrains	line-awesome	1.0.0	all	69f49cabc54913a9fd919da5fd49e99de4e7d2df
com.aeontronix.restclient	aeon-rest-client-core	1.0.0-beta10		68bc0097e73515787ba75bb74365f660fd1c3cfc
com.aeontronix.restclient	aeon-rest-client-core	1.0.0-beta11		c08640f78e01b0e04ea09ac478f3e6dedc1a0408
com.aeontronix.restclient	aeon-rest-client-core	1.0.0-beta12		6cfc83dc534073101bb44e8501a9a8917d932df5
com.aeontronix.restclient	aeon-rest-client-core	1.0.0-beta13		7c6484cc16411a4b385e6296d25702231916246e
com.aeontronix.restclient	aeon-rest-client-core	1.0.0-beta14		fc798479e9928b5f93c29cab01ce7a18732e2958
com.aeontronix.restclient	aeon-rest-client-core	1.0.0-beta15		515e0a7496e604ef86f819f915f5cf74d22b61ae
com.aeontronix.restclient	aeon-rest-client-core	1.0.0-beta16		b70905dde12a3ac763c3c63bca82cbd5fd660b19
com.aeontronix.restclient	aeon-rest-client-core	1.0.0-beta17		c0efd3fb74a21a1fa1efc20dd76ed9f4601555c0
com.aeontronix.restclient	aeon-rest-client-core	1.0.0-beta18		74522203906c25a4ce5277574e6cc999605ee7c2
com.aeontronix.restclient	aeon-rest-client-core	1.0.0-beta19		4fdc03109e06d8ec6b9265da7c18e7261df43e99
com.aeontronix.restclient	aeon-rest-client-core	1.0.0-beta20		9bb0660bc5a54f8df6aec42e4a9b9dedc17d1798
com.aeontronix.restclient	aeon-rest-client-core	1.0.0-beta21		0f30e419cc946e43c22d79fe46484e7e5c38572b
com.aeontronix.restclient	aeon-rest-client-core	1.0.0-beta22		c6c2d090f293d0ee53e569e28d6156b628a5898f
com.aeontronix.restclient	aeon-rest-client-core	1.0.0-beta23		6d0ad1a2b81335d6e16c362577d120dbf43ab49e
com.aeontronix.restclient	aeon-rest-client-core	1.0.0-beta25		85a491a3458ca7e79b61acf716b853afcdfea84a
com.aeontronix.restclient	aeon-rest-client-core	1.0.0-beta26		74bd36156b446d1daf49c2db8ed7a53d85ddd2b9
com.aeontronix.restclient	aeon-rest-client-core	1.0.0-beta27		3543a6cb48d047d2506a964d801033bd81de6f0a
com.aeontronix.restclient	aeon-rest-client-core	1.0.0-beta28		6684fda490880f589e98fe3d851ccd29ea50d286
com.aeontronix.restclient	aeon-rest-client-core	1.0.0-beta29		69fb98d20c497b6b6802e00e39825f05344f7da9
com.aeontronix.restclient	aeon-rest-client-core	1.0.0-beta30		c9248fbdac3ed8605efee7cc610994129bd7594a
com.aeontronix.restclient	aeon-rest-client-core	1.0.0-beta31		b0a2a82b9c560261f4ceaf2872e8c87753ae0d60
com.aeontronix.restclient	aeon-rest-client-core	1.0.0-beta32		ff40c7782a29c442db58b944edea9471cf7d2ca2
com.aeontronix.restclient	aeon-rest-client-core	1.0.0-beta33		59ae572efc758025f5a13779927e7380eb32c497
com.aeontronix.restclient	aeon-rest-client-core	1.0.0-beta34		c7f5112ed207d470a4c2092b00cbdb5bee448903
com.aeontronix.restclient	aeon-rest-client-core	1.0.0-beta35		05525cb3fabef1e31064e2a8d251afecae921d22
com.aeontronix.restclient	aeon-rest-client-core	1.0.0-beta36		b0fefc12d4eb1ccc338433225c8fc32f2339fcaa
com.commercetools.sunrise.cms	cms-api	0.1.0		63ad613617bb0ac42229153c55ca066c68f3900a
com.commercetools.sunrise.cms	cms-api	0.1.1		2f644ebcf537ae0cf1f94dea30bcf1d74f4f41c9
com.commercetools.sunrise.cms	cms-api	0.2.0		f62f95f66ac593b66af540b826a4bdf1966af70c
com.commercetools.sunrise.cms	cms-api	0.2.1		82ce8404b26e07f8aac069b12b086f463af885a6
com.doist.x	normalize-iosx64	1.0.0		N/A
com.doist.x	normalize-iosx64	1.0.0	metadata	e0027b6a9e16715ff93a36ff08b0becc6de27674
com.doist.x	normalize-iosx64	1.0.1		N/A
com.doist.x	normalize-iosx64	1.0.1	metadata	47a07fe71d475aad87e596497a7fdd58eba20ee4
com.doist.x	normalize-iosx64	1.0.2		N/A
com.doist.x	normalize-iosx64	1.0.2	metadata	f9e3039d8ed00b82924423b68ec71030a28995d8
com.doist.x	normalize-iosx64	1.0.3		N/A
com.doist.x	normalize-iosx64	1.0.3	metadata	091505d1f1e78d991a1321699eeda5afb1cdf6e5
com.doist.x	normalize-iosx64	1.0.4		N/A
com.doist.x	normalize-iosx64	1.0.4	metadata	a7a0f8e6df9e121060e1bc88415101422f031a7a
com.doist.x	normalize-iosx64	1.0.5		N/A
com.doist.x	normalize-iosx64	1.0.5	metadata	6f836ffeaf699d411cc418c3846f2644b1b2faa3
com.doist.x	normalize-iosx64	1.1.0		N/A
com.doist.x	normalize-iosx64	1.1.0	metadata	56ba549022131cef4ce25744878f7b961b3ac23f
com.doist.x	normalize-iosx64	1.1.1		N/A
com.doist.x	normalize-iosx64	1.1.1	metadata	b8a0c6856c7341fbcb3354ba4d06ae5597e38b78
com.doist.x	normalize-iosx64	1.2.0		N/A
com.doist.x	normalize-iosx64	1.2.0	metadata	388233602a2b9927f1dcd2ebc5009eef17e0e4b9
com.dropchop.recyclone	recyclone-service-jpa-blaze	1.0.0.Alpha		18b386e4932442517b46976da9e166d6f6bd6926
com.dropchop.recyclone	recyclone-service-jpa-blaze	1.0.1.Alpha		8c803a9e7c8d507992c8d7b6b5dd3eb42a053cfc
com.dropchop.recyclone	recyclone-service-jpa-blaze	1.0.2.Alpha		a18f6a997bddbf7bf19de012ef5455efe7f43adb
com.dropchop.recyclone	recyclone-service-jpa-blaze	1.0.3.Alpha		82bbc9186028fc3dea0be570bea7f1622149f896
com.dropchop.recyclone	recyclone-service-jpa-blaze	1.0.4.Alpha		e3c537d85f9a7977245f38adc02c6ed9b4cf0636
com.dropchop.recyclone	recyclone-service-jpa-blaze	1.0.5.Alpha		71dde48ac50152a02f5bccf45ed778bc5c9322d5
com.dropchop.recyclone	recyclone-service-jpa-blaze	1.0.6.Alpha		f91fea7275d5ccf4e1f32f10015bd17ca79531ea
com.dropchop.recyclone	recyclone-service-jpa-blaze	1.1.10.Alpha		746d712162f5feb75063bf994f69063c79c017aa
com.dropchop.recyclone	recyclone-service-jpa-blaze	1.1.11.Alpha		b3e5e4e77058732452ee90ef50eacfae5f3dc4c3
com.dropchop.recyclone	recyclone-service-jpa-blaze	1.1.7.Alpha		864c0be4449a35e3f713f71f5629acc8d39b74af
com.dropchop.recyclone	recyclone-service-jpa-blaze	1.1.8.Alpha		60f0db115a42bd876fc5b3d77e7720869e1ed0ad
com.dropchop.recyclone	recyclone-service-jpa-blaze	1.1.9.Alpha		6c6fec21aac7e472e2ba83be0cf2a891e0e32821
com.dropchop.recyclone	recyclone-service-jpa-blaze	1.2.0.Alpha		e0eb5501c75a6179a4953c94085768cb09e440e1
com.dropchop.recyclone	recyclone-service-jpa-blaze	1.2.1.Alpha		2ba6bba9350d4b9a88315ab7c37b748189bec2ca
com.dropchop.recyclone	recyclone-service-jpa-blaze	1.2.2.Alpha		39d75d5f63155bbbabca028e7d0ccefe47164924
com.dropchop.recyclone	recyclone-service-jpa-blaze	1.2.3.Alpha		e8522cd894583bd219c4da56ab0cca52591faf2a
com.dropchop.recyclone	recyclone-service-jpa-blaze	1.35.1		8d889bcc138cc2c7fb66d1454d835c8c427322a0
com.dropchop.recyclone	recyclone-service-jpa-blaze	1.35.4		879c9b9913d52b8e06fd3347d538513c5880bc9d
com.dropchop.recyclone	recyclone-service-jpa-blaze	1.35.5		caa9f0b683884f865112cf84782bc0301e039ea1
com.dropchop.recyclone	recyclone-service-jpa-blaze	1.35.7		62fa3c8bb7b28168d46d68cb856895fdc163b11d
com.exceptionfactory.jagged	jagged-bom	0.2.0		N/A
com.exceptionfactory.jagged	jagged-bom	0.3.0		N/A
com.exceptionfactory.jagged	jagged-bom	0.3.1		N/A
com.exceptionfactory.jagged	jagged-bom	0.3.2		N/A
com.exceptionfactory.jagged	jagged-bom	0.4.0		N/A
com.exceptionfactory.jagged	jagged-bom	0.4.1		N/A
com.exceptionfactory.jagged	jagged-bom	1.0.0		N/A
com.gitee.Jmysy	binlog4j-spring-boot-starter	0.0.1		3c832e33c2c34022602fc38c83af6f7f779542fd
com.gitee.Jmysy	binlog4j-spring-boot-starter	0.0.3		36310ba2a468827bf292798a79bc241b08416ad0
com.gitee.Jmysy	binlog4j-spring-boot-starter	0.1.1		81f79f16dd9a120ce52658ca5b10a85464823ec1
com.gitee.Jmysy	binlog4j-spring-boot-starter	0.1.2		ed304598fd214e8137a7d23225c6b6809f354b0d
com.gitee.Jmysy	binlog4j-spring-boot-starter	0.1.3		25bb41b91eaeac20233de6227a70ffd79c51d0c5
com.gitee.Jmysy	binlog4j-spring-boot-starter	0.1.4		74f1803b18dd327f38c364a482f99e8df6306dfd
com.gitee.Jmysy	binlog4j-spring-boot-starter	0.1.5		50d738d51e0ec89487bbd6c3de12a2861bb24cb0
com.gitee.Jmysy	binlog4j-spring-boot-starter	1.0.0		810704673ba2a6aea38fbe9a5b756652da50f400
com.gitee.Jmysy	binlog4j-spring-boot-starter	1.1.0		e547adc657ed981a94dc1af985cdd05baa5e17fd
com.gitee.Jmysy	binlog4j-spring-boot-starter	1.1.1		3942dfe8e022451ec00433fa3b9f2a8ee46908c0
com.gitee.Jmysy	binlog4j-spring-boot-starter	1.2.0		605fafd46d8896ff6e39eaf3ec017858c5dd709d
com.gitee.Jmysy	binlog4j-spring-boot-starter	1.3.0		fad887bb32779681997d29550be5c7565b40f46c
com.gitee.Jmysy	binlog4j-spring-boot-starter	1.3.1		464a508938a51d18c7feec0ee62faa23141834d8
com.gitee.Jmysy	binlog4j-spring-boot-starter	1.3.2		d7c76fb978bbbaed02e625ef0250326a18f87dcd
com.gitee.Jmysy	binlog4j-spring-boot-starter	1.3.3		38890d1fac391ffc734df19c8e2260ffaae36add
com.gitee.Jmysy	binlog4j-spring-boot-starter	1.4.0		0e96113f65969e51915efa6785a6ead96ba37f6a
com.gitee.Jmysy	binlog4j-spring-boot-starter	1.5.0		f0e21b7536d5e8950bf19f4e11ef29f2ed19f026
com.gitee.Jmysy	binlog4j-spring-boot-starter	1.6.0		94c60cdb9556d75b81590a4d5ddc412a09b81ca5
com.gitee.Jmysy	binlog4j-spring-boot-starter	1.7.0		774e257fca059996726ef3ec90327ff9b6e2a397
com.gitee.Jmysy	binlog4j-spring-boot-starter	1.9.0		7c278853f30ea7d54f41570b8e37380fe9790784
com.gitee.Jmysy	binlog4j-spring-boot-starter	1.9.1		c36ebe1c764e3a0397eb4260b4944f8a738ed660
com.github.leeyazhou	baidu-push-server-sdk	3.0.1		42c6917c3ff9636a1e5b5b8e659bdbde2ca91346
com.github.liaomengge	ly-logger-spring-boot-starter	2.0.1-RELEASE		9c156f947de59e2617018ed2f4fc2a2f08cc627b
com.github.mcac0006	sift-java	0.0.1		83e0f802fab1a40abda40a52c751eabc3efa4a95
com.github.xuwei-k	scalapb-playjson_2.12	0.3.0		07573fd57f870322736be9a7b5f9fec4e302088e
com.github.xuwei-k	scalapb-playjson_2.12	0.4.0		da59268489979368b2839ccd6cf3f6484e15eaf2
com.github.xuwei-k	scalapb-playjson_2.12	0.5.0		0e00f65fe93637ffb6cd5482722907277d0961cf
com.github.xuwei-k	zeroapply-scalaz_3.0.0-RC2	0.4.1		8fc72cc5f1e3687fae4fca0237badebb0d9e0239
com.github.xuwei-k	zeroapply-scalaz_3.0.0-RC2	0.4.2		d0166b838aa1bc4b42ba05ca315610a8b0d40176
com.laamella	dtotabase	1.0		7555cf02186d41f0f78a711e81d1116da4d11449
com.laamella	dtotabase	1.1		ff7e48c1bb60c23215e48bbe193b441dee1007a4
com.laamella	dtotabase	1.2		45640c29451c71b6de1cadecf3c17b751bc62360
com.lihaoyi	mill-contrib-flyway_3	0.13.0-M0		548cd794b5397f55017d16f192e4b4bfb6a2ef5c
com.lihaoyi	mill-contrib-flyway_3	0.13.0-M0-104-076678		29997c597f341768f7176c481cab9f91c39b747c
com.lihaoyi	mill-contrib-flyway_3	0.13.0-M0-174-bdd60a		948c1d747867004aeb0fc453bc7e9cf67cd43b42
com.lihaoyi	mill-contrib-flyway_3	0.13.0-M0-178-c36697		3ccb7ee5f4c69be556b0dda00593d2cc6e3b6514
com.lihaoyi	mill-contrib-flyway_3	0.13.0-M0-222-c61593		08e862bfad12c4b21465d43925115b1a74962810
com.lihaoyi	mill-contrib-flyway_3	0.13.0-M0-228-2dc2a6		c64a51539fc5afe4f1a678e79aa883acc648261a
com.lihaoyi	mill-contrib-flyway_3	0.13.0-M0-93-a6992e		05d921ecdd6ee4cb391fd65d41d4474ff2e79bab
com.lihaoyi	mill-contrib-flyway_3	0.13.0-M0-95-606de3		abfcc15b250b291031bfe34bacfaeccc2ea3f0f7
com.lihaoyi	mill-contrib-flyway_3	0.13.0-M1		2de097b0d7d6e29190fdc8013a8bdafe89e5b6f3
com.lihaoyi	mill-contrib-flyway_3	0.13.0-M1-17-0d25d2		ffd1c4f5a2a59ecf59569bbc6cad68345dbf1b67
com.lihaoyi	mill-contrib-flyway_3	0.13.0-M1-2-c0b707		9671a464d2ca21d8fe34014871be19cc291f8714
com.lihaoyi	mill-contrib-flyway_3	0.13.0-M1-42-12ae00-DIRTYb430af9		a6064880a39e2f0a214a919f9db9e3871f6c28ff
com.lihaoyi	mill-contrib-flyway_3	0.13.0-M1-43-b217bc		898e005a82422aac2e5c37166074f3eb8030380e
com.lihaoyi	mill-contrib-flyway_3	0.13.0-M2		1fa1ff72e4a6f8eab39913dc58df2ba844881441
com.lihaoyi	mill-contrib-flyway_3	0.13.0-M2-19-7fbdc2		1d22e31ed99a32df77c3c446147696ce92b07549
com.lihaoyi	mill-contrib-flyway_3	0.13.0-M2-27-fce393		38b751df3ae1f00b7c399851f1276a36a350f68b
com.lihaoyi	mill-contrib-flyway_3	0.13.0-M2-28-ba2985		54265dad4b49120e9bbc986045a859db277815eb
com.lihaoyi	mill-contrib-flyway_3	0.13.0-M2-29-d4e08d		a977827aa212c22aba74e508b129efc1c78ffb9c
com.lihaoyi	mill-contrib-flyway_3	0.13.0-M2-33-c98221		8e368ca2e09eebd144f7e3e310f5221bea02a086
com.lihaoyi	mill-contrib-flyway_3	0.13.0-M2-39-4c3eb7		92401e1d57f863018802b88b08175453720ded81
com.lihaoyi	mill-contrib-flyway_3	0.13.0-M2-41-b39ce4		9807a5c7aafe3b37b1521c4cc5dbe8d44f644ba4
com.lihaoyi	mill-contrib-flyway_3	0.13.0-M2-42-a720c3		d40d139fca607e0f8e0abf4d77f3820b64c20ee0
com.minlessika	membership	0.1		0970f83ee39ee7a3d8b177884622b827d9fd6088
com.networknt	market	1.0.0		b01c09344abb6e7e88535aa3aad64e41b7bf3e3f
com.raquo	domtypes_sjs1_3.0.0-RC3	0.14.3		9114d87e174a432147f20f8c73ec0b8069239e1f
com.slack.circuit	circuitx-gesture-navigation-wasm-js	0.21.0		N/A
com.slack.circuit	circuitx-gesture-navigation-wasm-js	0.21.1		N/A
com.slack.circuit	circuitx-gesture-navigation-wasm-js	0.21.2		N/A
com.slack.circuit	circuitx-gesture-navigation-wasm-js	0.22.0		N/A
com.slack.circuit	circuitx-gesture-navigation-wasm-js	0.22.1		N/A
com.slack.circuit	circuitx-gesture-navigation-wasm-js	0.22.2		N/A
com.slack.circuit	circuitx-gesture-navigation-wasm-js	0.23.0		N/A
com.slack.circuit	circuitx-gesture-navigation-wasm-js	0.23.1		N/A
com.slack.circuit	circuitx-gesture-navigation-wasm-js	0.24.0		N/A
com.slack.circuit	circuitx-gesture-navigation-wasm-js	0.24.0-alpha01-compose17		N/A
com.slack.circuit	circuitx-gesture-navigation-wasm-js	0.25.0		N/A
com.slack.circuit	circuitx-gesture-navigation-wasm-js	0.26.0		N/A
com.slack.circuit	circuitx-gesture-navigation-wasm-js	0.26.1		N/A
com.slack.circuit	circuitx-gesture-navigation-wasm-js	0.27.0		N/A
com.slack.circuit	circuitx-gesture-navigation-wasm-js	0.27.1		N/A
com.twilio	sync-android-java	4.0.0		N/A
com.twilio	sync-android-java	4.0.0	dokka	4144e0db92e24df5a7158915cb4403e36d12738a
com.uphyca	android-junit3-dbunit	0.1		2b7a0e88cb97a9289fba9af2cac0203014664699
com.uphyca	android-junit3-dbunit	0.5		f9dfad8955967b774c3706dff7026ddd2cd28239
com.xemantic.kotlin	xemantic-kotlin-test-macosarm64	0.1.1		N/A
com.xemantic.kotlin	xemantic-kotlin-test-macosarm64	0.1.1	metadata	9b0c211fb532106babd22e4931ccf84adff0d0d2
com.xemantic.kotlin	xemantic-kotlin-test-macosarm64	1.0		N/A
com.xemantic.kotlin	xemantic-kotlin-test-macosarm64	1.0	metadata	05fb8a3c64eed6fe83a567059cc9dfe339ec890d
com.xemantic.kotlin	xemantic-kotlin-test-macosarm64	1.1		N/A
com.xemantic.kotlin	xemantic-kotlin-test-macosarm64	1.1	metadata	9d58ec63e4769c778083103f324eb9a665871c99
com.xemantic.kotlin	xemantic-kotlin-test-macosarm64	1.2		N/A
com.xemantic.kotlin	xemantic-kotlin-test-macosarm64	1.2	metadata	c85f0bbceaddadc5f733a8f879188a790873d94e
com.xemantic.kotlin	xemantic-kotlin-test-macosarm64	1.3		N/A
com.xemantic.kotlin	xemantic-kotlin-test-macosarm64	1.3	metadata	162e4843c023bed7f4ab3f405d584323884bdaf7
com.xemantic.kotlin	xemantic-kotlin-test-macosarm64	1.5.11		N/A
com.xemantic.kotlin	xemantic-kotlin-test-macosarm64	1.5.11	metadata	e23b8fb0ca2df6ea042df7f42b1f21b05ae62386
com.xemantic.kotlin	xemantic-kotlin-test-macosarm64	1.5.12		N/A
com.xemantic.kotlin	xemantic-kotlin-test-macosarm64	1.5.12	metadata	5a429e2a3cbdce5a6b9ebc31f3a2fecbcffb4931
com.xemantic.kotlin	xemantic-kotlin-test-macosarm64	1.6.0		N/A
com.xemantic.kotlin	xemantic-kotlin-test-macosarm64	1.6.0	metadata	b49236e8d90e0b0b38753c0a8f74d08bbf275ac0
com.xemantic.kotlin	xemantic-kotlin-test-macosarm64	1.7.2		N/A
com.xemantic.kotlin	xemantic-kotlin-test-macosarm64	1.7.2	metadata	64d6eba2b52d33edfeb8782dd2a064f2e2c636ae
com.xemantic.kotlin	xemantic-kotlin-test-macosarm64	1.7.3		N/A
com.xemantic.kotlin	xemantic-kotlin-test-macosarm64	1.7.3	metadata	439fd66ae84ed73f8ca52dd1c4eb248547ff7547
com.xemantic.kotlin	xemantic-kotlin-test-macosarm64	1.7.4		N/A
com.xemantic.kotlin	xemantic-kotlin-test-macosarm64	1.7.4	metadata	a1669901745173f67eb38a70220ae203c1dc00af
com.xemantic.kotlin	xemantic-kotlin-test-macosarm64	1.8.1		N/A
com.xemantic.kotlin	xemantic-kotlin-test-macosarm64	1.8.1	metadata	013de2df03f4d746b2163299cb9f4476b5abaad2
com.xemantic.kotlin	xemantic-kotlin-test-macosarm64	1.8.10		N/A
com.xemantic.kotlin	xemantic-kotlin-test-macosarm64	1.8.10	metadata	1d4f36bf7904ade3808588a41bc14c7df224f3df
com.xemantic.kotlin	xemantic-kotlin-test-macosarm64	1.8.2		N/A
com.xemantic.kotlin	xemantic-kotlin-test-macosarm64	1.8.2	metadata	4258907619b8ac078c75adfa0d98c2bfb1494933
com.xemantic.kotlin	xemantic-kotlin-test-macosarm64	1.8.3		N/A
com.xemantic.kotlin	xemantic-kotlin-test-macosarm64	1.8.3	metadata	bdcfd7ff443c35103661f246a500d19c295fc644
com.xemantic.kotlin	xemantic-kotlin-test-macosarm64	1.8.4		N/A
com.xemantic.kotlin	xemantic-kotlin-test-macosarm64	1.8.4	metadata	f92726348e2d99e57a359b3d8fe8e110640cff2e
com.xemantic.kotlin	xemantic-kotlin-test-macosarm64	1.8.5		N/A
com.xemantic.kotlin	xemantic-kotlin-test-macosarm64	1.8.5	metadata	112d8e385e94d5a707aa3da1e542ceafe9cf5f09
com.xemantic.kotlin	xemantic-kotlin-test-macosarm64	1.8.6		N/A
com.xemantic.kotlin	xemantic-kotlin-test-macosarm64	1.8.6	metadata	8c83a0499eeb0f664349e1cd0a9e61cf0ce48c35
com.xemantic.kotlin	xemantic-kotlin-test-macosarm64	1.8.7		N/A
com.xemantic.kotlin	xemantic-kotlin-test-macosarm64	1.8.7	metadata	04f3dc9fcf100fb92bbe4b3ec7f32ecf024ac9ea
com.xemantic.kotlin	xemantic-kotlin-test-macosarm64	1.9.0		N/A
com.xemantic.kotlin	xemantic-kotlin-test-macosarm64	1.9.0	metadata	20609719ea1ca7b14fa07d6202974388c647b9c7
de.extra-standard	extra-outputplugin-ws	1.0.0		73212d648191632ff65148db13ab090c83ae623d
de.opal-project	three-address-code_2.13	5.0.0		de205d8c5c09b68acb438509f5c85a8b2fbbc7aa
de.sciss	weblaf	1.27		f8370fe98786351259e9965d36489f138ab219c7
de.sciss	weblaf	1.28		N/A
de.sciss	weblaf	2.0.0		N/A
de.sciss	weblaf	2.1.0		N/A
de.sciss	weblaf	2.1.1		N/A
de.sciss	weblaf	2.1.2		N/A
de.sciss	weblaf	2.1.3		N/A
de.sciss	weblaf	2.1.4		N/A
de.sciss	weblaf	2.1.5		N/A
de.sciss	weblaf	2.2.0		N/A
de.sciss	weblaf	2.2.1		N/A
de.ubleipzig	image	0.1.0		1609db8f7b973aebce25a3baa74a52546f0d7bab
dev.kilua	kilua-common-types-js	0.0.1		N/A
dev.kilua	kilua-common-types-js	0.0.10		N/A
dev.kilua	kilua-common-types-js	0.0.11		N/A
dev.kilua	kilua-common-types-js	0.0.12		N/A
dev.kilua	kilua-common-types-js	0.0.13		N/A
dev.kilua	kilua-common-types-js	0.0.14		N/A
dev.kilua	kilua-common-types-js	0.0.15		N/A
dev.kilua	kilua-common-types-js	0.0.16		N/A
dev.kilua	kilua-common-types-js	0.0.17		N/A
dev.kilua	kilua-common-types-js	0.0.18		N/A
dev.kilua	kilua-common-types-js	0.0.19		N/A
dev.kilua	kilua-common-types-js	0.0.2		N/A
dev.kilua	kilua-common-types-js	0.0.20		N/A
dev.kilua	kilua-common-types-js	0.0.21		N/A
dev.kilua	kilua-common-types-js	0.0.22		N/A
dev.kilua	kilua-common-types-js	0.0.23		N/A
dev.kilua	kilua-common-types-js	0.0.24		N/A
dev.kilua	kilua-common-types-js	0.0.3		N/A
dev.kilua	kilua-common-types-js	0.0.4		N/A
dev.kilua	kilua-common-types-js	0.0.5		N/A
dev.kilua	kilua-common-types-js	0.0.6		N/A
dev.kilua	kilua-common-types-js	0.0.7		N/A
dev.kilua	kilua-common-types-js	0.0.8		N/A
dev.kilua	kilua-common-types-js	0.0.9		N/A
dev.stateholder	extensions-compose-macosarm64	1.0.0		N/A
dev.stateholder	extensions-compose-macosarm64	1.0.0	metadata	d89359b61171da690a1821ffbebf1e6caf16bd06
dev.stateholder	extensions-compose-macosarm64	1.0.1		N/A
dev.stateholder	extensions-compose-macosarm64	1.0.1	metadata	8dbf425720a998b29b0b25e82179ac3aaf94e1d5
dev.stateholder	extensions-compose-macosarm64	1.0.2		N/A
dev.stateholder	extensions-compose-macosarm64	1.0.2	metadata	8e82224b795c5da32b7bf03ce512d5b8ff6fd860
dev.stateholder	extensions-compose-macosarm64	1.0.3		N/A
dev.stateholder	extensions-compose-macosarm64	1.0.3	metadata	1dec15ff9168da4d3710587e73a964a9871faa21
dev.stateholder	extensions-compose-macosarm64	1.1.0		N/A
dev.stateholder	extensions-compose-macosarm64	1.1.0	metadata	cee8e249a8a54a324e0c78a037de5b55f8cefb9b
dev.stateholder	extensions-compose-macosarm64	1.2.0		N/A
dev.stateholder	extensions-compose-macosarm64	1.2.0	metadata	7a6806207569b8ae30fbd215adb350ecaa8812d8
dk.nodes.data	annotation	0.1		cf6cde4da4439f23bd7e5ddf64cfab48f6c1c431
dk.nodes.data	annotation	0.2		69b4098d379d6f85bd2dd5a459be123efad87cf1
dk.nodes.data	annotation	0.3		abeb4eceb2347bbd7c0e1b3fd05d948045bfc588
global.deveng.networking	networking-kmp-iossimulatorarm64	1.0.0		N/A
global.deveng.networking	networking-kmp-iossimulatorarm64	1.0.0	metadata	f48eee026dee964cd689f0232c0358c2db120da3
io.crnk	crnk-gen-asciidoc	3.4.20210508153845		83da55a22b9c4124be60123da4def74d3867f408
io.crnk	crnk-gen-asciidoc	3.4.20210509072026		8e2255169d6db3cd62c2b6ce3f3433b4f929d217
io.eqoty.kryptools	bech32-watchosarm32	0.5.0		N/A
io.eqoty.kryptools	bech32-watchosarm32	0.5.0	metadata	b071b987be4d2d126fe0f3db1496a48b3db6335a
io.eqoty.kryptools	bech32-watchosarm32	0.6.1		N/A
io.eqoty.kryptools	bech32-watchosarm32	0.6.1	metadata	41dd84b27fb434222ce40923baf33e485901d75a
io.exoquery	terpal-runtime-macosarm64	1.9.22-1.0.0-RC1		N/A
io.exoquery	terpal-runtime-macosarm64	1.9.22-1.0.0-RC1	metadata	f469525d08253738900adb5cdcec1fc80299b442
io.exoquery	terpal-runtime-macosarm64	1.9.22-1.0.0-RC2		N/A
io.exoquery	terpal-runtime-macosarm64	1.9.22-1.0.0-RC2	metadata	95526af228bc47364e4751724d8f66927147914e
io.exoquery	terpal-runtime-macosarm64	1.9.22-1.0.0-RC3		N/A
io.exoquery	terpal-runtime-macosarm64	1.9.22-1.0.0-RC3	metadata	162319a8bc7de1e48bd4ea69d98ca1280f1aa143
io.exoquery	terpal-runtime-macosarm64	1.9.22-1.0.0-RC4		N/A
io.exoquery	terpal-runtime-macosarm64	1.9.22-1.0.0-RC4	metadata	d70ae5b8bd5ba107b0baf1320b35e3f8d0123840
io.exoquery	terpal-runtime-macosarm64	1.9.22-1.0.0-RC5		N/A
io.exoquery	terpal-runtime-macosarm64	1.9.22-1.0.0-RC5	metadata	a9078e3f86fbb371f8d5c5f8eb0d0980318c5b5c
io.exoquery	terpal-runtime-macosarm64	1.9.22-1.0.0.PL		N/A
io.exoquery	terpal-runtime-macosarm64	1.9.22-1.0.0.PL	metadata	c723219cba44ae736379e629086d9cb2ca06effa
io.exoquery	terpal-runtime-macosarm64	2.0.0-1.0.0-RC1		N/A
io.exoquery	terpal-runtime-macosarm64	2.0.0-1.0.0-RC1	metadata	fe87dc48a0545f1ac26c874a53808ff2ddac7870
io.exoquery	terpal-runtime-macosarm64	2.0.0-1.0.0-RC3		N/A
io.exoquery	terpal-runtime-macosarm64	2.0.0-1.0.0-RC3	metadata	a13f28262a3d8d6fb8e79acf41bc33e9e11d0160
io.exoquery	terpal-runtime-macosarm64	2.0.0-1.0.0-RC4		N/A
io.exoquery	terpal-runtime-macosarm64	2.0.0-1.0.0-RC4	metadata	cbdad311fbd1a9b03303a7e85fcc526c027a7c82
io.exoquery	terpal-runtime-macosarm64	2.0.0-1.0.0-RC5		N/A
io.exoquery	terpal-runtime-macosarm64	2.0.0-1.0.0-RC5	metadata	ba8799b6260e36e3f8cec69da97827e96c53edce
io.exoquery	terpal-runtime-macosarm64	2.0.0-1.0.0.PL		N/A
io.exoquery	terpal-runtime-macosarm64	2.0.0-1.0.0.PL	metadata	f2398c46d42e524195566021d37ca7502272d459
io.exoquery	terpal-runtime-macosarm64	2.0.10-1.0.0-RC3		N/A
io.exoquery	terpal-runtime-macosarm64	2.0.10-1.0.0-RC3	metadata	8b61ada8d38c76b908d314a4e4b6a8a1a21bc6c6
io.exoquery	terpal-runtime-macosarm64	2.0.10-1.0.0-RC4		N/A
io.exoquery	terpal-runtime-macosarm64	2.0.10-1.0.0-RC4	metadata	79c088a50697cf5321aa01bcd2b56887cf5d8793
io.exoquery	terpal-runtime-macosarm64	2.0.10-1.0.0-RC5		N/A
io.exoquery	terpal-runtime-macosarm64	2.0.10-1.0.0-RC5	metadata	3c3d0d57a12fb25daebf3c203087acc32efa6c43
io.exoquery	terpal-runtime-macosarm64	2.0.10-1.0.0.PL		N/A
io.exoquery	terpal-runtime-macosarm64	2.0.10-1.0.0.PL	metadata	506e404545441a12df1757cef8fb75e568d499bd
io.exoquery	terpal-runtime-macosarm64	2.0.20-1.0.0-RC3		N/A
io.exoquery	terpal-runtime-macosarm64	2.0.20-1.0.0-RC3	metadata	d027e1f3df3d64a0fc9e59135e80370ab0503de2
io.exoquery	terpal-runtime-macosarm64	2.0.20-1.0.0-RC4		N/A
io.exoquery	terpal-runtime-macosarm64	2.0.20-1.0.0-RC4	metadata	6995d7d1fdf8461a9a8249f24d7c6c36d5d60ef5
io.exoquery	terpal-runtime-macosarm64	2.0.20-1.0.0-RC5		N/A
io.exoquery	terpal-runtime-macosarm64	2.0.20-1.0.0-RC5	metadata	2cc9bea58ea345acc60b793d5b9089a529861127
io.exoquery	terpal-runtime-macosarm64	2.0.20-1.0.0.PL		N/A
io.exoquery	terpal-runtime-macosarm64	2.0.20-1.0.0.PL	metadata	24c924f5b4719d66ac5e1484d271569c8037daea
io.exoquery	terpal-runtime-macosarm64	2.1.0-2.0.0.PL		N/A
io.exoquery	terpal-runtime-macosarm64	2.1.0-2.0.0.PL	metadata	f23fd2a7436c161bc0e9d9a543baad2c616b695d
io.exoquery	terpal-runtime-macosarm64	2.1.20-2.0.0.PL		N/A
io.exoquery	terpal-runtime-macosarm64	2.1.20-2.0.0.PL	metadata	315c3f7b5468c92f4fc15617fbe017b0e2ec5bad
io.gitee.gbase8s	hibernate	5.6		N/A
io.gitee.gbase8s	hibernate	5.6_1.0.0		2f3e90858630697849aa7bb8960319f54ae7836e
io.github.chhnangf	charts-lib-jvm	1.0.0		9c69c505121a9316fa16ded0f1e2d7dc77f003af
io.github.dmitriy1892.kmp.libs.decompose	navigation-koin-compose-android	0.0.1		N/A
io.github.dmitriy1892.kmp.libs.decompose	navigation-koin-compose-android	0.0.2		N/A
io.github.easternkite	eungabi-android	0.1.0-alpha01		N/A
io.github.easternkite	eungabi-android	0.2.0		N/A
io.github.easternkite	eungabi-android	0.2.1		N/A
io.github.easternkite	eungabi-android	0.3.0		N/A
io.github.easternkite	eungabi-android	0.3.1		N/A
io.github.easternkite	eungabi-android	0.3.2		N/A
io.github.easternkite	eungabi-android	0.3.3		N/A
io.github.easternkite	eungabi-android	0.4.0		N/A
io.github.easternkite	eungabi-android	0.4.1		N/A
io.github.jbwheatley	pact4s-zio-test_2.12	0.11.0		2b1994dacab138f94e48904c2063d71a9d98b4ee
io.github.jbwheatley	pact4s-zio-test_2.12	0.11.0-java8		306ab35e4ed8a0b89388902b1071e560ba1c5f76
io.github.jbwheatley	pact4s-zio-test_2.12	0.11.1		9a95e11ce8740d143526160decc3b545889d7dbb
io.github.jbwheatley	pact4s-zio-test_2.12	0.11.2		95b12015151276f20123e2e673e4e5cfc4ecdc4b
io.github.jbwheatley	pact4s-zio-test_2.12	0.11.2-java8		9bc9dcb7543619cc3127686875a364e744518500
io.github.jbwheatley	pact4s-zio-test_2.12	0.12.0		2b887e3c0e5f46a8d91c34ecd6496b9d39a54447
io.github.jbwheatley	pact4s-zio-test_2.12	0.12.1		039ffc891b3bea7d1282317b0b21a44ecf44c509
io.github.jbwheatley	pact4s-zio-test_2.12	0.13.0		ab6c194f37f10ecbf8a54706d2756e601d5043c8
io.github.jbwheatley	pact4s-zio-test_2.12	0.13.1		fdedf66b2f3ee3bd97dc5a1e64ae3f5962be0cb1
io.github.jbwheatley	pact4s-zio-test_2.12	0.13.2		0fb639700ffe697f4ec7978559f10f7077b496cd
io.github.jbwheatley	pact4s-zio-test_2.12	0.13.3		5b213518c2d99cf8e9dc17522139e8e99766b288
io.github.jbwheatley	pact4s-zio-test_2.12	0.14.0		0800372573c639115821d68f3458f7f3a8f5a231
io.github.jbwheatley	pact4s-zio-test_2.12	0.15.0		c9b87fc0ec5b09acf72f3c56c99f27e2b6f8ebc8
io.github.jbwheatley	pact4s-zio-test_2.12	0.15.1		86faafcaae9e70523e874ab7e51f997c69543b48
io.github.jbwheatley	pact4s-zio-test_2.12	0.15.2		fd3dde5185bf76a78d9a7c81c436631164ab5dd1
io.github.jbwheatley	pact4s-zio-test_2.12	0.16.0		b657c797e2759c740349d81f3db31a3bc112cf5f
io.github.jbwheatley	pact4s-zio-test_2.12	0.16.1		5018b8c313e7d2addb5a1d85495ed8212efc7eb4
io.github.mateo767	spring-boot-utils	1.0.0		23297bfced7a1276230db99d8a951a25afc06fe5
io.github.mateo767	spring-boot-utils	1.0.0-2.4.0		b9deafa5e49d7b7106237703dc9700e27bdffab4
io.github.mateo767	spring-boot-utils	1.0.1		719ba89a9abd45790b3595c9b469cb2c918eb6b1
io.github.mateo767	spring-boot-utils	1.0.2		5d5795f8c3094ee5233fef3b5858081888bbff80
io.github.mateo767	spring-boot-utils	1.0.3		f1315be798b8cd2640cdae74b080af44eef6f41e
io.github.nilshoffmann	cross-cache	2.0.0		06cf660080129d64e3f00b66f463a93a7d1aeaf4
io.github.nilshoffmann	cross-cache	2.0.1		7af66138b796a1cef8ff4f98f526a9ec26a5e609
io.github.nilshoffmann	cross-cache	2.0.2		c5479a6abb36c0542334b896b52400ac63226e30
io.github.oliviercailloux.git	common	0.0.1		1fd68511331e39834b55fb283cfe216acdd53bd8
io.github.oliviercailloux.git	common	0.0.2		31bbfb73d8649bcc006d7008239356926fdaa7ec
io.github.tomcat-lab	kfcrpc-demo-consumer	0.0.2		e8122660bc7fca2292b477c4ddfe1626f629acc1
io.quarkiverse.web-bundler	quarkus-web-bundler-qute-components-parent	1.2.0		N/A
io.quarkiverse.web-bundler	quarkus-web-bundler-qute-components-parent	1.2.0.CR1		N/A
io.quarkiverse.web-bundler	quarkus-web-bundler-qute-components-parent	1.2.0.alpha1		N/A
io.quarkiverse.web-bundler	quarkus-web-bundler-qute-components-parent	1.2.0.alpha2		N/A
io.quarkiverse.web-bundler	quarkus-web-bundler-qute-components-parent	1.3.0		N/A
io.quarkiverse.web-bundler	quarkus-web-bundler-qute-components-parent	1.3.0.CR1		N/A
io.quarkiverse.web-bundler	quarkus-web-bundler-qute-components-parent	1.3.0.CR2		N/A
io.quarkiverse.web-bundler	quarkus-web-bundler-qute-components-parent	1.3.0.CR3		N/A
io.quarkiverse.web-bundler	quarkus-web-bundler-qute-components-parent	1.3.1		N/A
io.quarkiverse.web-bundler	quarkus-web-bundler-qute-components-parent	1.4.0		N/A
io.quarkiverse.web-bundler	quarkus-web-bundler-qute-components-parent	1.4.0.CR1		N/A
io.quarkiverse.web-bundler	quarkus-web-bundler-qute-components-parent	1.4.0.CR2		N/A
io.quarkiverse.web-bundler	quarkus-web-bundler-qute-components-parent	1.4.0.CR3		N/A
io.quarkiverse.web-bundler	quarkus-web-bundler-qute-components-parent	1.5.0		N/A
io.quarkiverse.web-bundler	quarkus-web-bundler-qute-components-parent	1.5.0.CR1		N/A
io.quarkiverse.web-bundler	quarkus-web-bundler-qute-components-parent	1.5.0.CR2		N/A
io.quarkiverse.web-bundler	quarkus-web-bundler-qute-components-parent	1.5.0.CR3		N/A
io.quarkiverse.web-bundler	quarkus-web-bundler-qute-components-parent	1.5.0.CR4		N/A
io.quarkiverse.web-bundler	quarkus-web-bundler-qute-components-parent	1.5.0.CR5		N/A
io.quarkiverse.web-bundler	quarkus-web-bundler-qute-components-parent	1.5.0.CR6		N/A
io.quarkiverse.web-bundler	quarkus-web-bundler-qute-components-parent	1.5.1		N/A
io.quarkiverse.web-bundler	quarkus-web-bundler-qute-components-parent	1.5.2		N/A
io.quarkiverse.web-bundler	quarkus-web-bundler-qute-components-parent	1.5.3		N/A
io.quarkiverse.web-bundler	quarkus-web-bundler-qute-components-parent	1.6.0		N/A
io.quarkiverse.web-bundler	quarkus-web-bundler-qute-components-parent	1.7.0		N/A
io.quarkiverse.web-bundler	quarkus-web-bundler-qute-components-parent	1.7.0.CR1		N/A
io.quarkiverse.web-bundler	quarkus-web-bundler-qute-components-parent	1.7.1		N/A
io.quarkiverse.web-bundler	quarkus-web-bundler-qute-components-parent	1.7.2		N/A
io.quarkiverse.web-bundler	quarkus-web-bundler-qute-components-parent	1.7.3		N/A
io.quarkiverse.web-bundler	quarkus-web-bundler-qute-components-parent	1.8.0		N/A
io.quarkiverse.web-bundler	quarkus-web-bundler-qute-components-parent	1.8.1		N/A
io.simplesource	simplesaga-model	0.1.0		b53854eed939ca5cabe040cf9b88d799e31f28cc
io.simplesource	simplesaga-model	0.1.1		9501deb094df62fa2535bd7ef154b731a8811fbf
io.simplesource	simplesaga-model	0.1.2		7115436128a675057f57eb38fc927669c9cd61e0
io.simplesource	simplesaga-model	0.1.3		24ce17f06fc0eb9fdf15d2287c3632161aef6190
io.simplesource	simplesaga-model	0.1.4		6707cac342e2edf17f7f1e7625763516efd8562c
io.simplesource	simplesaga-model	0.1.5		429218d8be9182c582458ec445b0f53060ba9fd0
io.simplesource	simplesaga-model	0.1.6		a51c53918d96a38797f522bdc38c64dc6a608c6c
io.simplesource	simplesaga-model	0.1.7		e8354526d6f5ec0bbf270568d5f710c33aba2214
io.tiklab	tiklab-flow-server	1.0.0		e98f061e1f82409d9d4c7da86dd06b38b151e7db
io.tiklab	tiklab-flow-server	1.0.0.2		b0414cc1c29a44816db0090c901ae49ecc62bbad
io.tiklab	tiklab-flow-server	1.0.0.3		9b1f35982068141a9ad78fd5386796fff7dae329
io.zipkin.brave	brave-instrumentation-jaxrs2	4.10.0		1693508d0018675ab8eb066b30a99c0bf0510128
io.zipkin.brave	brave-instrumentation-jaxrs2	4.10.1		35c9c916c53cd8caae04ddf6027d3231818c5efa
io.zipkin.brave	brave-instrumentation-jaxrs2	4.11.0		338b398fd1411276410e0b2fbe375d1315a3adfa
io.zipkin.brave	brave-instrumentation-jaxrs2	4.12.0		477c1938d61d4a15654114477104b08c8d554175
io.zipkin.brave	brave-instrumentation-jaxrs2	4.13.0		24efd3b42da95ef7e467adfb384b19cf4dbfc452
io.zipkin.brave	brave-instrumentation-jaxrs2	4.13.1		beb0a8a9aff6d4c0bc03d3d29aa6961b0f2afa6a
io.zipkin.brave	brave-instrumentation-jaxrs2	4.13.2		220058016ed2a54b90f1c9e4d22c00f488af686d
io.zipkin.brave	brave-instrumentation-jaxrs2	4.13.3		be5b7db176678a27e47c72825ed517bac224d40e
io.zipkin.brave	brave-instrumentation-jaxrs2	4.13.4		2b2a627ad59af3dc2c692632a91f798e2fd24744
io.zipkin.brave	brave-instrumentation-jaxrs2	4.13.5		4b143c8909327b3fbae8cff66ef6fa44024ace66
io.zipkin.brave	brave-instrumentation-jaxrs2	4.13.6		b47615ab1d49560730b63cd1f45d43d53db6f82d
io.zipkin.brave	brave-instrumentation-jaxrs2	4.14.0		5766b7521e1741ae83ddc565bd2d1f88779a0c3d
io.zipkin.brave	brave-instrumentation-jaxrs2	4.14.1		28ea62d8812518fc92fa1b90c27f03414835ee0c
io.zipkin.brave	brave-instrumentation-jaxrs2	4.14.2		958b019eaf28220fed02c02337d4766f1b590e5c
io.zipkin.brave	brave-instrumentation-jaxrs2	4.14.3		dd7af5dc7a110fa8bf280e4d04bcc14db26d7719
io.zipkin.brave	brave-instrumentation-jaxrs2	4.15.0		a7dae3d48708594ddb72b19771e1455b3c913662
io.zipkin.brave	brave-instrumentation-jaxrs2	4.15.1		1a97d1a8e9b50fcc1edc0a76b01ae6bc86ffc11e
io.zipkin.brave	brave-instrumentation-jaxrs2	4.16.0		0d75fa4d987db7f5cd8aa79a21c070f72005f996
io.zipkin.brave	brave-instrumentation-jaxrs2	4.16.1		a9333d90a9ac11f0f9d19942bf6a866be8ffa279
io.zipkin.brave	brave-instrumentation-jaxrs2	4.16.2		7b50bb860fd44284cf778185d4ffe07cf86b25cd
io.zipkin.brave	brave-instrumentation-jaxrs2	4.17.0		afb92a6a8659a2a1a7525165e067b51b0c1495e0
io.zipkin.brave	brave-instrumentation-jaxrs2	4.17.1		a9e580b245feb7d0c64f4a7320feb97f56906d49
io.zipkin.brave	brave-instrumentation-jaxrs2	4.17.2		5ddb2da2415e04bc3bd16f75e659b3075dacd5da
io.zipkin.brave	brave-instrumentation-jaxrs2	4.18.0		b0d31c372bcca5b319d9e6a46fc5c153fbb9b861
io.zipkin.brave	brave-instrumentation-jaxrs2	4.18.1		17426e0b81873f7685c96130e41f0ec3b37cd752
io.zipkin.brave	brave-instrumentation-jaxrs2	4.18.2		8de5942c1fde5e829641dc463e55ccf62a36f4ad
io.zipkin.brave	brave-instrumentation-jaxrs2	4.19.0		d9156f5e6aa7317c9b661cb25d5c5c62b55f2867
io.zipkin.brave	brave-instrumentation-jaxrs2	4.19.1		470089760d61a8b341dcabc102aba2fcf8ae8fdb
io.zipkin.brave	brave-instrumentation-jaxrs2	4.19.2		6030ca45e188a3ca1a3f14927808b474015a6cf4
io.zipkin.brave	brave-instrumentation-jaxrs2	4.19.3		6aa1c06a9179f51b75b71ee435ae5065be8d8951
io.zipkin.brave	brave-instrumentation-jaxrs2	4.3.0		3abfb8a3497c35c9bdd680dd76e9a4924378a63e
io.zipkin.brave	brave-instrumentation-jaxrs2	4.3.1		d5f93cfe6beb238abe5c72bcd3d717a85d5c367b
io.zipkin.brave	brave-instrumentation-jaxrs2	4.3.2		7fd4afb79f9eddcf5f633c55e963a558f5743296
io.zipkin.brave	brave-instrumentation-jaxrs2	4.3.3		f893132d5fc90b286e0ccf53b7117a79ecf2a914
io.zipkin.brave	brave-instrumentation-jaxrs2	4.3.4		46f5fd0571f7469d16f0d08f57c6d609614e8cda
io.zipkin.brave	brave-instrumentation-jaxrs2	4.4.0		a21723ca31149e212fcb872b51b89383f3da2f79
io.zipkin.brave	brave-instrumentation-jaxrs2	4.5.0		8ba8737ed050df7da58845f1abe57bab7c67b08d
io.zipkin.brave	brave-instrumentation-jaxrs2	4.5.1		963b16d3cc1ad0358c939abea65d1cc74fd677fa
io.zipkin.brave	brave-instrumentation-jaxrs2	4.5.2		2cfc258b6b460dc6ea01b7b48b71fa2721e1ac2a
io.zipkin.brave	brave-instrumentation-jaxrs2	4.6.0		74a23b9225534bd8b2afb6ac53b27e9fc38b26b6
io.zipkin.brave	brave-instrumentation-jaxrs2	4.7.0		507dcaecf418ebf314e7b623abc7a9b136c05bfc
io.zipkin.brave	brave-instrumentation-jaxrs2	4.7.1		212612ca75dd60aac45820e755299833f9251879
io.zipkin.brave	brave-instrumentation-jaxrs2	4.7.2		bf34116a79982add850bbf7cf85aeb778d656bfc
io.zipkin.brave	brave-instrumentation-jaxrs2	4.8.0		da41db67105e6b8527d36ffd4c68a2b4a47c0175
io.zipkin.brave	brave-instrumentation-jaxrs2	4.8.1		aa508654a669682150c838770ac079999d38c041
io.zipkin.brave	brave-instrumentation-jaxrs2	4.9.0		e01c1a048d69460aebd2d15602fbf75c5755e6f5
io.zipkin.brave	brave-instrumentation-jaxrs2	4.9.1		61320243e5de9016d9ec87eee3f47bfa3a9fd38d
io.zipkin.brave	brave-instrumentation-jaxrs2	4.9.2		25f7439a2acd036e4b68fabd6025cd0d83135265
io.zipkin.brave	brave-instrumentation-jaxrs2	5.0.0		9c40f0494cf8a5e89e92e194ddc7fca47ee5fae2
io.zipkin.brave	brave-instrumentation-jaxrs2	5.1.0		0f4693c5b6645912d2de89a3006e7a14ac314bbf
io.zipkin.brave	brave-instrumentation-jaxrs2	5.1.1		3c0cd959fef75174c1194327e614c0a7d1e30ec1
io.zipkin.brave	brave-instrumentation-jaxrs2	5.1.2		1adab058bae685578614f4755c7c3110c0b5bef9
io.zipkin.brave	brave-instrumentation-jaxrs2	5.1.3		c9ebb7b3210d39407947b8df809e04fccc16ad4c
io.zipkin.brave	brave-instrumentation-jaxrs2	5.1.4		09df9b8140b3f042fe833e4377984c0b6114c17c
io.zipkin.brave	brave-instrumentation-jaxrs2	5.1.5		0007cf6acc6c37765bb9381dd3e71637df2efbc7
io.zipkin.brave	brave-instrumentation-jaxrs2	5.10.0		14ff2ebdaffff76bdeaec7096e3ab5910a5fc659
io.zipkin.brave	brave-instrumentation-jaxrs2	5.10.1		fc420cb330ec752da3fe8b994e2a04edc1eb7573
io.zipkin.brave	brave-instrumentation-jaxrs2	5.10.2		8e33698714ceceaa288c33dbba863dafae6d2f4f
io.zipkin.brave	brave-instrumentation-jaxrs2	5.11.0		ea98542dc6bc7b2af031662ef25be7a2734e6800
io.zipkin.brave	brave-instrumentation-jaxrs2	5.11.1		3f00028d27cf202c2816503dce7e27c601da3c4c
io.zipkin.brave	brave-instrumentation-jaxrs2	5.11.2		f730087e34f5dad43dcc8a945777fda4c382e432
io.zipkin.brave	brave-instrumentation-jaxrs2	5.12.0		9b6ae0ecdf2eda251d20ee69abe9c1d3746a1649
io.zipkin.brave	brave-instrumentation-jaxrs2	5.12.1		a8b9df59304af71e725ed379052ad78b32e6f4fe
io.zipkin.brave	brave-instrumentation-jaxrs2	5.12.2		2533200990b1dfddae2a324425498729aea655f1
io.zipkin.brave	brave-instrumentation-jaxrs2	5.12.3		75e012bdc13d6f7e4dba37910007cc5ec80d8682
io.zipkin.brave	brave-instrumentation-jaxrs2	5.12.4		8059fe3fa32dc283e12bb0b223743696e5118143
io.zipkin.brave	brave-instrumentation-jaxrs2	5.12.5		6d9a2a72524c1e89b65ecf9264e82a47e1594482
io.zipkin.brave	brave-instrumentation-jaxrs2	5.12.6		5feacf20a3f4cba09f746d47c83a8f882d24a27a
io.zipkin.brave	brave-instrumentation-jaxrs2	5.12.7		8d1a6b3b41ae6a6fb59a66805dcfd7894cf82f3f
io.zipkin.brave	brave-instrumentation-jaxrs2	5.13.0		961a4f90bec64718920e6960ca53744493f8e5d5
io.zipkin.brave	brave-instrumentation-jaxrs2	5.13.1		633566ce86c52f4d545ed2c6a488c443d3b79ac8
io.zipkin.brave	brave-instrumentation-jaxrs2	5.13.10		3e78721a90b05d36872bd6adcab6f064ce8bf6e4
io.zipkin.brave	brave-instrumentation-jaxrs2	5.13.11		f298cb5efa72d7366bf97be579e9a9572e57bb41
io.zipkin.brave	brave-instrumentation-jaxrs2	5.13.2		1f7f1141707c8ba5a9d9e92f3b06b66a8914df7f
io.zipkin.brave	brave-instrumentation-jaxrs2	5.13.3		7ba7ea3616c3959f5b5e63cdb6835f70855c60c9
io.zipkin.brave	brave-instrumentation-jaxrs2	5.13.4		0a7f52c6ec9acc9ba29f721b2360f13189f013a1
io.zipkin.brave	brave-instrumentation-jaxrs2	5.13.5		d22fc49987d7a3c90dfcc0abe0abe2e9899879e0
io.zipkin.brave	brave-instrumentation-jaxrs2	5.13.6		46076f79ef117aafd71912c04c4cd019576cf5cd
io.zipkin.brave	brave-instrumentation-jaxrs2	5.13.7		766c7d88909e01cd2a6ee6c1a5bbf0f620cae0c4
io.zipkin.brave	brave-instrumentation-jaxrs2	5.13.8		69ef77782b2445a97976951dc430415a5c3baabb
io.zipkin.brave	brave-instrumentation-jaxrs2	5.13.9		5e9d7e908b2fab738cb8d35002c62906db7a8fbc
io.zipkin.brave	brave-instrumentation-jaxrs2	5.14.0		ce9c001abd9e81035c5b19fb11efa0102522c00f
io.zipkin.brave	brave-instrumentation-jaxrs2	5.14.1		5ad0fac6653dbc986bc7811b370fc26f7a33cfc6
io.zipkin.brave	brave-instrumentation-jaxrs2	5.15.0		2a8919e8066461cfc39e4313e6d195aff960a340
io.zipkin.brave	brave-instrumentation-jaxrs2	5.15.1		fcac7664166f44cd131404e81e25fd732c7e9290
io.zipkin.brave	brave-instrumentation-jaxrs2	5.16.0		dd66bcf9cbca81a4f5815ba10b4c09113395d557
io.zipkin.brave	brave-instrumentation-jaxrs2	5.17.0		4f1d3482087c15bca0911d8ab05787f31269e947
io.zipkin.brave	brave-instrumentation-jaxrs2	5.17.1		2dad605d139b6186853f110758b36ab9ca430187
io.zipkin.brave	brave-instrumentation-jaxrs2	5.18.0		951498a236547758ac0092acb16aec7b9e2b9f71
io.zipkin.brave	brave-instrumentation-jaxrs2	5.18.1		ab4f85a0707b8736cb162d0f7a8d6497427e25a7
io.zipkin.brave	brave-instrumentation-jaxrs2	5.2.0		fc62c913e9f39896f1ca99429fbadb09dee421c6
io.zipkin.brave	brave-instrumentation-jaxrs2	5.3.0		be77bb811dc601da21c525036a5dc66eb47dcb0a
io.zipkin.brave	brave-instrumentation-jaxrs2	5.3.1		a3ab95cebf0820f4e963ca355aaf1ba10732fad8
io.zipkin.brave	brave-instrumentation-jaxrs2	5.3.2		e91564633089c75291f89ca1d56ec7a1e783537f
io.zipkin.brave	brave-instrumentation-jaxrs2	5.3.3		c5b744f1579748c76ef9beead050d1f28ae7f378
io.zipkin.brave	brave-instrumentation-jaxrs2	5.4.0		e3f3e24897c3ebc0e67f4fb991a6800c725bfe37
io.zipkin.brave	brave-instrumentation-jaxrs2	5.4.1		625fb99c37428a7522be57ff4e86066cc913dc69
io.zipkin.brave	brave-instrumentation-jaxrs2	5.4.2		43a5199752973dfbced54dd74793b79335247582
io.zipkin.brave	brave-instrumentation-jaxrs2	5.4.3		d2f5bcb1b864b3475701808b832e32be845e681f
io.zipkin.brave	brave-instrumentation-jaxrs2	5.4.4		87f1ec744721da7aaa877d85cb3ec1b75a4a4904
io.zipkin.brave	brave-instrumentation-jaxrs2	5.5.0		092089347bcef0398362daf620d9b772262da19a
io.zipkin.brave	brave-instrumentation-jaxrs2	5.5.1		c237538a18d3c094ae3bf0970e6399051016f8f6
io.zipkin.brave	brave-instrumentation-jaxrs2	5.5.2		0a5e8d89b84b892651ef8b0e9d190a65d495441c
io.zipkin.brave	brave-instrumentation-jaxrs2	5.6.0		0fba10a1c41928979048f72b7941d7697b4fdd62
io.zipkin.brave	brave-instrumentation-jaxrs2	5.6.1		0b72eaed1162bcf8c9793d5968d6a0ae35764e59
io.zipkin.brave	brave-instrumentation-jaxrs2	5.6.10		f846561945faa75eaeeb61efcdb5553706fdcee2
io.zipkin.brave	brave-instrumentation-jaxrs2	5.6.11		a6b678588f9be842b5710ae4e76894c2a50a2ab0
io.zipkin.brave	brave-instrumentation-jaxrs2	5.6.2		a359144ff9fb6214ccc6c7dae7cca56cd220fabc
io.zipkin.brave	brave-instrumentation-jaxrs2	5.6.3		098d8cac27314d99f8879d3c285a4e2dd63271f8
io.zipkin.brave	brave-instrumentation-jaxrs2	5.6.4		0094498e58f470f0dbeaeb6d7c396e8ee9170d06
io.zipkin.brave	brave-instrumentation-jaxrs2	5.6.5		b385bcac2ac5423b269266ce797400c66a74d72d
io.zipkin.brave	brave-instrumentation-jaxrs2	5.6.6		5bff623ed48acbc1d43da13468ffef0ff5a0dd37
io.zipkin.brave	brave-instrumentation-jaxrs2	5.6.7		34071ae95e99bbd74ee30b94a30441c27a8d4a8e
io.zipkin.brave	brave-instrumentation-jaxrs2	5.6.8		e959b915f270048dffd4abbf766060ec1d6279b5
io.zipkin.brave	brave-instrumentation-jaxrs2	5.6.9		01bae46332f9a495fc7c7664acf439d97ad0f2b0
io.zipkin.brave	brave-instrumentation-jaxrs2	5.7.0		975ba76e8165516fde2bdfeda5ae4e05ed4ba221
io.zipkin.brave	brave-instrumentation-jaxrs2	5.8.0		5a8d457c2fe774496b38e729eb599bbc5e243d45
io.zipkin.brave	brave-instrumentation-jaxrs2	5.9.0		91a3669f97cfebc1457a4a02e60be51ceeae5f04
io.zipkin.brave	brave-instrumentation-jaxrs2	5.9.1		73f61f6e4b161d931b6c371450413b48210c4d25
io.zipkin.brave	brave-instrumentation-jaxrs2	5.9.2		71a020b8a3670788fb083ec40f2bf358ba6cd46b
io.zipkin.brave	brave-instrumentation-jaxrs2	5.9.3		88c29b2d714c52ea99b31663742c5c6e735ef862
io.zipkin.brave	brave-instrumentation-jaxrs2	5.9.4		388424543430ffe17281afb9d9cdee83c48cfb8a
io.zipkin.brave	brave-instrumentation-jaxrs2	5.9.5		d351f4e1104de70a02842ae1fe996f608cea4890
io.zipkin.brave	brave-instrumentation-jaxrs2	6.0.0		28ac3b450610131171cf48829c824fff9737f345
io.zipkin.brave	brave-instrumentation-jaxrs2	6.0.1		fe63def11c0c1507120f142634c888dac8d41a0d
io.zipkin.brave	brave-instrumentation-jaxrs2	6.0.2		70b68e4ad3fa0b8bc0b70f9390e54458b7918d3b
io.zipkin.brave	brave-instrumentation-jaxrs2	6.0.3		78a157e7afd697488e86a4cf9e7ceeec92b7733f
io.zipkin.brave	brave-instrumentation-jaxrs2	6.1.0		7a2b66a92955c2452f37d641c476a69653891928
io.zipkin.brave	brave-instrumentation-jaxrs2	6.2.0		32d700d432f1a1ade0b26813b9a541a2de80b8f4
it.agilelab	wasp-spark-sql-kafka-old_2.12	0.0.0-2.2.1-2.4.8		605b51a806b55bbffc91e89a2f85f8de6667c376
it.agilelab	wasp-spark-sql-kafka-old_2.12	0.0.0.0.0-2.2.1-2.4.8		f7b8c9f07cf492d23a043681bcbd1eeac50b5c77
it.agilelab	wasp-spark-sql-kafka-old_2.12	0.1.0-2.2.1-2.4.8		d4fd8e1e4020e23372224bf8ce07c810ae623ca4
it.agilelab	wasp-spark-sql-kafka-old_2.12	0.2.1-2.2.1-2.4.8		c585d6ef355d9e7339d3614a1b43a0fff3503089
it.cnr.istc.stlab	lgu.commons.lang	0.0.8		43ac59fdf3913acd30c6da09f0539afc3bcd3289
it.innove	play2-pdf	1.0.0		c04a8810c27d501819a5ce9a6639c3ce23b68e84
it.innove	play2-pdf	1.1.0		2f98522e7ffac5d8439ac490e86ce1a0bb63a8c4
it.innove	play2-pdf	1.1.1		3db98a588efb394e6241be835269199a2b47a8cf
it.innove	play2-pdf	1.1.2		82b53b523b720d0eb1688c59fd3aac1d148bba82
it.innove	play2-pdf	1.1.3		b55dbbb74712504a1b00a6f9f92d5cbe6aa7a0a3
it.innove	play2-pdf	1.10.0		ff808d49f9f50d603152bf513cb1af729770348e
it.innove	play2-pdf	1.11.0		1f7aab968189c505667e48d736b0693644461fd6
it.innove	play2-pdf	1.2.0		746ef2c1e6c1aa9cb0ac81227b10e8165a8d6744
it.innove	play2-pdf	1.3.0		b1715a9a6f50933a6baeaa51ccdc7c153d513de1
it.innove	play2-pdf	1.4.0		ab69af46f64180a0a13d51c3014563647ace1f8b
it.innove	play2-pdf	1.5.0		8db614670d0ac38210e4bff46b0083a717a3e950
it.innove	play2-pdf	1.5.1		cf39b2e856e0c844e4d1c6b6adba8b89fab6f884
it.innove	play2-pdf	1.5.2		56a0a4c0bed0fa8c570c11ccda133c0bc50256b4
it.innove	play2-pdf	1.6.0		06ddcaa44fbf21244d23a5b3fd827aec7623d464
it.innove	play2-pdf	1.7.0		ad26c61359dd47e9c9bec78ba52351a2a6d3472b
it.innove	play2-pdf	1.8.0		b6de8701c181fc1653aa65b4d82af9756569d564
it.innove	play2-pdf	1.8.2		de5cc1d80ada94007252334caf166aa79eb3e288
it.innove	play2-pdf	1.9.0		d9246f8e8bd67b133e002565754e8187368a424b
it.innove	play2-pdf	1.9.1		453525b40bd9b50a76ad89d0fcbbe223f66d421c
me.jeffshaw.kafka	scalatest-embedded-kafka_0-10-0-1_2.11	0.10.0		b355aba01ee833b20af26ad8ded1f3aa9900b4dd
org.akka-js	akkajsstreamtestkit_sjs0.6_2.11	0.2.4.16		bc15469faf1296e9d76fb729a66fcb7a72cd7135
org.akka-js	akkajsstreamtestkit_sjs0.6_2.11	0.2.4.17		465157bb7bac7eaa544dd91bdd4f4f0ad6ddc0f7
org.akka-js	akkajsstreamtestkit_sjs0.6_2.11	1.2.5.0		ad8ff3dcfae65ec9cf1da4157ba63285919cd507
org.akka-js	akkajsstreamtestkit_sjs0.6_2.11	1.2.5.1		bf837c2bd51a16e8f0406903efef8f41f04fa9fa
org.akka-js	akkajsstreamtestkit_sjs0.6_2.11	1.2.5.11		5804829553edf085edab90d3489f79a294131e21
org.akka-js	akkajsstreamtestkit_sjs0.6_2.11	1.2.5.12		0642aac50840d035643f5ad09691fc5e61deef0a
org.akka-js	akkajsstreamtestkit_sjs0.6_2.11	1.2.5.13		8980b3a38311d5cdf281743d1c173cc5add83cd3
org.akka-js	akkajsstreamtestkit_sjs0.6_2.11	1.2.5.14		f1d99b4c9332b1ec35a666b60deb73992d5737c7
org.akka-js	akkajsstreamtestkit_sjs0.6_2.11	1.2.5.15		8fd90cbe6580e51d8b6bb7f4bbff8fce1bf0989e
org.akka-js	akkajsstreamtestkit_sjs0.6_2.11	1.2.5.16		77ebc7fd2bee320195d8178628999d5d21465843
org.akka-js	akkajsstreamtestkit_sjs0.6_2.11	1.2.5.19		fe6835c552149ced1eec83bf3b05e000cfd2cf63
org.akka-js	akkajsstreamtestkit_sjs0.6_2.11	1.2.5.2		e2fbf1f284414c723498e31e90bc0545d3d65c67
org.akka-js	akkajsstreamtestkit_sjs0.6_2.11	1.2.5.21		f3b01e4d8e75c017300f1775254852370cb2ccfc
org.akka-js	akkajsstreamtestkit_sjs0.6_2.11	1.2.5.23		0c8a4e80e66fe923419ef2db41473e30f89a20a3
org.akka-js	akkajsstreamtestkit_sjs0.6_2.11	1.2.5.26		c73fc134ef36b91b4f7a4cc4436973ebd648df12
org.akka-js	akkajsstreamtestkit_sjs0.6_2.11	1.2.5.4		545dd2c1952071dcf44a16d40e577d200143317b
org.akka-js	akkajsstreamtestkit_sjs0.6_2.11	1.2.5.6		ad5340c72a7f6842e7ff8754cd0e692753af739a
org.akka-js	akkajsstreamtestkit_sjs0.6_2.11	1.2.5.8		8116b36c468ca72d01ddfbfed1135c3575e05990
org.akka-js	akkajsstreamtestkit_sjs0.6_2.11	1.2.5.9		39dfa2be42240dd227a36d8b7e0c5cd9a926cb1a
org.apache.camel.k	camel-k-quarkus-itests	1.3.0		N/A
org.apache.camel.k	camel-k-quarkus-itests	1.4.1		N/A
org.apache.camel.k	camel-k-quarkus-itests	1.5.0		N/A
org.apache.camel.k	camel-k-quarkus-wrap	1.5.0		cff235e3d8bcfccbbd578fd92332ae7f6dcc0b03
org.btrplace	scheduler-json	0.39		bc58a93d20743f85b967a021584da7dc11ffaf24
org.btrplace	scheduler-json	0.40		e13859192ea992e8c8dbd42d121607a8afcbfff6
org.btrplace	scheduler-json	0.41		437b919b0de6f4cdfcd0db1feccd0120f71ef519
org.btrplace	scheduler-json	0.42		2da8b906655f1df8b1621e922f6408116bd59bd0
org.btrplace	scheduler-json	0.43		45eeb353fe96003b6790cbaf064652303ba58708
org.btrplace	scheduler-json	0.44		0db7b52927ee9a159db414f93ab3a2e64e507807
org.btrplace	scheduler-json	0.45		7f9f9a3b8551c1399a687e67fbe65472c57d268c
org.btrplace	scheduler-json	0.46		4a16b9a482093138ab109b6f6990bc48600b9095
org.btrplace	scheduler-json	1.0		eaf44ebbcf3fc49f275d0748d0f09c409623b64a
org.btrplace	scheduler-json	1.1		87879413b5b1116d904ed066d9ff36accf35ebb5
org.btrplace	scheduler-json	1.10.0		e54ffdef35e5ebdbebcad62c03193b29bf3df739
org.btrplace	scheduler-json	1.10.1		ac6327865c4e4efafd9d3eb7e10cadcefd0eb798
org.btrplace	scheduler-json	1.10.2		453dde7350f50d4c6bc4249a16097f6668ee67a4
org.btrplace	scheduler-json	1.11.0		84a3140ce2cf5a7a6c5c013fb342c6c690d7c0d9
org.btrplace	scheduler-json	1.11.1		07ae539ed1a3a160f489871a9c40be69cc0b3166
org.btrplace	scheduler-json	1.11.2		807cd9f0e6afebaeb3b349b39f0635709aa0ce6e
org.btrplace	scheduler-json	1.12.0		eb591c4317956052ddd63a5a772d47a1cb62eb23
org.btrplace	scheduler-json	1.12.1		6f0c30a6b3114d086dabd5227cf9899c386bcc6e
org.btrplace	scheduler-json	1.12.10		644e92946a02a3c808a1d7049bf604724ba9b4d8
org.btrplace	scheduler-json	1.12.2		e1acd2297913cefc1238e8c30c211f55cf7eb23b
org.btrplace	scheduler-json	1.12.3		ae31067758497ad1fa0792687721b4158a4ebf7e
org.btrplace	scheduler-json	1.12.4		2da375dc607f4c9ef3461cd1c645c9ec799e8f31
org.btrplace	scheduler-json	1.12.5		345f098bb7a2ecb84698591e35a12b4736bdf4ba
org.btrplace	scheduler-json	1.12.6		8bd143584a6777febe570a140e6ecccce23a907d
org.btrplace	scheduler-json	1.12.7		7726464be6fa47ad8014dd04f3041e53d7775ccf
org.btrplace	scheduler-json	1.12.8		2b837eaf656a05ab5acaeb96e2b98a0ecf13ac00
org.btrplace	scheduler-json	1.12.9		e17328d1230e3140a3e98ad66ba90aecfd0a872d
org.btrplace	scheduler-json	1.2		4827a649527f415f5b4a7e0ed805f332e2522c83
org.btrplace	scheduler-json	1.3		134e1ac4cb8d0d92d3aca2197eab80b2aaa5bf7a
org.btrplace	scheduler-json	1.4		2702cf6c859ec7cf737bbbc35419db2a2d8f315d
org.btrplace	scheduler-json	1.5.0		731006a3d6c497206f57a58b2366c491562f900f
org.btrplace	scheduler-json	1.5.1		e07873ffc995f3456ecf44dfaab693e27c733d92
org.btrplace	scheduler-json	1.6.0		3e52118e375f12a1be377de250d5b574a15db0a7
org.btrplace	scheduler-json	1.6.1		bc80a4aa655d754421419b7a79507974e5311740
org.btrplace	scheduler-json	1.7.0		bbc4ca406668daac615a950fd2c3e942a75008ea
org.btrplace	scheduler-json	1.8.0		fb28a5edb04eae840efd51b3b356b4c1715bbb49
org.btrplace	scheduler-json	1.9.0		9a720af95a7d24d524ea643feccc0f32d7a367db
org.btrplace	scheduler-json	1.9.1		3877fad2f5aa7c5470436d77110489d5a3a30bf0
org.btrplace	scheduler-json	1.9.2		d814ba65cfa03ff1513bd3571239400872e69758
org.btrplace	scheduler-json	1.9.3		ed927bc5c269f8d46053ba6ca98b8e59e1fbed73
org.camunda.community	bpmn-driven-testing-gradle-plugin	0.10.0		c799ba67d4d4bbfbce5b8d946bdbca011e85cd6e
org.camunda.community	bpmn-driven-testing-gradle-plugin	0.11.0		2e2ec2252f4c08fc7f8e2c7e715fb7ce9f513e56
org.camunda.community	bpmn-driven-testing-gradle-plugin	0.12.0		ce08b19e26528fde752c7c00bceadba701f283fc
org.camunda.community	bpmn-driven-testing-gradle-plugin	0.13.0		d022d826061b5cabb7ab484ef58baf0c0d317d37
org.camunda.community	bpmn-driven-testing-gradle-plugin	0.6.0		ab7370c2c2bd790b4651afd9eed562b477269f12
org.camunda.community	bpmn-driven-testing-gradle-plugin	0.7.0		845473225a24f900a2f08e967a1318deae0dc39c
org.camunda.community	bpmn-driven-testing-gradle-plugin	0.8.0		94f948b4ef49cba5ae512929297646dd1ea34a1f
org.camunda.community	bpmn-driven-testing-gradle-plugin	0.9.0		88968921d3f6a835b0b8b2de03cf5ffc9adc37a8
org.camunda.community	bpmn-driven-testing-gradle-plugin	1.0.0		11c644cf629b904b932e67acdf2b2bb5db48ef6c
org.camunda.community	bpmn-driven-testing-gradle-plugin	1.1.0		7ff5a2bb5b957649383368a1c135f7f8ba288fd2
org.easymock	easymock-bench	3.5		7050b972dff4c8f08cb5323f8be685db284dfbfc
org.easymock	easymock-bench	3.5.1		08e68319b859a7f7839e086d542915c8015e91aa
org.easymock	easymock-bench	3.6		f3ff7a6253c7da8a44bf672426f909d3583d8c66
org.eclipse.digitaltwin.basyx	basyx.submodelregistry-feature-hierarchy-example	2.0.0-milestone-05		08691f33d292cdd39a4370c7c84b666f74bff0f2
org.eclipse.jetty.spdy	spdy-jetty-http-webapp	7.6.10.v20130312		N/A
org.eclipse.jetty.spdy	spdy-jetty-http-webapp	7.6.11.v20130520		N/A
org.eclipse.jetty.spdy	spdy-jetty-http-webapp	7.6.12.v20130726		N/A
org.eclipse.jetty.spdy	spdy-jetty-http-webapp	7.6.13.v20130916		N/A
org.eclipse.jetty.spdy	spdy-jetty-http-webapp	7.6.14.v20131031		N/A
org.eclipse.jetty.spdy	spdy-jetty-http-webapp	7.6.15.v20140411		N/A
org.eclipse.jetty.spdy	spdy-jetty-http-webapp	7.6.16.v20140903		N/A
org.eclipse.jetty.spdy	spdy-jetty-http-webapp	7.6.17.v20150415		N/A
org.eclipse.jetty.spdy	spdy-jetty-http-webapp	7.6.18.v20150929		N/A
org.eclipse.jetty.spdy	spdy-jetty-http-webapp	7.6.19.v20160209		N/A
org.eclipse.jetty.spdy	spdy-jetty-http-webapp	7.6.2.v20120308		N/A
org.eclipse.jetty.spdy	spdy-jetty-http-webapp	7.6.20.v20160902		N/A
org.eclipse.jetty.spdy	spdy-jetty-http-webapp	7.6.21.v20160908		N/A
org.eclipse.jetty.spdy	spdy-jetty-http-webapp	7.6.3.v20120416		N/A
org.eclipse.jetty.spdy	spdy-jetty-http-webapp	7.6.4.v20120524		N/A
org.eclipse.jetty.spdy	spdy-jetty-http-webapp	7.6.5.v20120716		N/A
org.eclipse.jetty.spdy	spdy-jetty-http-webapp	7.6.6.v20120903		N/A
org.eclipse.jetty.spdy	spdy-jetty-http-webapp	7.6.7.v20120910		N/A
org.eclipse.jetty.spdy	spdy-jetty-http-webapp	7.6.8.v20121106		N/A
org.eclipse.jetty.spdy	spdy-jetty-http-webapp	7.6.9.v20130131		N/A
org.eclipse.jetty.spdy	spdy-jetty-http-webapp	8.1.10.v20130312		N/A
org.eclipse.jetty.spdy	spdy-jetty-http-webapp	8.1.11.v20130520		N/A
org.eclipse.jetty.spdy	spdy-jetty-http-webapp	8.1.12.v20130726		N/A
org.eclipse.jetty.spdy	spdy-jetty-http-webapp	8.1.13.v20130916		N/A
org.eclipse.jetty.spdy	spdy-jetty-http-webapp	8.1.14.v20131031		N/A
org.eclipse.jetty.spdy	spdy-jetty-http-webapp	8.1.15.v20140411		N/A
org.eclipse.jetty.spdy	spdy-jetty-http-webapp	8.1.16.v20140903		N/A
org.eclipse.jetty.spdy	spdy-jetty-http-webapp	8.1.17.v20150415		N/A
org.eclipse.jetty.spdy	spdy-jetty-http-webapp	8.1.18.v20150929		N/A
org.eclipse.jetty.spdy	spdy-jetty-http-webapp	8.1.19.v20160209		N/A
org.eclipse.jetty.spdy	spdy-jetty-http-webapp	8.1.2.v20120308		N/A
org.eclipse.jetty.spdy	spdy-jetty-http-webapp	8.1.20.v20160902		N/A
org.eclipse.jetty.spdy	spdy-jetty-http-webapp	8.1.21.v20160908		N/A
org.eclipse.jetty.spdy	spdy-jetty-http-webapp	8.1.22.v20160922		N/A
org.eclipse.jetty.spdy	spdy-jetty-http-webapp	8.1.3.v20120416		N/A
org.eclipse.jetty.spdy	spdy-jetty-http-webapp	8.1.4.v20120524		N/A
org.eclipse.jetty.spdy	spdy-jetty-http-webapp	8.1.5.v20120716		N/A
org.eclipse.jetty.spdy	spdy-jetty-http-webapp	8.1.6.v20120903		N/A
org.eclipse.jetty.spdy	spdy-jetty-http-webapp	8.1.7.v20120910		N/A
org.eclipse.jetty.spdy	spdy-jetty-http-webapp	8.1.8.v20121106		N/A
org.eclipse.jetty.spdy	spdy-jetty-http-webapp	8.1.9.v20130131		N/A
org.eclipse.jetty.spdy	spdy-jetty-http-webapp	8.2.0.v20160908		N/A
org.elasticsearch.test	logger-usage	5.0.0		f3eb330f5fa56c2425f6f4054db71c2b58bdf6b3
org.elasticsearch.test	logger-usage	5.0.0-alpha1		df1a43a658194d242b2f4edb71a30e1c1bbf5eae
org.elasticsearch.test	logger-usage	5.0.0-alpha2		f8d7512901a90584bbbccf843d689544e48710f4
org.elasticsearch.test	logger-usage	5.0.0-alpha3		bfdb55ae6a3ddfc6afc0e3ad69a73252d6771893
org.elasticsearch.test	logger-usage	5.0.0-alpha4		da3ed077e97904ce7509ccbbc9e563e249bcfe32
org.elasticsearch.test	logger-usage	5.0.0-alpha5		c4b4926fc2e7f5c2a186dbae138f76e6d08c5f9e
org.elasticsearch.test	logger-usage	5.0.0-beta1		d78c677e4d411539a7c9462124150371ec9a76aa
org.elasticsearch.test	logger-usage	5.0.0-rc1		b25cd5c04354a39efb503acb56e7340f90d76ee0
org.elasticsearch.test	logger-usage	5.0.1		d2789f36bcfb0480e04bb378823d88438dac07a8
org.elasticsearch.test	logger-usage	5.0.2		a638dd03b43b0289cf3fd189507b3243e8e18371
org.elasticsearch.test	logger-usage	5.1.1		28ebbf98d4ed01d17d45afd36cd47b4ece8aeec2
org.elasticsearch.test	logger-usage	5.1.2		4e8106f827d8da4013e813c2d3b1692c45ed72ad
org.elasticsearch.test	logger-usage	5.2.0		5a1a7ebb93eba2cf4db8c1ca51e8351fb2337534
org.elasticsearch.test	logger-usage	5.2.1		5f095cab591ec402d1165f8ec1819c1086d78115
org.elasticsearch.test	logger-usage	5.2.2		f606356b1843fc404bf1763dbcbc4147969c40d0
org.elasticsearch.test	logger-usage	5.3.0		43a46dc5c7f31aa4a7fa528ebffe75d00a8426c9
org.elasticsearch.test	logger-usage	5.3.1		81eea1c70e1b92e89cfc82696ceaa1a4bb71147f
org.elasticsearch.test	logger-usage	5.3.2		ceaf165722f9603833d1fc8c540594a7856615f0
org.elasticsearch.test	logger-usage	5.3.3		a1f982d3e5c7d7170cb23f3ca3e2216fc6ea4ff0
org.elasticsearch.test	logger-usage	5.4.0		7a8624ea89ae55d90532613b9786828b5a24445a
org.elasticsearch.test	logger-usage	5.4.1		8faa0388ec2967f635843713fd9d237c0e3c7011
org.elasticsearch.test	logger-usage	5.4.2		623fdd5ece315f5392e0ea868d6e8dbd6ca16f8e
org.elasticsearch.test	logger-usage	5.4.3		631bb51c69755ffb67ce499f4e2e9f8e240e1b83
org.elasticsearch.test	logger-usage	5.5.0		323e51adc2e3797620ded512f049511469aba7ce
org.elasticsearch.test	logger-usage	5.5.1		4fb289527e0dcfa6775f8f76eeff00b8c26d9bff
org.elasticsearch.test	logger-usage	5.5.2		80ed38c0b76e89343c73c15c28da322d67624091
org.elasticsearch.test	logger-usage	5.5.3		9104881407d12d8d2fa2dc91be5fe0989b2c1301
org.elasticsearch.test	logger-usage	5.6.0		79538a4aa2c4f425b889ac5b2fb2a99775df49ca
org.elasticsearch.test	logger-usage	5.6.1		d80c0b0db5075b5097190c742bf5bf351de3137b
org.elasticsearch.test	logger-usage	5.6.10		cd1e3de8e4b341b09076cddbd197f0a303d41c0a
org.elasticsearch.test	logger-usage	5.6.11		6a247310996ae1714cfaf70a63ac1b1e39ab9c78
org.elasticsearch.test	logger-usage	5.6.12		76b766cd052db51120d61a637f21d238f20d7a15
org.elasticsearch.test	logger-usage	5.6.13		378f315b6608197980bda531697d470327df0236
org.elasticsearch.test	logger-usage	5.6.14		0ec0939ba4fcb26acef2b47043a12da867f4927f
org.elasticsearch.test	logger-usage	5.6.15		23d87ea72d386c5e4acf500746ef50bc71c5c2ca
org.elasticsearch.test	logger-usage	5.6.16		d730c572dee03ad2ad9ccd28bd0605904932c06e
org.elasticsearch.test	logger-usage	5.6.2		54bd104aa0a195fe36ffc41be5f0b614b44fa946
org.elasticsearch.test	logger-usage	5.6.3		1a791c3f47ee40a5a309ce566ef55c5f7870c58b
org.elasticsearch.test	logger-usage	5.6.4		0caf2feedba58b5e8e5c7a53c1ca7b47f7c48cfa
org.elasticsearch.test	logger-usage	5.6.5		a2a4a7b88b66cbc62bc677b1ac44db786e1dde5b
org.elasticsearch.test	logger-usage	5.6.6		2def1dcd92d975ee33486776a85f36f00b88d43a
org.elasticsearch.test	logger-usage	5.6.7		c9e35021aee7e13653f4885373791556685111f7
org.elasticsearch.test	logger-usage	5.6.8		0aed674e42c9baf0c6bf74e695cb7679f002d790
org.elasticsearch.test	logger-usage	5.6.9		99b4b26ce2a5a9470d79cbf7a32bd61c92ab0368
org.elasticsearch.test	logger-usage	6.0.0		089519bbee7c81bef81332a904724c841fb26cf3
org.elasticsearch.test	logger-usage	6.0.0-alpha1		69ca5921e9e6ddf1c6cd51feecb855eecb12317a
org.elasticsearch.test	logger-usage	6.0.0-alpha2		f9b7ee65bb47c138c1ddc3d1e44a3b65ee0ba119
org.elasticsearch.test	logger-usage	6.0.0-beta1		5bbc07f4130328082035780e8713241b2a238f41
org.elasticsearch.test	logger-usage	6.0.0-beta2		64f45d6e0aa3b623dbc461262769e4213b0996a6
org.elasticsearch.test	logger-usage	6.0.0-rc1		63fa40f376d5a6f74b0a2281ddac8f31e4649496
org.elasticsearch.test	logger-usage	6.0.0-rc2		c2d583a6872f23dc04a107bed6fc23b8975a124c
org.elasticsearch.test	logger-usage	6.0.1		e9b4911c3acea2582cfbca89a39cba5514e7e80f
org.elasticsearch.test	logger-usage	6.1.0		780ccd00c6479b09b68f5bc109a8a993398794ec
org.elasticsearch.test	logger-usage	6.1.1		8cc2d03c3e77d64264823550daa6824745957f38
org.elasticsearch.test	logger-usage	6.1.2		75ee6c9c37f8a08175da727d31d47d9877a03435
org.elasticsearch.test	logger-usage	6.1.3		da48b17a951fa2cffaa589e69ef62c6234d1d6a5
org.elasticsearch.test	logger-usage	6.1.4		01eb09b98fc65d2f1c97dadf70a1293a45c221c6
org.elasticsearch.test	logger-usage	6.2.0		bed7b6c90274fab287a60102c409463b612f0458
org.elasticsearch.test	logger-usage	6.2.1		6b795406233bb9d59000a12a29f5e441a389ae12
org.elasticsearch.test	logger-usage	6.2.2		d175116c4e1c44c20c69242db6ad2dece9c5e66a
org.elasticsearch.test	logger-usage	6.2.3		6d14436a421be265c32052a9257bbf87415f9215
org.elasticsearch.test	logger-usage	6.2.4		8e6dfbfbdd2954026b538e3dac297bd831f5b417
org.elasticsearch.test	logger-usage	6.3.0		418201718f2765e79efd555e8a5a20bc7cf8e961
org.elasticsearch.test	logger-usage	6.3.1		2b4d7bbb2c8cf4aa8cfdeb92d9c1afe32e7c6fe4
org.elasticsearch.test	logger-usage	6.3.2		a7aa9a269a1521c2d10fe079345c69c78e681139
org.elasticsearch.test	logger-usage	6.4.0		3bac19381cdf935d3a5d7ab15e57460819249993
org.elasticsearch.test	logger-usage	6.4.1		ed680e10aeb19bb6a5ce7a4860f34103451aeb59
org.elasticsearch.test	logger-usage	6.4.2		116cb51226a7f01810e025f95030e33ce1a3e130
org.elasticsearch.test	logger-usage	6.4.3		9be45fa436ca18e610e55580e13ca64b6f89d6a5
org.elasticsearch.test	logger-usage	6.5.0		229c76f62ff86ed9f6974470735cdbe854c85305
org.elasticsearch.test	logger-usage	6.5.1		12f379985b7e06d811559ebe44deab7e52e5063b
org.elasticsearch.test	logger-usage	6.5.2		61eee6df0ac224f3574e04ffe46f0120ebddce99
org.elasticsearch.test	logger-usage	6.5.3		47bb7b8c1d18cd8404250cd668ef14c4c13c41da
org.elasticsearch.test	logger-usage	6.5.4		5300a35798f528fe89a847e00d1ec403eca66278
org.elasticsearch.test	logger-usage	6.6.0		3b495522f77e350551e820f93e5c0b1c65e3dce6
org.elasticsearch.test	logger-usage	6.6.1		7151da9c36d12d92d34ff35ed0145b21877f996b
org.elasticsearch.test	logger-usage	6.6.2		5e2a867549832731879876e56c8a9d5af7c49f78
org.elasticsearch.test	logger-usage	6.7.0		2f34fcfc731abe0888744e03e1d91bbc37ab3ee2
org.elasticsearch.test	logger-usage	6.7.1		eba2592591eb53a2eadaa7724601a195447af190
org.elasticsearch.test	logger-usage	6.7.2		3f4b86a49a683e1fa560fd6c1ea1be934438eb6d
org.elasticsearch.test	logger-usage	6.8.0		1fda5248b83f9a5c2d9dcae097f89dfeeae9edbe
org.elasticsearch.test	logger-usage	6.8.1		0de8094081127111afcf0b40750b102ae88826cf
org.elasticsearch.test	logger-usage	6.8.10		c8570de8d09cad3808b6a1cdd42c117df7b13f77
org.elasticsearch.test	logger-usage	6.8.11		10a3feb6a46984c6df87aae228773714bacf2ed2
org.elasticsearch.test	logger-usage	6.8.12		f541875b8f3b33e9481ac96a75127db9f7bb9560
org.elasticsearch.test	logger-usage	6.8.13		edd2ecc4ee36d32368e994545e0f3eb39c1b4ad8
org.elasticsearch.test	logger-usage	6.8.14		8b5fb2123b0d13db6481727cfac2cd087316d270
org.elasticsearch.test	logger-usage	6.8.15		7704f3115edc9e8d0b17aec82c0ea9e23efb8e0a
org.elasticsearch.test	logger-usage	6.8.16		fd082243390bafe445c01bd1990dd5d35fbb7b92
org.elasticsearch.test	logger-usage	6.8.17		0819ba31856661bbc6976bc6dd426aed91dff6bf
org.elasticsearch.test	logger-usage	6.8.18		f18dd52d73b9762417fa22e842941d4fdac03d56
org.elasticsearch.test	logger-usage	6.8.19		d700b2e1dd221ebf0e5c7b464f0d1272dc67a85c
org.elasticsearch.test	logger-usage	6.8.2		5d34d4f36bc26f5d00ec8109c068a3b718dbe589
org.elasticsearch.test	logger-usage	6.8.20		146c444da3e56efe628a55bfd304848ec44f5f3b
org.elasticsearch.test	logger-usage	6.8.21		bf363295e3eefa7430cfa047c94c693d37348987
org.elasticsearch.test	logger-usage	6.8.22		be09b960268736b0fe09c34077ddd78626edfbda
org.elasticsearch.test	logger-usage	6.8.23		5944ff8cdc45d8befdc9861a178ed70b5e70757b
org.elasticsearch.test	logger-usage	6.8.3		de0a3ca02468f438de16adaed0f5f4e944275419
org.elasticsearch.test	logger-usage	6.8.4		ae49cf5d12f5e5397c9328c7bdb7c1dd36ecb605
org.elasticsearch.test	logger-usage	6.8.5		46ea756a4fb38ce2581513651778566300ab31f0
org.elasticsearch.test	logger-usage	6.8.6		803b175cfef6720712b37fea5eaf4c1dc4fca6b2
org.elasticsearch.test	logger-usage	6.8.7		b0c42d01c399f4d7134a28860262acd25ba270ee
org.elasticsearch.test	logger-usage	6.8.8		59410e8b34fd0e27ed1f36a0a32d37a07efb8f1a
org.elasticsearch.test	logger-usage	6.8.9		536ac6a5d8ca4e89087616f3f525e05b5c8bfbbd
org.elasticsearch.test	logger-usage	7.0.0		a0a1d5ce812d121b23e8e456df23c691caae3055
org.elasticsearch.test	logger-usage	7.0.0-alpha1		d957835880dc45eeeee70ab29cf1550b0977160e
org.elasticsearch.test	logger-usage	7.0.0-alpha2		c7a97ac0babf7d0d5905d71b9610591ee8afc43d
org.elasticsearch.test	logger-usage	7.0.0-beta1		ce215c74bd5c39c363441241cd0cc371c80746aa
org.elasticsearch.test	logger-usage	7.0.0-rc1		9a754d7a30ef09946e5f254b8a63b84494014af2
org.elasticsearch.test	logger-usage	7.0.0-rc2		d55a0495435dcaad0832a52a30c98c587ba07698
org.elasticsearch.test	logger-usage	7.0.1		255de1f9d38ee7d199298200b1a81cdd514968e9
org.elasticsearch.test	logger-usage	7.1.0		f4224dc1f87a3b8e72a8deeb033b4130d56eb299
org.elasticsearch.test	logger-usage	7.1.1		db3245dff87f109c556e42ddebf1864d9ef9554d
org.elasticsearch.test	logger-usage	7.2.0		972c74ef658ca2d28d596b32a833fb37a758e2e1
org.elasticsearch.test	logger-usage	7.2.1		f4f420c1fabf9615db00e25d5ce56e4f14e0c175
org.elasticsearch.test	logger-usage	7.3.0		cf39bb403819b587384f20a6ab7f49a6d8cd8d61
org.elasticsearch.test	logger-usage	7.3.1		1db2adba6e8ca35bcb45caccbb589cd1661b0a93
org.elasticsearch.test	logger-usage	7.3.2		78a460ac59fa7666886d5da47292fda705655a13
org.elasticsearch.test	logger-usage	7.4.0		2823eb80d6d1e59784bdb28382be2e668fdaf071
org.elasticsearch.test	logger-usage	7.4.1		ff8590a9e5afaa3a953d199789002d34821d179d
org.elasticsearch.test	logger-usage	7.4.2		171d9ba688e421101576623f7fcb6e8ce0f8abdc
org.elasticsearch.test	logger-usage	7.5.0		09484509b01e6daccede7ad11c66b5943153da66
org.elasticsearch.test	logger-usage	7.5.1		482db75cd33e908e3e84fb962352dc9ee750f771
org.elasticsearch.test	logger-usage	7.5.2		163549f6b6769ee5f85b60b11574274b8dc5e9a1
org.elasticsearch.test	logger-usage	7.6.0		388f73322996c98ca559b942d33e4207bcf0e88e
org.elasticsearch.test	logger-usage	7.6.1		02835d3ca9962102dc657a56d0665b0058bfda02
org.elasticsearch.test	logger-usage	7.6.2		9cbe80efe7139efdf11e392fedb5cd134075a85d
org.elasticsearch.test	logger-usage	7.7.0		01ed0fd87e55ea208e779301033abe02b71dc78c
org.elasticsearch.test	logger-usage	7.7.1		4ab53426f7ba1e24fd3685fcbad7ed4ce5d1dc66
org.elasticsearch.test	logger-usage	7.8.0		93ee64ef5b7908128f1832adbc88a2a93b18be6c
org.elasticsearch.test	logger-usage	7.8.1		5449f7b9d7cd350ec106ae3d0188351dfbe86b49
org.elasticsearch.test	logger-usage	7.9.0		92ecf91d15351dcc411bc1756b37e2d956128b81
org.elasticsearch.test	logger-usage	7.9.1		6d7a091435b487f1f4a92f51e742602ec00984c4
org.elasticsearch.test	logger-usage	7.9.2		c1421cbb930b04cabf03a8085aaa820b8a637bff
org.elasticsearch.test	logger-usage	7.9.3		4adda6c48909c0ea2ebe35903e639395474a05eb
org.geoserver.maven	plugins	1.4.0-M1		N/A
org.geoserver.maven	plugins	1.4.0-RC3		N/A
org.geoserver.maven	plugins	1.4.0_gt2.2.x		N/A
org.geoserver.maven	plugins	1.5.0-RC3		N/A
org.geoserver.maven	plugins	1.6-beta3		N/A
org.infinispan	infinispan-spring4-embedded	10.0.0.Alpha1		6789b0c42d1e478a618926e7bd986644ab35a0c4
org.infinispan	infinispan-spring4-embedded	8.1.0.Beta1		0475ba4e1072430fd9c0729b5e36921f8d2fb2e8
org.infinispan	infinispan-spring4-embedded	8.1.0.CR1		9a7b2c806d96a89e2782abd3a5dd5cc8586500f2
org.infinispan	infinispan-spring4-embedded	8.1.0.Final		98f778db4100ead8e39806b3804856d584646f0b
org.infinispan	infinispan-spring4-embedded	8.1.1.Final		78873ed0e2b181d3a08ba99ef5c810ac4ec805b9
org.infinispan	infinispan-spring4-embedded	8.1.2.Final		11f677dea0c1cbb74fb6ad3f930fb7cfc12ed94c
org.infinispan	infinispan-spring4-embedded	8.1.3.Final		c1799628059094e516580850ae85c49cb116ee0b
org.infinispan	infinispan-spring4-embedded	8.1.4.Final		c34ae54b47bf8ede3f4ee8aa93cfd722aa17cbc5
org.infinispan	infinispan-spring4-embedded	8.1.5.Final		9a1e0c9d7560357580ebe2ff9f5a5a571522a5ed
org.infinispan	infinispan-spring4-embedded	8.1.6.Final		f4cc15872ac6feb7df868f87d409bf38add74f86
org.infinispan	infinispan-spring4-embedded	8.1.7.Final		56bd8ec874a32543ee5703f35dee53b61ae26787
org.infinispan	infinispan-spring4-embedded	8.1.8.Final		4fbf1ac8d02c2ef6f02fe7ccc44f8c9065b223e2
org.infinispan	infinispan-spring4-embedded	8.1.9.Final		eb71d19b266d0a670d84ec696d7aff94b319a225
org.infinispan	infinispan-spring4-embedded	8.2.0.Beta1		63d886974586a85290119ee543ebf1abd9f05dd3
org.infinispan	infinispan-spring4-embedded	8.2.0.Beta2		d6c806216acbc320b6ff834761737b86a7df9632
org.infinispan	infinispan-spring4-embedded	8.2.0.CR1		3115115cfc2f7d5fbe6a2958fcb4b1d4a8ddce4f
org.infinispan	infinispan-spring4-embedded	8.2.0.Final		236bb4cceb38a0845b42bc9fb0d3c1ddac6db6af
org.infinispan	infinispan-spring4-embedded	8.2.1.Final		01b80ed3530ff6164c617b41f7c5e01c7cbf2377
org.infinispan	infinispan-spring4-embedded	8.2.10.Final		8354bff2b6f3aa2844b4cf7c52d36b0857568a4f
org.infinispan	infinispan-spring4-embedded	8.2.11.Final		30fc31276d9c4b8867e501730a7b54e8cd018290
org.infinispan	infinispan-spring4-embedded	8.2.12.Final		6c1c65414007e20a25d5dbe23ee824419a19b5cf
org.infinispan	infinispan-spring4-embedded	8.2.2.Final		e3defbdc258d1efd4e29938ceb41265d2e9c219f
org.infinispan	infinispan-spring4-embedded	8.2.3.Final		dbbf99882ec718b1270e3a3e63fdc4ffb6bccca1
org.infinispan	infinispan-spring4-embedded	8.2.4.Final		e8dd6d2d898113a8225fc70c83db867aaacf3a71
org.infinispan	infinispan-spring4-embedded	8.2.5.Final		a01942c296ff03f0849a42a020150bc20f8b0b47
org.infinispan	infinispan-spring4-embedded	8.2.6.Final		884b48ebe86644e89cefeaa802f4c1bc666a9e63
org.infinispan	infinispan-spring4-embedded	8.2.7.Final		e2e61d357e182df3716ae98907521725c782e900
org.infinispan	infinispan-spring4-embedded	8.2.8.Final		0a075cccb9303a81cff26bc4ba0bb2c6e9eefb84
org.infinispan	infinispan-spring4-embedded	9.0.0.Alpha1		42523c5400c073d014ed56ec853d2d02f518d601
org.infinispan	infinispan-spring4-embedded	9.0.0.Alpha2		2bc028f46e91b0e553fb5ca3295171e3b4584fb9
org.infinispan	infinispan-spring4-embedded	9.0.0.Alpha3		49faa02fb1df6c57f04b42040e128aca5bb4f7ce
org.infinispan	infinispan-spring4-embedded	9.0.0.Alpha4		aa8d763e8f174a5938a4d3b02c4bde308be81c0e
org.infinispan	infinispan-spring4-embedded	9.0.0.Beta1		36583d8be308f7e249b5248b8695f8c6f2918103
org.infinispan	infinispan-spring4-embedded	9.0.0.Beta2		79d9d026f4642dfb0a0b363bbf6561653de12685
org.infinispan	infinispan-spring4-embedded	9.0.0.CR1		bbe2a32fc8467ab8dcccba6a105d52bcbf71ee58
org.infinispan	infinispan-spring4-embedded	9.0.0.CR2		ae3898f1479de2e43e2c3cf704e0365743cdf52d
org.infinispan	infinispan-spring4-embedded	9.0.0.CR3		44a32eea50ccd2343d9960a917b186251af69aea
org.infinispan	infinispan-spring4-embedded	9.0.0.CR4		006d5996c324704601ae9200f14d815758e609ea
org.infinispan	infinispan-spring4-embedded	9.0.0.Final		88df105e5ff0452145f226d72e1beef512fd1fc2
org.infinispan	infinispan-spring4-embedded	9.0.1.Final		ebf2de95137767502f484a0df3dce16c4f191a2d
org.infinispan	infinispan-spring4-embedded	9.0.2.Final		26b5c92a86ca270091abd5ca0e2936e801d9b801
org.infinispan	infinispan-spring4-embedded	9.0.3.Final		d76f31d87fdf7285802afae6e5b8824258fee019
org.infinispan	infinispan-spring4-embedded	9.1.0.Alpha1		804934e286a52fe727bfd4e24c92c47e6182150b
org.infinispan	infinispan-spring4-embedded	9.1.0.Beta1		d99bd1a3fe5e710254d749e4ec7c6ee7756f1cf7
org.infinispan	infinispan-spring4-embedded	9.1.0.CR1		4e8ba76db24241a4d687664cbfedf8a93f15ac41
org.infinispan	infinispan-spring4-embedded	9.1.0.Final		79aa239d2adaabc7d806d67e66ce70f4072ffdcd
org.infinispan	infinispan-spring4-embedded	9.1.1.Final		0234ff54be96ac54b24c1b14f89887dd003643fe
org.infinispan	infinispan-spring4-embedded	9.1.2.Final		0d773b34deb92198fb469ce0b8b15966218c2585
org.infinispan	infinispan-spring4-embedded	9.1.3.Final		9daaee806544e51bb55418a73e88ae6478975550
org.infinispan	infinispan-spring4-embedded	9.1.4.Final		ad0a558079c603e86e99aebe50c9c422aa0442ba
org.infinispan	infinispan-spring4-embedded	9.1.5.Final		0788149dec877cb990351d04b0b00db6938912e2
org.infinispan	infinispan-spring4-embedded	9.1.6.Final		e525d847581c87833fb90896afb9009948524e28
org.infinispan	infinispan-spring4-embedded	9.1.7.Final		49033b2f8adcb8676b8001acd2fcebf1f618819b
org.infinispan	infinispan-spring4-embedded	9.2.0.Alpha1		cec28830b3a28bfa89063a3f99f341d9bdd17af7
org.infinispan	infinispan-spring4-embedded	9.2.0.Alpha2		fc45d8e6cd0c2add2fe04d083fc017a3b29dd719
org.infinispan	infinispan-spring4-embedded	9.2.0.Beta1		1bad9c4e04021f79bc4436c651eb3775488cbcde
org.infinispan	infinispan-spring4-embedded	9.2.0.Beta2		86f58f568cdfb1d7035389f233c54127d4fe5c8f
org.infinispan	infinispan-spring4-embedded	9.2.0.CR1		02b0d1b80ae72810b48d84107ce16e44fa1e14c3
org.infinispan	infinispan-spring4-embedded	9.2.0.CR2		a81ce6e11246f4ab2ae417e0b7d68b86564b3f18
org.infinispan	infinispan-spring4-embedded	9.2.0.CR3		44fd934ac5b1ec5605d411d3b32ba8ee89ea3295
org.infinispan	infinispan-spring4-embedded	9.2.0.Final		f460e210ed978d3df2cdcdc665b2d82b96dddae3
org.infinispan	infinispan-spring4-embedded	9.2.1.Final		4af311aa2c8d566e93c91b0e9f4ce0900f16990a
org.infinispan	infinispan-spring4-embedded	9.2.2.Final		1ecbbc37040db4d0430c3cbd39c2ecdcf2f07a40
org.infinispan	infinispan-spring4-embedded	9.2.3.Final		4194133780f8ed90730ba876525998ee97dcb02f
org.infinispan	infinispan-spring4-embedded	9.2.4.Final		7d6d67c9e6751784336ca4aa706f8e056c9cfa55
org.infinispan	infinispan-spring4-embedded	9.2.5.Final		e3d5aaaadc41b92e6767674a2a592bad62c2702b
org.infinispan	infinispan-spring4-embedded	9.3.0.Alpha1		d3627dc8b71126bf93514d78bab1413ef8d6e44e
org.infinispan	infinispan-spring4-embedded	9.3.0.Beta1		c545df17450dd770a61eaf2c8d1b93e6ccd80bca
org.infinispan	infinispan-spring4-embedded	9.3.0.CR1		d522bc57fe554469a8b5ea4ecf555163471fa093
org.infinispan	infinispan-spring4-embedded	9.3.0.Final		c168abbafa8d57d9ba353c6b015aa5f4c3213647
org.infinispan	infinispan-spring4-embedded	9.3.1.Final		c0250188d2b5c4693c43a1d14da113dfece7c842
org.infinispan	infinispan-spring4-embedded	9.3.2.Final		0dd7452ed2f11c4cda1e80544c326ef779d79a88
org.infinispan	infinispan-spring4-embedded	9.3.3.Final		112bfe12fe66880ccd8dbd306d215fe3a101a3cf
org.infinispan	infinispan-spring4-embedded	9.3.4.Final		cfe666ff91c9e615e74985208c0b3ee844e8f0a5
org.infinispan	infinispan-spring4-embedded	9.3.5.Final		f0238d4eb59fdd6543548c366adf47f3293372c3
org.infinispan	infinispan-spring4-embedded	9.3.6.Final		15d6048eabe14b4adc9b3015c02bd201ad32fd1d
org.infinispan	infinispan-spring4-embedded	9.3.8.Final		310f38ed22b90bf627152d24527df80069559c17
org.infinispan	infinispan-spring4-embedded	9.3.9.Final		a21d06cec2c968308392576ffec87396b8bc2675
org.infinispan	infinispan-spring4-embedded	9.4.0.Alpha1		35ae3f9bf1b6ae174a7e0e4d57adb37656baa0b0
org.infinispan	infinispan-spring4-embedded	9.4.0.Beta1		6416ec8da7b96071f8a323c0da98d7f3050d56c7
org.infinispan	infinispan-spring4-embedded	9.4.0.CR1		3d2db79fdce9dc6c17e3341fb6fa591bf4402336
org.infinispan	infinispan-spring4-embedded	9.4.0.CR2		92234bc78d54db9b7068bac624a02a61a7ced69a
org.infinispan	infinispan-spring4-embedded	9.4.0.CR3		674418277ae41319db844ddb08207ec6cc5b3f4f
org.infinispan	infinispan-spring4-embedded	9.4.0.Final		7492fe0ff287e2c42f2c458279eef2d88919f288
org.infinispan	infinispan-spring4-embedded	9.4.1.Final		14a170b9450feb17835855f142f76a1bdaaf1532
org.infinispan	infinispan-spring4-embedded	9.4.10.Final		4b8c43de1bd91e91a5fa97930b16ba3236f9259d
org.infinispan	infinispan-spring4-embedded	9.4.11.Final		8ef63bad3fa9563da7155593594e0c41e777fe26
org.infinispan	infinispan-spring4-embedded	9.4.12.Final		63423f3eb4269e97f4d978f92c73039ce47dbf56
org.infinispan	infinispan-spring4-embedded	9.4.13.Final		a6edc6322141c43c1f023f23e9f334d9d152d8ba
org.infinispan	infinispan-spring4-embedded	9.4.14.Final		557b93815d5d2846b84262ee350f03dda7cd19dc
org.infinispan	infinispan-spring4-embedded	9.4.15.Final		02d7889a85817733545e323fc658eb7bc0188fd0
org.infinispan	infinispan-spring4-embedded	9.4.16.Final		e9b9ed7c0f4c8afb9ab4f56ccbe75ed378cdcc55
org.infinispan	infinispan-spring4-embedded	9.4.17.Final		7efeb7d8639a535fd7704517d8b24299e693fd43
org.infinispan	infinispan-spring4-embedded	9.4.18.Final		51c7cd7924666376b979eae9947abd96badea5c7
org.infinispan	infinispan-spring4-embedded	9.4.19.Final		54dda6253400b64b3b56bb1609d9d0536f1c14e1
org.infinispan	infinispan-spring4-embedded	9.4.2.Final		614f348b070a3771d978af89d7d57341897e3fe6
org.infinispan	infinispan-spring4-embedded	9.4.20.Final		7b798bfb275888954677b9cef66845dc6db185cc
org.infinispan	infinispan-spring4-embedded	9.4.21.Final		ed8fe37e8f60f0ada3d765bb2978c6c59bf93b9c
org.infinispan	infinispan-spring4-embedded	9.4.22.Final		eeeec63a5fd3509af6ffde0aabb34954379376ef
org.infinispan	infinispan-spring4-embedded	9.4.23.Final		21d3a8db6ced42ea053ce7a58aad5866179b83bc
org.infinispan	infinispan-spring4-embedded	9.4.24.Final		34b0e21dad4d41cee03f8788d0216c229afb207d
org.infinispan	infinispan-spring4-embedded	9.4.3.Final		27ca35c2c3fa8bd6b7b6f637a60dc4ba780b502b
org.infinispan	infinispan-spring4-embedded	9.4.4.Final		6f05e62b5b832eb48da973c1e67322946a400023
org.infinispan	infinispan-spring4-embedded	9.4.5.Final		b7bc7cca92c24d6d4af28071131e730da4c48682
org.infinispan	infinispan-spring4-embedded	9.4.6.Final		ae4f8bb8286df292b4e3822f844e0b03c0b1ec4c
org.infinispan	infinispan-spring4-embedded	9.4.7.Final		b652eb8ac5eef86a777b08c6e0a989314552b527
org.infinispan	infinispan-spring4-embedded	9.4.8.Final		5ec93d90a5458b4315d0e5daf4a6b75ba795a715
org.infinispan	infinispan-spring4-embedded	9.4.9.Final		68f3a5470935b7e9dc427c59db75c7a8c3b4fa42
org.jvnet.hyperjaxb3	hyperjaxb3-ejb-samples-uniprot	0.5.1		N/A
org.jvnet.hyperjaxb3	hyperjaxb3-ejb-samples-uniprot	0.5.2		N/A
org.jvnet.hyperjaxb3	hyperjaxb3-ejb-samples-uniprot	0.5.3		N/A
org.jvnet.hyperjaxb3	hyperjaxb3-ejb-samples-uniprot	0.5.4		N/A
org.jvnet.hyperjaxb3	hyperjaxb3-ejb-samples-uniprot	0.5.5		N/A
org.kevoree.library	org.kevoree.library.kevscript	5.5.0		ad47a4a2f04fd2c456bea21dc5ac6a4c82bab28f
org.kevoree.library	org.kevoree.library.kevscript	5.5.2		4c12cabd3fd90b6ba60564acae5ee3f282c39131
org.kevoree.library	org.kevoree.library.kevscript	5.5.3		cce1de7d42a76d52022857580911d972e5bf6631
org.knowm.xchange	xchange-stream-kucoin	5.1.1		0c66141b35362c3944909e68afaaad512a6785b5
org.knowm.xchange	xchange-stream-kucoin	5.2.0		943f29cedd597803ad48f2c6c5a6514b2a3adcf9
org.knowm.xchange	xchange-stream-kucoin	5.2.1		0e83334700531af9e18ed3f323f3eb3b1c5731a2
org.knowm.xchange	xchange-stream-kucoin	5.2.2		64b3bfb5e48a798b79400f7ccc0e7315967c25cb
org.lucee	com.twelvemonkeys.imageio-tiff	3.8.2		308ef7e28197febe993f52efa4eaa720996a7e76
org.lucee	com.twelvemonkeys.imageio-tiff	3.9.3		67a45ba9fd9bcd2d36c50c95b66c5311d47d2493
org.mariadb	r2dbc-mariadb-0.9.1-spec	1.2.2		f01c67698bf7e67aa7ab08b9afb9e785e4c089b6
org.mariadb	r2dbc-mariadb-0.9.1-spec	1.3.0		a871067aac5d84c1d0c3aa20785b4efe80f9b3cb
org.noear	folkmq-store-jdbc	1.7.11		97bde8190a0b6d183db72d939c301e1709fa2e43
org.opencb.oskar	oskar-app	0.2.0		d410f63b921b0371c4675c1f7d28297652fe750e
org.opencb.oskar	oskar-app	0.2.1		102357ca90f3e4c7b4ffb8afa1a40dcd02859354
org.opensingular	app-commons	1.7.0		7169501fb91b537f81ecaa2d7239aabe2b2f5165
org.opensingular	app-commons	1.7.0.1		ec210174218ccda0dc917e90940b992bd9c82e56
org.opensingular	app-commons	1.7.0.2		f3cde1955d0d5072c8cc28dc79784d78a46d5711
org.opensingular	app-commons	1.7.0.3		2807e78775d40ca0cc8be52bc549c7989455e7eb
org.ops4j.pax.transx	pax-transx-checkstyle-rules	0.3.0		7f3b07c4d256897aff055f6d8945f53bffe2949c
org.ops4j.pax.transx	pax-transx-checkstyle-rules	0.4.0		9246d07f5536d96b643ede932286378822733cc4
org.ops4j.pax.transx	pax-transx-checkstyle-rules	0.4.1		02211dc659b5799a51bcbc340b3866ecdc1c4f05
org.ops4j.pax.transx	pax-transx-checkstyle-rules	0.4.2		0fe1abba0ed7c92e29ea688b6aeddb7800008517
org.ops4j.pax.transx	pax-transx-checkstyle-rules	0.4.3		80374787b36c83df3d84b76a9393bf1fc2004173
org.ops4j.pax.transx	pax-transx-checkstyle-rules	0.4.4		0219b27a09e8c37db08a85dce6048329f47eb5a2
org.quickgeo	quickgeo-nl	0.1.0		886f38b7297026be941bb1d913195244174cf09c
org.scalatestplus	testng-6-7_0.24	3.2.0.0		31cde561d466df05033a556d974f13974cc8a2e9
org.sonatype.mercury	mercury-mp3-delta	1.0-alpha-1		c1d0136fb92832a31d46db25ca3b3be8eaa08753
org.typelevel	discipline-scalatest_sjs1_2.12	1.0.1		9073baa03aca794e9934610cc96acaeb312cdd3e
org.typelevel	discipline-scalatest_sjs1_2.12	2.0.0		3fe05657dbaf8fca63ec420031272175c2e7a860
org.typelevel	discipline-scalatest_sjs1_2.12	2.0.1		481cbbc08fb5600c6f515a243a31ccb8052b6393
org.typelevel	discipline-scalatest_sjs1_2.12	2.1.0		527611ebc2fe9112099ffe12d174582e74c77534
org.typelevel	discipline-scalatest_sjs1_2.12	2.1.1		2ddd40c5f7c5b8c12869972a8e547cf7d31b28c2
org.typelevel	discipline-scalatest_sjs1_2.12	2.1.2		d7ed9f6520a30e2156a4c09a55be9419092d6b7c
org.typelevel	discipline-scalatest_sjs1_2.12	2.1.3		1063562f4023b76b71023e01c0b41a8b099cb0b3
org.typelevel	discipline-scalatest_sjs1_2.12	2.1.4		fe64d0e7ae3f810895127c59367f55906d2c4950
org.typelevel	discipline-scalatest_sjs1_2.12	2.1.5		b01f21ae10c48eccf03649d11411ebe8a6554604
org.typelevel	discipline-scalatest_sjs1_2.12	2.2.0		0e4b5ef0045f9ccfbb88c1a5b5e063466732945b
org.typelevel	discipline-scalatest_sjs1_2.12	2.3.0		e9659f6559e090ab944bfd2b5d869fce4b698f7a
org.vx68k.bitbucket	bitbucket-webhook	1.0		7f1d17a214f2499026c2ed09d9944bf959a37cc4
org.vx68k.bitbucket	bitbucket-webhook	5.0-alpha.1		a0c0c9d6a92d07fb400c7d7448fe0056a44013bb
org.vx68k.bitbucket	bitbucket-webhook	5.0-alpha.2		dc9e146987d741fdc1187d29e2d4964e97bd8466
org.vx68k.bitbucket	bitbucket-webhook	5.0-alpha.3		ed41fe8a77246f6341098fb49a4e704d29671986
org.vx68k.bitbucket	bitbucket-webhook	5.0-alpha.4		5b7bb0852dad7f8742d6b8888961c11a88b17f2d
org.vx68k.bitbucket	bitbucket-webhook	5.0-alpha.5		08dd97ac1be0c2d59410660b5eb99a97d504476e
org.vx68k.bitbucket	bitbucket-webhook	5.0-alpha.6		5908350179043154eb589bd6f7f7358b2cf90d10
org.vx68k.bitbucket	bitbucket-webhook	5.0-alpha.7		9abf531247c98badf8f9f3d9adaba5ab4edbe3ab
org.vx68k.bitbucket	bitbucket-webhook	5.0.0		f25b29650d9345e3bf0731862451a4bcc1b8f0af
org.webjars.bowergithub.jquery	jquery-mousewheel	3.1.13		89ff64bb8c1d4e0a02c2c2900fde3539a18d7f73
org.webjars.npm	columnify	1.5.2		73684d17c4a5b3152787cd5580ad73e49de89c38
org.webjars.npm	columnify	1.5.4		aa766792d78cb1c6f115282f4ac2d8e75ca19d02
org.webjars.npm	rmwc__floating-label	8.0.1		ea47fe9a0f6ee3f3e5c63756ef05b9e6653d4c5f
us.springett	alpine-common	2.0.0		7d386b11ca0c46e0e3d9af24e4d08f559ee25b9e
us.springett	alpine-common	2.1.0		1abb2ea212f14be41c82ea9a36ab249a8da639c3
us.springett	alpine-common	2.2.0		5609ef5f54afd6dc78b29f9366fdff5e68285e32
us.springett	alpine-common	2.2.1		e2a0bf2d89d8e0933f5732682ccbdd72547b0154
us.springett	alpine-common	2.2.2		41e5d6402f8c40bee82bff948740098fa607ecbe
us.springett	alpine-common	2.2.3		baa0e44dd38dac2d3d5b4e49902bc3814642297d
us.springett	alpine-common	2.2.4		a9318b75f2a294e1a347ee5c54711d317ac5b09c
us.springett	alpine-common	2.2.5		ddf81da0ff4832f0a03f091a47e7170f4da13a33
us.springett	alpine-common	3.0.1		3fe8eb875b10f0c0a3d795fb154128c48c46fbed
us.springett	alpine-common	3.1.0		3ea3d008df9147e9f2a4b4e1e918d6a2b9b31143
us.springett	alpine-common	3.1.1		731031decaeabe9c838482f35a6d68a41bea57a5
us.springett	alpine-common	3.1.2		ca4bdde22a824f37799b4a2902fd5dabfbbe5a34
us.springett	alpine-common	3.2.0		30f690ee58b18db20f889f0bbf2407304e198466
xyz.migoo.springboot	migoo-webserver-infra-sys	1.2.1		b59a484ce9efc32462147ae545a0f173f22919d3
xyz.migoo.springboot	migoo-webserver-infra-sys	1.2.2		ae7a83684a48a88aeae1131b10ab8327b834d40a
xyz.migoo.springboot	migoo-webserver-infra-sys	1.2.3		c7c079f74acb71288bfc854fe0a21f5a3217d944
xyz.migoo.springboot	migoo-webserver-infra-sys	1.2.4		5850529f94597955f2d63c2df415b447750c714f
xyz.migoo.springboot	migoo-webserver-infra-sys	1.2.5		3540c8b9e6109f79c6c7074ef4d1721ad81b1f38
xyz.migoo.springboot	migoo-webserver-infra-sys	1.2.6		26a6c99d77b946cb4f3f170958d63e0cb63b5a35
xyz.migoo.springboot	migoo-webserver-infra-sys	1.2.7		f3640acc3925c7f187e804b278dacda2975989da
xyz.migoo.springboot	migoo-webserver-infra-sys	1.2.8		35f8f0526df4cc16da58917ebf73d1685dfba2c4
