ai.tock	tock-nlp-front-ioc	19.9.0		a27f3e173c973e4b3b9604272c592986d12db34f
ai.tock	tock-nlp-front-ioc	19.9.1		99ee473ddf63d1c7a1835b54504879f58ea52671
ai.tock	tock-nlp-front-ioc	19.9.2		8bace6b1505c15e3f5c4d73596f23bf0e588ca4f
ai.tock	tock-nlp-front-ioc	19.9.3		0110b253d0fe7e7332769c1d642c94f25d15b4b5
ai.tock	tock-nlp-front-ioc	19.9.4		f74ba0e24976198b41ae46c6f6851f4fc133dc2c
ai.tock	tock-nlp-front-ioc	20.3.0		579352def67cf58cbc4dfd6fc8143a933d3d1fc1
ai.tock	tock-nlp-front-ioc	20.3.1		aeef854f47be5b8e3d59511a37347f759dbd47ab
ai.tock	tock-nlp-front-ioc	20.3.2		081a179ba8fadf8bc5af99f6c69833b3aa7eb702
ai.tock	tock-nlp-front-ioc	20.3.2-1		e25a31f841be197732be6cdcdf2cb36ab8c6f0ab
ai.tock	tock-nlp-front-ioc	20.3.2-2		61dfd0003451cb8bea34ab34a80a1b5d7caaf11b
ai.tock	tock-nlp-front-ioc	20.3.3		4c6fd8178fc3df7bb6461c186a99ec8fd7930065
ai.tock	tock-nlp-front-ioc	20.3.4		9db7c622ea7cbef2077308933bfe83b34ab872b5
ai.tock	tock-nlp-front-ioc	20.9.0		59df1e9edfc4d29c80ca5ebf1d8120cca718c4ac
ai.tock	tock-nlp-front-ioc	20.9.1		5bdf24a5464adfbdb7641a1d78c562d70c170768
ai.tock	tock-nlp-front-ioc	20.9.2		8634eeced44a0166dfddd654913411e0556f17aa
ai.tock	tock-nlp-front-ioc	20.9.2-1		5db8fcdabcc262341f9c4aa8305674dc1fe3a4cd
ai.tock	tock-nlp-front-ioc	20.9.3		b533273b54d4ee6946aafbcb210ca277e6195db6
ai.tock	tock-nlp-front-ioc	21.3.0		34b0d7a4c6a6ef83a720319014666c96dc8ae3ef
ai.tock	tock-nlp-front-ioc	21.3.1		40bebaa603b454dcd58782cfe0a06cfc0f2c467c
ai.tock	tock-nlp-front-ioc	21.3.2		91f70daf5e6e36232feefa320ed586a989609d00
ai.tock	tock-nlp-front-ioc	21.3.3		7b1332088845fe4b815a45b213476ef994b7c598
ai.tock	tock-nlp-front-ioc	21.3.4		c93722f4dc120dff2b4a60d9d51c64682a72770c
ai.tock	tock-nlp-front-ioc	21.3.5		dfda1d68bd76032476b4cf1b63a72dec3e4820bb
ai.tock	tock-nlp-front-ioc	21.9.0		1fe1fc40e175a329c4ce289e68cece3fa4f66f25
ai.tock	tock-nlp-front-ioc	21.9.1		c50c3cd88ba777f96e677bb25c11eb9cf81437b1
ai.tock	tock-nlp-front-ioc	21.9.2		f2f893ecb6b1a6661988c44a21ff2a969975f510
ai.tock	tock-nlp-front-ioc	21.9.3		3222c435ad487dd4d817a7d05230d28d606416b6
ai.tock	tock-nlp-front-ioc	21.9.4		9acc249ff3654f20076097d786254dd8f58231a5
ai.tock	tock-nlp-front-ioc	21.9.5		7e58f081daaf7f8c06c747dbb2825068b058cbc1
ai.tock	tock-nlp-front-ioc	21.9.6		42e9579eb872d8e69373d93b5d68fe93c1338eeb
ai.tock	tock-nlp-front-ioc	22.3.0		a3cb954ce6b8abb125fa5cc986817e155fc5695e
ai.tock	tock-nlp-front-ioc	22.3.1		090b6360b8448f05305a1e09069174d648868172
ai.tock	tock-nlp-front-ioc	22.3.2		7a9ae9c566f8f8cbf46ef268fcad28aa151a5a24
ai.tock	tock-nlp-front-ioc	22.9.0		32b0222b9f4d5d5bc631ea8267b4aa474180dc98
ai.tock	tock-nlp-front-ioc	22.9.1		920a734993846a47a8a44ea7fe85b52281585867
ai.tock	tock-nlp-front-ioc	22.9.2		d877a7bb74936ed6eb1d4c93528e09fedc2fc19e
ai.tock	tock-nlp-front-ioc	22.9.3		ccaa7a1c87a07d52db0289a641232217d4f55fff
ai.tock	tock-nlp-front-ioc	22.9.4		21104b41092012a99048742436bf5955c8f15e8f
ai.tock	tock-nlp-front-ioc	22.9.5		47ccfdaf600e0c01fb243c05cb574359ef7fb164
ai.tock	tock-nlp-front-ioc	23.3.0		023cba0a1a801aca55da06631df1394c125f081c
ai.tock	tock-nlp-front-ioc	23.3.1		4d6ecbe7c670f47da69c597c5ceed2ffb3140c63
ai.tock	tock-nlp-front-ioc	23.3.2		ed3fecc5ad6f8117661aea50655a5b16b6f4669c
ai.tock	tock-nlp-front-ioc	23.3.3		a91147aa4d08b964115b987b5c3c33d7a431533f
ai.tock	tock-nlp-front-ioc	23.3.4		3c3b549bf1a3c4f58269f3fc0f3f60d2145612c2
ai.tock	tock-nlp-front-ioc	23.9.0		b0a123b84905b90dc0048b5648dba495d798d9e0
ai.tock	tock-nlp-front-ioc	23.9.1		8d0431126b9047e3be47a31c3e67f5178ef369ef
ai.tock	tock-nlp-front-ioc	23.9.2		4c6949d787b846c6fef144a316f76b517782277f
ai.tock	tock-nlp-front-ioc	24.3.0		28a032df41046d363b56f4258bf336e61c294cd8
ai.tock	tock-nlp-front-ioc	24.3.1		5221672d6b03879cc461075875210847e3e96e58
ai.tock	tock-nlp-front-ioc	24.3.2		23f05944e11e3db1b907098a3329588d7da547c2
ai.tock	tock-nlp-front-ioc	24.3.3		08a985fa42344c558e08324b69da67a53fcbc07f
ai.tock	tock-nlp-front-ioc	24.3.4		fafea1b748c996732d8b06268f4a7c69ec0a3eaa
ai.tock	tock-nlp-front-ioc	24.3.5		96b48fa5d13fec824c07dccef16e2e49cc4a4287
ai.tock	tock-nlp-front-ioc	24.3.6		261941e590cc5bf966e59740fe2319d1030d813e
ai.tock	tock-nlp-front-ioc	24.9.0		7ba02a47d4f4ee08b674dc6ba8b5844ada655937
ai.tock	tock-nlp-front-ioc	24.9.1		567e4b44084d7b91e19c7d5f5e7230226ed2d187
ai.tock	tock-nlp-front-ioc	24.9.2		7184c9d75a9c92aa1414d276e04e18a4481491d2
ai.tock	tock-nlp-front-ioc	24.9.3		55f45cccf125e44ea170f697b0f4c938aa42c8cb
ai.tock	tock-nlp-front-ioc	24.9.4		68f31dd2ad6c9a41a25a1f2b7d19ddd1438ea024
ai.tock	tock-nlp-front-ioc	24.9.5		de0e8e8261534546853b2c3bf0083852628e39d5
ai.tock	tock-nlp-front-ioc	24.9.6		304680455b428a3afd9713f023b25ba3736dff6d
ai.tock	tock-nlp-front-ioc	24.9.7		675c7cbe03c955738785039c7396f7831a6ac7b0
ai.tock	tock-nlp-front-ioc	24.9.8		0bf256e577bbecaf284856793e63fc6d4eb04ed5
ai.tock	tock-nlp-front-ioc	25.3.0		d37246f0afd7a0a2e76d0a9b1a9cb5a55dc478ea
ai.tock	tock-nlp-front-ioc	25.3.1		dff6cab291378c0497ebe7e3f38b9bb6628ea99b
ai.tock	tock-nlp-front-ioc	25.3.2		0c72b62a4000131a3f6da8b652e00c60a382da37
ai.tock	tock-nlp-front-ioc	25.3.3		598fa6cb1d18b60feeae04d5d2138ee21dcd4557
app.cash.redwood	redwood-lazylayout-schema	0.10.0		1a9ac28e08fc71e31b7a82e1a9ae0318324d67d3
app.cash.redwood	redwood-lazylayout-schema	0.11.0		03a3225ffd07c21db1f6a7e2d5220a7df7ea9004
app.cash.redwood	redwood-lazylayout-schema	0.12.0		c73f3ac943b58db48dd64199eb33176423095dfc
app.cash.redwood	redwood-lazylayout-schema	0.13.0		0d59bee98c81e62241b0f5c0b106ba3b61f28b3f
app.cash.redwood	redwood-lazylayout-schema	0.14.0		306c5aab3730680f472b904875143c16748d8fb0
app.cash.redwood	redwood-lazylayout-schema	0.15.0		d8e1df4b029637f5f3cb1e04538d7a193035fb7e
app.cash.redwood	redwood-lazylayout-schema	0.16.0		3cfcd9efd044bbfd9ae626ee7d82c1dd27e2bd25
app.cash.redwood	redwood-lazylayout-schema	0.17.0		112b3f0ed4d438154369c2c2565a72f2936cf766
app.cash.redwood	redwood-lazylayout-schema	0.3.0		43b6b0a68873f2a2c5e8d149174b88641309011b
app.cash.redwood	redwood-lazylayout-schema	0.4.0		cc6832381ffb2157f7fb4e45f0770ff989ca057a
app.cash.redwood	redwood-lazylayout-schema	0.5.0		6357f9270e5b3df85cef65ac43e5b9ef01b423eb
app.cash.redwood	redwood-lazylayout-schema	0.6.0		cfdc3b6d629200ea37adad221be9802b71ccf6c7
app.cash.redwood	redwood-lazylayout-schema	0.7.0		5118297f0a685f19034a5f40204ba7c6ed63a503
app.cash.redwood	redwood-lazylayout-schema	0.8.0		6f8a71f055f743373eb2dba445039a78ea7a535b
app.cash.redwood	redwood-lazylayout-schema	0.9.0		2e1b38790caab0ca76b67fd0c63053ea5b47a317
ca.gosyer	accompanist-placeholder-iosx64	0.25.1		N/A
ca.gosyer	accompanist-placeholder-iosx64	0.25.1	metadata	c7e7c5d2b6c31a0c3074a6e8220dba3cbcebb894
ca.gosyer	accompanist-placeholder-iosx64	0.25.2		N/A
ca.gosyer	accompanist-placeholder-iosx64	0.25.2	metadata	a776bb5f804707c588399e0752caabcad6821e06
ca.gosyer	accompanist-placeholder-iosx64	0.30.1		N/A
ca.gosyer	accompanist-placeholder-iosx64	0.30.1	metadata	de3750b4a0098b0e6bd513f2cc3b100d79fdc7fe
ch.rotscher.maven.core	maven-core-extensions	0.1.1		742f0b540db0bca27c346487bce3e2f06b339411
ch.rotscher.maven.core	maven-core-extensions	0.2.0		6303398956f8f34be8d46e9f816152e8410ac53f
ch.rotscher.maven.core	maven-core-extensions	0.3.0		e3b7dcee73353f4cc6dec30b9d1bc3d0faa28209
ch.rotscher.maven.core	maven-core-extensions	0.3.1		75a58f325ff7a1ff4a10db95f3f8a2743a79808f
ch.rotscher.maven.core	maven-core-extensions	0.3.2		76fc53f375071f4776d466af34b63e4986ed3a1d
ch.rotscher.maven.core	maven-core-extensions	0.3.3		a382a65b9191426b5043d5fb0485f841d220f37b
ch.rotscher.maven.core	maven-core-extensions	0.3.4-pre-3		d9b8b79295164f89280b2c9fe69560ef92eedd30
cn.home1	oss-lib-security	1.0.7.OSS		N/A
cn.home1	oss-lib-security	1.0.8.OSS		N/A
cn.schoolwow	QuickDownload	1.0.1		883167298b6461ee3b62ec0db54313e3660f9994
cn.schoolwow	QuickDownload	1.0.2		69d4ea7fac5ed97213eaa2830d39fc7fcb3dd324
cn.schoolwow	QuickDownload	1.0.4		d68dedebfc1ed9d1e0aeb89ad8d0e6fcc2a1a97f
cn.schoolwow	QuickDownload	1.0.4.1		3cca88e0ff38c653b1344577fb7d18fc2018fb22
cn.schoolwow	QuickDownload	1.0.4.2		5174a09b7a1767aaf5b16adbece3cc489341547e
cn.schoolwow	QuickDownload	1.0.6		5995dfda87f77ff53fa59f36a5c1acf06aee2051
cn.schoolwow	QuickDownload	1.0.6.1		11e9ac0b5feef4f8013878d98078cc0e5b068f79
cn.schoolwow	QuickDownload	1.0.7		6741967821564aedadf3c6568b16866a9fb8cd23
cn.schoolwow	QuickDownload	1.0.8		b4a0c9ffef3127b83fe28905224291951dbbe9ea
cn.schoolwow	QuickDownload	1.0.9		a13072f86b05659a1b2bd301faba3a137cb2524a
cn.schoolwow	QuickDownload	2.0.0		a748f51ce8b9c635f6876dfeb800175f84cb887d
cn.schoolwow	QuickDownload	2.0.1		c9d9147d53e50bd795c97360677c8c115d36fe5f
cn.schoolwow	QuickDownload	2.1.0		1c2a97dc99f30ef5cf511d5f436cf5f5e1deac9b
cn.schoolwow	QuickDownload	3.0.0		f3ae83f8036e56835e4254bc53297200049c7908
codes.rafael.structuraltype	structural-type-api	1.0		0f6111213d8c2db182a41f38bd376c7996736e44
codes.rafael.structuraltype	structural-type-api	1.1		6f02b4b2d0f3407bb36151cfe4ac50e31a22bab0
codes.rafael.structuraltype	structural-type-api	1.10		36bd620de630d148791df77c9395afa486393642
codes.rafael.structuraltype	structural-type-api	1.2		a9a543f8f795b9b692b4b07e969b44cc4b34b04f
codes.rafael.structuraltype	structural-type-api	1.3		40a5fadb2f4790abbb87288b26397db3908e5fbb
codes.rafael.structuraltype	structural-type-api	1.4		72adf23fd3498151eea54fd71c1bbe354dfd552e
codes.rafael.structuraltype	structural-type-api	1.5		fa0bf627ee9a36233436f7fd8c5142e698f1706a
codes.rafael.structuraltype	structural-type-api	1.6		e95247b87322e34eb61fe03afcd7cce2230ae359
codes.rafael.structuraltype	structural-type-api	1.7		6432d3b698272f3509575392732b97a66553f683
codes.rafael.structuraltype	structural-type-api	1.8		63431dcd660842e1c0cd0c0f44c246063b841277
codes.rafael.structuraltype	structural-type-api	1.9		13a2a5060ac50e56a1923b559b037ef89468c450
com.adobe.cq.media	cq-media-articles	5.6.2		d9c051a123f6eaa8d5938d50355842f8eec983e0
com.adobe.cq.media	cq-media-articles	5.6.4		3304cd23fc4335687b83d701a0e0a3f916f19474
com.aliyun.eventbridge	eventbridge-client	1.0.0		934b0f58a0ee678b43b014671ef2e056c26981ca
com.aliyun.eventbridge	eventbridge-client	1.0.1		a19990d769db5e571901e079cb4dbf031721cbcc
com.anymindgroup	zio-gcp-aiplatform-v1_3	0.1.0		b18c92be40e061a3145a824d3f0ce9403e9714c9
com.anymindgroup	zio-gcp-aiplatform-v1_3	0.1.1		88c7b38104ee73fca7ee904f70af411b27a34224
com.anymindgroup	zio-gcp-aiplatform-v1_3	0.1.2		b9ef5209b3a841bf5e848a84a837f01ce67a4854
com.anymindgroup	zio-gcp-aiplatform-v1_3	0.1.3		c036617538f8fca6e9754bff7dc0a633028b9479
com.anymindgroup	zio-gcp-aiplatform-v1_3	0.1.4		d51ddf14536f4094cc6d41f4b68da8c40a02016b
com.anymindgroup	zio-gcp-aiplatform-v1_3	0.1.5		e17643f6d8d39108b939fff590b517789b921686
com.anymindgroup	zio-gcp-aiplatform-v1_3	0.2.0		2c89403359babdab62565138f39a3b07a3a25f64
com.arsframework	ars-database	1.0.0		1d0c87f66c49a1eaef8458a73e6e6f181bb029a3
com.arsframework	ars-database	1.0.1		bf2892ffbbce5a43fdc3e3fc2715508d81762176
com.arsframework	ars-database	1.0.2		cbe1269276ce3ebfe2c89a6c000d54f5b15538e5
com.arsframework	ars-database	1.0.3		cc3941e2834c4ac85439b3ade4c31e4e9b94045f
com.arsframework	ars-database	1.0.4		c2b71407ba1a958d7bf2ae4bc0c9028d25dc81cb
com.arsframework	ars-database	1.0.5		6e8948341c1e0bad5d9daf535e91782aebcc32c9
com.arsframework	ars-database	1.0.6		64f87136b0dc67e3ee62ade61493025c2231688e
com.arsframework	ars-database	1.0.7		d9e57aa3e0b46fceabc577fdb2b6135dca3edf3c
com.arsframework	ars-database	1.0.8		ab655179ba3e52f108d7a44e8a058ee210c80af5
com.arsframework	ars-database	1.0.9		6fdd504bd2e479108739f94b247097100790af85
com.arsframework	ars-database	1.1.0		c68940f741ae6364340aad5db165f0de19ae302d
com.arsframework	ars-database	1.1.1		019d8df959f296dac049793637c69bc319c25df8
com.arsframework	ars-database	1.1.2		5680317a463b27f797e365b0c97edb6742a49878
com.arsframework	ars-database	1.1.3		b52c2d03748f0bde9aebb257e900a9cf8da56e2e
com.arsframework	ars-database	1.1.4		7a07c1615e498d4052c6cdd6194e1dae549e4544
com.arsframework	ars-database	1.1.5		7f45672fa0e448204a24d6ba48fd778c3796b6d3
com.arsframework	ars-database	1.1.6		6f66b3ab3d69aba165b6e37154e8a32bbf2e0df4
com.arsframework	ars-database	1.1.7		2ba7434d715a1cc329d4e374b604a2fcd019510b
com.arsframework	ars-database	1.1.8		1a0247a619e6f929b20e04bb983b80a06bb05a77
com.arsframework	ars-database	1.1.9		d80fb3221c0b87503e53aa393462c3d18875ac6b
com.arsframework	ars-database	1.2.0		31219a7e781bf7f5c7ffb299f559bfc8c24e490a
com.arsframework	ars-database	1.2.1		415fdc25113fbfdcf713c76ce9a296a432fffb46
com.arsframework	ars-database	1.2.2		baf1047180b2bae83697d9e166a4172aaa5fc58c
com.arsframework	ars-database	1.2.3		1a30dc12d14dd54a9b2c3f79629e38be60498dcc
com.arsframework	ars-database	1.2.4		63047b07d7210a63a22058422b61a95969bf86aa
com.arsframework	ars-database	2.0.0		13cca2d8542f0332cf34c3d7c9f6d87ab4761cdf
com.avito.android	impact-shared	2021.10		4b1572b60a18a92a5165383b1cbc271d3dfbc8ab
com.avito.android	impact-shared	2021.11		a871f64134d94f69eda4ce508e5a4c0308f617db
com.avito.android	impact-shared	2021.12		5809f64f97f8d542284a85e08a95fec80ec87abb
com.avito.android	impact-shared	2021.13		b064205fc2addc1a45bf477996e42204956ac28c
com.avito.android	impact-shared	2021.14		511e2a2bb606ebca182a2241126b1cd3461559b8
com.avito.android	impact-shared	2021.14.1		c506b1197a6db8a900cbd16b6d3e70beebad9958
com.avito.android	impact-shared	2021.15		a1e9d75e92ced2a71e38ea0a0ee769c37ecdb813
com.avito.android	impact-shared	2021.15.1		0b4d29da23f1800c8d13f71a853881240a2578fe
com.avito.android	impact-shared	2021.16		05d8d8d1afa025dbaff1a328f3caf50ba117ac2f
com.avito.android	impact-shared	2021.17		29879012e3f9c02784f465d262a4f23475e1f7a0
com.avito.android	impact-shared	2021.18		f79c7ea0f6c6321d72cdad98df064123304f5853
com.avito.android	impact-shared	2021.19		7e8271e8d9040e7e2bc6e443bc0e789a69356d04
com.avito.android	impact-shared	2021.20		35598efe9c4ea3bb0652e1041ca08f8a40d7e55f
com.avito.android	impact-shared	2021.21		c95e6cffc0d0afe5a32a8315d0c627e8fdfab970
com.avito.android	impact-shared	2021.22		ab57db30402cc97079bbc064b04f105db7a8851b
com.avito.android	impact-shared	2021.23		ffd4c268b1b47946843d1940fbaeac8c84ef4b59
com.avito.android	impact-shared	2021.24		ab15cec38f8b541820d319417425335c6badcf9e
com.avito.android	impact-shared	2021.25		42ec8d425db403be2e8f9579e91df7d01f8dadfb
com.avito.android	impact-shared	2021.26		6d632f2765161398a0ef1fa997fbfc615c1734bc
com.avito.android	impact-shared	2021.27		2036051cbcf0a608fc628e05a9d16ae99ffbfccf
com.avito.android	impact-shared	2021.28		a81dc9c98b96fbc06562b05067603079465edc4a
com.avito.android	impact-shared	2021.29		bbc1bb1509737e0e2946d6e8cfb79a94b5c2d022
com.avito.android	impact-shared	2021.30		03694a3cbbd567ea30e9e8b2e3e41c43598c4b7d
com.avito.android	impact-shared	2021.31		68167ed8e6140f1a74cccae3555346b1939f6373
com.avito.android	impact-shared	2021.31-agp7		b630cb13011becff2136fac745300a4c9e79715b
com.avito.android	impact-shared	2021.32		b7710f69610aa9e50b037c959e4f7bf21596e4be
com.avito.android	impact-shared	2021.32-agp7		c65e327e192fd81c50708e540d683f51eb6e3b03
com.avito.android	impact-shared	2021.32-rc-1		b48fd469e2c9da4eab76a7765a019ae4c02ab51f
com.avito.android	impact-shared	2021.33		3a77b27892f580ffba60e7b5be83ed1797d978db
com.avito.android	impact-shared	2021.34		9a4ee676b0277d6b5e29bb82a9071f2f4fa524eb
com.avito.android	impact-shared	2021.35		535ee261c79675b4aa6b3031be24bebfd6499540
com.avito.android	impact-shared	2021.36		335aa83196f1d9c21f37627f37acb4f1839f649e
com.avito.android	impact-shared	2021.37		d3b5ba06ba60140133333f46302220e3381ea59a
com.avito.android	impact-shared	2021.37.1		fbceb0c9ebfddd4bfcb1ce951cfefdbd69967a26
com.avito.android	impact-shared	2021.38		ab8aa6733ce43cdd0d98795497fd9b04a79382a8
com.avito.android	impact-shared	2021.39		bf4c101478b96bb5d5dd4be1383207e214565f70
com.avito.android	impact-shared	2021.40		5da6394467400742bf0f3f1a08edb7eee4c201ca
com.avito.android	impact-shared	2021.41		88f450d3a9dfe74765041f61817d57f02f245129
com.avito.android	impact-shared	2021.42		feadf3bba34a444f9d9285eb3b655d0f0bbdb6fb
com.avito.android	impact-shared	2021.7		ec3c906b3e591ad09d04851e4555f726901481bd
com.avito.android	impact-shared	2021.8		686d04409ed70013cb7f750533339f1bc7388e1c
com.avito.android	impact-shared	2021.9		f7036807409b0aa879aa68fadec1183a38c9f830
com.avito.android	impact-shared	2021.9.1		9431651d650ea17ef693d96c9525ce267ddccd61
com.avito.android	impact-shared	2022.1		5e8d6a6bcd654820f60b11182fddef633186e478
com.avito.android	impact-shared	2022.12		19e5d6ab952adfc474e1713fb0ac51e67922e7aa
com.avito.android	impact-shared	2022.14		c818da6269f9472ebcacdfda89f75a3b09297da8
com.avito.android	impact-shared	2023.15		122d985048ebd178ea8a862565c4d85852f3777e
com.avito.android	impact-shared	2023.19		0c8de2dc8f9fbeb6fdfce530a7409ff40c4adfb0
com.avito.android	impact-shared	2023.2		38c9e125e2ba00e7d13b05d028f7057a9bffe4f4
com.avito.android	impact-shared	2023.20		70443b5e537175f3150670d95c97c67b674f5cdb
com.avito.android	impact-shared	2023.22		facc3249bc9ed3481d6a51bc140df8f0a24502f8
com.avito.android	impact-shared	2024.32		66d70cf31be5990e77418857a051dd0ad074e27a
com.bloomberg.bmq	bmq-sdk	0.0.13		db908490c85e48356fcc779f14d3a2ae9a16d159
com.bloomberg.bmq	bmq-sdk	0.0.15		6ea24555f1c34edabb394093e1514c8fd0db4cdd
com.cognitect.aws	AWSApplicationCostProfiler	811.2.934.0		8288e226f509a0b05d0d386cb51c051e76607221
com.cognitect.aws	AWSApplicationCostProfiler	821.2.1107.0		f44f99cd567d01eddf7d3fc4bd4ed3e26d8c02fe
com.cognitect.aws	AWSApplicationCostProfiler	847.2.1365.0		62e5073f26f3a9820d62e5087f6561aa1038b4af
com.cognitect.aws	AWSApplicationCostProfiler	871.2.29.35		8ce0e2591bc0fd05f18fd418f899a02a69fd38cb
com.commercetools.sdk.jvm.scala-add-ons	commercetools-play-2_4-java-client_2.10	1.0.0		a4024d1fdacb1773b94e59ff364c221360fb3ed9
com.commercetools.sdk.jvm.scala-add-ons	commercetools-play-2_4-java-client_2.10	1.0.0-RC1		485198d736380374a2d789eec0f63b9e3ac476c9
com.commercetools.sdk.jvm.scala-add-ons	commercetools-play-2_4-java-client_2.10	1.0.0-RC2		15c096ffc90433decb37c7904a2b9ac558f02b75
com.commercetools.sdk.jvm.scala-add-ons	commercetools-play-2_4-java-client_2.10	1.0.0-RC3		156e1210300c226dd6ba6109607e4748d07cb3ad
com.ensarsarajcic.kotlinx	serialization-msgpack-timestamp-extension-watchosx64	0.4.0		N/A
com.ensarsarajcic.kotlinx	serialization-msgpack-timestamp-extension-watchosx64	0.4.0	metadata	1b64729396608deb08c9ff6aa61af76c50edd5ff
com.ensarsarajcic.kotlinx	serialization-msgpack-timestamp-extension-watchosx64	0.4.1		N/A
com.ensarsarajcic.kotlinx	serialization-msgpack-timestamp-extension-watchosx64	0.4.1	metadata	ddc9a008810e6311adf4cde88df5f4c0df1bdbd5
com.ensarsarajcic.kotlinx	serialization-msgpack-timestamp-extension-watchosx64	0.4.2		N/A
com.ensarsarajcic.kotlinx	serialization-msgpack-timestamp-extension-watchosx64	0.4.2	metadata	67133d6c7e33287338793a478ee6318b26f05595
com.ensarsarajcic.kotlinx	serialization-msgpack-timestamp-extension-watchosx64	0.4.3		N/A
com.ensarsarajcic.kotlinx	serialization-msgpack-timestamp-extension-watchosx64	0.4.3	metadata	d15931d07d3d1406dd69d8fed6e02ecfe77d833b
com.ensarsarajcic.kotlinx	serialization-msgpack-timestamp-extension-watchosx64	0.4.4		N/A
com.ensarsarajcic.kotlinx	serialization-msgpack-timestamp-extension-watchosx64	0.4.4	metadata	ca950dcaa49321620a080593aa09f53f13740534
com.ensarsarajcic.kotlinx	serialization-msgpack-timestamp-extension-watchosx64	0.5.0		N/A
com.ensarsarajcic.kotlinx	serialization-msgpack-timestamp-extension-watchosx64	0.5.0	metadata	d87d6935a610a361f74240c4bd85453f04207fc2
com.ensarsarajcic.kotlinx	serialization-msgpack-timestamp-extension-watchosx64	0.5.1		N/A
com.ensarsarajcic.kotlinx	serialization-msgpack-timestamp-extension-watchosx64	0.5.1	metadata	3278ade9536395d2f9ebea72912d5bf9ed150bfa
com.ensarsarajcic.kotlinx	serialization-msgpack-timestamp-extension-watchosx64	0.5.2		N/A
com.ensarsarajcic.kotlinx	serialization-msgpack-timestamp-extension-watchosx64	0.5.2	metadata	eff6758efa98860d95a66e70cc99e1d5d94f9202
com.ensarsarajcic.kotlinx	serialization-msgpack-timestamp-extension-watchosx64	0.5.3		N/A
com.ensarsarajcic.kotlinx	serialization-msgpack-timestamp-extension-watchosx64	0.5.3	metadata	1c3a4ede5561bd3adaeb4b7a30922fef7da94b92
com.ensarsarajcic.kotlinx	serialization-msgpack-timestamp-extension-watchosx64	0.5.4		N/A
com.ensarsarajcic.kotlinx	serialization-msgpack-timestamp-extension-watchosx64	0.5.4	metadata	2e6b6d855a3efdf660b52e140f92ed8cd1e7d4d7
com.ensarsarajcic.kotlinx	serialization-msgpack-timestamp-extension-watchosx64	0.5.5		N/A
com.ensarsarajcic.kotlinx	serialization-msgpack-timestamp-extension-watchosx64	0.5.5	metadata	e0da5fa60a7dbe3fd802dc1863e0855050b6e750
com.ensarsarajcic.kotlinx	serialization-msgpack-timestamp-extension-watchosx64	0.5.6		N/A
com.ensarsarajcic.kotlinx	serialization-msgpack-timestamp-extension-watchosx64	0.5.6	metadata	1f256496c712baaa2505973b3c65a41d8dc05ae3
com.ensarsarajcic.kotlinx	serialization-msgpack-timestamp-extension-watchosx64	0.5.7		N/A
com.ensarsarajcic.kotlinx	serialization-msgpack-timestamp-extension-watchosx64	0.5.7	metadata	56d52837a9899d1776b751af647a0c897d80c953
com.ensarsarajcic.kotlinx	serialization-msgpack-timestamp-extension-watchosx64	0.6.0		N/A
com.ensarsarajcic.kotlinx	serialization-msgpack-timestamp-extension-watchosx64	0.6.0	metadata	a42d234a8421166751fc6baed58164eedcd65045
com.github.arturopala	buffer-and-slice_sjs1_3.0.0-RC1	1.41.0		4b0bdcf8d7509b7debc546fee67e1f7c032f50a1
com.github.mike10004	native-helper	10.0.0		0082ba1d9979cab6e14568865af563d1123253a6
com.github.mike10004	native-helper	4.0.0		6ac70a2ae547f2cae8a0276bb6ea338dd60c5c7b
com.github.mike10004	native-helper	4.1.0		912ca9c5dcea94ae2b26bf0eb334834da9b854fd
com.github.mike10004	native-helper	4.1.1		2172baf32542b29fd2d15f05da598d5e3fade8a8
com.github.mike10004	native-helper	4.1.2		b46a7188ed2943c9bba978b04aaab05a17ca412b
com.github.mike10004	native-helper	4.2.0		bcb2869a8f4218aa8851291d9f5d0e0dd85f9672
com.github.mike10004	native-helper	4.2.1		2585fc2bdfff4149a82032fe2e21142df369a545
com.github.mike10004	native-helper	4.2.2		d15769e2b0f531aa306f7ddf09f1bbe697f04adb
com.github.mike10004	native-helper	4.2.3		7e4cb5098fff7d6526beb83aa9c65e170b1e2053
com.github.mike10004	native-helper	5.0.0		19fa2786f419c4cb376acc274ef36e69779f1e2d
com.github.mike10004	native-helper	5.1.0		d081c1bcb818320e4f2ae02a8cead7f39ba95c0c
com.github.mike10004	native-helper	6.0.0		4d6e9d7900a0c590681c0729ad0130da5664cafb
com.github.mike10004	native-helper	7.0.0		4d7213861920ec4ade805dd032d418a3179c7646
com.github.mike10004	native-helper	7.0.1		3d9a66594bcfcd05ccbca2e17e743e331f409fdb
com.github.mike10004	native-helper	7.0.2		18e46c51e2af6ceadc127808ee1450ae32fd01db
com.github.mike10004	native-helper	7.1.0		86b85907d36840cabc5546c60452075cd8762473
com.github.mike10004	native-helper	7.2.0		8c9b7d78d18a39c14bad41f338a4fa69b1706e9f
com.github.mike10004	native-helper	8.0.0		050b56bbc75bea682327472df234730768b53000
com.github.mike10004	native-helper	8.0.1		e98f47959c6eab32f911c8586656416f5e72b065
com.github.mike10004	native-helper	8.0.2		1ae5888b70a73b6f01bc86b3f2931ec9597a5ea9
com.github.mike10004	native-helper	8.0.3		513fa480005722b26ba104cdf8f435cda2a01b40
com.github.mike10004	native-helper	8.0.4		579be0948259c2787c3466967110f804b7bbecbe
com.github.mike10004	native-helper	8.0.5		a5db5417d834c4cab5b0989a90f2f1ff37480758
com.github.mike10004	native-helper	8.1.0		e1ca574014b04d49f17a10d65fd0e6cc4d12b24e
com.github.mike10004	native-helper	9.0.0		5b54172e3352f04eb680fbab0f2154b5c64ece29
com.github.sdorra	shiro-unit	1.0.0		9bebcc41c5a28cb0472e2174e42cf2e4211a470b
com.github.sdorra	shiro-unit	1.0.1		6786a779e7374edc241ea9328bbe3e1c767402b8
com.github.sdorra	shiro-unit	1.0.2		c4ba086d7d43961f5787889a28f2aaef1d006832
com.github.yangtu222	BeanUtils	1.0.0		2705b1fb8f99f60aeec126b39fb3440899b9bbf0
com.github.yangtu222	BeanUtils	1.0.1		a2c49af4947fe2a99e3466a0e4320728334dbc28
com.github.yangtu222	BeanUtils	1.0.10		88e37b96e24986eed981685e85a0b649bc533a02
com.github.yangtu222	BeanUtils	1.0.11		37d8dd91e5517579d4d8120d660c72925711ed64
com.github.yangtu222	BeanUtils	1.0.2		9268b85b1202ecdae6701db85edf9e798be2f376
com.github.yangtu222	BeanUtils	1.0.3		303e12587586685fb06cf97bb2c957e85cc0f31b
com.github.yangtu222	BeanUtils	1.0.4		25c0697e1e284c824b209e1527505d584119c418
com.github.yangtu222	BeanUtils	1.0.5		3a4a84b3224eab53125d3d79a2a02413d07039cd
com.github.yangtu222	BeanUtils	1.0.6		e17db1e331c80c97f2047b08f0fc4511c3ea63c6
com.github.yangtu222	BeanUtils	1.0.7		e0c449f291d89d9f54a58f44f6720f55c8e73c7f
com.github.yangtu222	BeanUtils	1.0.8		4091871fd6c5cd2eedd7ecdcf59202cc54253c57
com.github.yangtu222	BeanUtils	1.0.9		f11e9871cb3b856bea6490da4fdc0cb3367009db
com.googlecode.charts4j	charts4j	1.3		80dd3b0d5591580c429b0e2529706f6be5bddc0f
com.groupon.sparklint	sparklint-spark221_2.11	1.0.10		52c889fb80386487c0638d69c4c670bff509f3ff
com.groupon.sparklint	sparklint-spark221_2.11	1.0.11		53df0a9082dee2f24ed357d7db90b181070a2604
com.groupon.sparklint	sparklint-spark221_2.11	1.0.12		cd6668fac7523016be184ea739ef48c73782a557
com.groupon.sparklint	sparklint-spark221_2.11	1.0.9		26995b3444c663ba51be6de917b5b422d3c379ed
com.gzoltar	com.gzoltar.maven	1.7.0		00747af896b86de96e22c609a531b5bf3eeed9ee
com.gzoltar	com.gzoltar.maven	1.7.2		ca52c82262383328ae387f905011ab5007a86f16
com.gzoltar	com.gzoltar.maven	1.7.3		8ee30ee69d94e25f54816baba23e437da32619d1
com.haoxuer.discover	discover-common-user	2.2.3		7ffa90c7989bcb1842e2da74822ee29299f9c6c7
com.haoxuer.discover	discover-common-user	2.2.4		29cca327c62c4f4f920009800f048f98e523b473
com.haoxuer.discover	discover-common-user	2.2.5		956513ad9e31a189e17ef514c95aa900cf0e7e3b
com.haoxuer.discover	discover-common-user	2.2.7		9e765d008bb65a35edf13ba31ca792ff6b401cf3
com.haoxuer.discover	discover-common-user	2.2.8		882131698f2d71ef1ed8cba6db8f44f3d9524229
com.haoxuer.discover	discover-common-user	2.3.0		8ffb9293631f381bd6ec6d65db73f64be5b179ad
com.haoxuer.discover	discover-common-user	2.3.1		96ba7b82c0d8399e4fd5f6e7a36ab8d61f30982f
com.haoxuer.discover	discover-common-user	3.1.4-20201031		403856e1f6d0900f9abc91aa43217574cedaa8ef
com.haoxuer.discover	discover-common-user	3.2.5-20210225		6fb2bafbba323958c79a646e3d0b4e04487784ef
com.haoxuer.discover	discover-common-user	3.2.6-20210222		785f2edf8282093aa7bbc44dea631cc7bb1daeb0
com.haoxuer.discover	discover-common-user	3.3.0-20210320		e8ef71bd33af0394f2ca9b59d7f34c1bf06e7987
com.haoxuer.discover	discover-common-user	3.3.1-20210328		2440a0f0b05c1df0b8919b11879763ffa2629945
com.haoxuer.discover	discover-common-user	3.3.10-20210917		f7d3685ab8f430670474902d451f9672acf4bf68
com.haoxuer.discover	discover-common-user	3.3.11-20211020		a4ab9c1039215a108e3885054c9ef1294d60ad2d
com.haoxuer.discover	discover-common-user	3.3.12-20211205		dc3c4c9dfa0ab9eb532480e18ead52dcd16a606f
com.haoxuer.discover	discover-common-user	3.3.13-20220115		d116e51753800262f101a7a2e365238bffc3f7a9
com.haoxuer.discover	discover-common-user	3.3.14-20220307		d3ce8ccc2cd0923a7e464fc17edd3069c5794d6c
com.haoxuer.discover	discover-common-user	3.3.15-20220327		71ef91ece9c7ac1c9eeedbae92c9a26765b61a3d
com.haoxuer.discover	discover-common-user	3.3.16-20220327		6c344918168272164fa3d3f87069954503ed6c85
com.haoxuer.discover	discover-common-user	3.3.17-20220716		fed8dbcd474529081ae1e46ad4f013e43bd38e0c
com.haoxuer.discover	discover-common-user	3.3.18-20230117		a091e5c73744056bc5dec295b310871285ffec15
com.haoxuer.discover	discover-common-user	3.3.3-20210413		bdffe0183e2c5bf42ce593bc58ca494e91134826
com.haoxuer.discover	discover-common-user	3.3.4-20210429		5573ac4b3d65ffe60c04cf1d9aba0559e55c3ff7
com.haoxuer.discover	discover-common-user	3.3.5-20210515		cfd7c8c3acfea111819772b4b9c39eae887cc311
com.haoxuer.discover	discover-common-user	3.3.6-20210522		46f4d38c0a3802f149a6148eacbc4fd377b8baab
com.haoxuer.discover	discover-common-user	3.3.7-20210610		44d8f0daeebede2091d0e95347224c6ea25fd685
com.haoxuer.discover	discover-common-user	3.3.8-20210622		371b2d1941c65a927591daae99787531d461d1a9
com.haoxuer.discover	discover-common-user	3.3.9-20210805		8a41600138732f0d05104c73994382d2d418257b
com.inkapplications.kimchi	analytics-logger-androidnativearm64	2.1.0		N/A
com.inkapplications.kimchi	analytics-logger-androidnativearm64	2.1.1		N/A
com.inkapplications.kimchi	analytics-logger-androidnativearm64	2.1.2		N/A
com.inkapplications.kimchi	analytics-logger-androidnativearm64	2.2.0		N/A
com.jug6ernaut.debugdrawer	module-deviceinfo	0.7.0		N/A
com.liferay	org.apache.cxf.core	3.5.11.JAKARTA-LIFERAY-PATCHED-1		3163b2197871bb1798478abea4b36c571e813a33
com.screenshotone.jsdk	screenshotone-api-jsdk	1.0.0		d24a543f482601a2a5b388efa9a79c2cc60a7d98
com.screenshotone.jsdk	screenshotone-api-jsdk	1.0.1		eda6953b943aad46bf4b1a0fa57e9460c93664cb
com.screenshotone.jsdk	screenshotone-api-jsdk	1.0.2		fe52acb52649df78546b0a27eb71403834fc8574
com.siashan	toolkit-sms-huawei-spring-boot-starter	1.2.0		d0a570a36ed8a73bd3c9e56c6d8477e8270beec1
com.siashan	toolkit-sms-huawei-spring-boot-starter	1.2.1		243c848a13abf58ca7cc280a545bea435f83d301
com.siashan	toolkit-sms-huawei-spring-boot-starter	1.2.2		c7989401c406ea631c94655f5e175a65942d6e29
com.siashan	toolkit-sms-huawei-spring-boot-starter	1.2.3		9de346a3428e93ef8bfc8909044a6356d26abc1a
com.siashan	toolkit-sms-huawei-spring-boot-starter	1.2.4		e7257f836ce6d5977aadc31c2c5433df69d985c1
com.siashan	toolkit-sms-huawei-spring-boot-starter	1.2.5		d616a5deb91e996799b616eea58c98b8b912ae5b
com.walterjwhite.java.modules	print	0.0.17		N/A
com.wybusy	EasyUser	1.0.0		a439cad6859447128b59ae4acc46e950b5ede807
com.wybusy	EasyUser	2.0.0		7a80e96f638c581c0174be8e680428c7c63cbda0
cornerstone-store	cornerstone-store-api	1.0		9e451d036728482381fbc1d686e6c6b143d0ee45
cornerstone-store	cornerstone-store-api	2.1		57f054577c0d6a2048cf8e5181dbd43830f6aefc
cz.datalite	SpringService	1.4.5.42		6618fb83d35e478485bdea90c1e2e3460cdb3d34
de.p72b	turf-jvm	0.3.3		d26ea9c8eea8c6f74b12529086084c4a8ddad75a
de.sciss	lucre-expr_3.0.0-RC2	4.4.4		27179a6b021aa6874b31a835f43a1cb6097d971e
fr.acinq.secp256k1	secp256k1-kmp-macosarm64	0.15.0		N/A
fr.acinq.secp256k1	secp256k1-kmp-macosarm64	0.15.0	metadata	1f39842217cc8bc7171a54e4626a270b1984cb9d
fr.acinq.secp256k1	secp256k1-kmp-macosarm64	0.16.0		N/A
fr.acinq.secp256k1	secp256k1-kmp-macosarm64	0.16.0	metadata	9cb8a8c43db44a5ef15e1af28240500ae5701e44
fr.acinq.secp256k1	secp256k1-kmp-macosarm64	0.17.0		N/A
fr.acinq.secp256k1	secp256k1-kmp-macosarm64	0.17.0	metadata	230e1e122b1a077eebb4142f8c5cc0d448df6ec9
fr.acinq.secp256k1	secp256k1-kmp-macosarm64	0.17.1		N/A
fr.acinq.secp256k1	secp256k1-kmp-macosarm64	0.17.1	metadata	75eb1b4ac6407e24332c22b736a2bdbcf9c0717a
fr.acinq.secp256k1	secp256k1-kmp-macosarm64	0.17.2		N/A
fr.acinq.secp256k1	secp256k1-kmp-macosarm64	0.17.2	metadata	fc111e689ab108d6adc5dd79e9f425a0884be3af
fr.acinq.secp256k1	secp256k1-kmp-macosarm64	0.17.3		N/A
fr.acinq.secp256k1	secp256k1-kmp-macosarm64	0.17.3	metadata	65e896ea35eb30da0e1d67f47c96c62e31e9bfe0
in.hocg.boot	mybatis-plus-extensions	1.0.32		N/A
in.hocg.boot	mybatis-plus-extensions	1.0.33		N/A
in.hocg.boot	mybatis-plus-extensions	1.0.34		N/A
in.hocg.boot	mybatis-plus-extensions	1.0.35		N/A
in.hocg.boot	mybatis-plus-extensions	1.0.37		N/A
in.hocg.boot	mybatis-plus-extensions	1.0.38		N/A
in.hocg.boot	mybatis-plus-extensions	1.0.39		N/A
in.hocg.boot	mybatis-plus-extensions	1.0.40		N/A
in.hocg.boot	mybatis-plus-extensions	1.0.41		N/A
in.hocg.boot	mybatis-plus-extensions	1.0.42		N/A
in.hocg.boot	mybatis-plus-extensions	1.0.43		N/A
in.hocg.boot	mybatis-plus-extensions	1.0.44		N/A
in.hocg.boot	mybatis-plus-extensions	1.0.45		N/A
in.hocg.boot	mybatis-plus-extensions	1.0.47		N/A
in.hocg.boot	mybatis-plus-extensions	1.0.48		N/A
in.hocg.boot	mybatis-plus-extensions	1.0.49		N/A
in.hocg.boot	mybatis-plus-extensions	1.0.50		N/A
in.hocg.boot	mybatis-plus-extensions	1.0.51		N/A
in.hocg.boot	mybatis-plus-extensions	1.0.54		N/A
in.hocg.boot	mybatis-plus-extensions	1.0.55		N/A
in.hocg.boot	mybatis-plus-extensions	1.0.56		N/A
in.hocg.boot	mybatis-plus-extensions	1.0.57		N/A
in.hocg.boot	mybatis-plus-extensions	1.0.58		N/A
in.hocg.boot	mybatis-plus-extensions	1.0.60		N/A
in.hocg.boot	mybatis-plus-extensions	1.0.61		N/A
in.hocg.boot	mybatis-plus-extensions	1.0.62		N/A
in.hocg.boot	mybatis-plus-extensions	1.0.63		N/A
in.hocg.boot	mybatis-plus-extensions	1.0.64		N/A
in.hocg.boot	mybatis-plus-extensions	v1.0.46		N/A
io.coil-kt.coil3	coil-compose-core	3.0.0		3b90ea3c9c5b54d574a1cafdb965404f00b17372
io.coil-kt.coil3	coil-compose-core	3.0.0-alpha01		830711d406eeed824f3ef22a329bbfa7f6a09239
io.coil-kt.coil3	coil-compose-core	3.0.0-alpha02		c5d7e97f87f7c55a8bc290ade754a9c282b557aa
io.coil-kt.coil3	coil-compose-core	3.0.0-alpha03		ff1b6a2795b36e4e78a6048919be964c1466d25f
io.coil-kt.coil3	coil-compose-core	3.0.0-alpha04		ff1b6a2795b36e4e78a6048919be964c1466d25f
io.coil-kt.coil3	coil-compose-core	3.0.0-alpha05		b00f6ab2a40c1d7887453ea408eeec9f131e2c99
io.coil-kt.coil3	coil-compose-core	3.0.0-alpha06		b00f6ab2a40c1d7887453ea408eeec9f131e2c99
io.coil-kt.coil3	coil-compose-core	3.0.0-alpha07		c35a60fc011c267e28d33e9295cf41ca40216732
io.coil-kt.coil3	coil-compose-core	3.0.0-alpha08		7902bcd878772f02d4ad8fbf5f8d19a08cfe69a0
io.coil-kt.coil3	coil-compose-core	3.0.0-alpha09		01889a572901c8206346144da5d0ff8749169eaa
io.coil-kt.coil3	coil-compose-core	3.0.0-alpha10		e9cb56e323ab7852b91b361c11506a3d4225842a
io.coil-kt.coil3	coil-compose-core	3.0.0-rc01		1acc395df3759241410c569b271c092b9582ffee
io.coil-kt.coil3	coil-compose-core	3.0.0-rc02		b797da4c8266c3959516853ddf5353b2f3bc4531
io.coil-kt.coil3	coil-compose-core	3.0.1		3b90ea3c9c5b54d574a1cafdb965404f00b17372
io.coil-kt.coil3	coil-compose-core	3.0.2		3b90ea3c9c5b54d574a1cafdb965404f00b17372
io.coil-kt.coil3	coil-compose-core	3.0.3		3b90ea3c9c5b54d574a1cafdb965404f00b17372
io.coil-kt.coil3	coil-compose-core	3.0.4		fb395cc7ccab49f5026052af9586ebbb5b0be7d9
io.coil-kt.coil3	coil-compose-core	3.1.0		cdb68f03a1029e1583830c0e8184d9f64276c702
io.coil-kt.coil3	coil-compose-core	3.2.0		aa480de824daa51c0bf047f627843ca4cec9d18f
io.coil-kt.coil3	coil-compose-core	3.2.0-rc01		aa480de824daa51c0bf047f627843ca4cec9d18f
io.coil-kt.coil3	coil-compose-core	3.2.0-rc02		aa480de824daa51c0bf047f627843ca4cec9d18f
io.fluidsonic.mirror	quartz-mongodb	2.1.0		218d9e8fcb512bac5c97ac237322c09f5197e746
io.fluidsonic.mirror	quartz-mongodb	2.2.0-rc2		045f6cfd2aaec201c2233d8ca6915ba4eac7eaff
io.getquill	quill-async-mysql_2.11	0.10.0		4375fe6dac6f19b48faf559877b049aa4b9a580c
io.getquill	quill-async-mysql_2.11	1.0.0		bb72ec4f0ed4aa04fcb0992d1982c5f08d4aa758
io.getquill	quill-async-mysql_2.11	1.0.1		cc98d7f622a2bf40b93d4912cdb84cea3752bd9e
io.getquill	quill-async-mysql_2.11	1.1.0		11cff4098fece4a0407273f705c675b8f568018e
io.getquill	quill-async-mysql_2.11	1.1.1		367ca8d3fb8380b1658fa113320e68843d5bf790
io.getquill	quill-async-mysql_2.11	1.2.0		c926d4f23aee92a472b0e6a8fbb5dc9fee93a010
io.getquill	quill-async-mysql_2.11	1.2.1		55cc9c08f615820f899aeae26ef434c1b2ca1b77
io.getquill	quill-async-mysql_2.11	1.3.0		2e2d6a0991d6a4358509ff1582961b896f76e65b
io.getquill	quill-async-mysql_2.11	1.4.0		165cdc5453be860dbb2524988dd6c7b64eebab38
io.getquill	quill-async-mysql_2.11	2.0.0		cc01e3c96a42cf38acc4a0c93761dbb7979afca4
io.getquill	quill-async-mysql_2.11	2.1.0		79af539981b6bc12fa70ec72a73695bb2cf085fc
io.getquill	quill-async-mysql_2.11	2.2.0		0d578d6c3ba4ea3d487e4784e695f5ba15b72b0f
io.getquill	quill-async-mysql_2.11	2.3.0		e44592fbe8b4a25540b96d94b6ecd837608cb8b2
io.getquill	quill-async-mysql_2.11	2.3.1		1191f1c1fe7fb226eef9c624a440951476c6a5b3
io.getquill	quill-async-mysql_2.11	2.3.2		3b0271c6acf3b0efe26b892ad8d64f6f18357c79
io.getquill	quill-async-mysql_2.11	2.3.3		281aec8bdd1ce36edf5b4f5535b73dad11bfe8d7
io.getquill	quill-async-mysql_2.11	2.4.1		3e8883fdca8dd95fd6ba3d05f92a985ceb04eeff
io.getquill	quill-async-mysql_2.11	2.4.2		480dc74f778826ae07a6b369c6dc60bcf50ac48e
io.getquill	quill-async-mysql_2.11	2.5.0		ed013eab9212fed2de9197495c6cf7f35393121c
io.getquill	quill-async-mysql_2.11	2.5.2		4b8e67b1b5ea22550871f5d865a214054b0c0adb
io.getquill	quill-async-mysql_2.11	2.5.4		005cbe9cbfa092469059cc34b448a5d9083905c6
io.getquill	quill-async-mysql_2.11	2.6.0		866e6d7666edc3297b39054051c919dda50fcfe2
io.getquill	quill-async-mysql_2.11	3.0.0		dc02e4549b5e2488bc30094452f0ac61789e8b2d
io.getquill	quill-async-mysql_2.11	3.0.1		6196640dcd82abd37be3b8ee213e07002e6b9ca5
io.getquill	quill-async-mysql_2.11	3.1.0		4b1311c63efc003eff94bea7dfea2e95651ca1b7
io.getquill	quill-async-mysql_2.11	3.10.0		1e4d34ab0d30f596bd80984c7cae9139f8c64b7f
io.getquill	quill-async-mysql_2.11	3.11.0		79d8cbcff7796d89cf98eef9f5f00757d176ea95
io.getquill	quill-async-mysql_2.11	3.12.0		21272f31859af15f32c3c91cd52fe8bc79c9c09b
io.getquill	quill-async-mysql_2.11	3.2.0		b99a714a480d393425169d41d9dcabf2d705db3c
io.getquill	quill-async-mysql_2.11	3.2.1		ab97b9603396ddfb97efa60284f9d5e67b6041f3
io.getquill	quill-async-mysql_2.11	3.2.2		42bf69d2c94e68c8d13ddac4a3d84573966e4dee
io.getquill	quill-async-mysql_2.11	3.3.0		f84dd945c7dc65d6431e7ab924146c0e62881cec
io.getquill	quill-async-mysql_2.11	3.4.0		3806c9a93713e3e920d97f414b63b673fe616bf8
io.getquill	quill-async-mysql_2.11	3.4.1		b7f4df8058c46b6b3fa0a0262c147abe89ee4206
io.getquill	quill-async-mysql_2.11	3.4.10		72ad9b7d7c035b9227bc70f9b7bb18402fb2a0d6
io.getquill	quill-async-mysql_2.11	3.4.2		a5d6593d75b67b29b1d4779ed2e2aba4fe81581f
io.getquill	quill-async-mysql_2.11	3.4.3		dfaf4bff75da9c98ac00ae70162fed502c8b88ee
io.getquill	quill-async-mysql_2.11	3.4.4		29e316a2fb60f2d1d129589f0955e191e8f62504
io.getquill	quill-async-mysql_2.11	3.4.5		5db4129f9f8378a4976f2704c2afc5f102bc9fd2
io.getquill	quill-async-mysql_2.11	3.4.6		e429107bfd1e6f5c2c8c21e26306a36a54b15cd0
io.getquill	quill-async-mysql_2.11	3.4.7		e599daf530f436b1dc301ef57cbff1d6c82da71a
io.getquill	quill-async-mysql_2.11	3.4.8		d1853b7fa79a8b5b6c599d4eb710150ee267f3a9
io.getquill	quill-async-mysql_2.11	3.4.9		a553f470b595d1d0ee041e740ece81ea87f955aa
io.getquill	quill-async-mysql_2.11	3.5.0		be19be49a254964076decbf2d6a4b0a82365fd9d
io.getquill	quill-async-mysql_2.11	3.5.1		fb22f835c3c2e838e7d9204ae38314a35f921c1e
io.getquill	quill-async-mysql_2.11	3.5.2		fe32595fe43d07e60501b58b7fe2273f193928a1
io.getquill	quill-async-mysql_2.11	3.5.3		222efc1814a0a227c84391bb82b6733d135bfaea
io.getquill	quill-async-mysql_2.11	3.6.0		ecea380467c28622d89978c2ca775f9a5d4e86ad
io.getquill	quill-async-mysql_2.11	3.6.0-RC1		cf16b1b0de08f11115f93230b085fab85d28572d
io.getquill	quill-async-mysql_2.11	3.6.0-RC2		7d5f660d35eadd9944be6db3f70199c497bd055c
io.getquill	quill-async-mysql_2.11	3.6.0-RC3		9e51d23404ef19febe5e6fa9b9b2a7a528c8a440
io.getquill	quill-async-mysql_2.11	3.6.1		1cace330641c6dfccce9c4957c746fcce5827cd7
io.getquill	quill-async-mysql_2.11	3.7.0		b588a83e718a1bc64a3734fa7c00b87dd92f1a2c
io.getquill	quill-async-mysql_2.11	3.7.1		fcccfa362d05964b7cd0c8f3e046e7cbda3d9472
io.getquill	quill-async-mysql_2.11	3.7.2		ab69abd6a84c1c8c4719e23f0efd001b77f6adfd
io.getquill	quill-async-mysql_2.11	3.8.0		9b2e50b6c11a51d56504ac979c3e8c5e8baf8987
io.getquill	quill-async-mysql_2.11	3.9.0		147420779ec05b981c5d9cbb1b93fe1c9102be0c
io.github.hossensyedriadh	AsymmetricEncryption	1.0.0		49b04e357b153182a9908050e3ce9fdb28fd2649
io.github.hossensyedriadh	AsymmetricEncryption	1.0.1		98500df4bc0b0bea24d75b57c1d49c5b04b82f3d
io.github.hossensyedriadh	AsymmetricEncryption	1.0.2		d5432ff6e9bfe1cf78f06df73b68537d7b340db2
io.github.immeasu	infrastructure	1.0.0.RELEASE		N/A
io.github.immeasu	infrastructure	1.0.1.RELEASE		N/A
io.github.markrmullan	gh-actions-java-playground	1.0.0		5906935b1912e5798dc866ca1abb9135c93ed19f
io.github.markrmullan	gh-actions-java-playground	1.0.1		fd40a302e20045d489d3aeff79eef3174030e81c
io.github.markrmullan	gh-actions-java-playground	1.0.2		ba1d3b593a3790004615fc25801c57941014fba3
io.github.markrmullan	gh-actions-java-playground	1.0.6		35323ab4f2c6a5f1bcc9e8c445d82885f10d247a
io.github.markrmullan	gh-actions-java-playground	1.0.7		0bde2969de78339a3ffe8e9d7a617125a49a379b
io.github.markrmullan	gh-actions-java-playground	1.0.9		cd05b11c76c7d9b2beb6be91cacfd93d3854dd8c
io.laniakia	saxPath	1.0.0		2fa211b1f9afc926bbcda3dad48478bf2e48215d
io.quarkiverse.jberet	quarkus-jberet-jpa-deployment	2.0.0		fbc9e348f8f9d5d6d2e6b6f25e26ad3d00ed56f6
io.quarkiverse.jberet	quarkus-jberet-jpa-deployment	2.0.1		4d233cb2be6268cd45cda2b161bfe01f19260ff4
io.quarkiverse.jberet	quarkus-jberet-jpa-deployment	2.1.0		d30fc7f56f9bc7d129bc4fe278bd3cb893c601a2
io.quarkiverse.jberet	quarkus-jberet-jpa-deployment	2.2.0		b4908a65c471605281215332c4a3fc5c8a656300
io.quarkiverse.jberet	quarkus-jberet-jpa-deployment	2.3.0		4ad31404bcef395087a6b65a23a6bedc647eef99
io.quarkiverse.jberet	quarkus-jberet-jpa-deployment	2.3.1		e88cf2d4bccd3fcfaef1d08c9100e90f902972ff
io.quarkiverse.jberet	quarkus-jberet-jpa-deployment	2.4.0		3a6e55446d711c62ec2e17f3cec889b66d2a23d4
io.quarkiverse.jberet	quarkus-jberet-jpa-deployment	2.5.0		eeb77d4b868295db77003a27e786ce916c9a78c9
io.quarkiverse.jberet	quarkus-jberet-jpa-deployment	2.6.0		813ea45cc16b5c1f2ba4be2e6d98cfa996f7c30d
io.quarkus	quarkus-creator	0.11.0		d587bf4da95a10f2c12cb5a5f4bbd0296e2bdea5
io.quarkus	quarkus-creator	0.12.0		acb2c8e77fd0a9e6043906261a7aae5ea917e832
io.quarkus	quarkus-creator	0.13.0		609ce5a3bd3f5611628352029eeb98e1d0afd60a
io.quarkus	quarkus-creator	0.13.1		05cc6043951c93ab95b6ef0df7a23c032cfca39f
io.quarkus	quarkus-creator	0.13.2		6fb286989dae1b80e5ff0f13888e84f4f8c74e7d
io.quarkus	quarkus-creator	0.13.3		45ce53c7ef0864761755f86e7482763404d9a35b
io.quarkus	quarkus-creator	0.14.0		be2268ffaed88c703dcd820a4a06d4ccf275b9bc
io.quarkus	quarkus-creator	0.15.0		928e596c8758ad381fa67d3dd40897fc2c541f76
io.quarkus	quarkus-creator	0.16.0		7f046942e66ac4af80449695908dabf08b71911b
io.quarkus	quarkus-creator	0.16.1		dd72fbf5a184d9e3a696ae04d45c4719e60ecb79
io.quarkus	quarkus-creator	0.17.0		7af139818bdeecd721db491e8f536c2386aadff8
io.quarkus	quarkus-creator	0.18.0		956bd8d310caf7c4ad1fbd77fe17413ddceee140
io.quarkus	quarkus-creator	0.19.0		8f2cfcef6c39170b17b9466b19acfd9be7496a0b
io.quarkus	quarkus-creator	0.19.1		a25504c3a49828a7433f7e9dedeb61f15a1c580f
io.quarkus	quarkus-creator	0.20.0		447ef7d2cd3dfd642d54cc07e9cf56166c2ee4ef
io.quarkus	quarkus-creator	0.21.0		cbaa3a50838a3ef5ea0e5dd8153ca938539f4844
io.quarkus	quarkus-creator	0.21.1		49542021a486cc78d571da393971706bc0ae47be
io.quarkus	quarkus-creator	0.21.2		2e1ac4e230cea358cf4411eeb69830984c156582
io.quarkus	quarkus-creator	0.22.0		47d60a99b91709daebe9d7bce2281d320d49e580
io.quarkus	quarkus-creator	0.23.0		25cd232df1038964e24e14af0d07d50a45d2c374
io.quarkus	quarkus-creator	0.23.1		bd994a55c90fc4ae697c9162ad853f7ac053981d
io.quarkus	quarkus-creator	0.23.2		89871d73c2fc4b01c3398b0b0332abd6e72f0ec7
io.quarkus	quarkus-creator	0.24.0		4f163157a56bb47ddfb7eb8e77f1d1f7ac0dea3a
io.quarkus	quarkus-creator	0.25.0		1c8a60652bb8fa2bc36275211ca343e0a44c64a8
io.quarkus	quarkus-creator	0.26.0		a10423ad2781e244bc90d8cd68d9a80666a28533
io.quarkus	quarkus-creator	0.26.1		2caa06199c9844d6b879adf3403367081a0727af
io.quarkus	quarkus-creator	0.27.0		2f7ccff77fc5c4448325bde70e998e55397b9d52
io.quarkus	quarkus-creator	0.28.0		d7e0d36a53673c360d956f24887093b7c37b530e
io.quarkus	quarkus-creator	0.28.1		5196d1aaae24facab1b0700e6e9184e215f91c45
io.quarkus	quarkus-creator	1.0.0.CR1		1566b7a0113c36d03b07a74dcce808a11614408d
io.quarkus	quarkus-creator	1.0.0.CR2		3d2a3b631019b5973e0b6e3b609d634f67e6aa39
io.quarkus	quarkus-creator	1.0.0.Final		6a50f90c6414ea00e29931714f721d51d5aa4d51
io.quarkus	quarkus-creator	1.0.1.Final		12bc8246c2f035f1c1f3902f33ba865013f46c44
io.quarkus	quarkus-creator	1.1.0.CR1		a31d54306fcd6a04a3da978912c7e09e5aeb5552
io.quarkus	quarkus-creator	1.1.0.Final		60961106ffeb1f666736fa964c082505632fc385
io.quarkus	quarkus-creator	1.1.1.Final		ca909514c0b70dd7ee1f4db35bb4843b8d35edce
io.quarkus	quarkus-creator	1.2.0.CR1		b3b09348e17433ee953eec9efa05c365cd4155c2
io.quarkus	quarkus-creator	1.2.0.Final		3c61acb4bb42aa4d2abac67a3fa2223637aab7a4
io.quarkus	quarkus-creator	1.2.1.Final		ce650d487e2329dc439a15a7cee0bf68e852cc5f
io.vertx	vertx-config-kubernetes-configmap	3.4.0		df71b6223fcb16ecac606018ff8595a460b39551
io.vertx	vertx-config-kubernetes-configmap	3.4.0.Beta1		6a877f5622e627b6120d6cab17c514f7265a5465
io.vertx	vertx-config-kubernetes-configmap	3.4.1		39d25aa1f9b3c6d19d9a0b4372577d6ba82cd54a
io.vertx	vertx-config-kubernetes-configmap	3.4.2		6679f536bb90fa2abb306f9f706556b2bcd5b783
io.vertx	vertx-config-kubernetes-configmap	3.5.0		4688c9a4cab8f87675e54bba4cde26570b908704
io.vertx	vertx-config-kubernetes-configmap	3.5.0.Beta1		b2be6eb1f253d5b4b93690a6e6b9d54296a9c747
io.vertx	vertx-config-kubernetes-configmap	3.5.1		edd65f2353872c16e82edf88889c85f177ccc700
io.vertx	vertx-config-kubernetes-configmap	3.5.2		64c8d781a726ea7e3c1a3c3087917e23a1aff617
io.vertx	vertx-config-kubernetes-configmap	3.5.2.CR1		ba76ed703b5be351b850707b0f3b3129347d8c3a
io.vertx	vertx-config-kubernetes-configmap	3.5.2.CR2		85981209c40802ced5f9591d73c0ecc4a8b281d8
io.vertx	vertx-config-kubernetes-configmap	3.5.2.CR3		a99ce10ae81144e2aad69b71c8d02e9ef4e5446c
io.vertx	vertx-config-kubernetes-configmap	3.5.3		f3cd136d3e046f220d9c611d771d6c0d381e1a46
io.vertx	vertx-config-kubernetes-configmap	3.5.3.CR1		9d596695cf4872d7e06499eb329cf104e1439de2
io.vertx	vertx-config-kubernetes-configmap	3.5.4		f427a97e88563dee0f2308de1001c4ad6dd5977e
io.vertx	vertx-config-kubernetes-configmap	3.6.0		54faeb92c876728a778cef2b79e7e0170c1ae881
io.vertx	vertx-config-kubernetes-configmap	3.6.0.CR1		091edbbdc4ab3105ec62efc0dd18e6412603e6d1
io.vertx	vertx-config-kubernetes-configmap	3.6.0.CR2		8451930e4ddde6edecfb41cb54231704fc879877
io.vertx	vertx-config-kubernetes-configmap	3.6.1		643950fd30fe1e4bde96949d68fa528cddd54897
io.vertx	vertx-config-kubernetes-configmap	3.6.2		8b8912d4d21cfac783cc1f91266842be49db4a0f
io.vertx	vertx-config-kubernetes-configmap	3.6.3		e08594cba2a1872224fa5766d519ff2e8e44edcb
io.vertx	vertx-config-kubernetes-configmap	3.7.0		52be4c908b7e13dc7a64369ad335c10f5563da6b
io.vertx	vertx-config-kubernetes-configmap	3.7.1		fde5fa49f0cf3f1420a1cfb512ac262d8f51a9a4
io.vertx	vertx-config-kubernetes-configmap	3.8.0		b1923394222ac5dbd44e8ca9ccd7d7f79f7f1269
io.vertx	vertx-config-kubernetes-configmap	3.8.1		6d441ddfd6668991373cf9ef6a3a1744886a63c8
io.vertx	vertx-config-kubernetes-configmap	3.8.2		c2fd46fad1c263f3b159ae80a243072892cc6487
io.vertx	vertx-config-kubernetes-configmap	3.8.3		3df16bf510c17b50007d655440984ba9030d0ab1
io.vertx	vertx-config-kubernetes-configmap	3.8.4		49cebe5f7744419089d20169e062d067727901ce
io.vertx	vertx-config-kubernetes-configmap	3.8.5		1f51f71c3b6b5121b0ec28fa7afc0798154d1dc2
io.vertx	vertx-config-kubernetes-configmap	3.9.0		54c1acc1645d9dfccfe4f3c5c942839daa291ea3
io.vertx	vertx-config-kubernetes-configmap	3.9.1		30fc1b797de4fd8c5aea192f46207e2cc26e29e0
io.vertx	vertx-config-kubernetes-configmap	3.9.10		45edb979fd1f9da9c74e4610c50e9654e64b7add
io.vertx	vertx-config-kubernetes-configmap	3.9.11		7a347225bbb1b9798e3d3ebcd5b55923697cc714
io.vertx	vertx-config-kubernetes-configmap	3.9.12		8dbc12d47995dbff185bba0669e5f5eef4799834
io.vertx	vertx-config-kubernetes-configmap	3.9.13		34d3d9f93de66bea338b09dac2619293bf5c890d
io.vertx	vertx-config-kubernetes-configmap	3.9.14		40d0d2fba6a13dd7436640962abfd7399126b50c
io.vertx	vertx-config-kubernetes-configmap	3.9.15		8a299d72b2b75f4cabd20c289d97bb9bc458661f
io.vertx	vertx-config-kubernetes-configmap	3.9.16		f354ee22a0b9e95e85573935e1a019760a55e92e
io.vertx	vertx-config-kubernetes-configmap	3.9.2		eb28dc4673a7e9697006e25325ff8fa4708f61b1
io.vertx	vertx-config-kubernetes-configmap	3.9.3		7b8291a61c9152f36a9c479ac759674f70db273c
io.vertx	vertx-config-kubernetes-configmap	3.9.4		1dc28f68da9d232f28b0de680a76db47689d502b
io.vertx	vertx-config-kubernetes-configmap	3.9.5		c9f15b13f974f4b41a33c794a48dc933b6a069fd
io.vertx	vertx-config-kubernetes-configmap	3.9.6		30acaec068dd3b92f02c8ff850bc4e3e5cfeb2d5
io.vertx	vertx-config-kubernetes-configmap	3.9.7		cd3e9c199239e0c1bacfc20f7e71790a57c07538
io.vertx	vertx-config-kubernetes-configmap	3.9.8		5e849f2a3b4dd79922e0127f7c8be160ae349f40
io.vertx	vertx-config-kubernetes-configmap	3.9.9		4b6a283122bf7969b30cdc1dc8ad9b0b250786a4
io.vertx	vertx-config-kubernetes-configmap	4.0.0		1e375fadf9f4b2103f4cd88cada3600670d4b99a
io.vertx	vertx-config-kubernetes-configmap	4.0.0-milestone1		51035589fc94a57030ae91fa7c33290b44966f3a
io.vertx	vertx-config-kubernetes-configmap	4.0.0-milestone2		6ad954bd2dea65be3346babd1ae28171ebe3e5cb
io.vertx	vertx-config-kubernetes-configmap	4.0.0-milestone3		93c0dc279ae855395f4f36eee8323ac0a55d75fb
io.vertx	vertx-config-kubernetes-configmap	4.0.0-milestone4		1fb152c6d55049f9d0126b4593bc67ed05e461c7
io.vertx	vertx-config-kubernetes-configmap	4.0.0-milestone5		1bfdd35af7dd7606ff9462974e49f854735c9cd7
io.vertx	vertx-config-kubernetes-configmap	4.0.0.Beta1		6f37693ba9cba8c1d15e5a93752f71265415677c
io.vertx	vertx-config-kubernetes-configmap	4.0.0.Beta2		136d3b4baf25178605b57262c7f5cb26cf1d44f0
io.vertx	vertx-config-kubernetes-configmap	4.0.0.Beta3		8a60e590d543db34254c799e0787b4f7e090cac4
io.vertx	vertx-config-kubernetes-configmap	4.0.0.CR1		0671c25b019f97ac2333fe221ccc4ee7260f6c6e
io.vertx	vertx-config-kubernetes-configmap	4.0.0.CR2		3ed76be140ff5d8262b45a294429abdbe48ce2e6
io.vertx	vertx-config-kubernetes-configmap	4.0.1		cca25181653f64355370af40e88a4274eac35da0
io.vertx	vertx-config-kubernetes-configmap	4.0.2		3fceeb32ec7bc2e151408d1d0c4862f21292c6bb
io.vertx	vertx-config-kubernetes-configmap	4.0.3		f4fb3075b4eda2bc1f96d543ea08d06b52976df0
io.vertx	vertx-config-kubernetes-configmap	4.1.0		b4718b6033596ee213e1f2a65cc8ab3b228209e1
io.vertx	vertx-config-kubernetes-configmap	4.1.0.Beta1		eff4cb280054e5d02c69c0fccbb608228bc2b646
io.vertx	vertx-config-kubernetes-configmap	4.1.0.CR1		139c041515b2c4eb384f6bb180ab84e69eeb6bed
io.vertx	vertx-config-kubernetes-configmap	4.1.0.CR2		ccb7afc643c6b370527c159d891df6a76af60394
io.vertx	vertx-config-kubernetes-configmap	4.1.1		5d6fd1110d3057f0a8525faf9b8665a43dfb8e46
io.vertx	vertx-config-kubernetes-configmap	4.1.2		a4674c30e7ae8b9d2323d98cf8e58fa653f4242b
io.vertx	vertx-config-kubernetes-configmap	4.1.3		4728fea35643c87dd7bc82f0e853095b2d62df06
io.vertx	vertx-config-kubernetes-configmap	4.1.4		7bcb8f1202155e8aa7dcd09256409ad8ade94311
io.vertx	vertx-config-kubernetes-configmap	4.1.5		d74a72529ece807ff90af419c6657ba07675ce93
io.vertx	vertx-config-kubernetes-configmap	4.1.6		9fb8fa7a95f8e0d6ed37dc0f0db1a07de147e2c5
io.vertx	vertx-config-kubernetes-configmap	4.1.7		97c78a35fe846a097f4f546f6fbbdab6cbd9fa89
io.vertx	vertx-config-kubernetes-configmap	4.1.8		998dac7957b7114b1fec973bd2bdc2ba6eaf45d8
io.vertx	vertx-config-kubernetes-configmap	4.2.0		2102a507288d061c879a78160278f02495fa2733
io.vertx	vertx-config-kubernetes-configmap	4.2.0.Beta1		fe26d34ec0fc4995c79dda2d34fec104ae13121c
io.vertx	vertx-config-kubernetes-configmap	4.2.0.CR1		08af63c77dcd7c44bf27295d755cbbb3dae30dd1
io.vertx	vertx-config-kubernetes-configmap	4.2.1		abc1b11f442d2ff79d988546670de04f571743e7
io.vertx	vertx-config-kubernetes-configmap	4.2.2		395530e74b3cb57f0d11206e091877263681e6fa
io.vertx	vertx-config-kubernetes-configmap	4.2.3		a6b821bd40010e255616b8ef37817743ef6c9d1a
io.vertx	vertx-config-kubernetes-configmap	4.2.4		14101579510935f41b1399b8d33a54cdb8b0b03c
io.vertx	vertx-config-kubernetes-configmap	4.2.5		ba5252bc1d4e91fd38fd91b228cada3b661f4745
io.vertx	vertx-config-kubernetes-configmap	4.2.6		6bec486820630a84f5bd7f967757cb4e2ebe8ed9
io.vertx	vertx-config-kubernetes-configmap	4.2.7		613d1792848c0bd1f5d10d9f03d78c6ffd58672e
io.vertx	vertx-config-kubernetes-configmap	4.3.0		73cc6607cbeb0edd2680c539797e1bc9a0ee77e0
io.vertx	vertx-config-kubernetes-configmap	4.3.1		2464fd4fe538206d552802cdd424fee7a6e90368
io.vertx	vertx-config-kubernetes-configmap	4.3.2		4ae9e5b56b32998c1d7e4716ddd4729267165929
io.vertx	vertx-config-kubernetes-configmap	4.3.3		01bd66b5525a74a8afe8c9eae421fc680ff5245e
io.vertx	vertx-config-kubernetes-configmap	4.3.4		49c4e294a14e8a0ae48c02640f061f608bfaf934
io.vertx	vertx-config-kubernetes-configmap	4.3.5		2a650932d0013acf2ab90e1ac3536ff0c9ccc9cf
io.vertx	vertx-config-kubernetes-configmap	4.3.6		b36ab9aa1ce128c27fe6f2ff33ef55e321b50fa1
io.vertx	vertx-config-kubernetes-configmap	4.3.7		8c32eb47a664c62d6e0a2418b67ad2a67f70c34f
io.vertx	vertx-config-kubernetes-configmap	4.3.8		f4d2a0c3cb244339feea6aef97de58703437122a
io.vertx	vertx-config-kubernetes-configmap	4.4.0		ce0d682fdce4a233f976d15ca52e59738aebc1b9
io.vertx	vertx-config-kubernetes-configmap	4.4.1		4c47e65f741b89cf892d6435930d1be32fddd6c0
io.vertx	vertx-config-kubernetes-configmap	4.4.2		96cfa318dc87a0c235f83bc1799c0d4dc5911212
io.vertx	vertx-config-kubernetes-configmap	4.4.3		710d43a5c9f8b80d4863d38bd205e92ab8c96087
io.vertx	vertx-config-kubernetes-configmap	4.4.4		69f6d2d0de56bc4283e4df999c4c0e9f090725b5
io.vertx	vertx-config-kubernetes-configmap	4.4.5		c81b80602b5edb8883699e3733445e6a64ffa86e
io.vertx	vertx-config-kubernetes-configmap	4.4.6		2c87644dcc0d603747d37a7bb64bdfe87a49a39b
io.vertx	vertx-config-kubernetes-configmap	4.4.7		0fa1d26cd6413f1e4ca0c5482ca40caa87028416
io.vertx	vertx-config-kubernetes-configmap	4.4.8		77ffd86e706b18fbb9105e7417e465fd0a1433c7
io.vertx	vertx-config-kubernetes-configmap	4.4.9		3c8a8072e0095bc7298bf5d98c97a96a2d122fa2
io.vertx	vertx-config-kubernetes-configmap	4.5.0		8f2dd1b899a0d2ea52f29605123b7a891503d0f3
io.vertx	vertx-config-kubernetes-configmap	4.5.1		e6e4b806d4e9fe074f5710f7b8725e8675171d4f
io.vertx	vertx-config-kubernetes-configmap	4.5.10		74a407699e73ed90d7a3f2f3d05a4612a6ec8d80
io.vertx	vertx-config-kubernetes-configmap	4.5.11		5a5bf25f5a0e897ed7334e8bcedc7c7eae23fd1b
io.vertx	vertx-config-kubernetes-configmap	4.5.12		d4f1ea70a5cae8033dea90a870e5ab7816ee4302
io.vertx	vertx-config-kubernetes-configmap	4.5.13		043a43325f1398541b5522781ac6ca859cdb354e
io.vertx	vertx-config-kubernetes-configmap	4.5.14		a8dbcb8040839122121a7ede06988f77bec6ef5e
io.vertx	vertx-config-kubernetes-configmap	4.5.2		fddfe1f349ab241c10674adff066cedc9b62d69e
io.vertx	vertx-config-kubernetes-configmap	4.5.3		4b0ff2f306c37897eaa52a9801f73315cd75de10
io.vertx	vertx-config-kubernetes-configmap	4.5.4		778d29705f6a5304be76fbc927ee6d984093441a
io.vertx	vertx-config-kubernetes-configmap	4.5.5		0723b9c9794ff48edc82596b1b47e463eef0cb59
io.vertx	vertx-config-kubernetes-configmap	4.5.6		95faa542c3f1036cefd9c3872aef2c8c7d32c03c
io.vertx	vertx-config-kubernetes-configmap	4.5.7		e24480f121876626470c82b9c3dec40c2ed183e7
io.vertx	vertx-config-kubernetes-configmap	4.5.8		ab6ad584b0828548896a44ff6c12e3e1c4d6c863
io.vertx	vertx-config-kubernetes-configmap	4.5.9		6789b1515e1c726f03a8e0c4449c45b1c09d0eb6
io.vertx	vertx-config-kubernetes-configmap	5.0.0.CR1		c9e9b3feededb238f8495bba135013d6720d3450
io.vertx	vertx-config-kubernetes-configmap	5.0.0.CR2		bb6b0d06d66c8c93e958c5798790eea6072d9c65
io.vertx	vertx-config-kubernetes-configmap	5.0.0.CR3		b9dcff221630314135384fd63ef3792ca4cfd2fa
io.vertx	vertx-config-kubernetes-configmap	5.0.0.CR4		4ee3e9bfca5489acb36f8bd37cf77b57c42e46b3
io.vertx	vertx-config-kubernetes-configmap	5.0.0.CR5		fb9f9ed1cde622c9390cc02c1cb90fc694dc602c
io.vertx	vertx-config-kubernetes-configmap	5.0.0.CR6		afaba3642f95ba1eb7bcf4c744e97eba3b0aa99e
io.vertx	vertx-config-kubernetes-configmap	5.0.0.CR7		6bfa6a5a5cf1bebfda62ea23b3d9b9cd2c366505
net.automatalib	automata-parent	0.10.0		N/A
net.automatalib	automata-parent	0.11.0		N/A
net.automatalib	automata-parent	0.12.0		N/A
net.automatalib	automata-parent	0.12.1		N/A
net.automatalib	automata-parent	0.3.0		N/A
net.automatalib	automata-parent	0.3.1		N/A
net.automatalib	automata-parent	0.3.1-ase2013-tutorial		N/A
net.automatalib	automata-parent	0.3.1-ase2013-tutorial-r1		N/A
net.automatalib	automata-parent	0.4.0		N/A
net.automatalib	automata-parent	0.4.1		N/A
net.automatalib	automata-parent	0.5.0		N/A
net.automatalib	automata-parent	0.5.1		N/A
net.automatalib	automata-parent	0.5.2		N/A
net.automatalib	automata-parent	0.6.0		N/A
net.automatalib	automata-parent	0.7.0		N/A
net.automatalib	automata-parent	0.7.1		N/A
net.automatalib	automata-parent	0.8.0		N/A
net.automatalib	automata-parent	0.9.0		N/A
net.savantly.sprout	admin	1.4.0-RC1		1c0772261bc4535a1ff2014f03bf6490ee385f5f
net.savantly.sprout	admin	1.4.0-RC2		6a3c44ab44d97cc83556eb44b4d35eb25b187da8
net.savantly.sprout	admin	1.4.0-RC3		9463599165c0f3e7195ec15b9eab9a5c0145c1d5
net.sf.xsparql	xsparql-cli	20140909		40c273f32d756c30176946f45031b1062f494bbe
org.apache.cxf.dosgi.samples	cxf-dosgi-ri-bundles-ds-parent	1.1		N/A
org.apache.cxf.dosgi.samples	cxf-dosgi-ri-bundles-ds-parent	1.2		N/A
org.apache.cxf.dosgi.samples	cxf-dosgi-ri-bundles-ds-parent	1.3		N/A
org.apache.cxf.dosgi.samples	cxf-dosgi-ri-bundles-ds-parent	1.3.1		N/A
org.apache.cxf.dosgi.samples	cxf-dosgi-ri-bundles-ds-parent	1.4.0		N/A
org.apache.cxf.dosgi.samples	cxf-dosgi-ri-bundles-ds-parent	1.5.0		N/A
org.apache.streampark	streampark-flink-connector-elasticsearch7_2.11	2.0.0		ac4141fd0ddc81697fd02caf8d7dba72f9f0daf1
org.apache.streampark	streampark-flink-connector-elasticsearch7_2.11	2.1.0		b0422c978ec274abbaa41da1e174f383fc5bd91f
org.apache.streampark	streampark-flink-connector-elasticsearch7_2.11	2.1.5		08a4be2fe8489bdd8cf17ae83173ee0509c961ab
org.atnos	eff-state_sjs1_2.13	7.0.0		3a5525954797685dfd68369710ec6948b76ba946
org.atnos	eff-state_sjs1_2.13	7.0.1		50b9caabed6eb99322061621d3692467af689e72
org.atnos	eff-state_sjs1_2.13	7.0.3		b95b575214220ae0d910beb9e6ec02fff575bc6f
org.atnos	eff-state_sjs1_2.13	7.0.4		99356a0e8e2cea2cee6dea6dab1d7311fdca0437
org.atnos	eff-state_sjs1_2.13	7.0.5		8f498cc158f036315a2a9f2b3fe589dd38034b96
org.atnos	eff-state_sjs1_2.13	7.0.6		7d724b45ecb9266e6a42eecb4d83145616d676f8
org.criticalsection.maven	mtn-maven-scm-translator	1.0-alpha-01		43ba158026a8f0196ee0b0a320479d43958af4ce
org.eclipse.platform	org.eclipse.equinox.jsp.jasper.registry	1.0.300		184d62322578125732aa2e250ea72b9900352304
org.eclipse.platform	org.eclipse.equinox.jsp.jasper.registry	1.1.0		81664c569e2c4ff3493b7745a00602a04c40a1b1
org.eclipse.platform	org.eclipse.equinox.jsp.jasper.registry	1.1.100		3973f5b43fa23c6ec41d4f7ec23dd72416e6ccdc
org.eclipse.platform	org.eclipse.equinox.jsp.jasper.registry	1.1.200		331f133a15db81dac71cf5849c9d179007d76932
org.eclipse.platform	org.eclipse.equinox.jsp.jasper.registry	1.1.300		bd66b893d9d7a5ee70c706ad1a9ce2d2fd845c81
org.eclipse.platform	org.eclipse.equinox.jsp.jasper.registry	1.1.400		e446f96b1ed676ea2d95aeb8a625936f08a2b377
org.eclipse.platform	org.eclipse.equinox.jsp.jasper.registry	1.2.0		f646a4b45dd985da7ff1f53d963fbe76af3b1d94
org.eclipse.platform	org.eclipse.equinox.jsp.jasper.registry	1.2.100		d8f29fdabfcf2cca05c590b06fed3a87a059a7e2
org.eclipse.platform	org.eclipse.equinox.jsp.jasper.registry	1.2.200		7f7845ad46a031dfc35e08b232d7b385096d50fa
org.eclipse.platform	org.eclipse.equinox.jsp.jasper.registry	1.3.0		7676838eb9700d33e090b0afe83f67db58d96cd2
org.eclipse.platform	org.eclipse.equinox.jsp.jasper.registry	1.3.100		48664b061c1e0904cb11024f6b24809b65f0b431
org.flowable	spring-boot-sample-actuator	5.22.0		cb6a72733002b64d71e3e24c5b65ddec10d15e9e
org.flowable	spring-boot-sample-actuator	5.23.0		ab1cd91334bff5c7ae42bee549c349660a065236
org.fosstrak.reader	reader	0.5.0		N/A
org.glowroot.instrumentation	instrumentation-quartz	0.14.0		0761b338ccba17007c850409b60c7acb4c1b2a0c
org.glowroot.instrumentation	instrumentation-quartz	0.14.1		dce5fa829ac4090d392454dcde9a0ac4701d534a
org.glowroot.instrumentation	instrumentation-quartz	0.14.2		2e2fbd95d047e15f62f5e4ec5743095cc64e4f71
org.glowroot.instrumentation	instrumentation-quartz	0.14.3		21151d0e8417198b4c8ceac4ffc4049865ce20e2
org.glowroot.instrumentation	instrumentation-quartz	0.14.4		d53f95c1903edd5c72d8fe4e55caf002d06c7208
org.glowroot.instrumentation	instrumentation-quartz	0.14.5		73b59f4feacab60256844d8d9aa24d00a53b5b18
org.glowroot.instrumentation	instrumentation-quartz	0.14.6		275995aac3db6427267983c0efaaa2e52aa4c6db
org.glowroot.instrumentation	instrumentation-quartz	0.14.7		79e5fefd49b91caaa96d28b3efcab0afc6894277
org.glowroot.instrumentation	instrumentation-quartz	0.14.8		535dfde4ee7442a673ef3ba1ac80fd981f846788
org.glowroot.instrumentation	instrumentation-quartz	0.14.9		a5d8370a5406cad81118c60a5d0e044348fce999
org.jboss.as	jboss-as-build-modular	7.2.0.Final		N/A
org.jodconverter	jodconverter-spring-boot-starter	4.0.0-RELEASE		652a025f662a9474679421c868d87282f6764f5c
org.jodconverter	jodconverter-spring-boot-starter	4.1.0		6fb1910db38362480c4d907911aac4356e852715
org.jodconverter	jodconverter-spring-boot-starter	4.1.1		41ed329a7ba1f2eab451f9a6a2be2d7279db9f86
org.jodconverter	jodconverter-spring-boot-starter	4.2.0		403afdc8a23b3de208204c9034daef9830a30f73
org.jodconverter	jodconverter-spring-boot-starter	4.2.1		aee8150c98936eeb255abcbf6db900c3392a5d0a
org.jodconverter	jodconverter-spring-boot-starter	4.2.2		8335cef52eeb455f42bc6d0e99a18dc9e81678e0
org.jodconverter	jodconverter-spring-boot-starter	4.2.3		ddb7044fcfd7563e7bf34c9b7f545dedafb1e01d
org.jodconverter	jodconverter-spring-boot-starter	4.2.4		f2629688b9c122a442365045cee241ba76c445ef
org.jodconverter	jodconverter-spring-boot-starter	4.3.0		4e437935a0ff97457a48144084adeec8dfa45bcf
org.jodconverter	jodconverter-spring-boot-starter	4.4.0		df97a5a731a99a6189897ec498cf4a84e80a72b0
org.jodconverter	jodconverter-spring-boot-starter	4.4.1		8530005829ea6b638bf6742ba4b33d2aa53a6788
org.jodconverter	jodconverter-spring-boot-starter	4.4.2		69d76f87d3e1940ea51bb3b5024484a000ea9481
org.jodconverter	jodconverter-spring-boot-starter	4.4.3		e4b8bdbc79fb2db8e1dad05e23e6b569ae44af00
org.jodconverter	jodconverter-spring-boot-starter	4.4.4		ebd251d8f6847e567d5e6b19113282c6b8f316da
org.jodconverter	jodconverter-spring-boot-starter	4.4.5		862aaefb8e028b92a130b753ef5f0d9a3fa3be09
org.jodconverter	jodconverter-spring-boot-starter	4.4.6		1fb2cd4912f9eddb2fb5e525e7246d57c8cf4929
org.jodconverter	jodconverter-spring-boot-starter	4.4.7		dd5ee86bb5b4b5e64ce8a78ae3517797f9994a2e
org.jodconverter	jodconverter-spring-boot-starter	4.4.8		9f103bb075aaa15a87279b4c367c49fced28e3e7
org.jodconverter	jodconverter-spring-boot-starter	4.4.9		c91bbe871593e457425f606d638fef711b2abbec
org.json4s	json4s-mongo_3	3.7.0-M16		0380cff7c70fec5c6da3bdb123ea6ca4c52d442f
org.json4s	json4s-mongo_3	3.7.0-RC1		6c09b3be9b99da9d7f70437f47f16ec517c6a091
org.json4s	json4s-mongo_3	4.0.0		6448641675261d9663d2e32d3f9c86f1a986500f
org.json4s	json4s-mongo_3	4.0.1		a2b0e12754ec2c3885b11711773d0b716d0cb4e4
org.json4s	json4s-mongo_3	4.0.2		d529df67d86f3ab5285953bace6816e79067fe29
org.json4s	json4s-mongo_3	4.0.3		2de06b23a71ffc1b26c440b0f75c8b23f3b7aa6c
org.json4s	json4s-mongo_3	4.0.4		70e1715015ebc56e4467ce4563134f2f04d7cfe1
org.json4s	json4s-mongo_3	4.0.5		cb445e8a5555ff741ca2b166e9023ad2e2b6ab19
org.json4s	json4s-mongo_3	4.0.6		b230ff2dc1c82ea1c0ec0b30c23678995e65056f
org.json4s	json4s-mongo_3	4.0.7		1b7dc584b59c66a573fddb65cce1e7dc6817d101
org.json4s	json4s-mongo_3	4.1.0-M1		e477439e0bc47ba1cb1babe1bd7ca5db218d03e0
org.json4s	json4s-mongo_3	4.1.0-M2		204add330921e2a479e19fb22e313908e1037825
org.json4s	json4s-mongo_3	4.1.0-M3		409dff0f33e937f0e08e24241cc04b71b3b75480
org.json4s	json4s-mongo_3	4.1.0-M4		0419b637583d94729ec13ca92369ed5068c5be69
org.json4s	json4s-mongo_3	4.1.0-M5		a9b2a58c8768ffd7f9c6b40807afad13d64d7cd4
org.json4s	json4s-mongo_3	4.1.0-M6		57b509cb090179f458a5ee0514f7d256849d043b
org.json4s	json4s-mongo_3	4.1.0-M7		b9c13b08eadfe38c41087b609dd3a85e0d24277c
org.json4s	json4s-mongo_3	4.1.0-M8		91d005c6d5b9041342f6f78117f2c3a4cb8471cb
org.kie	kie-dmn-pmml-tests	10.0.0		25a58d9ad469ae75b3aa2312ebb86c59251de057
org.kie	kie-dmn-pmml-tests	7.40.0.20200703		507cd726f6721ce05ebef6f7a265937778f7282c
org.kie	kie-dmn-pmml-tests	7.40.0.Final		d22066f91cd22155db6338921b5cf44854f0965d
org.kie	kie-dmn-pmml-tests	7.41.0.Final		4d2356f13f19a0b5083d3aa793935f3dca2f07ae
org.kie	kie-dmn-pmml-tests	7.41.0.t20200723		d53a3335b63edd42fbae2786ac89aee9149c7885
org.kie	kie-dmn-pmml-tests	7.42.0.Final		109bcc4d7aca8b023dca81c5c43143eec5db3c2d
org.kie	kie-dmn-pmml-tests	7.43.0.Final		306d4671c8baddd69b56e80be85a0437ec0970ce
org.kie	kie-dmn-pmml-tests	7.43.0.t20200824		c8bc9d47deb21c3e549c6dad4cd7ad026b971d79
org.kie	kie-dmn-pmml-tests	7.43.1.Final		edbd30541e224e98dd8e0ff69f669b1ffbe553f8
org.kie	kie-dmn-pmml-tests	7.44.0.Final		caf17afe4977fbe27f4acd483d13bbbe38dbde47
org.kie	kie-dmn-pmml-tests	7.45.0.Final		236c68e615e0990fe257f6b247698bcead34855f
org.kie	kie-dmn-pmml-tests	7.45.0.t20201009		6a67562af26f1ea3e699afb4a0e0831ff396c875
org.kie	kie-dmn-pmml-tests	7.45.0.t20201014		4f25c19298ed54f6176373c9036f245e21361e4c
org.kie	kie-dmn-pmml-tests	7.46.0.Beta1		106ab5828db5d7777b21612eeb30fb2066280f89
org.kie	kie-dmn-pmml-tests	7.46.0.Final		ff85f4bc23117eebef43389090bed41d58824c79
org.kie	kie-dmn-pmml-tests	7.46.0.t20201030		8f648055eef055532f19318bceb875d6fad1ed49
org.kie	kie-dmn-pmml-tests	7.47.0.Final		a56ac3c50cf8c11aabd2b3b86f484165a9937af6
org.kie	kie-dmn-pmml-tests	7.48.0.Final		2b804d4837f7af1bc1ac0f9144afaed7bf16b50f
org.kie	kie-dmn-pmml-tests	7.49.0.Final		d6998ff975a1ded548a160b8d114f297bde91b74
org.kie	kie-dmn-pmml-tests	7.49.0.t20210118		28377343c59161ea49c44001e451da54de9dfa8d
org.kie	kie-dmn-pmml-tests	7.50.0.Final		26d5db929313b6f9964c61fda8b0ffa5c6967a23
org.kie	kie-dmn-pmml-tests	7.50.0.t20210209		0795784555bb679f3437dc759a686488cd35856f
org.kie	kie-dmn-pmml-tests	7.51.0.Final		1b23adae95d01049a4433440890f3bee20a054ad
org.kie	kie-dmn-pmml-tests	7.51.0.t20210303		d3649101a4eaa8e21c826437ff7d79b10d8f7250
org.kie	kie-dmn-pmml-tests	7.52.0.Beta1		05fe306ef7557bdd9108903cf6d9ea4347a646df
org.kie	kie-dmn-pmml-tests	7.52.0.Final		7402f8c43c32aa73d79d1c03774c5a25c95b2128
org.kie	kie-dmn-pmml-tests	7.52.0.t20210322		a8488b02e2df760a68e5615225386b14a5ca11e9
org.kie	kie-dmn-pmml-tests	7.53.0.Final		b833a90a87e76ae1c4db87bf811f216a7dbe8a6a
org.kie	kie-dmn-pmml-tests	7.53.1.Final		c420980d1c8a4a7cd406a12e2e1457adf95bab60
org.kie	kie-dmn-pmml-tests	7.54.0.Beta1		858529adb612d6037f73c4151d46478611573330
org.kie	kie-dmn-pmml-tests	7.54.0.Final		59721ac2ab9b233866f2c672562ac2531e949f6b
org.kie	kie-dmn-pmml-tests	7.55.0.Beta1		36bf317d054198f29803f95bb7b973ec080cb071
org.kie	kie-dmn-pmml-tests	7.55.0.Final		615084e6e14e7960b851485ef16b8ee121e82b3b
org.kie	kie-dmn-pmml-tests	7.56.0.Final		be2415257d32c5417dc2d01a1ac9037cd29d7a79
org.kie	kie-dmn-pmml-tests	7.57.0.Beta1		72a7663ff8139018d39c029be67e8b760ae843dc
org.kie	kie-dmn-pmml-tests	7.57.0.Final		f2397d50a78dff60067d21a608db96d0e37664b8
org.kie	kie-dmn-pmml-tests	7.58.0.Beta1		e7645bb2e79815290d467dfd377ad16099287408
org.kie	kie-dmn-pmml-tests	7.58.0.Final		6f69bc655521c85682c998408d913daccf71dc29
org.kie	kie-dmn-pmml-tests	7.59.0.Beta1		404ba5d8d6f9be2c56d712cc1891233a154ac327
org.kie	kie-dmn-pmml-tests	7.59.0.Final		fae89d598efe7ace0bb7a98a4944889e09ba9e16
org.kie	kie-dmn-pmml-tests	7.60.0.Final		2ecf0de1919edeb5a3e8bffccb614fac4c3091a7
org.kie	kie-dmn-pmml-tests	7.61.0.Final		d67692fbb1a725227682ea94a2ee42a38f25ed13
org.kie	kie-dmn-pmml-tests	7.62.0.Final		6e2b79ee11235595cae94804305ff96d09aaf311
org.kie	kie-dmn-pmml-tests	7.63.0.Final		b381f7b0ab48b41e02a911cc511fb3525db0f77f
org.kie	kie-dmn-pmml-tests	7.63.0.t20211129		4d0dcef0a59612105519487f9c68816fe2457dde
org.kie	kie-dmn-pmml-tests	7.64.0.Final		fbf158081e2a780086c0410986a96086f0f7c437
org.kie	kie-dmn-pmml-tests	7.65.0.Final		a19ad81e3f6b6bc1b8e725847dafcb3e6bf9fd6a
org.kie	kie-dmn-pmml-tests	7.66.0.Final		59950aae468d517211ec40b02d41d842b408b3a8
org.kie	kie-dmn-pmml-tests	7.67.0.Final		cac096c0b98f26b4b5c2f9e329c69139c5f47050
org.kie	kie-dmn-pmml-tests	7.68.0.Final		e0f7025ce391cc27465eea5677e161d97bb55a91
org.kie	kie-dmn-pmml-tests	7.69.0.Final		2e03445aae80f84ca99c4709aab1458d69ef9943
org.kie	kie-dmn-pmml-tests	7.70.0.Final		97d1e44616ec9e65cc37b637d84bb2e72ff1c0ff
org.kie	kie-dmn-pmml-tests	7.71.0.Final		c9c821df7e319c3115f5358adf3f41e5478e5ba0
org.kie	kie-dmn-pmml-tests	7.72.0.Final		8dcc1caa88cbc482f59266a4b0cc07f752f0d6d9
org.kie	kie-dmn-pmml-tests	7.73.0.Final		54c65cc1fa6ef534410537a0d29a43aa7efce3ac
org.kie	kie-dmn-pmml-tests	7.74.0.Final		c7b375d1535b122f0861c06d1cbfe761a9c89229
org.kie	kie-dmn-pmml-tests	7.74.1.Final		0a17f7f2504b2d7dbf95fd1ffe7abf67b7553ed5
org.kie	kie-dmn-pmml-tests	8.13.0.Beta		ab72f356285e8f6065f6431050398f812f8ae33e
org.kie	kie-dmn-pmml-tests	8.14.0.Beta		79bd736625a30c78d621d624f46475081aaa3181
org.kie	kie-dmn-pmml-tests	8.14.1.Beta		80ced9c6eddd2e0134c9b430a7da02e027ae2527
org.kie	kie-dmn-pmml-tests	8.15.0.Beta		9e201b51b9b928d3a3069285ea57c467e102d49a
org.kie	kie-dmn-pmml-tests	8.16.0.Beta		95e4d68a87797d7b222c08d5a442131192ad980b
org.kie	kie-dmn-pmml-tests	8.16.1.Beta		0ca5823d7f951ee67bcdeab96e56bebb1d86aa60
org.kie	kie-dmn-pmml-tests	8.17.0.Beta		a0c45b74c7783f0f2e66c8775831abec40bc68a0
org.kie	kie-dmn-pmml-tests	8.18.0.Beta		2cdaf0c58c4827f231b07dc7f553d08033cb24bd
org.kie	kie-dmn-pmml-tests	8.19.0.Beta		327f0a41853dc1db23f632056001acbcb541a0ea
org.kie	kie-dmn-pmml-tests	8.20.0.Beta		69ee0033bf1e768f8c2d0a6b7a8a68e365610640
org.kie	kie-dmn-pmml-tests	8.21.0.Beta		e98f62641cf28849be8429e69e0b7cebb7706d3e
org.kie	kie-dmn-pmml-tests	8.22.0.Beta		6c3711719d3ddee9d224359a53962b9deb03f1fe
org.kie	kie-dmn-pmml-tests	8.22.1.Beta		6f7886c7a5c6c556074df50153dfa7a51f460e59
org.kie	kie-dmn-pmml-tests	8.23.0.Beta		8fb64beafed5ac08799763aff77f779756f3e6f7
org.kie	kie-dmn-pmml-tests	8.24.0.Beta		3c15d5df0af8b8721950096879b58c0f0e2dbef8
org.kie	kie-dmn-pmml-tests	8.24.1.Beta		27a0af589d39d87d1c68f4889f41a9e5961d24cd
org.kie	kie-dmn-pmml-tests	8.25.0.Beta		7d05426f7960f22cf117844547ad496f9264eb59
org.kie	kie-dmn-pmml-tests	8.26.0.Beta		65d295252550c8796036b239a4256075d9d8e42d
org.kie	kie-dmn-pmml-tests	8.27.0.Beta		eda7855a571ce736728ed25e40bdc676fe913868
org.kie	kie-dmn-pmml-tests	8.28.0.Beta		4a9afb1c2e943e0cffd4768af90c514cafe57ae4
org.kie	kie-dmn-pmml-tests	8.29.0.Final		d8bc72e10315809fac212ec601f856c5777fbf4c
org.kie	kie-dmn-pmml-tests	8.30.0.Final		e9371fb18a9be2ab9ca45f9a7920528618410ff7
org.kie	kie-dmn-pmml-tests	8.31.0.Final		e73a181de4df7f3d1b492ddac6eeae79a40a919e
org.kie	kie-dmn-pmml-tests	8.31.1.Final		0ef3565ac48c6755ff3f50e30ead1e346c6c6a58
org.kie	kie-dmn-pmml-tests	8.32.0.Final		87457c6f9f4d8dbdd9f048c4a039dc75a64fc34c
org.kie	kie-dmn-pmml-tests	8.33.0.Final		3dce53663683f559a6cc963defe5c9df53ab0f9e
org.kie	kie-dmn-pmml-tests	8.34.0.Final		2706f96f3448c27662a3d2f6e7072f141eadba6c
org.kie	kie-dmn-pmml-tests	8.35.0.Final		9f930adb2fe0286dd158c83d0302a622f88d9ed7
org.kie	kie-dmn-pmml-tests	8.36.0.Final		60dc14da9e46260926e492c94d8ba94290d4d871
org.kie	kie-dmn-pmml-tests	8.37.0.Final		006bc7f32af17f07fe99b32926863a2e53ea1d2b
org.kie	kie-dmn-pmml-tests	8.38.0.Final		b332312232ca88d78bb0cec08cc653b08a7d419c
org.kie	kie-dmn-pmml-tests	8.39.0.Final		72e8f7c86ba1c2a20d053a4f26295e5c9842e890
org.kie	kie-dmn-pmml-tests	8.40.0.Final		eeffc91ed5b7eec038a36326aefa9d578ed0257c
org.kie	kie-dmn-pmml-tests	8.40.1.Final		de4bcb41b1bb2b9e70ccd3450a3d03311f3c4739
org.kie	kie-dmn-pmml-tests	8.41.0.Final		3d604c838b1465bdadaee4e520d14e0dc4538f76
org.kie	kie-dmn-pmml-tests	8.42.0.Final		ae0c63b186f8649e0e00fd01894b552a31956e3a
org.kie	kie-dmn-pmml-tests	8.43.0.Final		40fcf4631303e300716044abb1d2b14530f4bbed
org.kie	kie-dmn-pmml-tests	8.44.0.Final		af3bcd912187d3eb751886d4292c1aa8eaab93fa
org.kie	kie-dmn-pmml-tests	8.44.1.Final		70138486c3c16a24d8ba0e58f25b128f798fcfdb
org.kie	kie-dmn-pmml-tests	8.44.2.Final		655a4bb15ce8bbc053a43af84cdb049f047ba7f7
org.kie	kie-dmn-pmml-tests	9.42.0.Alpha		dfaad7021690cd3af4f71f159041df7e08e112ce
org.kie	kie-dmn-pmml-tests	9.43.0.Alpha		cddc06c04ab1d940821ed51db83874d96493c71f
org.kie	kie-dmn-pmml-tests	9.44.0.Final		8fadcf4409e4001062b16cbd65f19f7a28f74350
org.kodein.memory	kodein-memory	0.10.0		7654017ddcff5f7e97fa3bbca2bd12826f6ba68c
org.kodein.memory	kodein-memory	0.10.1		642d0bcbd2e9da395efe75d311421868c6171ad1
org.kodein.memory	kodein-memory	0.10.2		123f739850d07cac1dd358964fc090461cf39d3f
org.kodein.memory	kodein-memory	0.11.0		8c8da43959b067783a33016ac27e353b5055b669
org.kodein.memory	kodein-memory	0.3.0		N/A
org.kodein.memory	kodein-memory	0.4.0		N/A
org.kodein.memory	kodein-memory	0.4.1		N/A
org.kodein.memory	kodein-memory	0.5.0		561750a0f7f096f9669aa2577b8a9732c0d8a5a4
org.kodein.memory	kodein-memory	0.6.0		a69d01a2af3edb902e24a5aff106ae5a6f803cb8
org.kodein.memory	kodein-memory	0.7.0		e776270ac6a35e4cd9e5b9530beeeba7b29a426d
org.kodein.memory	kodein-memory	0.8.0		3ebd9b18444148b65465972f1863e4c834555aea
org.kodein.memory	kodein-memory	0.8.1		c784a605fb060cf1ca36b8d4e6659b5946b707ba
org.kodein.memory	kodein-memory	0.9.0		bf153d2d3f1bb26bff5bf314fbb5c221c46e48b5
org.mongodb.scala	mongo-scala-driver_2.11	1.0.0		5b08278e7ae8d97d251b1e2e6038b00dc579b4ef
org.mongodb.scala	mongo-scala-driver_2.11	1.0.0	alldep	7fbe6b9a78c39801f115735aee3104806ed34206
org.mongodb.scala	mongo-scala-driver_2.11	1.0.0-rc0		3b68112503bb70dd163251d4c9d37ef844ae4278
org.mongodb.scala	mongo-scala-driver_2.11	1.0.0-rc0	alldep	8cd0c071bef75edc9bb0a936210900f30e6e3476
org.mongodb.scala	mongo-scala-driver_2.11	1.0.1		8b050d8711f6f6c1c9f0989bdedf6a0aba5f1131
org.mongodb.scala	mongo-scala-driver_2.11	1.0.1	alldep	136a915b32330bde5ad8570e168b7430b29321a2
org.mongodb.scala	mongo-scala-driver_2.11	1.1.0		3870fb54aefb05c484185dc7b9f89cf2a6f8b96d
org.mongodb.scala	mongo-scala-driver_2.11	1.1.0	alldep	7a0237704e74d59f55b95408386607a12d951953
org.mongodb.scala	mongo-scala-driver_2.11	1.1.0-rc0		af2f48171e537871c6f5e1ff450c094a89960c34
org.mongodb.scala	mongo-scala-driver_2.11	1.1.0-rc0	alldep	0e4920830de9bb7be29b2564611c8507aeb5c8f5
org.mongodb.scala	mongo-scala-driver_2.11	1.1.1		1e1899775d5c5224d32dd6a0f5ca38cd63ee7410
org.mongodb.scala	mongo-scala-driver_2.11	1.1.1	alldep	0f828c8a524752d6b9c50b43c1118f0ae0ec96d9
org.mongodb.scala	mongo-scala-driver_2.11	1.2.0		714a7f214eabdb196288be1f7c0224985089ce01
org.mongodb.scala	mongo-scala-driver_2.11	1.2.0	alldep	50208e62161eb7b102670eba2dd994f5f681f5f9
org.mongodb.scala	mongo-scala-driver_2.11	1.2.0-beta1		3ff3198044d53578a826f3332fe91cde7fc926ed
org.mongodb.scala	mongo-scala-driver_2.11	1.2.0-beta1	alldep	9698e506d342337bb7bad3086922c09d08509512
org.mongodb.scala	mongo-scala-driver_2.11	1.2.1		3556af4401e0db9f3be2b20153cf77cdccdf1e11
org.mongodb.scala	mongo-scala-driver_2.11	1.2.1	alldep	9b40b9c6dbfd4eb8d1c38e47bb567e2eb06d0464
org.mongodb.scala	mongo-scala-driver_2.11	2.0.0		dc018d98c0797291a261b9c33e0a22c6362ae4d2
org.mongodb.scala	mongo-scala-driver_2.11	2.0.0	alldep	4d22200cbab2adacdd228de7c665740fe24880a3
org.mongodb.scala	mongo-scala-driver_2.11	2.1.0		f8d4403e45cbed7e144c3cd61d07e3583102d1fd
org.mongodb.scala	mongo-scala-driver_2.11	2.1.0	alldep	1be7550d76c86db24a3baa525d64d1f70c8be792
org.mongodb.scala	mongo-scala-driver_2.11	2.2.0		f298f57509dab4fd6c0ee2fca20dea08780d1e7c
org.mongodb.scala	mongo-scala-driver_2.11	2.2.0	alldep	784140d8e91093d717c6be87ae1134bd131c8d44
org.mongodb.scala	mongo-scala-driver_2.11	2.2.1		2073934f403e9624c903beead282c6f84bb2d284
org.mongodb.scala	mongo-scala-driver_2.11	2.2.1	alldep	aa6d0d444b1c51c545f522989149af9c99a28d42
org.mongodb.scala	mongo-scala-driver_2.11	2.3.0		a8c6f9c4a08b103ab6c52c45b1c9ee2cf0d45362
org.mongodb.scala	mongo-scala-driver_2.11	2.3.0	alldep	7616afbf0abb4fb6942f5b81b0201c8082d2504a
org.mongodb.scala	mongo-scala-driver_2.11	2.4.0		aeee2d89e18944b7dfdf71a7880fe0be0d2b78f1
org.mongodb.scala	mongo-scala-driver_2.11	2.4.0	alldep	e8b856bd179edc59bc5f53742d01815e97457022
org.mongodb.scala	mongo-scala-driver_2.11	2.4.1		e84f3b9df844691bcc7ce84cc3a4df3cdb6812e7
org.mongodb.scala	mongo-scala-driver_2.11	2.4.1	alldep	70307bc3db50b61e881e6488e38103a654cd8079
org.mongodb.scala	mongo-scala-driver_2.11	2.4.2		6f2208d433dd2653a2dc128b1c648d3a94927d4b
org.mongodb.scala	mongo-scala-driver_2.11	2.4.2	alldep	8f044247ef10a77609084c57956aec6a056894e4
org.mongodb.scala	mongo-scala-driver_2.11	2.5.0		6418044fea66a5ab71d2b53da253fc197625c138
org.mongodb.scala	mongo-scala-driver_2.11	2.5.0	alldep	221a6e77376d170dd465a578c4e711ed781eac17
org.mongodb.scala	mongo-scala-driver_2.11	2.6.0		f290a9951c093e41197d5e12379a9653c6fb8ad7
org.mongodb.scala	mongo-scala-driver_2.11	2.6.0	alldep	152820d7c68c6bd2a8f29d83a3944a6ef5ac8ba1
org.mongodb.scala	mongo-scala-driver_2.11	2.7.0		8a5ce003cbb127894bf4d9d8a631cc315d3f6c93
org.mongodb.scala	mongo-scala-driver_2.11	2.7.0	alldep	8c9f8efa24aec89992ffbf0a45327aff0d1aaf68
org.mongodb.scala	mongo-scala-driver_2.11	2.8.0		2f5d343725a170d30ab23b953e996e59df11e7e5
org.mongodb.scala	mongo-scala-driver_2.11	2.8.0	alldep	62c6d84c4db592edfc1c8f3973a4b8d4459af426
org.mongodb.scala	mongo-scala-driver_2.11	2.9.0		e85a604cde0b14c47890b1cadc8d11ec0a9b3f9b
org.mongodb.scala	mongo-scala-driver_2.11	2.9.0	alldep	043534fe9f890fa4b0663fba85d608e454a2332e
org.mongodb.scala	mongo-scala-driver_2.11	4.0.0		b9246a4e1ce84e335986392104ba6fe881dc948f
org.mongodb.scala	mongo-scala-driver_2.11	4.0.0-beta1		7165b78f63a6e350524d01a775f36d689bd030ac
org.mongodb.scala	mongo-scala-driver_2.11	4.0.0-rc0		141c93ed2c8086d1d5ab5764d9cdcdae07618a64
org.mongodb.scala	mongo-scala-driver_2.11	4.0.1		b9c290fba975f1ce3d7b8fba25b7aced69456c52
org.mongodb.scala	mongo-scala-driver_2.11	4.0.2		3c858ce133d2bd79f1d40d4c1b1efd9fda4d57ca
org.mongodb.scala	mongo-scala-driver_2.11	4.0.3		dc4572dc781414c6ca146e3edcff7861712cb998
org.mongodb.scala	mongo-scala-driver_2.11	4.0.4		6eef203410d8adfbf1b195d639dbfde94a76f3be
org.mongodb.scala	mongo-scala-driver_2.11	4.0.5		ced397068e3ac633d8ac20a8cd7add8a9448bf0e
org.mongodb.scala	mongo-scala-driver_2.11	4.0.6		ec9c125fe2028911cd6224189e165203320c9b16
org.mongodb.scala	mongo-scala-driver_2.11	4.1.0		a022bd600d75cdcffdf0cc50e03c34ce2b96d65e
org.mongodb.scala	mongo-scala-driver_2.11	4.1.0-beta1		6b9e76fbca100d9a0d661a1c746d8d9a2a302025
org.mongodb.scala	mongo-scala-driver_2.11	4.1.0-beta2		813eccd47ce965d67c46d313f431dffceefe7b69
org.mongodb.scala	mongo-scala-driver_2.11	4.1.0-rc0		831874a01cb0349a125287a183ed4303fe69e3f0
org.mongodb.scala	mongo-scala-driver_2.11	4.1.1		a1b52ddc47265942625ebe2ccb88764850432dd8
org.mongodb.scala	mongo-scala-driver_2.11	4.1.2		f3c29dfaca8df487e7cdbef0b16f7454778976fa
org.mongodb.scala	mongo-scala-driver_2.11	4.10.0		17cb57d6a52b252220964d9bb7bb7d93591e6325
org.mongodb.scala	mongo-scala-driver_2.11	4.10.0-alpha0		6efc582735f28e22cc71ed6ba50985e9e5016903
org.mongodb.scala	mongo-scala-driver_2.11	4.10.0-alpha1		af0fc84967aff232842ea0e51fccbec1341f010a
org.mongodb.scala	mongo-scala-driver_2.11	4.10.1		3f49c25d988095820ebf70d35b6c78645243c2e1
org.mongodb.scala	mongo-scala-driver_2.11	4.10.2		d4553ef2470e76d401704a7d241e18397dd3ecc0
org.mongodb.scala	mongo-scala-driver_2.11	4.11.0		2623f321938078c6b4a4a0a281beda156515872e
org.mongodb.scala	mongo-scala-driver_2.11	4.11.1		8c460d75e8add97a31277ffce14616aee0e0705f
org.mongodb.scala	mongo-scala-driver_2.11	4.11.2		e12e520058ba8b829465cbe562c7f964a6b84b71
org.mongodb.scala	mongo-scala-driver_2.11	4.11.3		c1c2de0d172c4c8234e4d89051dfa65548e8fe02
org.mongodb.scala	mongo-scala-driver_2.11	4.11.4		297b602bfff8259e35e6021c6fb1bc20fe7e1003
org.mongodb.scala	mongo-scala-driver_2.11	4.11.5		7f3dc9ecb262b47f6775fd8148b69d30a633518e
org.mongodb.scala	mongo-scala-driver_2.11	4.2.0		6e6ace075206c4bd93681d754e6a60cb7981f761
org.mongodb.scala	mongo-scala-driver_2.11	4.2.0-beta1		b9365047ceff436097986ce0296deec35ba4e2ec
org.mongodb.scala	mongo-scala-driver_2.11	4.2.1		4fc682dc60ea23708df2f444e795cb8e964b0e7a
org.mongodb.scala	mongo-scala-driver_2.11	4.2.2		b3cc1b9818c02de2555f20e99fbff3d6a55b7b7c
org.mongodb.scala	mongo-scala-driver_2.11	4.2.3		87b8ccde55aaa41e6509f3fc1c3da2cabfaa680f
org.mongodb.scala	mongo-scala-driver_2.11	4.3.0		e57d125eb8bf6868da2384eceb62dc54d2993ef7
org.mongodb.scala	mongo-scala-driver_2.11	4.3.0-beta1		5182a9498a14386510e667b2f62bec5b0f40cc8a
org.mongodb.scala	mongo-scala-driver_2.11	4.3.0-beta2		bd9ab27e310a356b071d3aee1e59dd83f543be36
org.mongodb.scala	mongo-scala-driver_2.11	4.3.0-beta3		e89b1a6486e9912f483badddca8a926e400e9fdc
org.mongodb.scala	mongo-scala-driver_2.11	4.3.0-beta4		343c36d15c5cd5aebb8e1405c2a5f23a31f125ea
org.mongodb.scala	mongo-scala-driver_2.11	4.3.1		c62124fdc3a76e71bd1144b2a3ac7717d36c2a03
org.mongodb.scala	mongo-scala-driver_2.11	4.3.2		84b562fc914a9e4043187ddabda4ebfda0ccb676
org.mongodb.scala	mongo-scala-driver_2.11	4.3.3		36443ddf9273ce7fdaa3dc4abbae19464b21466c
org.mongodb.scala	mongo-scala-driver_2.11	4.3.4		cf8977a4c0ead216222fd55bcf3d1556f9123b1d
org.mongodb.scala	mongo-scala-driver_2.11	4.4.0		4c5e72af9440b568d9c4604402c492e72cd5163b
org.mongodb.scala	mongo-scala-driver_2.11	4.4.0-beta1		5ceb1cf9b8f9b69098fdb54f48a97f7a87c9f205
org.mongodb.scala	mongo-scala-driver_2.11	4.4.0-beta2		2dffcf44c6e998cead267c786f2765cee2d32cdf
org.mongodb.scala	mongo-scala-driver_2.11	4.4.1		885159c10c054d920c05464619f905501c80d2de
org.mongodb.scala	mongo-scala-driver_2.11	4.4.2		d843fe60d6e65cf96ae0ae1077357a4eba8594ae
org.mongodb.scala	mongo-scala-driver_2.11	4.5.0		6afac648644c7a233a0d4f80c10945663d8bb83b
org.mongodb.scala	mongo-scala-driver_2.11	4.5.0-beta0		01f84ecf0faf27187d7c66d8de5052c1f1078ea9
org.mongodb.scala	mongo-scala-driver_2.11	4.5.1		95a5fe2b5a13393d77fb83008193ae675a49b470
org.mongodb.scala	mongo-scala-driver_2.11	4.6.0		263b19aa11d0298bec0e05b0bbc329cc01ddebfc
org.mongodb.scala	mongo-scala-driver_2.11	4.6.0-alpha0		2d52f2cf2027dd6b9d63278a65ffbdd9caf0e70b
org.mongodb.scala	mongo-scala-driver_2.11	4.6.1		f4305b4bbcaa4876d901fbafa7705dbf9ccbed11
org.mongodb.scala	mongo-scala-driver_2.11	4.7.0		d4038cb0f691c23fd7fc591ded4b2447623459d8
org.mongodb.scala	mongo-scala-driver_2.11	4.7.0-beta0		aa9421a0fad86ac0acdbcd6ee7c9b77d3d951c44
org.mongodb.scala	mongo-scala-driver_2.11	4.7.1		aa91dccb104a3661071e717efb44103856f22adc
org.mongodb.scala	mongo-scala-driver_2.11	4.7.2		d64f5860c41b72c6f452a131c2cb0f31e2f402f6
org.mongodb.scala	mongo-scala-driver_2.11	4.8.0		b2148d6625ad726d5d3b71c26ee3ea4ecf866d0a
org.mongodb.scala	mongo-scala-driver_2.11	4.8.0-beta0		1ade10fcc3eed7143004a2973e2fdaeb2bb5eca5
org.mongodb.scala	mongo-scala-driver_2.11	4.8.0-rc0		693219c2ead86b1f119fd214d0a5665280dacaee
org.mongodb.scala	mongo-scala-driver_2.11	4.8.1		888c4c26f8bf3953c835da69b1e52c368e2dec3f
org.mongodb.scala	mongo-scala-driver_2.11	4.8.2		353965f3121174e939400602d56d5fcf14fef9af
org.mongodb.scala	mongo-scala-driver_2.11	4.9.0		e98f2483e2e73a0677b110a33e3da4ac2f46aaea
org.mongodb.scala	mongo-scala-driver_2.11	4.9.1		4e790b20049c5a3714a10e4416dd278bd26496c0
org.mongodb.scala	mongo-scala-driver_2.11	5.0.0		308cb8f99590c681e778bf4ff5c2e204e394d6a1
org.mongodb.scala	mongo-scala-driver_2.11	5.0.0-beta0		ca3fb8a486a2543c5ecf47d6a9fd87e57512191c
org.mongodb.scala	mongo-scala-driver_2.11	5.0.1		70dd0b4d4366708127a3096716c9e7adb7056883
org.mongodb.scala	mongo-scala-driver_2.11	5.1.0		7d0eaaaef49ce199b432f10483caac803191da55
org.mongodb.scala	mongo-scala-driver_2.11	5.1.1		9c3bf933685b031a354826dd924880f6a4835926
org.mongodb.scala	mongo-scala-driver_2.11	5.1.2		a8e9f4fe398d0aaa79b2a2026ce94990e278a179
org.mongodb.scala	mongo-scala-driver_2.11	5.1.3		f8bdf1c0580d8898b4f005ab2e3ab8a34285bf9c
org.mongodb.scala	mongo-scala-driver_2.11	5.1.4		63388c27e7849d9c3f8e872755566fc0df6282fb
org.mongodb.scala	mongo-scala-driver_2.11	5.2.0		36d57d150268e42f306bf5ede357da048eb0b2f8
org.mongodb.scala	mongo-scala-driver_2.11	5.2.1		f56ddd246fa690ab71fc46ca08c7ffa48b079e92
org.mongodb.scala	mongo-scala-driver_2.11	5.3.0		185f054f5260af7dcb39f85a13152a228a230a7f
org.mongodb.scala	mongo-scala-driver_2.11	5.3.0-beta0		88e8296cf41a9329acdc500158433f5a229f81d3
org.mongodb.scala	mongo-scala-driver_2.11	5.3.1		a06dbfe9135aab63eddc83acf08e26bd41212ba3
org.mongodb.scala	mongo-scala-driver_2.11	5.4.0		de7f43e59a13feab150a62c85b2d64d8606e5fb0
org.mongodb.scala	mongo-scala-driver_2.11	5.4.0-alpha0		59d97347f0dc1ebb434ccafefdfb1380b76d519c
org.mongodb.scala	mongo-scala-driver_2.11	5.5.0		3bc0f0772092cc5c07497279ea965b7e69707588
org.mvnpm	cli-cursor	1.0.2		c4b458e47aa6cba8e02b6a2738300b5ad80dbd16
org.mvnpm	cli-cursor	3.1.0		ed594e1ca22846080baf68fbe43c1d9156524785
org.mvnpm	cli-cursor	5.0.0		c34252540922ea406ad2bbac60bff2e7e26c6452
org.opensymphony.quartz	quartz-jboss	1.6.1		fed68e4591cc7a099e00fabdc71fac608dd62a52
org.ow2.petals	petals-microkernel-api	1.0.0		a67bd7547144be181636dbc7a332bde7c59ccf26
org.ow2.petals	petals-microkernel-api	1.0.0.1		7039308ba404f18f6e241b9b30dd5ee00a7f05de
org.ow2.petals	petals-microkernel-api	1.0.1		9e49ef8f757a9a089a63ff42ce30036bf8bd1441
org.ow2.petals	petals-microkernel-api	1.0.2		26dc16d0658ea360029fe3d5ac0ec61b72c15865
org.ow2.petals	petals-microkernel-api	1.0.3		3ab6528085d8637af4a74eb287d1129695914653
org.ow2.petals	petals-microkernel-api	1.0.4		30d6d8759bb10079a0642e769b93c44bd8d6bda9
org.ow2.petals	petals-microkernel-api	1.1.0		ab2e6e093167be0c6a317caffa2ffdba72e3c5a2
org.ow2.petals	petals-microkernel-api	1.2.0		90b30eb448dea03caa5570b31171ea0ba999327e
org.reduxkotlin	redux-kotlin-thunk-tvossimulatorarm64	0.6.0		N/A
org.reduxkotlin	redux-kotlin-thunk-tvossimulatorarm64	0.6.0	metadata	bb2e525b9a4bb329b1e3a191a6b601311438ae81
org.rundeck-plugins	rundeck-plugins-parent	1		N/A
org.rundeck-plugins	rundeck-plugins-parent	2		N/A
org.rundeck-plugins	rundeck-plugins-parent	3		N/A
org.scalatestplus	junit-4-13_0.26	3.1.4.0		33e1b465ef2a886b4df2ce8d62fdba52110d3398
org.scalatestplus	junit-4-13_0.26	3.2.2.0		41056badae91c5500f4a82a9bdda4b403d52a5b4
org.sonatype.nexus.plugins	nexus-yum	3.0.3		N/A
org.sonatype.nexus.plugins	nexus-yum	3.0.4		N/A
org.sonatype.nexus.plugins	nexus-yum	3.0.5		N/A
org.springframework.cloud	spring-cloud-starter-zipkin-legacy	1.3.0.RELEASE		3de623670d04d4deb7d8bffbd775817e9630c5d1
org.springframework.cloud	spring-cloud-starter-zipkin-legacy	1.3.1.RELEASE		465800d13c41e9a883c07d31cfeecc971ca3ec26
org.springframework.cloud	spring-cloud-starter-zipkin-legacy	1.3.2.RELEASE		2af390deafe950d9e4cf540930938f500dcb3a3d
org.springframework.cloud	spring-cloud-starter-zipkin-legacy	1.3.3.RELEASE		c6e0be6c7376bcddef9e70ce14cad61cfb6ab929
org.springframework.cloud	spring-cloud-starter-zipkin-legacy	1.3.4.RELEASE		99f55907b435936c21546c255b6a5e33321c19a5
org.springframework.cloud	spring-cloud-starter-zipkin-legacy	1.3.5.RELEASE		342355f26dc9088a9ae3267816f01a1a178e8b2a
org.springframework.cloud	spring-cloud-starter-zipkin-legacy	1.3.6.RELEASE		54a398193e90da92e1b992ab82a826376f497f75
org.toxos.process-assertions.flowable	flowable-6_0_0-6_1_2	0.7.0		N/A
org.toxos.process-assertions.flowable	flowable-6_0_0-6_1_2	0.7.1		N/A
org.webjars.bower	hy-res	0.0.21		509355e2a12d44a658e2644938ef3422f2ad34f5
org.webjars.bowergithub.arsnebula	nebula-select	2.0.0		ee4ca05a24d3ae2955e3ddbc9326a2cc4096c757
ru.noties.markwon	ext-tables	3.0.0		N/A
ru.noties.markwon	ext-tables	3.0.1		N/A
ru.noties.markwon	ext-tables	3.0.2		N/A
ru.noties.markwon	ext-tables	3.1.0		N/A
xyz.deftu.filedownloader	FileDownloader	1.3.0		177ad95d36c9148c299b730e05523fb36200b800
