br.com.colman.kotest.kotless	kotest-kotless	1.0.0		2ae2ad4193299fb132e806ba6212fbc7abf6ac75
br.com.objectos	way-dbunit	1.0		877c289d1a1f1c2cfa00d22a5319b665e049cfae
br.com.objectos	way-dbunit	1.1.0		4266d53562abf0fb76395ee3a516a12cf3fa475c
br.com.objectos	way-dbunit	1.12.1		987bea45e91029a1cc7d25ddba12d96607651a74
br.com.objectos	way-dbunit	1.13.0		473b09cf784134fd2cf61fb63734c668f91ce8e1
br.com.objectos	way-dbunit	1.13.1		65ba67d3638e7ce7f5dd8ea37e1c2517e6ea9b8c
br.com.objectos	way-dbunit	1.14.0		ae68bc9d18e4582ee31f425e9bb5df1944bc948c
br.com.objectos	way-dbunit	1.14.1		3676044c5e6eb5dd65524ea768ac8cf8029a091c
br.com.objectos	way-dbunit	1.15.0		d12072b15648f230ebc4c78ce91fb954ef578d80
br.com.objectos	way-dbunit	1.15.1		d090e97d1d2e45a5d1fa223e53ed3456a30aca51
br.com.objectos	way-dbunit	1.16.0		4511380c3b4bc84ac085435ef8ceb4e68932dfb4
br.com.objectos	way-dbunit	1.17.0		05f7d98579cb96412166fa594eebeb5cf5ea7a1b
br.com.objectos	way-dbunit	1.18.0		997843e040bd2a8e409147766140c56b74b12e73
br.com.objectos	way-dbunit	1.19.0		1b1af3ab98b46905d399a8f9711c68a18ef527cb
br.com.objectos	way-dbunit	1.20.0		07eb0caa84fec2d012124fd57af70c938f4b765c
br.com.objectos	way-dbunit	1.20.1		316f9ed66cfc164cef6bd70a0defbec6d1752b37
br.com.objectos	way-dbunit	1.21.0		d54fb5b4f97bd93cf8ab9308e213bb5650e4ffeb
br.com.objectos	way-dbunit	1.22.0		8908e024bc9bb38e953d1666afd1cd9f808a470f
br.com.objectos	way-dbunit	1.23.0		64ee7dcce1abfb394009cbce92b975ee2d37f1c3
br.com.objectos	way-dbunit	1.24.0		4534aee7d9a95a3e8751b38ed15786012a058451
br.com.objectos	way-dbunit	1.24.1		6db970db005dba20c16fd974d5f106c117893d44
br.com.objectos	way-dbunit	1.25.0		65001a54eb488c7e5e2413b0489b341704bde087
br.com.objectos	way-dbunit	1.26.0		625b34274caa3b0581034975aaca535c82643b6d
br.com.objectos	way-dbunit	2.0.0		d146ba588235b60a9f81c6ab5931bcd002c67411
br.com.objectos	way-dbunit	2.0.1		72410b85fc7475d6dc2343dadcb799e5672e22d3
br.com.objectos	way-dbunit	2.0.2		2829279f36bde4b3735a4db5ecb4742ee7e37985
br.com.objectos	way-dbunit	2.1.0		95bcc1aedde5ae044478357a177ad192026115e4
br.com.objectos	way-dbunit	2.2.0		154bebd6d5400088ba5ac97fa09833e3b0353f04
com.47deg	memeid4s-fuuid_2.12	0.2.0		190f4c5eb543c51ce7ca275ecd76a43844a2be6d
com.47deg	memeid4s-fuuid_2.12	0.3.0		a5372f454c4f70627b3fac9649f199765cc9c085
com.47deg	memeid4s-fuuid_2.12	0.4.0		73f1e02b5f3395c09bcc02a536e8ccdf121a0aa8
com.47deg	memeid4s-fuuid_2.12	0.5.0		c2ae64ac48f94c18cbf52c41842b2840cadb0bb8
com.47deg	memeid4s-fuuid_2.12	0.6.0		01acf84350a6427be359ca196a5266f3b651b672
com.47deg	memeid4s-fuuid_2.12	0.7.0		8b9cd8263a1bd29f3e8c666051bc50c60c04c92b
com.47deg	memeid4s-fuuid_2.12	0.8.0		57c7d9e6f42de903a1c915511ef7d321f8942782
com.apollographql.apollo3	apollo-normalized-cache-incubating-macosarm64	3.4.0		N/A
com.apollographql.apollo3	apollo-normalized-cache-incubating-macosarm64	3.4.0	metadata	52a5cab7d5124067c2d60c5f1d8d7a7ab5e2cc68
com.apollographql.apollo3	apollo-normalized-cache-incubating-macosarm64	3.5.0		N/A
com.apollographql.apollo3	apollo-normalized-cache-incubating-macosarm64	3.5.0	metadata	f482ec6eeac2795dbe3c80f4a9c7f2e4e81e7dcc
com.apollographql.apollo3	apollo-normalized-cache-incubating-macosarm64	3.6.0		N/A
com.apollographql.apollo3	apollo-normalized-cache-incubating-macosarm64	3.6.0	metadata	7ac3079500359c7f14cb506cbb8b213c771c2c4c
com.apollographql.apollo3	apollo-normalized-cache-incubating-macosarm64	3.6.1		N/A
com.apollographql.apollo3	apollo-normalized-cache-incubating-macosarm64	3.6.1	metadata	fc6acd649131fbb5abc8e026a78ba242849b3358
com.apollographql.apollo3	apollo-normalized-cache-incubating-macosarm64	3.6.2		N/A
com.apollographql.apollo3	apollo-normalized-cache-incubating-macosarm64	3.6.2	metadata	3e6954132c1f39024cbf817952ea9566abea8124
com.apollographql.apollo3	apollo-normalized-cache-incubating-macosarm64	3.7.0		N/A
com.apollographql.apollo3	apollo-normalized-cache-incubating-macosarm64	3.7.0	metadata	7b70ccdff5d9fbae1952d749fb158c0296de7aa0
com.apollographql.apollo3	apollo-normalized-cache-incubating-macosarm64	3.7.1		N/A
com.apollographql.apollo3	apollo-normalized-cache-incubating-macosarm64	3.7.1	metadata	7a4fe7d638fb87e11645d985abde5ffd29a65d5c
com.apollographql.apollo3	apollo-normalized-cache-incubating-macosarm64	3.7.2		N/A
com.apollographql.apollo3	apollo-normalized-cache-incubating-macosarm64	3.7.2	metadata	5b253e4279f788f59ad68221122045a938bdd203
com.apollographql.apollo3	apollo-normalized-cache-incubating-macosarm64	3.7.3		N/A
com.apollographql.apollo3	apollo-normalized-cache-incubating-macosarm64	3.7.3	metadata	9fc63fe08af231050db819b8e980add246bf49f7
com.apollographql.apollo3	apollo-normalized-cache-incubating-macosarm64	3.7.4		N/A
com.apollographql.apollo3	apollo-normalized-cache-incubating-macosarm64	3.7.4	metadata	5f0b6296e34aa2da54f701f927983fb7d268b976
com.apollographql.apollo3	apollo-normalized-cache-incubating-macosarm64	3.7.5		N/A
com.apollographql.apollo3	apollo-normalized-cache-incubating-macosarm64	3.7.5	metadata	23a2152856ac49f6248d2163747ed53b29f6927e
com.apollographql.apollo3	apollo-normalized-cache-incubating-macosarm64	3.8.0		N/A
com.apollographql.apollo3	apollo-normalized-cache-incubating-macosarm64	3.8.0	metadata	7b42f6438a1f7d98c844cf390045b83657e962d1
com.apollographql.apollo3	apollo-normalized-cache-incubating-macosarm64	3.8.1		N/A
com.apollographql.apollo3	apollo-normalized-cache-incubating-macosarm64	3.8.1	metadata	56acd8bf4351194d091c6849ed73e3d44e2689ac
com.apollographql.apollo3	apollo-normalized-cache-incubating-macosarm64	3.8.2		N/A
com.apollographql.apollo3	apollo-normalized-cache-incubating-macosarm64	3.8.2	metadata	fe4f88109ad746658f315770f7c86d1afb972ca4
com.apollographql.apollo3	apollo-normalized-cache-incubating-macosarm64	3.8.3		N/A
com.apollographql.apollo3	apollo-normalized-cache-incubating-macosarm64	3.8.3	metadata	d1a7de6e60838b974a1f704411e3a424b65bd058
com.apollographql.apollo3	apollo-normalized-cache-incubating-macosarm64	3.8.4		N/A
com.apollographql.apollo3	apollo-normalized-cache-incubating-macosarm64	3.8.4	metadata	dd18c8764c3609a8d6148785346e65d6debbf0ca
com.apollographql.apollo3	apollo-normalized-cache-incubating-macosarm64	3.8.5		N/A
com.apollographql.apollo3	apollo-normalized-cache-incubating-macosarm64	3.8.5	metadata	38b260791e72c24f1620793780397d4ebbb132af
com.apollographql.apollo3	apollo-normalized-cache-incubating-macosarm64	4.0.0-alpha.1		N/A
com.apollographql.apollo3	apollo-normalized-cache-incubating-macosarm64	4.0.0-alpha.1	metadata	d3c4798ad1facfb10a3190a5a115a6eedafd7462
com.apollographql.apollo3	apollo-normalized-cache-incubating-macosarm64	4.0.0-alpha.2		N/A
com.apollographql.apollo3	apollo-normalized-cache-incubating-macosarm64	4.0.0-alpha.2	metadata	6fc510e95f27a3d10bb4f6501a37374159440885
com.apollographql.apollo3	apollo-normalized-cache-incubating-macosarm64	4.0.0-alpha.3		N/A
com.apollographql.apollo3	apollo-normalized-cache-incubating-macosarm64	4.0.0-alpha.3	metadata	d7aa2ade9084e8b63bb81768d551f576de3ed7da
com.apollographql.apollo3	apollo-normalized-cache-incubating-macosarm64	4.0.0-beta.1		N/A
com.apollographql.apollo3	apollo-normalized-cache-incubating-macosarm64	4.0.0-beta.1	metadata	47748ccdbc5fd2ea9d3cb8be7f546bb3faea9a8f
com.apollographql.apollo3	apollo-normalized-cache-incubating-macosarm64	4.0.0-beta.2		N/A
com.apollographql.apollo3	apollo-normalized-cache-incubating-macosarm64	4.0.0-beta.2	metadata	e300d8aa3c3507d2b68fc9f31977eac2f5398236
com.apollographql.apollo3	apollo-normalized-cache-incubating-macosarm64	4.0.0-beta.3		N/A
com.apollographql.apollo3	apollo-normalized-cache-incubating-macosarm64	4.0.0-beta.3	metadata	71c2bd44acad109a97e9428c05288ebdea3b7d2d
com.apollographql.apollo3	apollo-normalized-cache-incubating-macosarm64	4.0.0-beta.4		N/A
com.apollographql.apollo3	apollo-normalized-cache-incubating-macosarm64	4.0.0-beta.4	metadata	bb9a89a39f701b32dcb1afdbebb20a0ad57186d4
com.apollographql.apollo3	apollo-normalized-cache-incubating-macosarm64	4.0.0-beta.5		N/A
com.apollographql.apollo3	apollo-normalized-cache-incubating-macosarm64	4.0.0-beta.5	metadata	ddf6bbb861adbd80c7793b4bffb843b7782639dc
com.apollographql.apollo3	apollo-normalized-cache-incubating-macosarm64	4.0.0-beta.6		N/A
com.apollographql.apollo3	apollo-normalized-cache-incubating-macosarm64	4.0.0-beta.6	metadata	e7cd6f18b26f189f5943bac18fd14d40405172c0
com.apollographql.apollo3	apollo-normalized-cache-incubating-macosarm64	4.0.0-beta.7		N/A
com.apollographql.apollo3	apollo-normalized-cache-incubating-macosarm64	4.0.0-beta.7	metadata	9fd0e13156b1cb79c608be53769651ff2d6dd244
com.azure.android	azure-communication-ui	1.0.0-beta.1		N/A
com.azure.android	azure-communication-ui	1.0.0-beta.2		N/A
com.azure.android	azure-communication-ui	1.0.0-beta.3		N/A
com.gitee.zodiacstack	zodiac-feign-fetty	1.5.17		4064d59e816d0ad48582e598ad379e5563d430e7
com.gitee.zodiacstack	zodiac-feign-fetty	1.5.18		fe5e0c11b399347239703a515329523c4a9cf942
com.gitee.zodiacstack	zodiac-feign-fetty	1.6.0		a175b90e6f6237575b69a160f9e31af6403f5b5f
com.gitee.zodiacstack	zodiac-feign-fetty	1.6.1		65d31dc621321fe237ce1ef6e3cc73d15ef22ec7
com.gitee.zodiacstack	zodiac-feign-fetty	1.6.2		a6958e7662e5d7f503db5d49700a1742cd27ed7e
com.gitee.zodiacstack	zodiac-feign-fetty	1.6.3		e8158a74dd156b9c1605382a040556f5c19c6b9c
com.gitee.zodiacstack	zodiac-feign-fetty	1.6.4		ea2dcc9406254404e5eb2a13cfdea29f75c005f1
com.gitee.zodiacstack	zodiac-feign-fetty	1.6.5		1fc1ca41cf7d7c856eeaeaf0e38c69bddd989ea8
com.gitee.zodiacstack	zodiac-feign-fetty	1.6.6		d22d7e4e26e2d2a94140ab029c2057ea35d87e0a
com.gitee.zodiacstack	zodiac-feign-fetty	1.6.7		cef5289d9bbeffb98b64adcc085669bb3682c470
com.gitee.zodiacstack	zodiac-feign-fetty	1.6.8		ea88b0157c81bed9f49b150f48cfff001f8fb421
com.gitee.zodiacstack	zodiac-feign-fetty	1.7.0		d3cfcf801b36f13d1cabc5b0f3226979d001e454
com.gitee.zodiacstack	zodiac-feign-fetty	1.7.1		ea1cbaf606b8975fea2a36872693a44d62685e32
com.github.brymck	with-environment	0.9.0		10ea1aded712c9782490f6f50e754689578a9d6e
com.github.brymck	with-environment	0.9.1		565fd03884452e5e6babacec0bd545d01cdee041
com.github.hi-fi	robotframework-httprequestlibrary	0.0.1		ac01ea2959d7ba39a336e404ea21abd8263173e9
com.github.hi-fi	robotframework-httprequestlibrary	0.0.10		2b1ba280a3701639d05d262a965564d21698ff59
com.github.hi-fi	robotframework-httprequestlibrary	0.0.11		1d9a0b9b8242a9c44205a6617ba7234b1c4a540b
com.github.hi-fi	robotframework-httprequestlibrary	0.0.11	jar-with-dependencies	282a5cf66659de70fbe9366cdfc3b47fa4bdbb50
com.github.hi-fi	robotframework-httprequestlibrary	0.0.13		8327785d518b260a4d02f992a776c4483fb9111c
com.github.hi-fi	robotframework-httprequestlibrary	0.0.13	jar-with-dependencies	aef22ad5dbbd8892fba5bf0889b645770e200595
com.github.hi-fi	robotframework-httprequestlibrary	0.0.14		b1ade2fa819bbc0f27f03b0761d7de0b04518fea
com.github.hi-fi	robotframework-httprequestlibrary	0.0.14	jar-with-dependencies	77094e201ddde18dd49d9e38a38db5af673d0a6e
com.github.hi-fi	robotframework-httprequestlibrary	0.0.15		44de6414d527a9cda9494a4115731e4f96a63c5b
com.github.hi-fi	robotframework-httprequestlibrary	0.0.15	jar-with-dependencies	f308edabbf40f509b1deda92c6571fc6bd3de094
com.github.hi-fi	robotframework-httprequestlibrary	0.0.16		579fc3a223ac279442703f8a592e5af3fc69b9df
com.github.hi-fi	robotframework-httprequestlibrary	0.0.16	jar-with-dependencies	bc130853672e85265777d2c0dfe2d43310307d65
com.github.hi-fi	robotframework-httprequestlibrary	0.0.2		85eb5b89d28e4f0b5e86ce333885f7c034f2ca53
com.github.hi-fi	robotframework-httprequestlibrary	0.0.3		b131131a1da4880903807a07f4c0faa8f41957fd
com.github.hi-fi	robotframework-httprequestlibrary	0.0.4		d725bcb163f98d69534200e978c79d84300fc633
com.github.hi-fi	robotframework-httprequestlibrary	0.0.5		6a7897179c7a5e20dda486770fe9d2d3ca7ef0d2
com.github.hi-fi	robotframework-httprequestlibrary	0.0.6		556418fd0a2cd414debb341d447c98a201cf0f53
com.github.hi-fi	robotframework-httprequestlibrary	0.0.7		aa29631f80d2db196cfade9ca7aea72bc73fae36
com.github.hi-fi	robotframework-httprequestlibrary	0.0.8		9ed547b153874cdd7d1f6d80679d0e68d71df6a1
com.github.hi-fi	robotframework-httprequestlibrary	0.0.9		9bb1312160fb071bc4eb59146fb8fd8dd74174c3
com.github.nicklaus4	webservice-toolkit	1.0.0		9bb332cf52f7d72e702b4472c658f53642428521
com.github.shyiko	mysql-binlog-connector-java	0.1.0		25b86a46d32d2f392c76c17292ddb025d4a4d519
com.github.shyiko	mysql-binlog-connector-java	0.1.1		8eba1a37f7555ef8293aa0def6f57fec462b6bfa
com.github.shyiko	mysql-binlog-connector-java	0.1.2		1af494dac38a7f7eb95ed02ed06cb954fa08d8da
com.github.shyiko	mysql-binlog-connector-java	0.1.3		2c73af72758701b94ed0f11f9d0b498570eeea13
com.github.shyiko	mysql-binlog-connector-java	0.10.0		8d5961f4408aa125e2f9d98998017d3359317ad6
com.github.shyiko	mysql-binlog-connector-java	0.10.1		5d34c1d8979892786ef2e56e39dc5a475f857c75
com.github.shyiko	mysql-binlog-connector-java	0.11.0		af0bc202424398b831db28126794bc91866a6078
com.github.shyiko	mysql-binlog-connector-java	0.12.0		ff3db5991226e772634f70ddedd9cd9abe94fb56
com.github.shyiko	mysql-binlog-connector-java	0.12.1		c6fd54c4016567589bade8cff35da9ef245104a6
com.github.shyiko	mysql-binlog-connector-java	0.12.2		23751577ea27c509490376ac42508bda5a3a498b
com.github.shyiko	mysql-binlog-connector-java	0.13.0		918d166205bc9919a2ed4373fb86ac101af7d97d
com.github.shyiko	mysql-binlog-connector-java	0.14.0		c0686fec245cec04bba948f904f0786fdb9f3571
com.github.shyiko	mysql-binlog-connector-java	0.15.0		93486e21e8c87d2bf339e2b64d1fc47a36f4e98f
com.github.shyiko	mysql-binlog-connector-java	0.16.0		de164f4c4213d4ba83fe187454b111dc4b373d7d
com.github.shyiko	mysql-binlog-connector-java	0.16.1		34b7e7c153d0cb63d4a804bf668472b077bf1c71
com.github.shyiko	mysql-binlog-connector-java	0.17.0		9d5b4f72c9a8b316c29b82ef03a591bd1cbf899b
com.github.shyiko	mysql-binlog-connector-java	0.18.0		802bb94f6507371e36ea96258d376ff7508be8e2
com.github.shyiko	mysql-binlog-connector-java	0.18.1		e3e414498d13873a2e6a6e7496bb93708d4cfe0b
com.github.shyiko	mysql-binlog-connector-java	0.19.0		5e047fd31f41bff1cc837eff8f6e3f2f715e5702
com.github.shyiko	mysql-binlog-connector-java	0.19.1		6695180375e27dd8d3067430c73c0b6298882a85
com.github.shyiko	mysql-binlog-connector-java	0.2.0		e5184c216e937023e56781a972bf5eb32e6c5f5f
com.github.shyiko	mysql-binlog-connector-java	0.2.1		5dc685721343646a65c46e5729aa2fdf227b7ef8
com.github.shyiko	mysql-binlog-connector-java	0.2.2		d19828df4668f5c5380eed43a8750deb6f349275
com.github.shyiko	mysql-binlog-connector-java	0.2.3		0a0e13a78d02889baf17646cd42ea6cc78b6e4aa
com.github.shyiko	mysql-binlog-connector-java	0.2.4		f991eb574697592a603edcb3748867869714b901
com.github.shyiko	mysql-binlog-connector-java	0.20.0		ab7fcbe702693cbb7a3522d3be8cc18c1d91cc0b
com.github.shyiko	mysql-binlog-connector-java	0.20.1		0498a84f1cfdd238726caab24f7a5f3614a20fe8
com.github.shyiko	mysql-binlog-connector-java	0.21.0		646ed0498681a5bc0a59fd4c1298fdf0fc808f8c
com.github.shyiko	mysql-binlog-connector-java	0.3.0		729547beabe042695e908208cc31313f817626ea
com.github.shyiko	mysql-binlog-connector-java	0.3.1		e0c783078de3c5d6a3e5fad11326f470f6864c70
com.github.shyiko	mysql-binlog-connector-java	0.3.2		ad1c224c01e64d072a6fefc9fe76a1b05c46d0ed
com.github.shyiko	mysql-binlog-connector-java	0.3.3		ed04f90131b0184fd8095434746809cb54215677
com.github.shyiko	mysql-binlog-connector-java	0.4.0		6396d01b484cb13dade3357fc465abb181947327
com.github.shyiko	mysql-binlog-connector-java	0.4.1		a1b7834892a437ffa935f13ba3df59239dc7b7e5
com.github.shyiko	mysql-binlog-connector-java	0.4.2		fa3a783ae1d3381c60464db79035a09217c19041
com.github.shyiko	mysql-binlog-connector-java	0.5.0		3a21388a4b97802044848c8930d41168bee99630
com.github.shyiko	mysql-binlog-connector-java	0.5.1		3fdc4cc8515b804ba82515a086090076a2923dcf
com.github.shyiko	mysql-binlog-connector-java	0.5.2		a1d89006556d960400b05afa26ec06becd910791
com.github.shyiko	mysql-binlog-connector-java	0.6.0		c39907b78dccaede0039d52a8e266144dd4e5956
com.github.shyiko	mysql-binlog-connector-java	0.7.0		97120308e57c5dde8746a878411bd88dc8d08900
com.github.shyiko	mysql-binlog-connector-java	0.7.1		f641626c102980f28a2007262d4696e9c4999ef0
com.github.shyiko	mysql-binlog-connector-java	0.7.2		ffd81cc38736c090672d3caa56f008b7f1d1799a
com.github.shyiko	mysql-binlog-connector-java	0.7.3		bea185443c7a0ff3a11fd34811df556dd81a6596
com.github.shyiko	mysql-binlog-connector-java	0.7.4		04a0abd61bb9bf5e1627d9632552f5614feac58e
com.github.shyiko	mysql-binlog-connector-java	0.8.0		e10e8b14fbfaf04066a2a97a43fa3bc1349b94aa
com.github.shyiko	mysql-binlog-connector-java	0.8.1		7387986cc7fcc96334c2bd92b938112fb8ee3d90
com.github.shyiko	mysql-binlog-connector-java	0.9.0		2a1bb7744f9b7aaf9ecea77d95e7660087a38083
com.github.shyiko	mysql-binlog-connector-java	0.9.1		ad0bea4777f4c6d1a372252f28b583110c28ecd5
com.github.shyiko	mysql-binlog-connector-java	0.9.2		b3adbbd7693124d82e278484fa57a59ccfec384b
com.greedystar	generator	1.0.0		9541cc496dbd663ce2654e100c6c577b64b8516c
com.greedystar	generator	1.0.1		5c01356c2a38a84eebf7faa64451aa6855d2d765
com.greedystar	generator	1.1.0		8b08c0a4deee32d8084ba9d127326844fbbe3ed5
com.greedystar	generator	1.2.0		eead6954da77b48e0e780b6ed4719fbaea6de023
com.greedystar	generator	1.2.1		722a12f8314338ac937ed991fc8a5d6a50282a57
com.greedystar	generator	1.3.0		f7fdabdd60a0c4c4007be917fe9a8fdc0aed2c52
com.greedystar	generator	1.4.0		13bbbd9b756d2e45a950410480f0a13ba9e4134c
com.greedystar	generator	1.4.1		794cf6ae9f02ffd6f7f6ac243bab4bd2a4457b71
com.liferay	com.liferay.frontend.data.set.views.web	1.0.0		916b0c2089764ad23d4a710b614fdca588a2aeae
com.liferay	com.liferay.frontend.data.set.views.web	1.0.0	jspc	deae3c2b959cb3d021c01797671accbfd9321c75
com.liferay	com.liferay.frontend.data.set.views.web	1.0.1		968978cf5733f1c05450d8096e13a27a04c5fdb2
com.liferay	com.liferay.frontend.data.set.views.web	1.0.1	jspc	0ed00ebee0718429c10cf13f60df277fc09b8c93
com.liferay	com.liferay.frontend.data.set.views.web	1.0.10		1ff06cbbe6bc045fc5fa349567300ec444fbaaf7
com.liferay	com.liferay.frontend.data.set.views.web	1.0.10	jspc	0c11725bd6754689ab4f73c01e8926d506c80907
com.liferay	com.liferay.frontend.data.set.views.web	1.0.11		8b2cd20c80b8bc28a0ab108f34c78b96bcfd2037
com.liferay	com.liferay.frontend.data.set.views.web	1.0.11	jspc	ca8cba042ebabaa71604d4f8b23b98757543932a
com.liferay	com.liferay.frontend.data.set.views.web	1.0.12		ac321ebfdf62f0275ea930809a14972cf0f81166
com.liferay	com.liferay.frontend.data.set.views.web	1.0.12	jspc	691131a7c3e284af698712f32683b5fcb84b3dfd
com.liferay	com.liferay.frontend.data.set.views.web	1.0.13		ccb2c13cd0743a16c9ef6513a081ce02b68275f0
com.liferay	com.liferay.frontend.data.set.views.web	1.0.13	jspc	1d1b8037219472f6c3b6becef5e2443a707688c5
com.liferay	com.liferay.frontend.data.set.views.web	1.0.14		cc9f38a578a130c9cd3b7dcf2e20b3c38eccb930
com.liferay	com.liferay.frontend.data.set.views.web	1.0.14	jspc	e595405c61774d22a0e1fe143beb110df840215a
com.liferay	com.liferay.frontend.data.set.views.web	1.0.15		8dd2519170caa42130fbedfc59e19bae5839d128
com.liferay	com.liferay.frontend.data.set.views.web	1.0.15	jspc	8a8c3f7cccfbfcc652fa7db1c1208595033cd108
com.liferay	com.liferay.frontend.data.set.views.web	1.0.16		494871d3effc98afc6fecb8dde1725988ef48e05
com.liferay	com.liferay.frontend.data.set.views.web	1.0.16	jspc	8bccfa906967c7812faadef632d05e6ae11c3f5c
com.liferay	com.liferay.frontend.data.set.views.web	1.0.17		b11de6d49372101422778c353bf730632986a354
com.liferay	com.liferay.frontend.data.set.views.web	1.0.17	jspc	f12c2ed6ab5fcd852f7b1040586b994fd1c1375f
com.liferay	com.liferay.frontend.data.set.views.web	1.0.18		556da8a145cadfcd0d493a8abfec5f964efdc18c
com.liferay	com.liferay.frontend.data.set.views.web	1.0.18	jspc	76028c56d2ece3f9a1131c5d659aa3fb0d90ae35
com.liferay	com.liferay.frontend.data.set.views.web	1.0.19		721622f87615e1ef7617097e63e0772e36b739f6
com.liferay	com.liferay.frontend.data.set.views.web	1.0.19	jspc	587f6cc5b609153c76bb6769b129eb451b5ff3d6
com.liferay	com.liferay.frontend.data.set.views.web	1.0.2		d3dbfd13206ad444c2dd80fea1d3540ec1c37fca
com.liferay	com.liferay.frontend.data.set.views.web	1.0.2	jspc	6246f1a731210c567f4b6c401102939ede9fb698
com.liferay	com.liferay.frontend.data.set.views.web	1.0.20		0ada67698df9d833dda50c64e8294c9cb8180672
com.liferay	com.liferay.frontend.data.set.views.web	1.0.20	jspc	ed86d8664eefbbde664d29b140c64b42f06989d9
com.liferay	com.liferay.frontend.data.set.views.web	1.0.21		b3afcb0e4aa7e995e817b18fb7889dcfcab9adf9
com.liferay	com.liferay.frontend.data.set.views.web	1.0.21	jspc	ac50b18ca3f075da6d526942c6d6658c29e437f2
com.liferay	com.liferay.frontend.data.set.views.web	1.0.22		89303566a3e35a7e800b411abed328608852d144
com.liferay	com.liferay.frontend.data.set.views.web	1.0.22	jspc	40bce6a4804a1d456cba0d249a18e216492ef3d5
com.liferay	com.liferay.frontend.data.set.views.web	1.0.23		a9dbe3b50026f8a8c200b5689ff05a6c6b55d514
com.liferay	com.liferay.frontend.data.set.views.web	1.0.23	jspc	bda568fe4f8a4b191a1ec09ac0a45319a8a3729c
com.liferay	com.liferay.frontend.data.set.views.web	1.0.24		287f1834549122a264bf3c661802ed30af2ef1d6
com.liferay	com.liferay.frontend.data.set.views.web	1.0.24	jspc	dbfe1e7772c3a16cb106d8531ecd8ef8fc90c1a3
com.liferay	com.liferay.frontend.data.set.views.web	1.0.3		da1d8a235e4fc4b6d3c467a5f932c8f3dd1c9e0a
com.liferay	com.liferay.frontend.data.set.views.web	1.0.3	jspc	8f6119af5e26c108ea522fb3ee84f47539fabea8
com.liferay	com.liferay.frontend.data.set.views.web	1.0.4		1bee791c2e8e92e0fe0ef428bf7c2887f41fed9b
com.liferay	com.liferay.frontend.data.set.views.web	1.0.4	jspc	e3afae1d8266859123467e765b34f61be4b01cb6
com.liferay	com.liferay.frontend.data.set.views.web	1.0.5		1b8e2843eedd73cebf528cc32d8f3d5074efe06e
com.liferay	com.liferay.frontend.data.set.views.web	1.0.5	jspc	6ea8688171e6e96ec1d32b64c5ce61fff0bccdb9
com.liferay	com.liferay.frontend.data.set.views.web	1.0.6		0dc33f6a4175d0f3f78cda40e65357784ab4128e
com.liferay	com.liferay.frontend.data.set.views.web	1.0.6	jspc	950bd152ee816bcfa72a154be653001cbfdacdbc
com.liferay	com.liferay.frontend.data.set.views.web	1.0.7		c97e66a6ebd25550f87af3cdd738e6ecbed6ebf8
com.liferay	com.liferay.frontend.data.set.views.web	1.0.7	jspc	d48f0c2b1d997318cada047001979266e1993150
com.liferay	com.liferay.frontend.data.set.views.web	1.0.8		6bce9a33709454df764b12d1246c964447d3db4c
com.liferay	com.liferay.frontend.data.set.views.web	1.0.8	jspc	3c154df5fe255e77db0549e3db3c829db70e7a46
com.liferay	com.liferay.frontend.data.set.views.web	1.0.9		f26fa8c4561a2111dba19bc86c304df2ae1c4eee
com.liferay	com.liferay.frontend.data.set.views.web	1.0.9	jspc	de5c881a9ce229b92cebefdebedd2a2f2a255cba
com.solace.connector.core	pubsubplus-connector-test-common	1.1.1		bfc13fe3984e10c8bd9e1c86c791b4fefd8740c9
com.solace.connector.core	pubsubplus-connector-test-common	1.2.0		50e8adb60c1a0a5c019216ee99c0589e60c56bc9
com.solace.connector.core	pubsubplus-connector-test-common	1.2.1		334a2563f3fb7816f59bc30ea88c696161b5907e
com.solace.connector.core	pubsubplus-connector-test-common	2.0.0		84f1679b8b6e2690318d55f9b40049701db6bc10
com.solace.connector.core	pubsubplus-connector-test-common	2.1.0		8125e9b3dc8c40b4b01ca99e9a55861ba34a22e8
com.solace.connector.core	pubsubplus-connector-test-common	2.10.0		6b331b0a9d3160d4cc5e5ec0796c53beb2983265
com.solace.connector.core	pubsubplus-connector-test-common	2.10.1		ab92aabd90d1d52d25a55f692486264f7c9b118b
com.solace.connector.core	pubsubplus-connector-test-common	2.10.2		83f7c190eb3966ed95812b688eb7244148c34864
com.solace.connector.core	pubsubplus-connector-test-common	2.10.3		559912f094793e98d53472a1cf2b0c8acc706102
com.solace.connector.core	pubsubplus-connector-test-common	2.10.7		afdc4e771d7756d1978f7ee60a9ad5c020139448
com.solace.connector.core	pubsubplus-connector-test-common	2.10.8		8edd1069fbfd60b9509f7c1a72c2595520996c11
com.solace.connector.core	pubsubplus-connector-test-common	2.11.0		e5007af8224baa06d7f3b9673738616655775d8e
com.solace.connector.core	pubsubplus-connector-test-common	2.11.1		9baa6367aae6e157f8a1a8263f07381b2aa2f19e
com.solace.connector.core	pubsubplus-connector-test-common	2.11.2		1df544a789c2c4a94fcfb80a2fc963b87525168d
com.solace.connector.core	pubsubplus-connector-test-common	2.11.3		82b370b13fbba8bcb4c6528859a71e29487e0a56
com.solace.connector.core	pubsubplus-connector-test-common	2.11.4		769cf8134135bc9da0c5390a7efaf81a1f62147d
com.solace.connector.core	pubsubplus-connector-test-common	2.12.0		6c29e565b0da5ec7112861a1da9479de35f9e737
com.solace.connector.core	pubsubplus-connector-test-common	2.12.1		d6c52218efa5dd2396d9a4bf5f3ec46245e1b155
com.solace.connector.core	pubsubplus-connector-test-common	2.12.10		a04c9f96019e6226218de62a204d5ac4ef5bedfc
com.solace.connector.core	pubsubplus-connector-test-common	2.12.11		51acaadaf75981855347c2ba4352f2961ffb05b2
com.solace.connector.core	pubsubplus-connector-test-common	2.12.12		0c3c44c6e0f7db89a5302b5357f14efaccc8a427
com.solace.connector.core	pubsubplus-connector-test-common	2.12.2		f5d196d8521278f61b59ff90090c9a21413d7163
com.solace.connector.core	pubsubplus-connector-test-common	2.12.4		1276b719e67048d723c275a642765d06f4bf42d5
com.solace.connector.core	pubsubplus-connector-test-common	2.12.5		2d80cd5cf03747d5d8ed81577cdf391f0c3af997
com.solace.connector.core	pubsubplus-connector-test-common	2.12.6		ff3fda58aa8e8cae8f392835453c3b7b110ac829
com.solace.connector.core	pubsubplus-connector-test-common	2.12.7		9815b4bc476e0853232c9e72c8b63bd080cba5b0
com.solace.connector.core	pubsubplus-connector-test-common	2.12.9		d34a196032f4c382a278b7010505a1e6994a0f0b
com.solace.connector.core	pubsubplus-connector-test-common	2.13.0		0e3483eabb80e0e892b8d82019ed2d65e4e3abd9
com.solace.connector.core	pubsubplus-connector-test-common	2.13.1		f7b60d3c04358a4b5bdb03ea392e31c194d346cf
com.solace.connector.core	pubsubplus-connector-test-common	2.13.2		5a0401e0a01c9e113a2d71dd419d09ebbe1dacec
com.solace.connector.core	pubsubplus-connector-test-common	2.13.3		fc66608adc5ea6fce6becb18a9f280c9780dd25e
com.solace.connector.core	pubsubplus-connector-test-common	2.13.4		d2ce0af4230b884fc05984f622f8677c3f35dcdc
com.solace.connector.core	pubsubplus-connector-test-common	2.13.5		541c60663407fa59854ce268a6b139236a0ff3d9
com.solace.connector.core	pubsubplus-connector-test-common	2.13.6		dded0f1a20c40bfc22b6a1a83927a79518f5371d
com.solace.connector.core	pubsubplus-connector-test-common	2.13.7		a699f0a2282124a825abc4996f6b88de02e8d04b
com.solace.connector.core	pubsubplus-connector-test-common	2.14.0		fd133d47e47df4d64a4c50ae2e945e38cd8ebda2
com.solace.connector.core	pubsubplus-connector-test-common	2.14.1		a0e56117936f9a64a3814dff682df2a985dcc3ff
com.solace.connector.core	pubsubplus-connector-test-common	2.14.2		1984ac5a0d5b02d56156d211e4ea8ccb46daee1a
com.solace.connector.core	pubsubplus-connector-test-common	2.14.3		0577000d4202691191f1c57383139760679a449f
com.solace.connector.core	pubsubplus-connector-test-common	2.14.4		f90a73e6e66a5d14487d8944f014d08da37ec35b
com.solace.connector.core	pubsubplus-connector-test-common	2.15.0		85437225648015c30d6154d861dae1524c79f5b9
com.solace.connector.core	pubsubplus-connector-test-common	2.15.1		aaeb158d6dfae0708207eeaf7cd82f7986054573
com.solace.connector.core	pubsubplus-connector-test-common	2.2.0		3d583cfb7f90c31470b6571cc2052cb8ca03b616
com.solace.connector.core	pubsubplus-connector-test-common	2.2.1		f530976b03065631a14d4b71510780c7cb3e202b
com.solace.connector.core	pubsubplus-connector-test-common	2.2.2		0c0361aca495e0b2e0818e2e141560aa0b0f8bc3
com.solace.connector.core	pubsubplus-connector-test-common	2.2.3		792d0f44a0b31aa589e54d085e94aae5e0dfa108
com.solace.connector.core	pubsubplus-connector-test-common	2.2.4		6b201769fa48ac5237cc41a6a02098639957102f
com.solace.connector.core	pubsubplus-connector-test-common	2.2.5		0cca69bfb3960282128bb75f10943a36b967f6b9
com.solace.connector.core	pubsubplus-connector-test-common	2.2.6		91c09600ab355eb60ce5518dd7bf108332f82fff
com.solace.connector.core	pubsubplus-connector-test-common	2.2.7		31d0d7207917c6fa0ada11497400a134f278352d
com.solace.connector.core	pubsubplus-connector-test-common	2.2.8		7feb58fbedac556953956103453f8ac63f387c7c
com.solace.connector.core	pubsubplus-connector-test-common	2.2.9		fc6ce948741fad519d190a7b5c32cfa60e99d303
com.solace.connector.core	pubsubplus-connector-test-common	2.3.0		dda59c26242218a50564f59166ee7b2d05cf95ee
com.solace.connector.core	pubsubplus-connector-test-common	2.4.0		f13c06b6822e8a7d4d3822f7a7361575e7d6a445
com.solace.connector.core	pubsubplus-connector-test-common	2.4.1		46b889beb514562075560c154488b950dbe7154e
com.solace.connector.core	pubsubplus-connector-test-common	2.4.2		6bdd9e48340a9418c9b6f4a1810da8b14da464de
com.solace.connector.core	pubsubplus-connector-test-common	2.4.3		e59ee0d3ac78b60ce9808455cc7f67a3d157f4fb
com.solace.connector.core	pubsubplus-connector-test-common	2.4.4		70f2b39382b045955afef6de27457d7085cd348a
com.solace.connector.core	pubsubplus-connector-test-common	2.4.5		a542c3e617077b7b6fd162b309c76a90f338fdc7
com.solace.connector.core	pubsubplus-connector-test-common	2.4.6		97c46a8fec01e65cbc74ce64b658dd7319d61fef
com.solace.connector.core	pubsubplus-connector-test-common	2.4.7		62a02637065c8aa59e0bbe6ad6b9a871d492aa93
com.solace.connector.core	pubsubplus-connector-test-common	2.4.8		d4adbf943d4bd920c0f22418dd83f97bf94d5e2b
com.solace.connector.core	pubsubplus-connector-test-common	2.4.9		c78634376e5e75a1bf41ce3dc39fd400e7fb04b9
com.solace.connector.core	pubsubplus-connector-test-common	2.5.0		f67c149586f7e1fcee76ed9b928cb530393019f6
com.solace.connector.core	pubsubplus-connector-test-common	2.5.1		4d6c33c136b75ca1d950a7cf90fad0480a9b2177
com.solace.connector.core	pubsubplus-connector-test-common	2.5.2		06cd171e7f05f3383c8bb5eaf42a97794dbed149
com.solace.connector.core	pubsubplus-connector-test-common	2.5.3		877655962c211ee73b229d67cd7c80daa9488dad
com.solace.connector.core	pubsubplus-connector-test-common	2.5.4		4dceff7baf2a044741380d1937de05ee3a907597
com.solace.connector.core	pubsubplus-connector-test-common	2.5.6		1a2b341b8383f6d03e2959bd4d2981da076d00de
com.solace.connector.core	pubsubplus-connector-test-common	2.6.0		513b91fd713cdc58a891ecd6c87abcf4c0067cc8
com.solace.connector.core	pubsubplus-connector-test-common	2.6.1		9e63c86141b4ee0e74838f8e002232388a8ad07f
com.solace.connector.core	pubsubplus-connector-test-common	2.6.10		8b570054d4a89a67d1d9f675e73f9cb8ff0fe5e8
com.solace.connector.core	pubsubplus-connector-test-common	2.6.11		01773c1a4214fbedd7ab81e2806a607febe44f69
com.solace.connector.core	pubsubplus-connector-test-common	2.6.12		177602775d933d5dccf579da4de08d41eb047141
com.solace.connector.core	pubsubplus-connector-test-common	2.6.7		18fd07746c6d79e3746f8b012fd67f8a633e260a
com.solace.connector.core	pubsubplus-connector-test-common	2.6.8		afa352237759396208c29c569f0cd2b974c24ba2
com.solace.connector.core	pubsubplus-connector-test-common	2.6.9		dbfb2cc43f03423b0135bd2932b1dcf514250b0b
com.solace.connector.core	pubsubplus-connector-test-common	2.7.0		aa9f6f194a7b94e3b1d92e7cc5fc6147c373a353
com.solace.connector.core	pubsubplus-connector-test-common	2.7.1		db969afd2aaddad1a642cacad9baf7a9a68e585f
com.solace.connector.core	pubsubplus-connector-test-common	2.7.2		4dc12f222d74b878682cb850d289b2039f10b17a
com.solace.connector.core	pubsubplus-connector-test-common	2.8.1		a1afe805d42818c1db5e16992608cdd79aa80187
com.solace.connector.core	pubsubplus-connector-test-common	2.9.0		5a3f2422b27008efe7bc6f2d94c246e8d14a9ab2
com.splendo.kaluga	date-time-iosarm32	0.2.3		N/A
com.stratio.decision	siddhi	0.10.0		488e078dc2ad931a0a4b2be02bfc5167aab9799f
com.stratio.decision	siddhi	0.9.0		61789f8e69cc5c0c52af06fe5947b6457085a8a8
com.stratio.decision	siddhi	0.9.1		61d89b01bf8bad5ddc04f5266d598610adcbe81d
com.stratio.decision	siddhi	1.0.0		a73d308d949600f00d5a2686bef3ef20a1e97826
com.stratio.decision	siddhi	1.0.1		4b92d12c08041d518078635aef6c9e88b4370c55
com.stratio.decision	siddhi	1.0.2		fe2c8897b35fd2d98f7437618adfe17924d328de
com.stratio.decision	siddhi	1.1.0		fe162ae5bb3aff64f4ba0be10d1dac53a618e9cb
com.uber.sdk2	rides-android	0.10.11		N/A
com.unquietcode.utils	java-utils	0.1		05ee9c22fdfef11f79ebb49b0dc049ad4d937472
com.vantfo.framework	core	1.1.0		829501cb63dbbbae8a67b2121bcd6e05c025fbc4
com.vantfo.framework	core	1.1.1		88c3ef0e55a4dc28358ae48e10f7ae40e5df8379
com.vantfo.framework	core	1.2.0		fdbc1cb238d2ab36d7ecfc8927844583b903f676
com.vantfo.framework	core	1.2.1		0fb0016ac95a6425faf00f010d87216ca8dfb033
com.vantfo.framework	core	1.2.2		9613ae4644e821d2814c1464a64663dfaae3fe7a
com.vantfo.framework	core	1.2.3		f5c5dd6369fa9841e5094bfe24f10360dd817a97
com.vantfo.framework	core	1.2.4		3a95327e67e8027481a2ff3dc8982273511ca230
com.vantfo.framework	core	1.2.4.1		35de03e5649249e2826e0aa984ad00026a3831db
com.vantfo.framework	core	1.2.5		86d22fdc795365d2f7a87782a7f469ce3e73d937
com.vantfo.framework	core	1.2.6		89d8ac0a9350d90d70ff598b0fe19eda89180e68
com.vantfo.framework	core	1.2.8		64fb082e84c372276708e39665ab7e8ef6a68cd4
com.vantfo.framework	core	1.4.0		a1402e157b858d1b211674adf5c4c6c1ad49e576
com.vantfo.framework	core	1.4.1		5f498a3bf1d46cf8e4446c45d1d9a9e6b27326db
com.vantfo.framework	core	1.4.2		1a170c1567dcba08ad9837daa6a1fdc9a0afa965
com.vantfo.framework	core	hbis-1.2.8		e8eb0392602b42887402297db51c0e96982039d5
com.vantfo.framework	core	hbis-1.2.9		e892e2bd2d9b0217630c19f8e4e132b4f960ed67
controlhaus	beehive-netui-scoping	unofficial-1		144488acdb0f15e4d45669984b508f354d8f407c
de.saly	elasticsearch-river-imap	0.8		06404b355a4c231698345e020abbdb1c445a6d1d
de.saly	elasticsearch-river-imap	0.8.5		c07d69a145f74162f2f3fcdefccbf6be91cf5f12
dev.icerock.moko	permissions-microphone-android	0.19.0		N/A
dev.icerock.moko	permissions-microphone-android	0.19.1		N/A
es.gob.afirma.lib	afirma-lib-itext	1.0		4358ee7cd6dd4cd325da3e75fdee5885d8a96ebb
es.gob.afirma.lib	afirma-lib-itext	1.1		cb7e6dafa6368d1deb3785a56883856ad8ab5cf8
es.gob.afirma.lib	afirma-lib-itext	1.2		b151ca52670439064a73bf5f748d50ddda5600a6
es.gob.afirma.lib	afirma-lib-itext	1.3		2d864dbfd8bf932735c5ca49d671b1a21f6f3a51
es.gob.afirma.lib	afirma-lib-itext	1.5		f299f283f759c437b983d05f748ec68881bfe336
fi.gekkio.drumfish	drumfish-lang	0.1.0		3201cebef54e12584992857a2d285fa2464c0aae
hu.autsoft	krate-moshi-stub	0.4.0		N/A
hu.autsoft	krate-moshi-stub	0.5.0		N/A
hu.autsoft	krate-moshi-stub	1.0.0		N/A
hu.autsoft	krate-moshi-stub	1.1.0		N/A
hu.autsoft	krate-moshi-stub	1.2.0		N/A
hu.autsoft	krate-moshi-stub	2.0.0		N/A
io.fabric8.itests	fabric-itests-basic	1.0.0.redhat-423		7f722c1841d758bcfb7ed02970de103d08705d18
io.github.behzod1996	izoh-android	0.0.1		N/A
io.github.billywei01	doodle	2.0.1		N/A
io.github.billywei01	doodle	2.0.2		N/A
io.github.billywei01	doodle	2.0.3		N/A
io.github.billywei01	doodle	2.1.0		N/A
io.github.billywei01	doodle	2.1.1		N/A
io.github.billywei01	doodle	2.1.2		N/A
io.github.billywei01	doodle	2.1.3		N/A
io.github.billywei01	doodle	2.1.4		N/A
io.github.billywei01	doodle	2.1.5		N/A
io.github.billywei01	doodle	2.1.6		N/A
io.github.j5ik2o	pekko-persistence-dynamodb-state-v1_2.12	1.0.48		14f362958420bd2988adda9a678312e0c0ae81b3
io.github.j5ik2o	pekko-persistence-dynamodb-state-v1_2.12	1.0.50		910329ff3ad0b5bdbfe52b81de8bec3faa47c332
io.github.j5ik2o	pekko-persistence-dynamodb-state-v1_2.12	1.0.51		7ca4f3f4698f739b2755f477051dcbbbba2adf96
io.github.j5ik2o	pekko-persistence-dynamodb-state-v1_2.12	1.0.52		a90633a85dc6250a0260fd98b16e05d6d7618c4e
io.github.j5ik2o	pekko-persistence-dynamodb-state-v1_2.12	1.0.53		dc835e20d3e07846d4de826bcd0c0e3e0c702f6d
io.github.j5ik2o	pekko-persistence-dynamodb-state-v1_2.12	1.0.57		30c7c3c22dcc0e372d99757c17e5734f1d230c91
io.github.wkchan9912	calculator	1.0.0		35c1a6a67ca9f89f192a4f1f28ed9f8da8027fed
io.mraa.upm	upm_ultrasonic	0.8.0		d61052361fe2d5a9266c95aebc52db286eaa6da0
io.mraa.upm	upm_ultrasonic	1.0.0		1ed1a0908f0ec301f39b432f70b09a9be4e56fd1
io.mraa.upm	upm_ultrasonic	1.0.1		7ff7f9c5b9cd89bece754af9f99a1caa32b06fde
io.mraa.upm	upm_ultrasonic	1.0.2		cde734b55664cc4f8d1f26b2870688e29c5746f5
io.mraa.upm	upm_ultrasonic	1.1.0		0d582f16e79717f66c1985bdedb26f8ac4be7ac7
io.mraa.upm	upm_ultrasonic	1.2.0		116541309bf3f10ff47ce008ad256d8b5547778b
io.mraa.upm	upm_ultrasonic	1.3.0		67e1304fa3f19f198dc799aeb3857ad965f7031b
io.mraa.upm	upm_ultrasonic	1.5.0		7c9dc638611248745af6ed09a81afe65c3257c2d
io.mraa.upm	upm_ultrasonic	1.6.0		dc4e7f2c3be84e81fd72d00897e758213a3259a1
io.mraa.upm	upm_ultrasonic	1.7.1		8fa7e12594937bbe328e0525595f56fc1389f654
io.stoys	stoys-spark-du_2.12	0.1		a49071015fcce34e592d19cc0092127a69525887
io.stoys	stoys-spark-du_2.12	0.1	spark-shaded	5b2d76e534ac2f4384151cc1fd91e6218460ef38
io.stoys	stoys-spark-du_2.12	0.2		a34e4bc34f87a4c4db7e2972ef6354cb0f03fbcb
io.stoys	stoys-spark-du_2.12	0.2	spark-shaded	be961cd4470cadd11fd037c0f21db03087e564f4
io.stoys	stoys-spark-du_2.12	0.3		cdc02d8f4721b8ce0335869ce31796ff7b033fd7
io.stoys	stoys-spark-du_2.12	0.3	spark-shaded	52c8fee550ffe7461c80216dff6a09d0ed208f2a
io.stoys	stoys-spark-du_2.12	0.4.0		46ccc97aeddd21269aaa3cb02d172a14cba5d934
io.stoys	stoys-spark-du_2.12	0.4.0	spark-shaded	f35cb25e389c92bff7976892aab0c03559095715
io.streamnative.oss	pulsar-jms-all	4.0.5		75d6b5430ba8adb477cfacdcda372edf35dc13ac
io.swagger	swagger-scala-module_2.10	1.0.0		2813a0171634f6e25d45a728cac230215a1f6662
io.swagger	swagger-scala-module_2.10	1.0.1		e48bead8b862cba9b58e830d14e352e50cd82223
io.swagger	swagger-scala-module_2.10	1.0.2		9f95e542acc24ccc36a3496cf017381fd9da236d
io.swagger	swagger-scala-module_2.10	1.0.3		e37f26307f96314de7c57ed0d8f7412642b48b5e
io.swagger	swagger-scala-module_2.10	1.0.4		596664c26d02ec787dd2eadcd7fddd1d4c5314a5
io.swagger	swagger-scala-module_2.10	1.0.5		5a18728ff212e8821ec87b720cfa6ac72300a53d
io.swagger	swagger-scala-module_2.10	1.0.6		18f0e04df50c96a92f779fdf65dee3d32ebabfc6
it.sephiroth.hugo	hugo-annotations	1.2.5		405f3ee4b32f2f3ee0e62c2836bde8baea861080
it.uniroma2.art.semanticturkey	st-l10n	10.0		b1ea0a0baddf6b9c065df6526057df004acbdecd
it.uniroma2.art.semanticturkey	st-l10n	10.1		06936a51d348294bc633b83c786439f0f79fed2c
it.uniroma2.art.semanticturkey	st-l10n	10.1.1		1b3c918a97e1378c2bb4f7d4d88af1246327ecfe
it.uniroma2.art.semanticturkey	st-l10n	10.2		cfb3d320e91135a3f85555a7541fd48454b61efc
it.uniroma2.art.semanticturkey	st-l10n	10.2.1		69b1d31f6653fe156d8b854bf1afbc133efdf0f8
it.uniroma2.art.semanticturkey	st-l10n	11.1		6f9c9912e5b7fa2284e72ae71b9dd6c1f5cee002
it.uniroma2.art.semanticturkey	st-l10n	11.2		a9b6fb388b18591efefebc8c55500823424d606d
it.uniroma2.art.semanticturkey	st-l10n	11.2.1		40affc26680fcf6e7b6b1621549d04ae5b984f8a
it.uniroma2.art.semanticturkey	st-l10n	11.3		1f57484aa8cfdd0633c09048592a9aa35ccca981
it.uniroma2.art.semanticturkey	st-l10n	11.4		e967bbdce3c464aa0a3dea989fcc231bb4ad2995
it.uniroma2.art.semanticturkey	st-l10n	11.4.1		88b3c94b62537a8bc6c3bbea9ca54638acbbe59d
it.uniroma2.art.semanticturkey	st-l10n	11.4.2		7bb195feb186c6f985c5db7d6149477c53fd53a2
it.uniroma2.art.semanticturkey	st-l10n	12.0		2ad6b1a2d000b53a060aebb8f6ab7d055b358b3d
it.uniroma2.art.semanticturkey	st-l10n	12.1		4bd58e3594bfa106937523718611e494cbe46952
it.uniroma2.art.semanticturkey	st-l10n	12.1.1		41cd7560fcf422d50652dd600048455f20afc359
it.uniroma2.art.semanticturkey	st-l10n	12.2		31d73360e33982f256ad99e5e368dd973bf69ed9
it.uniroma2.art.semanticturkey	st-l10n	13.0		3b4de5a90325a5e1330be3cc149eeb856ffe9436
it.uniroma2.art.semanticturkey	st-l10n	13.0.1		9fb35ef462320b268bfc1646c572d72079136219
it.uniroma2.art.semanticturkey	st-l10n	13.1		f850ab5b7d2315641d9dad3c0906f668b04d64b0
it.uniroma2.art.semanticturkey	st-l10n	14.0		1d04a77ba02cc348ca21b92db27a98bbfe6c4157
it.uniroma2.art.semanticturkey	st-l10n	9.0		e83b830b1723213530e9c63136d866980abf3a6e
it.uniroma2.art.semanticturkey	st-l10n	9.1		358b48a95431f6c58291489a8a055033aa9da2d5
me.chrons	diode-data_sjs0.6_2.12	1.1.0		51aad8d15797fd38f79b8d67a10202a31c4a5411
me.youm.frame	shore-lock	1.0.3		c7730fc7ee74bc8464e128b601005342459295ca
me.youm.frame	shore-lock	1.0.5		d1bb51639e18c492e914247c342b4990cf8f39e8
me.youm.frame	shore-lock	1.0.6		f7487241d3fdfc3aa75c38574a077fd13220ef75
me.youm.frame	shore-lock	1.0.9		a78bb96ccd285c1947f58ea61f20cc081b9c3a60
me.youm.frame	shore-lock	1.1.0		57e8769fc5549c1ef004665a2e473209404a9d0f
me.youm.frame	shore-lock	1.1.1		8b4c09d51bd6ca50c05ffc3a401f507a525033e0
me.youm.frame	shore-lock	1.1.1-RELEASE		5ab432943a6dd9992268d6120eda6b8df7d9fdb9
me.youm.frame	shore-lock	1.1.1-dolly		017dcc7b5043f5947dd863f2c53ec408bbca8764
me.youm.frame	shore-lock	1.1.3-RELEASE		f4d84a208807fa212630040efeeb9ab79db50d85
me.youm.frame	shore-lock	1.1.5-RELEASE		f58392921116a2afa27968b72febaf8aaab39f4a
me.youm.frame	shore-lock	1.2.5		58145831cff7c30f235e536e63d1ff520b2b9114
net.sf.okapi.filters	okapi-filter-markdown	0.35		bef82a82402b9636e1835ccb671d3e2adc37cf96
net.sf.okapi.filters	okapi-filter-markdown	0.36		53112fa8f3a932bd675a288e3b3014170bbdbd0d
net.sf.okapi.filters	okapi-filter-markdown	0.37		bc1a73aed91f160f6b3985b116f0a5ab70f29d2d
net.sf.okapi.filters	okapi-filter-markdown	0.38		399e6955c7f7990137793f111d6844e3078d354f
net.sf.okapi.filters	okapi-filter-markdown	1.39.0		26ac85cefd9173fe6a1459d390fdec2506642e54
net.sf.okapi.filters	okapi-filter-markdown	1.40.0		f0293b08296eb5d36ac6fbc70bca88272b4333b1
net.sf.okapi.filters	okapi-filter-markdown	1.41.0		2ca4402978f937641f41b4caeb358969a61db05f
net.sf.okapi.filters	okapi-filter-markdown	1.42.0		2729dd4917f1409f3a6aa2fcc42a436c13695dee
net.sf.okapi.filters	okapi-filter-markdown	1.43.0		c25bd0a7675d6959f06075711b8394c4a76c78e8
net.sf.okapi.filters	okapi-filter-markdown	1.44.0		8e63aa2a7a58dfe18ec8be6b671ee393b41d9efe
net.sf.okapi.filters	okapi-filter-markdown	1.45.0		ce70abe8454324c58dac5a538debbd043937f436
net.sf.okapi.filters	okapi-filter-markdown	1.46.0		8039013ab0ac8e77e7cf5e1004650b52ca1819c9
net.sf.okapi.filters	okapi-filter-markdown	1.47.0		20ed6ac289019629d14a2875deb2d1ae30fa1eff
org.activiti.cloud.notifications.graphql	activiti-cloud-services-notifications-graphql-schema	7.0.0.GA		76af5081278b1d0e426d29cb0935d5fc1a744273
org.activiti.cloud.notifications.graphql	activiti-cloud-services-notifications-graphql-schema	7.0.0.RC1		c6a4511332225f0d05b13a775bf18abf0549aca6
org.activiti.cloud.notifications.graphql	activiti-cloud-services-notifications-graphql-schema	7.0.0.RC2		13f672d6a9aaa3b0f27b1c4685733d0479e0f1ab
org.activiti.cloud.notifications.graphql	activiti-cloud-services-notifications-graphql-schema	7.0.0.SR1		37a84fb14fbed10e5769d4b210b45928fd15e216
org.activiti.cloud.notifications.graphql	activiti-cloud-services-notifications-graphql-schema	7.1.0.M1		327f7679b168b15962994ef2f47df163e57a33db
org.activiti.cloud.notifications.graphql	activiti-cloud-services-notifications-graphql-schema	7.1.0.M2		e78107b864a6582a8ec9aa0d111a57ed4a4a8ec0
org.activiti.cloud.notifications.graphql	activiti-cloud-services-notifications-graphql-schema	7.1.0.M3.1		dca7a1cf7fee281a429dd0a91a5a81d190b3b47d
org.activiti.cloud.notifications.graphql	activiti-cloud-services-notifications-graphql-schema	7.1.0.M4		866e3f57ce476550066e106592035ebefd64552b
org.activiti.cloud.notifications.graphql	activiti-cloud-services-notifications-graphql-schema	7.1.0.M5		8801c60d5470aad4249c99b784e284c0e3b730bc
org.activiti.cloud.notifications.graphql	activiti-cloud-services-notifications-graphql-schema	7.1.0.M6		df8d67e546b2c9499b13307eb714f2329bd43309
org.apache.nifi	dockermaven-stateless	1.10.0		1ed2db24ccbf50a1cc5ee5288613f63c700b6d9c
org.apache.nifi	dockermaven-stateless	1.11.0		03fb09697e5a173ebef066dc07904ea864b3bcd3
org.apache.nifi	dockermaven-stateless	1.11.1		8d919c1640ddd776b37e018582d5542120f1fa2c
org.apache.nifi	dockermaven-stateless	1.11.2		c06ead888f63c469bf9e8a40d0ba180c82a4444b
org.apache.nifi	dockermaven-stateless	1.11.3		b45de09e7cdc71cc1350c7b4abc6736983226c14
org.apache.nifi	dockermaven-stateless	1.11.4		8a94e450b368ebeccce941cf7c0b83d60513cf48
org.apache.nifi	dockermaven-stateless	1.12.0		64231982a076500e89cd317dd5001cb509b2d7d2
org.apache.nifi	dockermaven-stateless	1.12.1		160f2fbf5000ac079b1cc33d7689c1fc8c1933e7
org.apache.nifi	nifi-enrich-processors	1.0.0		aeef887e23d1c1681a2ba13af8df4c04f4c96412
org.apache.nifi	nifi-enrich-processors	1.0.1		48c48bfdd44733d0ffa70b03d93ce138a25add29
org.apache.nifi	nifi-enrich-processors	1.1.0		98bdb53e2027d8d6bd031fc679ffb6c1d244a45e
org.apache.nifi	nifi-enrich-processors	1.1.1		1441cb4e2a45d089c63393a1b5535edd38252731
org.apache.nifi	nifi-enrich-processors	1.1.2		4681b4fb4343ede91ef9a746856a5803a1b2aab0
org.apache.nifi	nifi-enrich-processors	1.10.0		75ff2672ead8c16fdad28d571d3b18a5638e0a65
org.apache.nifi	nifi-enrich-processors	1.11.0		7a2761df6de61cb87ffaea166c1bed8716e6d112
org.apache.nifi	nifi-enrich-processors	1.11.1		4d2a638d9861894c77b6ab4fb50d22273bc79ce0
org.apache.nifi	nifi-enrich-processors	1.11.2		2c0335585c23a7044b714c4d6235d120798e58f2
org.apache.nifi	nifi-enrich-processors	1.11.3		7b459256f00027b4147a18b46965a054db013fe0
org.apache.nifi	nifi-enrich-processors	1.11.4		b411211d24a4953b940c487e3b0269b5b94729a0
org.apache.nifi	nifi-enrich-processors	1.12.0		737e1dbf9aed5c0de549aeeca26de4a065621f38
org.apache.nifi	nifi-enrich-processors	1.12.1		df429bc14031d436c260fa533c65b8665b407966
org.apache.nifi	nifi-enrich-processors	1.13.0		8b9f74b05c1b93261de7e298509ba30e75647368
org.apache.nifi	nifi-enrich-processors	1.13.1		9df06d181e7c3e490f53276d8abe1ed6aad2db32
org.apache.nifi	nifi-enrich-processors	1.13.2		9d01d3d2ae3b2d38fe596d09dd811e0219e2b12e
org.apache.nifi	nifi-enrich-processors	1.14.0		befb7007ce23dac34ef4607a8f22a56ebbb4f7ef
org.apache.nifi	nifi-enrich-processors	1.15.0		dc331c2e806b78ee9e5483ad3b44183d59f1f9d9
org.apache.nifi	nifi-enrich-processors	1.15.1		7bd8ebc87eda4b44b18b5250923133673cfc13ec
org.apache.nifi	nifi-enrich-processors	1.15.2		971a90e09f6971a13e23d24302c21deadb89261d
org.apache.nifi	nifi-enrich-processors	1.15.3		4e36dcad41582930757b1449299fc55c09d5b092
org.apache.nifi	nifi-enrich-processors	1.16.0		ad336baa624c375b1f0e7271e0a7d2a44f726d50
org.apache.nifi	nifi-enrich-processors	1.16.1		f482a2aa4fa24c8dd8cc0166fa58a6b74e634e21
org.apache.nifi	nifi-enrich-processors	1.16.2		af1352515809a5b02831b4d1ebc15a9601a56638
org.apache.nifi	nifi-enrich-processors	1.16.3		e7b17df24e2dbe86583a5ff7170580cd231ed02c
org.apache.nifi	nifi-enrich-processors	1.17.0		7b756945225d042146c5f1b366628eefab3e8a34
org.apache.nifi	nifi-enrich-processors	1.18.0		e08f9bc52aadbf91d1f3a67c6882781d2f0d9f92
org.apache.nifi	nifi-enrich-processors	1.19.0		a1da64f0f631a2b61e2dc1825d0557edf5f21ae0
org.apache.nifi	nifi-enrich-processors	1.19.1		d99f71b75be00ee08a483bfbca345e5158bff2f9
org.apache.nifi	nifi-enrich-processors	1.2.0		eed0d40649fb8211ce46467a6fa61612edcd2327
org.apache.nifi	nifi-enrich-processors	1.20.0		69cd26fcfed87b7d2c4a338c99b181758d15cc12
org.apache.nifi	nifi-enrich-processors	1.21.0		419eeac648557246bbeec83cbef87dd4b406b926
org.apache.nifi	nifi-enrich-processors	1.22.0		a8ac21e53d6f98b1a84342e1d46d3b228a6be933
org.apache.nifi	nifi-enrich-processors	1.23.0		f7f49f9a5eb7688a6bef77c9b78e1cfc048b9163
org.apache.nifi	nifi-enrich-processors	1.23.1		f75c8588cda0d3f7f75d5ce1d9c3a3b17b8033c2
org.apache.nifi	nifi-enrich-processors	1.23.2		dba3352977ca068f33d4518be309eaa5f9424619
org.apache.nifi	nifi-enrich-processors	1.24.0		af857005c8dc94389b75c98ef5be6f6cb963a462
org.apache.nifi	nifi-enrich-processors	1.25.0		e70865b20173209a4723dd225d06016c3cb3317a
org.apache.nifi	nifi-enrich-processors	1.26.0		57283aa12a6ddefa85e4b927e5a436c24f97802b
org.apache.nifi	nifi-enrich-processors	1.27.0		5c7ac9d4791e4b9d360a9ed96056b22793f1c1e0
org.apache.nifi	nifi-enrich-processors	1.28.0		70b611b75ecac0ea88c928a07e46ad7e86e1c94e
org.apache.nifi	nifi-enrich-processors	1.28.1		8ca680c31b1fa987aa0d2caa9364ddda802343b1
org.apache.nifi	nifi-enrich-processors	1.3.0		450987eee167068eaf37b7ec29c9ed28bdc7cb03
org.apache.nifi	nifi-enrich-processors	1.4.0		2634a426e4bd7ed8f11ceee9579a2a6ff18393a3
org.apache.nifi	nifi-enrich-processors	1.5.0		b175502595f9db6ead242ff8b0da4c5414f393b9
org.apache.nifi	nifi-enrich-processors	1.6.0		b2a1545fca46f5da796ff134a7d1489f352908bf
org.apache.nifi	nifi-enrich-processors	1.7.0		cd3b4e394a5cad03254436dbfa3c119ee291dde7
org.apache.nifi	nifi-enrich-processors	1.7.1		3930dc7bb09324bbf780beee00b186d5d8ff8256
org.apache.nifi	nifi-enrich-processors	1.8.0		baf2267542d0a7872ea0d0d84af3d67a47b20649
org.apache.nifi	nifi-enrich-processors	1.9.0		6dcefe8db6f6ebcf255706b7e57d494bc51f1e62
org.apache.nifi	nifi-enrich-processors	1.9.1		12dc29d3125cfc1e89b985e091f7f7a635bb0805
org.apache.nifi	nifi-enrich-processors	1.9.2		6d96326841207b7ad1f4dc75c29a7fda387ff3d6
org.apache.nifi	nifi-enrich-processors	2.0.0		adf1c68afd427cc4d9b6fbd14bfedd749f6b6c16
org.apache.nifi	nifi-enrich-processors	2.0.0-M1		e09c2f46fd4ad4f51533b259e412828aea6d7fb3
org.apache.nifi	nifi-enrich-processors	2.0.0-M2		3a77c0c26feb0a794a707c9228b8242a377d2724
org.apache.nifi	nifi-enrich-processors	2.0.0-M3		67638123dc5e7d5394b41e5a24567dca92eea560
org.apache.nifi	nifi-enrich-processors	2.0.0-M4		2564720f7d87db0bed9d318269416765d9520ccb
org.apache.nifi	nifi-enrich-processors	2.1.0		506b4fd3fdbd3dba1649bd35315734393d89545e
org.apache.nifi	nifi-enrich-processors	2.2.0		24f0509597ca6d2d9c5d6f63e8348876293c26f5
org.apache.nifi	nifi-enrich-processors	2.3.0		297e433eb6bebc67f5f3b53a93617d1686539730
org.apache.nifi	nifi-enrich-processors	2.4.0		5efb096c848dc6818b716e1369dfce896c14a5e9
org.apache.openejb.patch	xbean-finder-shaded	3.10		58a0b5e148d9de09cd032af91ef90f8cda191ae9
org.apache.seatunnel	connector-paimon-e2e	2.3.10		53e17887ea7472d6e973ae56014c5f62d54e66b9
org.apache.seatunnel	connector-paimon-e2e	2.3.2		9d3c0c978a7d2403ba400aea1db3df07ee7e126b
org.apache.seatunnel	connector-paimon-e2e	2.3.3		c1f9ac7a0e73c6b1e2107d83533192f7dc0dd66a
org.apache.seatunnel	connector-paimon-e2e	2.3.4		6879593a534500c251f7fa37ba4eb5f594c601fa
org.apache.seatunnel	connector-paimon-e2e	2.3.5		d4de28d744c4b411d51961526d31f5b9ffa088d9
org.apache.seatunnel	connector-paimon-e2e	2.3.6		f97fdd795a90ee8d00d38a4fdf087ee42594dce5
org.apache.seatunnel	connector-paimon-e2e	2.3.7		91ad80373cd5d622a35ad25e31ed440ac43e7771
org.apache.seatunnel	connector-paimon-e2e	2.3.8		38406acf3991823cb87cd881ac2d84d11c4edb52
org.apache.seatunnel	connector-paimon-e2e	2.3.9		bf7d69c0f29705a58ee273eb642ce6c348276e44
org.apache.servicemix.examples.bridge-camel	bridge-camel-client	4.2.0		ae16d75919e5af43050a210f10de6b55e61d1df5
org.apache.servicemix.examples.bridge-camel	bridge-camel-client	4.3.0		02b5091882bce1b17a0c6129701ad612d6e45f96
org.apache.servicemix.examples.bridge-camel	bridge-camel-client	4.4.0		8b97832081e58c71851563b6033e37ea4c3b16b6
org.apache.servicemix.examples.bridge-camel	bridge-camel-client	4.4.1		fcf33df6636820d08f6fcfb99d1efde4298310f9
org.apache.servicemix.examples.bridge-camel	bridge-camel-client	4.4.2		426492ba76532ef3aea7fd803909c41abd05a7f3
org.apache.servicemix.examples.bridge-camel	bridge-camel-client	4.5.0		0fe98f8787302b5a0c4fed97f63aeafde1397ff7
org.apache.servicemix.examples.bridge-camel	bridge-camel-client	4.5.1		a82ee1ff81caabae6e087aa0f07a867469d2c4e1
org.apache.servicemix.examples.bridge-camel	bridge-camel-client	4.5.2		c6d25f4c86787dc5657278c438584e5aeca23300
org.apache.servicemix.examples.bridge-camel	bridge-camel-client	4.5.3		400a5b23470ec1ff385b977ca03458362c7dcc4d
org.brightify.hyperdrive	multiplatformx-plugin	0.1.100		5c47aec010a43a1f1c2d3b4503320b03ba277b9a
org.brightify.hyperdrive	multiplatformx-plugin	0.1.101		f53ea32854b7d20632caad741a6678b2f029db4c
org.brightify.hyperdrive	multiplatformx-plugin	0.1.102		a456f7134f0d507142a9e9529d563ce80be8dda9
org.brightify.hyperdrive	multiplatformx-plugin	0.1.103		1b6ace298640eab69d83c35d671bc184c1277ed0
org.brightify.hyperdrive	multiplatformx-plugin	0.1.104		20a4b14dc992e6e635ce65076425799b7a4aeca1
org.brightify.hyperdrive	multiplatformx-plugin	0.1.105		a4199c940511284187eb712973de4ccc77034bf2
org.brightify.hyperdrive	multiplatformx-plugin	0.1.106		44232f52d6b571e810f421f3610c53a4925d9bb7
org.brightify.hyperdrive	multiplatformx-plugin	0.1.107		261b29f64ca66999d3b66f04a52079824ca50ff3
org.brightify.hyperdrive	multiplatformx-plugin	0.1.108		7282a71eb50f87cbae9fbb11f6022deaaed9abf1
org.brightify.hyperdrive	multiplatformx-plugin	0.1.109		29cf77b8e2162c617bd32775acad415aa14c3859
org.brightify.hyperdrive	multiplatformx-plugin	0.1.110		b5ac92ca291981b4d49b137d46d721c75ee72735
org.brightify.hyperdrive	multiplatformx-plugin	0.1.111		183e4520e2ebabb1858539dce44157a186613778
org.brightify.hyperdrive	multiplatformx-plugin	0.1.112		1e3df4db930d873ec000b5f557fcf6e289ae85a2
org.brightify.hyperdrive	multiplatformx-plugin	0.1.113		e05f75eaa79c525377a4779a2daccba420b5b25b
org.brightify.hyperdrive	multiplatformx-plugin	0.1.114		475429c6712fdc1be47749610a7a729de70f10ce
org.brightify.hyperdrive	multiplatformx-plugin	0.1.115		79ef02ac33c75f016238f5390905f3fea43d2fdb
org.brightify.hyperdrive	multiplatformx-plugin	0.1.116		b155347bca2d1e94fd278f101856297155437ff7
org.brightify.hyperdrive	multiplatformx-plugin	0.1.117		264b3dbdebdf6280903ad0bf3ad24a015a357b85
org.brightify.hyperdrive	multiplatformx-plugin	0.1.118		2676925e9d5dce24a9db4f9fa3e8fa22a26710a3
org.brightify.hyperdrive	multiplatformx-plugin	0.1.119		a4ab05d68abbfdb662cd2d35a7937d07c09a6970
org.brightify.hyperdrive	multiplatformx-plugin	0.1.120		6c418b3e7b62231078ace4d009356a98b672f902
org.brightify.hyperdrive	multiplatformx-plugin	0.1.121		6931f49cc366e86d2f1027dcaea6f56b31710f99
org.brightify.hyperdrive	multiplatformx-plugin	0.1.122		0d96c03b8869965d896efdcd79877ec9c39ad9e4
org.brightify.hyperdrive	multiplatformx-plugin	0.1.123		5e895337f841aa5d1d68665fe0e77ea0c51d157b
org.brightify.hyperdrive	multiplatformx-plugin	0.1.124		3ce37ad61d00f01baa7a4369bc8cb4599702caea
org.brightify.hyperdrive	multiplatformx-plugin	0.1.125		b54ec6e305e3000d6e9d8a632659a3f9e57e8d5f
org.brightify.hyperdrive	multiplatformx-plugin	0.1.126		a08dd71a9e5f92a6e7db3d9e344c8ec34748b2df
org.brightify.hyperdrive	multiplatformx-plugin	0.1.127		662bf45e6d693cdf706d43451d95a080d5e69412
org.brightify.hyperdrive	multiplatformx-plugin	0.1.128		ab3feec6e4f0ddd8702da1fc1264637adf36eba8
org.brightify.hyperdrive	multiplatformx-plugin	0.1.129		0a8b39775a880995466816130469be3491022749
org.brightify.hyperdrive	multiplatformx-plugin	0.1.130		86542be4fe4c5da79c478991932459cdb1ca64aa
org.brightify.hyperdrive	multiplatformx-plugin	0.1.131		eaaf35d8d938a60f1e79ad0a7ab8903d94041417
org.brightify.hyperdrive	multiplatformx-plugin	0.1.132		d91725e77b47adf5f50a11f98657db1eac90472e
org.brightify.hyperdrive	multiplatformx-plugin	0.1.133		bac10fba116a74902fd24b2b493ece01108a9d2d
org.brightify.hyperdrive	multiplatformx-plugin	0.1.134		4b442cf577f468515b0f7daeae8d21e1643f63b8
org.brightify.hyperdrive	multiplatformx-plugin	0.1.135		151d2be069a0a357b15cd98a70c0b22a14fc6c40
org.brightify.hyperdrive	multiplatformx-plugin	0.1.136		5a863015e97d484415c7d1e5f183a7fbe1d9bff9
org.brightify.hyperdrive	multiplatformx-plugin	0.1.138		3099c343e4ae0108cedf39573a9fb1fe9483a568
org.brightify.hyperdrive	multiplatformx-plugin	0.1.139		7f14661c0733271e44b47894adf87db266a25f24
org.brightify.hyperdrive	multiplatformx-plugin	0.1.140		c2c327d44f33e3e6beb699dae93bdc813533d3d5
org.brightify.hyperdrive	multiplatformx-plugin	0.1.142		6bed23686750d71b20deaf880ba3902d7c7c76d4
org.brightify.hyperdrive	multiplatformx-plugin	0.1.143		263a357458b15427a1083910fc21ca269ee07ada
org.brightify.hyperdrive	multiplatformx-plugin	0.1.144		36c45182e487a3bbc51154a165863f03752b9d5e
org.brightify.hyperdrive	multiplatformx-plugin	0.1.145		a17af335035442ead9bbc40a61999b1ea96a269a
org.brightify.hyperdrive	multiplatformx-plugin	0.1.146		a9d65f6f1d45380c9d7a45fcacf434c4ac1393da
org.brightify.hyperdrive	multiplatformx-plugin	0.1.147		cde60df00ce437be19b0978550fb53660256e1cd
org.brightify.hyperdrive	multiplatformx-plugin	0.1.148		bd70e138e5bb4d5afe71694d3b1feb5294ea072a
org.brightify.hyperdrive	multiplatformx-plugin	0.1.95		c3033ef94bef27457a2f058768a0df5f47619bc3
org.brightify.hyperdrive	multiplatformx-plugin	0.1.97		1e0977126c0e3d0d4528b685eccc55c4ba7f98bc
org.brightify.hyperdrive	multiplatformx-plugin	0.1.98		fc72c50a634673f54d0be89fcc3285f2a72552b3
org.brightify.hyperdrive	multiplatformx-plugin	0.1.99		b0ca38589c97aa0c8e47e4e7c4a1a291397fcd3b
org.cert.netsa	mothra-tool-filejoiner_2.11	1.5.0		1274ebaa036146d2049fbdf76e88433d321740c6
org.cert.netsa	mothra-tool-filejoiner_2.11	1.5.1		04e22ae99910eec2b78a3837dfb41a0034162b70
org.cert.netsa	mothra-tool-filejoiner_2.11	1.5.2		3d6b2e3a046157a73ca7778211adaefbad54d03c
org.cert.netsa	mothra-tool-filejoiner_2.11	1.5.3		2f89f37cb88ea7b6e46fe0702eff09a6e03160da
org.cert.netsa	mothra-tools_2.12	1.5.0		bbf1348568c54d8bb8fde67ce984ea32d1fd1c37
org.cert.netsa	mothra-tools_2.12	1.5.1		2ea79e129e9a199858e774f0794e64c494104148
org.cert.netsa	mothra-tools_2.12	1.5.2		ee406bdbb3d02a53ba1f716c5712e6244bf91dd6
org.cert.netsa	mothra-tools_2.12	1.5.3		cf8ac3aa50ab5e6e503cd3a87b7eb5e52ec7c896
org.cert.netsa	mothra-tools_2.12	1.6.0		7d388b6014a78217fc9549fd108b94f43f4de4fb
org.cert.netsa	mothra-tools_2.12	1.7.0		a58f41270e213a1a2c39bbbc13d37bd0b195a38b
org.cometd.javascript	cometd-javascript-angular	5.0.21		N/A
org.cometd.javascript	cometd-javascript-angular	6.0.17		N/A
org.cometd.javascript	cometd-javascript-angular	7.0.17		N/A
org.dasein	dasein-cloud-azure	2013.02		3b557e7b85aa40e92561df0096de64622f578bdb
org.dasein	dasein-cloud-azure	2013.02.1		3296ba5506d0d8fd426286eff959892a996285fa
org.dasein	dasein-cloud-azure	2013.02.2		e9b7ecdd50fc998550129f895e262638ed9a1147
org.dasein	dasein-cloud-azure	2013.02.storage		98fa742c42c11539609872b1a11a19f652499e87
org.dasein	dasein-cloud-azure	2013.04.1		75350d22f44b16a70eccb64cd56dd7677a027044
org.dasein	dasein-cloud-azure	2013.07		d78c0599ef92c484aa8f01efba4a2893bd8234bd
org.dasein	dasein-cloud-azure	2013.07.1		ac96faaa31ef5fed15104362e8989aacdea49147
org.dasein	dasein-cloud-azure	2013.07.10		ead36dc1786bd806f2cad07f768b62b7660118eb
org.dasein	dasein-cloud-azure	2013.07.11		358a870c102350dc84117505e276b4a2b7f44c3e
org.dasein	dasein-cloud-azure	2013.07.12		a4be357b69b5c5f5d59e0ba9a6f4fd7d64dbf2ca
org.dasein	dasein-cloud-azure	2013.07.13		a2e35887e3706f6a7cc259729cf7bda1c87eb037
org.dasein	dasein-cloud-azure	2013.07.2		028ffb17a4b8ddaad81bb17358cf1e1a9ac584ac
org.dasein	dasein-cloud-azure	2013.07.3		4925f1a110f7280079528b41a06a5d3a27a2178c
org.dasein	dasein-cloud-azure	2013.07.4		dcf9b7fc8b791b788aac12f9ec8b1ac907556e6a
org.dasein	dasein-cloud-azure	2013.07.5		b08d430fb6d5b4e7dcd3035d7ada27e83613633e
org.dasein	dasein-cloud-azure	2013.07.6		ec44d350c24da20de7953fac96d5aae33bfb3822
org.dasein	dasein-cloud-azure	2013.07.7		82cd3d580c6370031300f890a0b8ec88091e08c1
org.dasein	dasein-cloud-azure	2013.07.8		5630cacf3d720bec8ce021357c2a88f3bbc06849
org.dasein	dasein-cloud-azure	2013.07.9		e85f6e941ac48fc5e6368cac350b3f8d1e42a490
org.dasein	dasein-cloud-azure	2014.03.1		dec7b48f077e94009057a28d1e1fbf2efa928c6d
org.dasein	dasein-cloud-azure	2014.05.1		c7fdb65ea573e1aa3c2d4cf022f9aa707d933935
org.dasein	dasein-cloud-azure	2014.05.10		6a2cdc86e42a337b4744f2f2ec227a32d4e6a7f6
org.dasein	dasein-cloud-azure	2014.05.2		cf4055f5f91111e485b12556a5ae0d39caa7e119
org.dasein	dasein-cloud-azure	2014.05.3		0ca4bab6adf4ddfcc1bed909439e9897e0cce5d4
org.dasein	dasein-cloud-azure	2014.05.4		c4d0ea2dd528ea041213b2bdd283ee9e198315d1
org.dasein	dasein-cloud-azure	2014.05.5		88cc7f1ee53202b6690368e9e1801e19306612e5
org.dasein	dasein-cloud-azure	2014.05.6		a427c0be59225d12c91449d0fc849e988d45d3c9
org.dasein	dasein-cloud-azure	2014.05.7		e176737342453488129a60d0bd9dd2499102ea8c
org.dasein	dasein-cloud-azure	2014.05.8		77e6bdbbbe5da1660526ac4d343de30ede99e651
org.dasein	dasein-cloud-azure	2014.05.9		8cf1934a518e646c7a52be70c3a54c1c33c0a7c4
org.dasein	dasein-cloud-azure	2014.08.1		e5754729d0f3f6177d5fb8dcd940b61748cf8337
org.dasein	dasein-cloud-azure	2014.11.1		4d2d90557d502b869bbbfa77616e3dbb7f3bae69
org.dasein	dasein-cloud-azure	2014.11.10		b0730d49466ff3bed2d43e9fee103105d55618fc
org.dasein	dasein-cloud-azure	2014.11.11		1fcf58358711b545c7ea1265cc9939c74ebf6274
org.dasein	dasein-cloud-azure	2014.11.12		b50e5c55af40bf2e83da93d77f60e4fa3b54449d
org.dasein	dasein-cloud-azure	2014.11.13		42b9c0f1f81e22d468d6088c6beb92be6dd51327
org.dasein	dasein-cloud-azure	2014.11.14		91bfff330b3c119a97ca35d97737da89ead099d8
org.dasein	dasein-cloud-azure	2014.11.15		c2484a89219bbe516ae9a5234a3cbd8c318487e6
org.dasein	dasein-cloud-azure	2014.11.16		95fb0c056f3fb5df8e62a6d8adb3ab81a219af37
org.dasein	dasein-cloud-azure	2014.11.17		0af8fc9c7a9ca29d1250839dead6b7ed796cbf43
org.dasein	dasein-cloud-azure	2014.11.18		4f8da6f14d649f61b04f1529bb58e27cc154dd9d
org.dasein	dasein-cloud-azure	2014.11.19		231403d1803a41f415e77461bfedb99210142347
org.dasein	dasein-cloud-azure	2014.11.2		3ac6d4ff06fc4cc17feb3c865662858738b4f536
org.dasein	dasein-cloud-azure	2014.11.20		ba5f18d5b56041fbc9f5a9645f6c8fbe160cb600
org.dasein	dasein-cloud-azure	2014.11.3		0288c0dcce059078ce762bcd9ac0521bbfbcbce6
org.dasein	dasein-cloud-azure	2014.11.4		421082630b5db428140fe2708f06697eea701b7a
org.dasein	dasein-cloud-azure	2014.11.5		738686cc2c9455a64328ead30c8acf5d6374a7bd
org.dasein	dasein-cloud-azure	2014.11.6		e30af59b0ac00d34d1a9906fc8dbf4cf3fc9d28e
org.dasein	dasein-cloud-azure	2014.11.7		ab9b6ab7149eeb8cb4d0c9825bf76cd435de255e
org.dasein	dasein-cloud-azure	2014.11.8		d89dd2c5f83e45c483b54b5f098329115ce0ea1c
org.dasein	dasein-cloud-azure	2014.11.9		43f61909c28d0ec50e32e6f3ac55535b1a00775c
org.dasein	dasein-cloud-azure	2015.03.1		5209a8daf3d259174ff21ece40cdf1c53eaca711
org.dasein	dasein-cloud-azure	2015.03.10		11ad9c623affbd11eedee3eac2eb40de7297e367
org.dasein	dasein-cloud-azure	2015.03.11		ef7c965068b72f9ac9131e64aa465d49b14ce978
org.dasein	dasein-cloud-azure	2015.03.2		ad179b6e6363fb6510837ed52ebdd421de18fbe6
org.dasein	dasein-cloud-azure	2015.03.3		de2dee70f224efa70033b8d56e05fec4554850b7
org.dasein	dasein-cloud-azure	2015.03.4		ab49af0ac9e719e2f1e19c57500f81356f753715
org.dasein	dasein-cloud-azure	2015.03.5		d777dd222b4cf99871b6a762f239bf32a7ad9949
org.dasein	dasein-cloud-azure	2015.03.6		cd996ed426eb3b66255efea78b58f0ea0d62df4c
org.dasein	dasein-cloud-azure	2015.03.7		294952dfa8bbe790dd054f0faaa887b1c98516bb
org.dasein	dasein-cloud-azure	2015.03.8		cad6245b5ff246a0bf775ed9fed8a3999f008061
org.dasein	dasein-cloud-azure	2015.03.9		4431a8fbf997f2f3b4770493065ff318e74315fe
org.dasein	dasein-cloud-azure	2015.06.1		a60a5bdc8dc2e085681ecd3346ed4664cdda790d
org.dasein	dasein-cloud-azure	2015.06.10		b89829368c0bb1b35a03b57acd249a7223263e79
org.dasein	dasein-cloud-azure	2015.06.11		61e9f174cec23ed0b337f07cf3ce4cb9c9e22702
org.dasein	dasein-cloud-azure	2015.06.12		4f0271a2bfc4717dc775a5ec9ca5148ffa9c025a
org.dasein	dasein-cloud-azure	2015.06.13		6ba494490a9bc9ccea2ab1f18187376fe30bbbe1
org.dasein	dasein-cloud-azure	2015.06.14		eee7e747073e5d07fee5d9aa7a920dc880cd30d3
org.dasein	dasein-cloud-azure	2015.06.15		1932297380d243869bd28352acd06388001cf1e9
org.dasein	dasein-cloud-azure	2015.06.2		6c8196ae89a01a01d69598f9508082af5aa5a08b
org.dasein	dasein-cloud-azure	2015.06.3		c59bd43e91f797ce0aa4221b3d7f641619ea67ed
org.dasein	dasein-cloud-azure	2015.06.4		6ea4749ee937052ebf73a25f03bd2b8133f7ca0d
org.dasein	dasein-cloud-azure	2015.06.5		545bc3816d2ac955142d82fd8ac7608a67289562
org.dasein	dasein-cloud-azure	2015.06.6		ac183cec31ff5f8388b51abb6f1b1cbc77dd32dd
org.dasein	dasein-cloud-azure	2015.06.7		a1d482aaa7a2f6dccc2f0f7e60c48523df087d48
org.dasein	dasein-cloud-azure	2015.06.8		aaff89bc7cd59fbcac8f98fa61782c71424cf132
org.dasein	dasein-cloud-azure	2015.06.9		74dac17bb0cb443823f638f6f34ab38808090129
org.dasein	dasein-cloud-azure	2015.10.1		a0458d2306e869036a41ebd28217d906e0adb84d
org.dasein	dasein-cloud-azure	2015.10.2		0cbe62b1383899dffa05edc962abfbc3cfd8f34d
org.dasein	dasein-cloud-azure	2015.10.3		df72753f238623f6f51072de934dbe1a2684e742
org.dasein	dasein-cloud-azure	2015.10.4		c095aef7f309b9473eee18bff397c647f7c0802b
org.dasein	dasein-cloud-azure	2015.10.5		743a1b17279967e7d31363e7b0bb2744214e801b
org.dasein	dasein-cloud-azure	2015.10.6		2ec0bdb687387f09464633599c89f6b49a254bc5
org.eclipse.jetty.aggregate	jetty-servlet	7.0.0.M3		82916f82210b66eedb580c1f34cb471f4580df91
org.eclipse.jetty.aggregate	jetty-servlet	7.0.0.M4		6e7e283f0398082bc0732d0177523b0de6bccf5f
org.eclipse.jetty.aggregate	jetty-servlet	7.0.0.RC0		0a529d5c3e316ae4302b8005b8fd2a485557f7a8
org.eclipse.jetty.aggregate	jetty-servlet	7.0.0.RC1		73c576a6d73a65b92994d3447cbdfe2c2d121d30
org.eclipse.jetty.aggregate	jetty-servlet	7.0.0.RC2		904330ec4a8cea42c905ddf51c14193bd0eb8989
org.eclipse.jetty.aggregate	jetty-servlet	7.0.0.RC3		499f2f3f4b51d5cd40272116864ebec0dc78a0a6
org.eclipse.jetty.aggregate	jetty-servlet	7.0.0.RC4		1d161554fa875e3c56f38ae8144b4baaa173d33a
org.eclipse.jetty.aggregate	jetty-servlet	7.0.0.RC5		8a9412be5a80cb6e0990aff6cda092af646d4ba9
org.eclipse.jetty.aggregate	jetty-servlet	7.0.0.RC6		d6ee12355903524a05c5eb7029fb1b1f0ff6a2cb
org.eclipse.jetty.aggregate	jetty-servlet	7.0.0.v20091005		ca3e81c6f3268b527e5bcebd76e23633a6a597f5
org.eclipse.jetty.aggregate	jetty-servlet	7.0.1.v20091125		eeb1a007d5f622375a5e4d50cb2668a8a6937b3d
org.eclipse.jetty.aggregate	jetty-servlet	7.0.2.RC0		7b74a1d461fa66265f99b7fee878b1ea99900b2a
org.eclipse.jetty.aggregate	jetty-servlet	7.0.2.v20100331		00e4b7f97fb0063c96b8c6a4f41830b12d8cb854
org.eclipse.jetty.aggregate	jetty-servlet	7.1.0.RC0		b080da5fb34d1bb2723d097dea22e43a4e512d55
org.eclipse.jetty.aggregate	jetty-servlet	7.1.0.RC1		97243dd85d7b16e923c17f83f5608ffde34f822c
org.eclipse.jetty.aggregate	jetty-servlet	7.1.0.v20100505		aeb8b617f21b1f9e9ef421ad4a94c614d08485b8
org.eclipse.jetty.aggregate	jetty-servlet	7.1.1.v20100517		a474cc3d35e9679bca4150f9fb7cad078453efe0
org.eclipse.jetty.aggregate	jetty-servlet	7.1.2.v20100523		c8e1f39449ade2aef369411d3f8764f6fbe53928
org.eclipse.jetty.aggregate	jetty-servlet	7.1.3.v20100526		4723a7484f322590ae3b26e44f19227a3b5538aa
org.eclipse.jetty.aggregate	jetty-servlet	7.1.4.v20100610		953055edf0bfc3a66d49abdd249f8fb70b208369
org.eclipse.jetty.aggregate	jetty-servlet	7.1.5.v20100705		efbfed5529ae58ca02a80b0ef8d2b480f53b3a28
org.eclipse.jetty.aggregate	jetty-servlet	7.1.6.v20100715		f0d67b9dd9ea753ce555a5746610e2471999e736
org.eclipse.jetty.aggregate	jetty-servlet	7.2.0.RC0		f66d151889ca06a460b2c78abcefa9e9f15c3e0c
org.eclipse.jetty.aggregate	jetty-servlet	7.2.0.v20101020		ba70570ab3860a657ccc4d0433f2e5f2b4408858
org.eclipse.jetty.aggregate	jetty-servlet	7.2.1.v20101111		d1a5b1c7883f37857cf1c4f261723dfd0ff05a8c
org.eclipse.jetty.aggregate	jetty-servlet	7.2.2.v20101205		32360b1b800fcf161b3b64777331a5f05e2ebaf0
org.eclipse.jetty.aggregate	jetty-servlet	7.3.0.v20110203		2745ac0485e88aca57e2e4699df7ab2924485179
org.eclipse.jetty.aggregate	jetty-servlet	7.3.1.v20110307		73d86295a3d6c2c3c258b131bb512e26e462d8a7
org.eclipse.jetty.aggregate	jetty-servlet	7.4.0.RC0		bd0544ff195549934a1dfe1ad22a68176dc192ca
org.eclipse.jetty.aggregate	jetty-servlet	7.4.0.v20110414		b5bb1311c6b6724106eebe4acbb6299ed6e658ac
org.eclipse.jetty.aggregate	jetty-servlet	7.4.1.v20110513		9003e14c403abf0a725f2003e094b037f636bc2b
org.eclipse.jetty.aggregate	jetty-servlet	7.4.2.v20110526		a7fa7c74e3b2792ee2680145db9c7d7c29ade520
org.eclipse.jetty.aggregate	jetty-servlet	7.4.3.v20110701		86138bb1d39f052c4f509f3a50b56bbaef77dc78
org.eclipse.jetty.aggregate	jetty-servlet	7.4.4.v20110707		5c036332fb6ddc0578d64a9fa556db60e4c1e134
org.eclipse.jetty.aggregate	jetty-servlet	7.4.5.v20110725		2e9d3a8c31e9ba75f44cef7e58b46b01dea75026
org.eclipse.jetty.aggregate	jetty-servlet	7.5.0.RC0		a6f3244a5042602173d8e672464dd41ff486c32d
org.eclipse.jetty.aggregate	jetty-servlet	7.5.0.RC1		20c6a41096af39a76b3a1329ccd529aa952d4523
org.eclipse.jetty.aggregate	jetty-servlet	7.5.0.RC2		3b6267dd719cc5acf70c17d5e4fab4b5d99726b1
org.eclipse.jetty.aggregate	jetty-servlet	7.5.0.v20110901		a12edc15e814e59b3b07d18fdbdf63ccaee6f2bb
org.eclipse.jetty.aggregate	jetty-servlet	7.5.1.v20110908		2f2230658b1a988b8739d5af0fcab417696b09e8
org.eclipse.jetty.aggregate	jetty-servlet	7.5.2.v20111006		8c6ee9631be8071a590b022285df6ccddc66407e
org.eclipse.jetty.aggregate	jetty-servlet	7.5.3.v20111011		17c39e69de3f3beebfc10b4f1ce61387156bb056
org.eclipse.jetty.aggregate	jetty-servlet	7.5.4.v20111024		cb42f5c457e16cb79f2abec9c5592fce2ac4d06c
org.eclipse.jetty.aggregate	jetty-servlet	7.6.0.RC0		45cd708afb4fcb68e2e96266546df28e0249bdb2
org.eclipse.jetty.aggregate	jetty-servlet	7.6.0.RC1		d2bb1faf2b1fc4f1d23376aa7574c817ef1333c1
org.eclipse.jetty.aggregate	jetty-servlet	7.6.0.RC2		9e4f107efcc461d2e13d95a2bfa959ffad75911a
org.eclipse.jetty.aggregate	jetty-servlet	7.6.0.RC3		3a5920e2c4215194dd5c4a73ebebc25f5530ed1b
org.eclipse.jetty.aggregate	jetty-servlet	7.6.0.RC4		8650cce09b5e90cc6ebb8b6df1633cdc53f95116
org.eclipse.jetty.aggregate	jetty-servlet	7.6.0.RC5		abb8256805e27c74ca05dfd4f852101c4ec4145b
org.eclipse.jetty.aggregate	jetty-servlet	7.6.0.v20120127		bf66e3106cf8ce01527fb095239b73efdb148337
org.eclipse.jetty.aggregate	jetty-servlet	7.6.1.v20120215		35557312a5b1ade1bf6c6f2c6011aaff20f337f9
org.eclipse.jetty.aggregate	jetty-servlet	7.6.10.v20130312		c93b406c5f2687a41c04e1c0a1d4c5bf86a4411b
org.eclipse.jetty.aggregate	jetty-servlet	7.6.11.v20130520		69efab0067139f3057299ef183372dbd2853618b
org.eclipse.jetty.aggregate	jetty-servlet	7.6.12.v20130726		7ae199325482840c259ee49c055226c412196d3e
org.eclipse.jetty.aggregate	jetty-servlet	7.6.13.v20130916		0d83aa99e646c8b24801ee37325706c8ecc92ccc
org.eclipse.jetty.aggregate	jetty-servlet	7.6.14.v20131031		db3c329a971e2f36c4c3e86750573fcf6c358f82
org.eclipse.jetty.aggregate	jetty-servlet	7.6.15.v20140411		2e4ffa8511d8ea3a03f8d7ee1792f9f609c05cef
org.eclipse.jetty.aggregate	jetty-servlet	7.6.16.v20140903		3ab53d9c0412dcafcc3794c86355fd403605a612
org.eclipse.jetty.aggregate	jetty-servlet	7.6.17.v20150415		44a009326527a2a51c408d2c7249b74197e1caf5
org.eclipse.jetty.aggregate	jetty-servlet	7.6.18.v20150929		e0bb48bb9203b866f835a20908230454b2918398
org.eclipse.jetty.aggregate	jetty-servlet	7.6.19.v20160209		c5f2c6e794a009a27a9f7ae2000ad5d0fe018af8
org.eclipse.jetty.aggregate	jetty-servlet	7.6.2.v20120308		086c5a362fb2ac98c9d04120f8302358dffbb8a7
org.eclipse.jetty.aggregate	jetty-servlet	7.6.20.v20160902		1a534a66b1dcfbabba8102da22919ec6f151a89d
org.eclipse.jetty.aggregate	jetty-servlet	7.6.21.v20160908		45249fcd1792e8b4c2442e32f63874b84ece1892
org.eclipse.jetty.aggregate	jetty-servlet	7.6.3.v20120416		e441abda986a923c47d858c9982695487d071b0b
org.eclipse.jetty.aggregate	jetty-servlet	7.6.4.v20120524		91b1c57568e8f6b0876013034bdb1f2e3bcdf79d
org.eclipse.jetty.aggregate	jetty-servlet	7.6.5.v20120716		b831c568f55112c101a5fdbf4d4b46cd288f043e
org.eclipse.jetty.aggregate	jetty-servlet	7.6.6.v20120903		ba2671a0c5ac82fcc635b5efa924b8608a00dd9b
org.eclipse.jetty.aggregate	jetty-servlet	7.6.7.v20120910		1b440a608ea21c4f64057a7d6cefa86cd444d563
org.eclipse.jetty.aggregate	jetty-servlet	7.6.8.v20121106		558bf75e64824b8e0474042cb177f92fa6ebfde5
org.eclipse.jetty.aggregate	jetty-servlet	7.6.9.v20130131		adf765d83c5346d2e28d85fdaa9d3ea4c91ca7fb
org.eclipse.jetty.aggregate	jetty-servlet	8.0.0.M0		ab09a70b2d2349e2214248043ee62a850b46f797
org.eclipse.jetty.aggregate	jetty-servlet	8.0.0.M1		05e5700fb17fe4a86ff6923087ac08a805401c71
org.eclipse.jetty.aggregate	jetty-servlet	8.0.0.M2		a407016ac4296ac0a3e3bbaeb061d1a0e37c19b0
org.eclipse.jetty.aggregate	jetty-servlet	8.0.0.M3		7e9a84e6be9c65fb9bde01f3f6bd83beaade6a94
org.eclipse.jetty.aggregate	jetty-servlet	8.0.0.RC0		c1a3b432e519e2709766f5f228f1210be68cf0fe
org.eclipse.jetty.aggregate	jetty-servlet	8.0.0.v20110901		8ef4e6d2ecf7f03f1879143b01bf7f49eda54e69
org.eclipse.jetty.aggregate	jetty-servlet	8.0.1.v20110908		b828c8e9708fb31d0797b4736c867a56d9b1cd2c
org.eclipse.jetty.aggregate	jetty-servlet	8.0.2.v20111006		9a20c664854771d4c6ca0254c2d1ab33414b05c8
org.eclipse.jetty.aggregate	jetty-servlet	8.0.3.v20111011		cc3f250724679a5d12976db3b449cbf074d2976b
org.eclipse.jetty.aggregate	jetty-servlet	8.0.4.v20111024		720f6d610cb360d4b548917360c842ba0c3af229
org.eclipse.jetty.aggregate	jetty-servlet	8.1.0.RC0		94b5ae1ce94f99d8de21e58ba76c7bc9470e2560
org.eclipse.jetty.aggregate	jetty-servlet	8.1.0.RC1		370a160d8996cb68fd56cad67cb6bda0b8aff780
org.eclipse.jetty.aggregate	jetty-servlet	8.1.0.RC2		3cdcb0255db538fe2438e6c8083006134fd3aea8
org.eclipse.jetty.aggregate	jetty-servlet	8.1.0.RC4		f6f516b365e2ab4e5771abd61656b6631c598fd2
org.eclipse.jetty.aggregate	jetty-servlet	8.1.0.RC5		e1750f850834cb92d2fa330754fee9975bf7cce6
org.eclipse.jetty.aggregate	jetty-servlet	8.1.0.v20120127		d79486ff765373d7a7c54d9adfcbe1f5c8a95737
org.eclipse.jetty.aggregate	jetty-servlet	8.1.1.v20120215		cd9f627cd71e10ade0b050f81c6a1ab16818c92d
org.eclipse.jetty.aggregate	jetty-servlet	8.1.10.v20130312		ec6d9a9e25fee883291d29d24a0a2169e869921c
org.eclipse.jetty.aggregate	jetty-servlet	8.1.11.v20130520		a99f0a1ee0eb20dbb494f646ba2e0f93f6ef63df
org.eclipse.jetty.aggregate	jetty-servlet	8.1.12.v20130726		4d0f0cb6e5a54de01be46717a7ab48d0b45dcadd
org.eclipse.jetty.aggregate	jetty-servlet	8.1.13.v20130916		b338477c866cdc0a82feeda77bcbded856505846
org.eclipse.jetty.aggregate	jetty-servlet	8.1.14.v20131031		a7d4a1048ae02389b18b4c7463a3f3efdf43af7b
org.eclipse.jetty.aggregate	jetty-servlet	8.1.15.v20140411		a0eae566b1e6eb05cbd6a2175dc4d206cf67bab9
org.eclipse.jetty.aggregate	jetty-servlet	8.1.16.v20140903		cc9cbcaafcb34a9e534ce666f33ff37eb18f7e93
org.eclipse.jetty.aggregate	jetty-servlet	8.1.17.v20150415		a59a851ba5830a1d312582be4c3feafb6d287b79
org.eclipse.jetty.aggregate	jetty-servlet	8.1.18.v20150929		23fd7ce20b50b005cec5963b389f71e627c07112
org.eclipse.jetty.aggregate	jetty-servlet	8.1.19.v20160209		0171d9395af6ecf3868947f8cc9c06dd912985fb
org.eclipse.jetty.aggregate	jetty-servlet	8.1.2.v20120308		0987693d96d37aeeeb04e36557b5a8c2742efaea
org.eclipse.jetty.aggregate	jetty-servlet	8.1.20.v20160902		3442caf3f9293374713030d1b06652d476b64396
org.eclipse.jetty.aggregate	jetty-servlet	8.1.21.v20160908		20a5f32e646e3cfb4b5028bc986a0177aca0bb01
org.eclipse.jetty.aggregate	jetty-servlet	8.1.22.v20160922		5cf54775d893ea15d34c80888a9217a0fd93fb75
org.eclipse.jetty.aggregate	jetty-servlet	8.1.3.v20120416		9d6acc7ec31157ea883a09f226f65b0fea21192e
org.eclipse.jetty.aggregate	jetty-servlet	8.1.4.v20120524		8e44b5485a12e5daa11c9337ad9feea0cfa0cc74
org.eclipse.jetty.aggregate	jetty-servlet	8.1.5.v20120716		2e2c8068f97b467e7bae798bbf030eb501beb0cb
org.eclipse.jetty.aggregate	jetty-servlet	8.1.6.v20120903		6d31160197d681b378591521e487a27474c1eb9c
org.eclipse.jetty.aggregate	jetty-servlet	8.1.7.v20120910		30cde44d3d58f4b04957b5f89997870e35b51cef
org.eclipse.jetty.aggregate	jetty-servlet	8.1.8.v20121106		46dbdbf0d92355c9afb49517f553ad43672e7f65
org.eclipse.jetty.aggregate	jetty-servlet	8.1.9.v20130131		330afd7769685ae3287372e8c36defd856f30e06
org.eclipse.jetty.aggregate	jetty-servlet	8.2.0.v20160908		8297b88c336f26ef99f5164544daa8d50203f155
org.eclipse.milo	milo-dtd-manager	1.0.0-M1		7d3fca0787b01879ce1e9ccdc073c20917f38f42
org.eclipse.platform	org.eclipse.equinox.p2.artifact.repository	1.1.500		4461cecf8cb04815fe9d6a2c5a0b9bc4b51ad79d
org.eclipse.platform	org.eclipse.equinox.p2.artifact.repository	1.1.600		2e66eec3876fe7f0a7287c2ceec7a881cf88696b
org.eclipse.platform	org.eclipse.equinox.p2.artifact.repository	1.1.650		4d88b29ea8c92095b658222be9c387628eec7299
org.eclipse.platform	org.eclipse.equinox.p2.artifact.repository	1.2.0		7a697d60ce0031f6f36164441be0005f842d88bf
org.eclipse.platform	org.eclipse.equinox.p2.artifact.repository	1.2.100		aa4fcbbd5fdc6682ca792d6ed26ed7de0442de95
org.eclipse.platform	org.eclipse.equinox.p2.artifact.repository	1.2.200		b34d4ace417f51cf17e89078d0acf9ecf1cf7211
org.eclipse.platform	org.eclipse.equinox.p2.artifact.repository	1.3.0		34d16446ef23b60ab620749b39488fcb87fa563d
org.eclipse.platform	org.eclipse.equinox.p2.artifact.repository	1.3.100		24643a6a5c1176bdaeea1b8b685f13e3d4ee32bc
org.eclipse.platform	org.eclipse.equinox.p2.artifact.repository	1.3.200		a618abd15cd4cc03d7b0c7562c0984b70c37e5a7
org.eclipse.platform	org.eclipse.equinox.p2.artifact.repository	1.3.300		acd961da3d24ed8cb806a86a08e0451107386cf5
org.eclipse.platform	org.eclipse.equinox.p2.artifact.repository	1.3.400		3830e004e5899da9e88221433856649d3d314f1a
org.eclipse.platform	org.eclipse.equinox.p2.artifact.repository	1.3.500		e7062c7ca59b82301641cc2548ba886eb5431e56
org.eclipse.platform	org.eclipse.equinox.p2.artifact.repository	1.4.0		02414e26257b38593c6d597776931fe14d807d8c
org.eclipse.platform	org.eclipse.equinox.p2.artifact.repository	1.4.100		a97108b5f3ccec87fc27b5fb2b54de034b7d69cf
org.eclipse.platform	org.eclipse.equinox.p2.artifact.repository	1.4.200		b64052a5b164b948a1b3bdb32964f5c980a3a731
org.eclipse.platform	org.eclipse.equinox.p2.artifact.repository	1.4.300		ead24146777c2fbcfb55a9182e03138f5069ebd5
org.eclipse.platform	org.eclipse.equinox.p2.artifact.repository	1.4.400		4564ccbc0eec4b4899e41eddfc6ffeba3c10bc5a
org.eclipse.platform	org.eclipse.equinox.p2.artifact.repository	1.4.500		d104fbe21e0dac49842dd0d84fd5609875a7f0a7
org.eclipse.platform	org.eclipse.equinox.p2.artifact.repository	1.4.600		4accf84a55f53440045ece8f9b2b7e64cc3030d9
org.eclipse.platform	org.eclipse.equinox.p2.artifact.repository	1.4.800		0a457cf12e89aa8277bcfbf275be25a3e5b06ed6
org.eclipse.platform	org.eclipse.equinox.p2.artifact.repository	1.5.0		b44aea107bb18cbb3abed79843af6782e7c8e812
org.eclipse.platform	org.eclipse.equinox.p2.artifact.repository	1.5.100		f8bae11fa721bd81f7790edaf7583f488fd6dce2
org.eclipse.platform	org.eclipse.equinox.p2.artifact.repository	1.5.200		1179a9f4702bebc50840e578d020edd8a98580e8
org.eclipse.platform	org.eclipse.equinox.p2.artifact.repository	1.5.300		9f4aada77d90c2807abdd339b4466f57bbec7a54
org.eclipse.platform	org.eclipse.equinox.p2.artifact.repository	1.5.400		6b1c654b6eb3617d2a22f337e7d3953550ed89f5
org.eclipse.platform	org.eclipse.equinox.p2.artifact.repository	1.5.500		d95f50a0fabfa42a512e47950a10c61a1e9c45c8
org.eclipse.platform	org.eclipse.equinox.p2.artifact.repository	1.5.600		92772b8a25e9a29e7434107b74d2cbe034478d45
org.hibersap	hibersap-core	1.2.0		beba8557097d5369586ae06cd33e992a6e0aa5c1
org.hibersap	hibersap-core	1.2.0-Beta03		070862a55177a53d0d0d88cacea018ea9def11f6
org.hibersap	hibersap-core	1.3.0		a1ca83a9f7d873d9472eef5fb87e925acfef9122
org.hibersap	hibersap-core	1.4.0		0f510263689ccaf5d17e098902806a4ddff54aca
org.hudsonci.plugins	project-stats-plugin	0.4-h-1		2870a336c13260b9bd0184fb063018b51fb6a9f1
org.neo4j.doc	neo4j-cypherdoc	2.0.0		574cce1c7e03d8333f60bd6ee9f90d2e22489af5
org.neo4j.doc	neo4j-cypherdoc	2.0.0-M04		e7e02855383534b60d3c05dc4a21e1a894482aa3
org.neo4j.doc	neo4j-cypherdoc	2.0.0-M05		c31f01e2a51b1b2337916948fce19ed9febf4193
org.neo4j.doc	neo4j-cypherdoc	2.0.0-M06		bb20c52bf5a3d8875041f025ddf4e298f4dc357f
org.neo4j.doc	neo4j-cypherdoc	2.0.0-RC1		5d64cf5bc00a328addc67a76968a679c6089e3bc
org.neo4j.doc	neo4j-cypherdoc	2.0.1		d63548f395ba23e7ca10b12f2f461395b423ebde
org.neo4j.doc	neo4j-cypherdoc	2.0.2		5a937ab98b1d63bece84de98ff9581a6374061d2
org.neo4j.doc	neo4j-cypherdoc	2.0.3		df641e828cb6e21fbc3b5784072ff5feaab1652f
org.neo4j.doc	neo4j-cypherdoc	2.0.4		68b26b670a1bfb688fa734b4d91c50fccdf933fa
org.neo4j.doc	neo4j-cypherdoc	2.0.5		c19b62d01aa499685306e508ef8ad11bead200bd
org.neo4j.doc	neo4j-cypherdoc	2.1.0-M01		0503b00b5eb8994c313521a7835dc3369845adbe
org.openehealth.ipf.commons	ipf-commons-ihe-fhir-r4-chppqm	4.8-m1		ad65563b2532544b2a4fedd3c67f6e93aea5ac6e
org.openehealth.ipf.commons	ipf-commons-ihe-fhir-r4-chppqm	4.8-m2		f43ae5866a33ccf38151ffa33de4e85bda1205c9
org.openehealth.ipf.commons	ipf-commons-ihe-fhir-r4-chppqm	4.8-m3		60541516d76cb7751d7bd83d3db68a8d35e2e01c
org.openehealth.ipf.commons	ipf-commons-ihe-fhir-r4-chppqm	4.8-m4		e76d25c5a376d452cdecb01effdd3bdf7ef49118
org.openehealth.ipf.commons	ipf-commons-ihe-fhir-r4-chppqm	4.8-m5		912e2adbba6784454a8cf1bc079a8647f9d0561f
org.openehealth.ipf.commons	ipf-commons-ihe-fhir-r4-chppqm	4.8-m6		7cc80047175fb8f2ab3a2b5d9a9402eca2e399dd
org.openehealth.ipf.commons	ipf-commons-ihe-fhir-r4-chppqm	4.8-m7		e1ce93057b947b34ba278b80b71cf1722406b5ce
org.openehealth.ipf.commons	ipf-commons-ihe-fhir-r4-chppqm	4.8-m8		31fbe581dafb546c22474db767aa90a908a2934e
org.openehealth.ipf.commons	ipf-commons-ihe-fhir-r4-chppqm	4.8.0		38184c234e38c68e2b5861085c4fab642d855fdc
org.openehealth.ipf.commons	ipf-commons-ihe-fhir-r4-chppqm	5.0-m1		9a78e9219baf4a71bc574a52db4b93bd95e03e18
org.openehealth.ipf.commons	ipf-commons-ihe-fhir-r4-chppqm	5.0-m2		7e5f52925d7274753855932fa3400eeb3997d4b1
org.openehealth.ipf.commons	ipf-commons-ihe-fhir-r4-chppqm	5.0-m3		e3f88a3ff8785c27614fbd1b24d1aba194163370
org.openehealth.ipf.commons	ipf-commons-ihe-fhir-r4-chppqm	5.0-rc1		f29c2b5f5315340a62b603a762524c7372865119
org.openehealth.ipf.commons	ipf-commons-ihe-fhir-r4-chppqm	5.0-rc2		e2500bf38d1ccfdbbb71b831622ba0b25cb4142c
org.openehealth.ipf.commons	ipf-commons-ihe-fhir-r4-chppqm	5.0.0		78f8d586d36b1147992faa9f2ce1c6365cfe40b1
org.openehealth.ipf.commons	ipf-commons-ihe-fhir-r4-chppqm	5.1-20250314		9296cfc04cd7719ea07da8522465c240294ad260
org.openehealth.ipf.commons	ipf-commons-ihe-fhir-r4-chppqm	5.1-20250424		833858f35c5b838aec80c4111d933f54f95a3786
org.specsy	specsy-scala_2.10.0-RC3	2.0.0		1f817cbacec7b02992d9ce1f07c80f0f0a087de7
org.typelevel	cats-testkit_sjs0.6_2.11	0.0.1-DONOTUSE		7f35f646171cbec136893c746eeb9c4a74a24ef7
org.typelevel	cats-testkit_sjs0.6_2.11	1.0.0		e063dee6f31245830cdf938ab92ed7a45948d061
org.typelevel	cats-testkit_sjs0.6_2.11	1.0.0-MF		6c847e288650806a44963963f3897b1d50c98779
org.typelevel	cats-testkit_sjs0.6_2.11	1.0.0-RC1		f7ae39f613bfedc1c9a9af5b33bf339b1363f3c9
org.typelevel	cats-testkit_sjs0.6_2.11	1.0.0-RC2		704442666f969981d18391fd4f8fdfaf671bde68
org.typelevel	cats-testkit_sjs0.6_2.11	1.0.1		5953d90fbc53db8c51cdd625d371aca6875d756a
org.typelevel	cats-testkit_sjs0.6_2.11	1.1.0		f19fae44bc71bbca7467842012e160262f211271
org.typelevel	cats-testkit_sjs0.6_2.11	1.2.0		1c6be8183f52f5fe425bb84e5ac4eef21ed97aee
org.typelevel	cats-testkit_sjs0.6_2.11	1.3.0		57aa834121d3d45eee3abacb07d038371cbb11ac
org.typelevel	cats-testkit_sjs0.6_2.11	1.3.1		44c99d438beec23e9f5c8e8b091edfed717bfafb
org.typelevel	cats-testkit_sjs0.6_2.11	1.4.0		e08c39523883959804009442fe1b87b96a80a2c8
org.typelevel	cats-testkit_sjs0.6_2.11	1.5.0		f1b9d34f41d98fd80a1e152dc2f4e6ceb0c122dd
org.typelevel	cats-testkit_sjs0.6_2.11	1.5.0-RC0		7a9f00f2df4c89b79c94d6decb26b6d4c22a9682
org.typelevel	cats-testkit_sjs0.6_2.11	1.5.0-RC1		6f63049a58d4e59c30f13e9971dcd84345528c5b
org.typelevel	cats-testkit_sjs0.6_2.11	1.6.0		6d6b226fe3df7490326723beff097b4c3cba26aa
org.typelevel	cats-testkit_sjs0.6_2.11	1.6.0-RC1		7fe3eac8d9b15245f7bafb67b7fb69ecdbacca2f
org.typelevel	cats-testkit_sjs0.6_2.11	1.6.1		bf8a68da1f7a033c4d8ed13689727ec22b4805ae
org.typelevel	cats-testkit_sjs0.6_2.11	2.0.0		5ce9558bea3e2f0f1ee8a5b0a0649cd3e3feeba0
org.typelevel	cats-testkit_sjs0.6_2.11	2.0.0-M1		d3205805f3a34d34162324d00dbe60ea9868f896
org.typelevel	cats-testkit_sjs0.6_2.11	2.0.0-M2		75860f6b427c8156e8e03b06c5eeb1438b7f9c5a
org.typelevel	cats-testkit_sjs0.6_2.11	2.0.0-M3		79d7367d122ff13a47bd130f974794b91993e95b
org.typelevel	cats-testkit_sjs0.6_2.11	2.0.0-M4		d1cc6648c37aa1ae7db24af677c5ced407dec934
org.typelevel	cats-testkit_sjs0.6_2.11	2.0.0-RC1		6299debde2db52075f60364cdecb188cd5c990df
org.typelevel	cats-testkit_sjs0.6_2.11	2.0.0-RC2		949f2f8fef1d4c7b2830f69c5e2f6e9658734a70
org.typelevel	cats-testkit_sjs0.6_2.11	2.0.0-RC3		fe240ad8248e88c3c42edcc51351d0cc26509f8e
org.virtuslab	besom-onelogin_3	0.6.0-core.0.1.0		15f52276dac1ff16676323e8b20d80dae5c7164a
org.virtuslab	besom-onelogin_3	0.6.1-core.0.2		931bc710be39504fe0a0d8fa453c6d0e549563ba
org.virtuslab	besom-onelogin_3	0.6.2-core.0.3		444d0a74a37620ef5449eeb38e92750853b74c98
org.virtuslab	besom-onelogin_3	0.6.7-core.0.4		44462eac846bda5b5cec2c043628f3d917461d9f
org.webjars	block-stream	0.0.7		4fb7e95b919e6f0ba643eb0b2d4e7cd1182a1e25
org.webjars	block-stream	0.0.7-1		918dbc13eb5be3489c2ad556988719b5d3374847
org.webjars.bower	angular-translate-interpolation-messageformat	2.10.0		1d556b6af00334e0108c2ea31d1f10ac12532278
org.webjars.bower	angular-translate-interpolation-messageformat	2.12.1		203d00eebd8779c1e5df19cefef957df67abed73
org.webjars.bower	angular-translate-interpolation-messageformat	2.13.1		8de18a6c6a179a82c8347049106dd7f9207d5a72
org.webjars.bower	angular-translate-interpolation-messageformat	2.16.0		fd8633eab5e228586ab912bd9e27dbbfda9154ce
org.webjars.bower	angular-translate-interpolation-messageformat	2.18.1		e43bcf06e5137886d82521a4086faa104ad35905
org.webjars.bower	angular-translate-interpolation-messageformat	2.18.3		6d10d3b40df38b2aa16f770c50eac04b4714ba27
org.webjars.bower	angular-translate-interpolation-messageformat	2.18.4		2e5c1b2affb03cc5144f2817fd45c93d949b4aa2
org.webjars.bower	angular-translate-interpolation-messageformat	2.8.0		4c48657d501e195713e2c617dc635b41c5b43315
org.webjars.bower	angular-translate-interpolation-messageformat	2.9.2		de620d523fd26aa952710d1113586f5fffe7fe5a
org.webjars.npm	types__sinon-stub-promise	1.0.26		59d57332b630e6f4505a608909691bb9d6b3589b
org.wildfly.swarm	camel-cdi-tests	1.0.4		4a3575d18598fc99d6a526afd9011c1db98eea4d
org.wildfly.swarm	camel-cdi-tests	1.1.0		55e9509bec49d6de22b3696fa154229a295c8545
org.wso2.appserver	http-analytics-quickstart	6.0.0-m4		79a82ad1d5e93d5da60db3d9749a4d82ca1f16a1
so.prelude.android	core-sdk	0.1.0		N/A
uk.camsw	rxjava-test-dsl	3.0.0		54ee12e888e8d227049a9de39659ef7ced561745
uk.camsw	rxjava-test-dsl	4.0.0		0c39cd8361617cfbce28eaae2ec82ca16ba5993c
uk.camsw	rxjava-test-dsl	4.1.0		239cfcfd2b1c43f28369d6673170f214f108ade4
uk.camsw	rxjava-test-dsl	4.1.1		31a4341417b4bd45a8f243a02c8fd01ca502f8ea
uk.camsw	rxjava-test-dsl	5.0.0		7618cba68aa4c981559e4786fe5ff5283d353ed8
uk.camsw	rxjava-test-dsl	5.0.1		ef4bda8a3bedc35c8eed410faa9f42e1a9e462ae
us.ihmc	ihmc-lord-microstrain-drivers-visualizers	0.0.4		c8ba9a16f52128e4e8c58e79034a490763c6e7b6
us.ihmc	ihmc-lord-microstrain-drivers-visualizers	0.0.5		63cd69b7edac7320a2a8dafdda86b47bc3e30063
us.ihmc	ihmc-lord-microstrain-drivers-visualizers	0.0.6		0c37387be22b303293032bdfd6325b46ad07240e
us.ihmc	ihmc-lord-microstrain-drivers-visualizers	17-0.0.7		c5cbeeafb957da29950b0a26175ca21c40c28e0b
