at.asitplus.crypto	datatypes-cose-iossimulatorarm64	2.1.0		N/A
at.asitplus.crypto	datatypes-cose-iossimulatorarm64	2.1.0	metadata	f03f0e765ac262216d137b5d2ec08892cdd4a43b
at.asitplus.crypto	datatypes-cose-iossimulatorarm64	2.2.0		N/A
at.asitplus.crypto	datatypes-cose-iossimulatorarm64	2.2.0	metadata	64dae207b72745ff66d6479ff68e11e852d7d6d6
at.asitplus.crypto	datatypes-cose-iossimulatorarm64	2.2.1		N/A
at.asitplus.crypto	datatypes-cose-iossimulatorarm64	2.2.1	metadata	a234639831f3724e039878b07025350c8c6f2a55
at.asitplus.crypto	datatypes-cose-iossimulatorarm64	2.3.0		N/A
at.asitplus.crypto	datatypes-cose-iossimulatorarm64	2.3.0	metadata	fce143103faf5b8d5bcda4fc82eb7d13251aa39c
at.asitplus.crypto	datatypes-cose-iossimulatorarm64	2.4.0		N/A
at.asitplus.crypto	datatypes-cose-iossimulatorarm64	2.4.0	metadata	a76c9b48df0c4c5f93cbb71e28f0e8b0a4ffeb75
at.asitplus.crypto	datatypes-cose-iossimulatorarm64	2.5.0		N/A
at.asitplus.crypto	datatypes-cose-iossimulatorarm64	2.5.0	metadata	afcfa07275fefa3f9b10fde4c76ef310e4aa1e49
at.asitplus.crypto	datatypes-cose-iossimulatorarm64	2.6.0		N/A
at.asitplus.crypto	datatypes-cose-iossimulatorarm64	2.6.0	metadata	5a14da6cb70d1840b5ef024a854c5194dadf1f08
at.asitplus.crypto	datatypes-cose-iossimulatorarm64	3.0.0		N/A
at.asitplus.crypto	datatypes-cose-iossimulatorarm64	3.0.0	metadata	1ebe0bd872cab5da2f2a949c7c153e2d70cc5817
at.asitplus.crypto	datatypes-cose-iossimulatorarm64	3.1.0		N/A
at.asitplus.crypto	datatypes-cose-iossimulatorarm64	3.1.0	metadata	dee8fa0fea7f7016b0e1af1b7a74263bf3493e83
at.asitplus.crypto	datatypes-cose-iossimulatorarm64	3.2.0		N/A
at.asitplus.crypto	datatypes-cose-iossimulatorarm64	3.2.0	metadata	58bac0f95c39c8d004cc244c482f74f7b811fb81
at.asitplus.crypto	datatypes-cose-iossimulatorarm64	3.2.1		N/A
at.asitplus.crypto	datatypes-cose-iossimulatorarm64	3.2.1	metadata	80b0a5e89073c3495397080aaccb0133541068ca
at.asitplus.crypto	datatypes-cose-iossimulatorarm64	3.2.2		N/A
at.asitplus.crypto	datatypes-cose-iossimulatorarm64	3.2.2	metadata	f39e6b2df039e41c882b109c8e7773a3280a4eec
at.asitplus.crypto	datatypes-cose-iossimulatorarm64	3.5.0		N/A
at.asitplus.crypto	datatypes-cose-iossimulatorarm64	3.5.0	metadata	2d1e37db76598349813f793ca9d303a0456d1730
at.asitplus.crypto	datatypes-cose-iossimulatorarm64	3.5.1		N/A
at.asitplus.crypto	datatypes-cose-iossimulatorarm64	3.5.1	metadata	1c14b767f29882b0845f4ff87cd3afd2827fd268
br.com.leverinfo	aspectj-logging	0.1.0		81526e75d7824195a67d5bd5a24c91494f7f3164
br.com.leverinfo	aspectj-logging	0.1.0-alpha-1		31b661eff08c5e41aea2f4f8f40125644766ee7d
br.com.leverinfo	aspectj-logging	0.2.0		67ef3799dc87722609c7641bd8d668d7b371acd9
br.com.leverinfo	aspectj-logging	0.2.1		dc622b4308e94515cbbd19ebeb40a7e81bd9492b
br.com.leverinfo	aspectj-logging	0.3.0		fd98c587559ecd870104e77ec6774afe86ca510d
br.com.leverinfo	aspectj-logging	0.3.1		27c56684c99d2d3a607fc3bb7f1773bd7f33c26e
br.com.leverinfo	aspectj-logging	0.3.2		165aa592ff159014414686ea87ddbe3ba284003f
br.com.leverinfo	aspectj-logging	0.4.0		17b26dfdab282a53a1f470c7f60c614c388979ee
cn.structured	structure-common	1.0.1.RELEASE		218106c778ed2c0398d7cb1fec403ae337a5c287
cn.structured	structure-common	1.0.2.RELEASE		f5b7b739f9b17940d769619b353d55f0beeeb330
cn.structured	structure-common	1.1.0		8904313b4fa1ebeabbd894831dbc1ce0d243181d
cn.structured	structure-common	1.1.0.RELEASE		00c2e4f1642489bc084a3165147981031d385ea8
cn.structured	structure-common	1.1.2.RELEASE		73cdb374fcb6c076923a5c570fc24bbf1e76fc5f
cn.structured	structure-common	1.2.0.RELEASE		59a2482d25b053743ecffa428fe154087fa38c36
cn.structured	structure-common	1.2.1		64515656d167bcb7363f16f324d683cb74838a4b
cn.structured	structure-common	1.2.1.RELEASE		795562edd05679496c409bf8db2594488a91b117
cn.structured	structure-common	1.2.2		b8eb34a1143ced3207933c841e8ab43633e0536e
cn.structured	structure-common	1.2.3		a761903b726bc8f72b73bc08cbdc2ff5d5b50524
com.ascentstream.pulsar	pulsar-io-rabbitmq	2.10.6.10		fa6899ad9b3e482c9a1bcd11c7e8976aae501de5
com.ascentstream.pulsar	pulsar-io-rabbitmq	2.10.6.9		1551934ee603792d58dfe5b4fb2ab38022420758
com.ascentstream.pulsar	pulsar-io-rabbitmq	2.10.7.1		f150297cf028b975b2c5c802fec5ec16904bf140
com.ascentstream.pulsar	pulsar-io-rabbitmq	2.10.7.1-SNAPSHOT-3c76893		cbc95b195a58ff4fad46eae333488624faeda140
com.ascentstream.pulsar	pulsar-io-rabbitmq	2.10.7.1-SNAPSHOT-4670905		285aa9b5e0dd1637c07409f22b85cdb7397d02e6
com.ascentstream.pulsar	pulsar-io-rabbitmq	2.10.7.1-SNAPSHOT-8da4484		224aeb83be9705b2144092012f0ea5e9ff5d5875
com.ascentstream.pulsar	pulsar-io-rabbitmq	2.10.7.2-SNAPSHOT-86382c9		20cdc8019629bc28c76bb8b3b2eabb60190565f8
com.ascentstream.pulsar	pulsar-io-rabbitmq	2.10.7.3		3e7ea3aa791ade24822e872e825302f7a382d5f0
com.ascentstream.pulsar	pulsar-io-rabbitmq	2.10.7.4		49685d9124b6615e826a5bd66c23cc81640f6dc9
com.ascentstream.pulsar	pulsar-io-rabbitmq	2.10.7.4-SNAPSHOT-35e64fa		3c7db13e9126098a21002c6e2af928435d42accc
com.ascentstream.pulsar	pulsar-io-rabbitmq	3.0.7.0-SNAPSHOT-a030c50		ad16dde9964b6ecf5ef8f43768b7dde39e11fd01
com.ascentstream.pulsar	pulsar-io-rabbitmq	3.0.8.0-SNAPSHOT-16a7bcc		184afd706ca052ee95ab467a8b0d5f708a395691
com.buschmais.jqassistant.plugin	yaml	1.10.0		cc3bbf3844c5a895e242b2c5d9153f004820ed25
com.buschmais.jqassistant.plugin	yaml	1.10.0-ALPHA1		0b6767cd2405679600b370582eccae8a741ca2fd
com.buschmais.jqassistant.plugin	yaml	1.10.0-RC1		76d448ac4727f9b3549dd9f9860e09642751d9d9
com.buschmais.jqassistant.plugin	yaml	1.10.1		7b459ab6fbdfc4a1517e93ed77486ab1da474ddf
com.buschmais.jqassistant.plugin	yaml	1.11.0		e0cc99a42d823b25c962d4dd6feee147ec9fb35e
com.buschmais.jqassistant.plugin	yaml	1.11.0-RC-1		7c61ffce2ab9a491d181dfea313a209dac7956d1
com.buschmais.jqassistant.plugin	yaml	1.11.1		9b52a5855d66185a4f1468731319bc74c384c039
com.buschmais.jqassistant.plugin	yaml	1.12.0		342594e732bcf2ee9c1eb0dcca212a4d3b04e212
com.buschmais.jqassistant.plugin	yaml	1.12.0-M1		ab886f0b486b35d46139a327329dd7f43fd5fd75
com.buschmais.jqassistant.plugin	yaml	1.12.1		faf20efd77793a7a3da82a78a7a502ec4ccc3ee4
com.buschmais.jqassistant.plugin	yaml	1.12.2		ce3efadae72548a55b866038dd8eed95bb4121d6
com.buschmais.jqassistant.plugin	yaml	1.2		a9a0af145ebf6ae380c67a99ccf83e65f1a2bc5f
com.buschmais.jqassistant.plugin	yaml	1.2-RC1		359164cd59ffc904b7247e8ae218a4011d5c93ec
com.buschmais.jqassistant.plugin	yaml	1.3		b9c34927e20635b212dd9051588f8df71eed2499
com.buschmais.jqassistant.plugin	yaml	1.4		1c988b2e659d211f522a57eb70f4848cda0ce04e
com.buschmais.jqassistant.plugin	yaml	1.5-RC-1		22553e50b60bdf85b6e8211647877ef8ed57f875
com.buschmais.jqassistant.plugin	yaml	1.5.0		61c45be96310f450e3bc030505aa52c871db82da
com.buschmais.jqassistant.plugin	yaml	1.6.0		6fb6ce310fddc73cae860f08265900812e3fbf00
com.buschmais.jqassistant.plugin	yaml	1.6.0-RC1		aa62a94411989fa42bfa69a271798ef62bc7491d
com.buschmais.jqassistant.plugin	yaml	1.7.0		3c19f6a75c9afce997b02efc92cc4cb2d5610515
com.buschmais.jqassistant.plugin	yaml	1.7.0-MS1		437f2a41bbcd92b03538a3318afe0d43ae7ad31c
com.buschmais.jqassistant.plugin	yaml	1.7.0-MS2		9f32169e9dfe37ce500ccd694c63bdd31fc64984
com.buschmais.jqassistant.plugin	yaml	1.7.0-MS3		7ab676c7757365a1cfe6e0ae7d1df270040f6647
com.buschmais.jqassistant.plugin	yaml	1.7.0-RC1		5a972f0b9aa64b9fa8213be244d94f49e5976102
com.buschmais.jqassistant.plugin	yaml	1.8.0		4b4baedbf6fd662b55a854a01fc7de6d72122159
com.buschmais.jqassistant.plugin	yaml	1.8.0-MS1		3fb9c28105a98bb90c63dfe41b2629b63572ef90
com.buschmais.jqassistant.plugin	yaml	1.9.0		ca7351e6d8b03119117382893b2529f712b5c824
com.buschmais.jqassistant.plugin	yaml	1.9.0-ALPHA1		39c923213cbcbac858cb7b91a74b31564c98d467
com.buschmais.jqassistant.plugin	yaml	1.9.0-ALPHA2		aac74fef07ab48e593e2254a8933b1fc19e901d0
com.buschmais.jqassistant.plugin	yaml	1.9.0-RC1		805b4e3c715cb27d68f2ab375dd12ab441a83b36
com.buschmais.jqassistant.plugin	yaml	1.9.1		7164545064bd9509756093463ceb68ed99ebb851
com.capacitorjs	google-maps	1.1.0		N/A
com.capacitorjs	google-maps	4.3.0		N/A
com.capacitorjs	google-maps	4.3.0-beta1		N/A
com.capacitorjs	google-maps	4.3.1		N/A
com.capacitorjs	google-maps	4.3.2		N/A
com.capacitorjs	google-maps	4.4.0		N/A
com.capacitorjs	google-maps	4.5.0		N/A
com.capacitorjs	google-maps	4.5.1		N/A
com.capacitorjs	google-maps	5.0.0		N/A
com.capacitorjs	google-maps	5.0.1		N/A
com.capacitorjs	google-maps	5.1.0		N/A
com.capacitorjs	google-maps	5.2.1		N/A
com.capacitorjs	google-maps	5.2.2		N/A
com.capacitorjs	google-maps	5.3.1		N/A
com.capacitorjs	google-maps	5.3.2		N/A
com.capacitorjs	google-maps	5.3.3		N/A
com.capacitorjs	google-maps	5.4.0		N/A
com.capacitorjs	google-maps	5.4.1		N/A
com.cqsudu	sudu-jwt-token	1.0.0.RELEASE		62fef43b0ab90ee3b6d0a615d79d637276a90bed
com.gitee.zodiacstack	zodiac-file-storage-spring-boot-starter	1.5.13		4257a71b740757d805b095c6683d982cb71b4ac9
com.gitee.zodiacstack	zodiac-file-storage-spring-boot-starter	1.5.14		2576101e06799729840a646a9b7e3752c5ac8439
com.gitee.zodiacstack	zodiac-file-storage-spring-boot-starter	1.5.15		e565f93306d6e8d252591f22a9e118eb3d70f7ed
com.gitee.zodiacstack	zodiac-file-storage-spring-boot-starter	1.5.16		66f0691b2b1da900bdf45897f7d86384215ccd7a
com.gitee.zodiacstack	zodiac-file-storage-spring-boot-starter	1.5.17		cc172583a9a9be9a01b112da10026a4ec6cc6de5
com.gitee.zodiacstack	zodiac-file-storage-spring-boot-starter	1.5.18		3cd36f26bda8781eb69311456a6f0b38e6a6a5f7
com.gitee.zodiacstack	zodiac-file-storage-spring-boot-starter	1.6.0		50a139508d06b33822b16f56bcac119bb513ff2b
com.gitee.zodiacstack	zodiac-file-storage-spring-boot-starter	1.6.1		31522864eda458353db0e5060cbb681e65695c55
com.gitee.zodiacstack	zodiac-file-storage-spring-boot-starter	1.6.2		cc586e2088606fa3dd4f1d7385bf185e2cac4597
com.gitee.zodiacstack	zodiac-file-storage-spring-boot-starter	1.6.3		2aaf504a4c13f20b8be87fb614c9cf020031341f
com.gitee.zodiacstack	zodiac-file-storage-spring-boot-starter	1.6.4		0cc4a74896d8629ecafa1babf7e85afcef06661a
com.gitee.zodiacstack	zodiac-file-storage-spring-boot-starter	1.6.5		81d4a28b87349ac3e6c63f1b5f82ccd9975b668b
com.gitee.zodiacstack	zodiac-file-storage-spring-boot-starter	1.6.6		67a400b36183c2ca233e17617cd33634473c6781
com.gitee.zodiacstack	zodiac-file-storage-spring-boot-starter	1.6.7		e836a87749d8308a8aabb47b00eaa65c3d02978d
com.gitee.zodiacstack	zodiac-file-storage-spring-boot-starter	1.6.8		bd43c2deba6372fa53b513c1ac12b36474150fb0
com.gitee.zodiacstack	zodiac-file-storage-spring-boot-starter	1.7.0		3e18efd1f865904bfeaedf727860ea35c538c70c
com.gitee.zodiacstack	zodiac-file-storage-spring-boot-starter	1.7.1		3b92a2b5753ddd18c0937e41ce368da3bf4c4cf0
com.github.K0zka	libvirt	0.5.1		f84675c98fafea57337d03479dc6b904aff50984
com.github.arguslab	amandroid-core_2.11	1.0.3		58957790fce2c75942bae333c296c8dc84229f98
com.github.arguslab	amandroid-core_2.11	1.0.4		060aa949b0307cbad65810c4c4ba4d779a5a0edb
com.github.arguslab	amandroid-core_2.11	1.0.5		dad5f2f11502519c4cbb6f7fc28bac0bde9fdc11
com.github.arguslab	amandroid-core_2.11	1.0.6		27b13d6d6a5afb169daae7d50e1b602e8fdf2d50
com.github.arguslab	amandroid-core_2.11	1.0.7		24338d14a998553b746cecbbe630dcf8cf269705
com.github.arguslab	amandroid-core_2.11	1.0.8		73eef321c5c78503632c4325d50acb5df3958dec
com.github.arguslab	amandroid-core_2.11	1.0.9		e51f36c034d7c6cd61e4c425f2562585f7a7a658
com.github.arguslab	amandroid-core_2.11	1.1.1		1409485bf319299f2f3fc09d281d22ecfb6bdd08
com.github.arguslab	amandroid-core_2.11	1.1.2		a6d4230db53a5f5a32c13561eb45aa64097b03d2
com.github.arguslab	amandroid-core_2.11	1.1.3		c7737dfe118580473bd3de6f047c340970fe323d
com.github.arguslab	amandroid-core_2.11	1.1.4		7688833fbc05c1b35cdbdae6bcccf59b67535aa2
com.github.arguslab	amandroid-core_2.11	1.1.5		a15d9533cb662ea1cf6466ce1b76b81828d93049
com.github.arguslab	amandroid-core_2.11	1.1.6		8779a264d86e15df78011fbb99d9740efac091ad
com.github.arguslab	amandroid-core_2.11	2.0.0		947b7a495194807a5a374075e4047b331b59e9d7
com.github.arguslab	amandroid-core_2.11	2.0.1		414902a8d1796b4adeac9113a5f6b3096cff97ef
com.github.arguslab	amandroid-core_2.11	2.0.2		97bc7c5f739fe796312bd58db02bad8a09efef1e
com.github.arguslab	amandroid-core_2.11	2.0.3		b6004e3ba82037ef94cf508ecce3301788b38677
com.github.arguslab	amandroid-core_2.11	2.0.4		346d6e0a273f07c0f6b4fbd79d8e24502715a645
com.github.arguslab	amandroid-core_2.11	2.0.5		93781027c0f72ed56d7f44c8617128fa4eaa11fe
com.github.fmjsjx	libnetty-fastcgi	1.0.1.Final		d0e0691243a716d4cb00e9fc03d99976c484e6f8
com.github.fmjsjx	libnetty-fastcgi	1.1.0.Final		0f653b926ccd723c2d4098d749b4d649a998e885
com.github.fmjsjx	libnetty-fastcgi	1.1.1.Final		e3431cc840969a142a0610c9eff9efde97c64630
com.github.fmjsjx	libnetty-fastcgi	1.1.2.Final		25512d37793af171962ee7385d2e1d47b27de915
com.github.fmjsjx	libnetty-fastcgi	1.1.3.Final		151b0a21e763d11cfe195de4fc6115a4b18d870e
com.github.fmjsjx	libnetty-fastcgi	1.1.4.Final		d0f2b421c4603325c760ef2fc093c9d0dbbf2c08
com.github.fmjsjx	libnetty-fastcgi	1.1.5.Final		779f4651ad9f2ae8d7c49f3206d77a80f8f80f36
com.github.fmjsjx	libnetty-fastcgi	1.2.0.Final		976e4851fb0bd148514377c9207953dd6b4bc4fd
com.github.fmjsjx	libnetty-fastcgi	1.2.1.Final		aa8e1d46cb2a55898a3776ae734f86b5d138d9ef
com.github.fmjsjx	libnetty-fastcgi	1.2.2.Final		0e52009eca8e8981d9d707127cd7e55e4ccdc479
com.github.fmjsjx	libnetty-fastcgi	1.3.0.Final		3b180be7ecf3275e9e7df5f56ff095a6caafe2e8
com.github.fmjsjx	libnetty-fastcgi	1.3.1.Final		06c06e0dda9f35bb1404927eca6a378676ed876f
com.github.fmjsjx	libnetty-fastcgi	1.3.2.Final		7210cdbaa2a15317a4ec471463f843888d317bd7
com.github.fmjsjx	libnetty-fastcgi	2.0.0		b07a2019d774994a0bccd1c817f5e69a13fbf52d
com.github.fmjsjx	libnetty-fastcgi	2.1.0		8ba0d4247488be521035133a5eefa94c09bf4f38
com.github.fmjsjx	libnetty-fastcgi	2.1.1		e73dbbb2eb72a658bd2bcb9a3b07b2767b8921e3
com.github.fmjsjx	libnetty-fastcgi	2.2.0		9e88eb9c01f00a1000ad983859d4fb09d573f284
com.github.fmjsjx	libnetty-fastcgi	2.2.1		be4d89cc8afe3a9fef18cd5ae0fd72cd43f13bfd
com.github.fmjsjx	libnetty-fastcgi	2.2.2		7e282e6f8d16c03e2ea3d693fea2188ceda176ad
com.github.fmjsjx	libnetty-fastcgi	2.2.3		cb842b21853561ee80c9a99b5ce2996f60cbb4a4
com.github.fmjsjx	libnetty-fastcgi	2.2.4		23e0ed5941df9d1e863c53b03d6d03c0730ce981
com.github.fmjsjx	libnetty-fastcgi	2.2.5		7b35f694fd78fbca21a10f4f631d1aaf0968a876
com.github.fmjsjx	libnetty-fastcgi	2.2.6		6c11535a30af3fdb1c8332c031ab77f89172df33
com.github.fmjsjx	libnetty-fastcgi	2.2.7		6dc6da135e09022ad58a774526e968835887c555
com.github.fmjsjx	libnetty-fastcgi	2.2.8		0afbc23cf6885e4dd4a9e2cf9b67b14908c0330a
com.github.fmjsjx	libnetty-fastcgi	2.2.9		1b4311d4d4085d8c95aed6331039afed0a0744fc
com.github.fmjsjx	libnetty-fastcgi	2.3.0		be46aa10cfc21216fdc4d83cae46b8a805f6dd59
com.github.fmjsjx	libnetty-fastcgi	2.4.0		e38c56bf31f2b12dcd1c5500b6f742c25753225b
com.github.fmjsjx	libnetty-fastcgi	2.4.1		88938e77bbe5d7bbd32d0696a13d47b7662a1fb0
com.github.fmjsjx	libnetty-fastcgi	2.4.2		482a158ef654437ab1c649654090b6bf0fbce7bf
com.github.fmjsjx	libnetty-fastcgi	2.4.3		34fe0db66aed9827e9533052e3e8177e696df15b
com.github.fmjsjx	libnetty-fastcgi	2.4.4		6cc4aa86cc26d89463cf5e81c0af83395a899d6a
com.github.fmjsjx	libnetty-fastcgi	2.5.0		6c1c0cd96e23dec28245d1ecd6cf10dcd3adffef
com.github.fmjsjx	libnetty-fastcgi	2.5.1		4954c86b9b9997d2509fdb197d6782b758e80ada
com.github.fmjsjx	libnetty-fastcgi	2.6.0		7db42156df6061201a7c4f99d9b413919b9e9195
com.github.fmjsjx	libnetty-fastcgi	2.6.1		56fc3fbc00998fecd6d98a941e7786c77e39f05c
com.github.fmjsjx	libnetty-fastcgi	2.7.0		f91da142d8ae48f9032441895bd13f4693ff537a
com.github.fmjsjx	libnetty-fastcgi	2.7.0-RC1		164d7030299f76044b86d695184224fa8e886728
com.github.fmjsjx	libnetty-fastcgi	2.7.0-RC2		b48105c23001e896976fe52aeaf799dd20992648
com.github.fmjsjx	libnetty-fastcgi	3.0.0		5675d8ef16203be5ad782eb3e003d676f8d091f1
com.github.fmjsjx	libnetty-fastcgi	3.0.0-RC1		e5ff8559e37611470a85f5b766f1f19cbec19a89
com.github.fmjsjx	libnetty-fastcgi	3.1.0		18645fcf2949a3e1669beb550871f2a01f69fe0e
com.github.fmjsjx	libnetty-fastcgi	3.1.0-M1		1dce920b49eb5d5f7d8a4fbb996b23f29b7c72ab
com.github.fmjsjx	libnetty-fastcgi	3.2.0		e2f16805a6cfd437cae982a5a565c0a401c7cee5
com.github.fmjsjx	libnetty-fastcgi	3.3.0		5ecc7af0258a7642e484bf6f0a711d4d76d97c6f
com.github.fmjsjx	libnetty-fastcgi	3.3.0-RC1		c2bc57fc9b011e2937cc531d1c93cdc32ee1f93e
com.github.fmjsjx	libnetty-fastcgi	3.3.0-RC2		a1455bbb2c8d06363b48880ec57f9426ac30a22e
com.github.fmjsjx	libnetty-fastcgi	3.3.0-RC3		826d55e5c0d7efb6e2eab271d6a4c1e38684393f
com.github.fmjsjx	libnetty-fastcgi	3.4.0		a6ed44e348c73549cfbbb05fc98c0ed105207ddc
com.github.fmjsjx	libnetty-fastcgi	3.4.0-RC1		16a81f0bf9ac87c42e59c93cce9b3b0149d36739
com.github.fmjsjx	libnetty-fastcgi	3.5.0		a565b229bda24307c3f920007173d1e7d0efc5cd
com.github.fmjsjx	libnetty-fastcgi	3.5.0-RC1		c5f933c919fec9c7a2ae7038b37758fc1cdfbd67
com.github.fmjsjx	libnetty-fastcgi	3.5.1		bf9e3190424d6a0d8fea16dd993eddc9e464af78
com.github.fmjsjx	libnetty-fastcgi	3.5.2		6621ad464e48cb6d962575bb25552a08b47cd3be
com.github.fmjsjx	libnetty-fastcgi	3.5.3		eee3bf433c05a53c59ee1dcdd2f9dc5d18701a86
com.github.fmjsjx	libnetty-fastcgi	3.5.4		9f09767a056932a0b67df3aadf31cf7dbde3e8a7
com.github.fmjsjx	libnetty-fastcgi	3.6.0		1852a011ae0cbd45945d7c48c87a443084000752
com.github.fmjsjx	libnetty-fastcgi	3.6.0-RC1		66176bae2392f6055867e0e886d9b9d79df41e8d
com.github.fmjsjx	libnetty-fastcgi	3.7.0		562b35829d2604f050f3467d16a828698e57407f
com.github.fmjsjx	libnetty-fastcgi	3.7.0-RC1		8ead8fe996baf0293103e4dac59a6c0587ac94db
com.github.fmjsjx	libnetty-fastcgi	3.7.1		1e92947bfb444d2e55a871336c682448f99d2d63
com.github.fmjsjx	libnetty-fastcgi	3.7.2		9aab255955efcc24b8d063172828aa6c46fc5262
com.github.fmjsjx	libnetty-fastcgi	3.7.3		3206861d1d7ce2f91d153dbf8ad4dcdd4329d708
com.github.fmjsjx	libnetty-fastcgi	3.7.4		c52bdae345f10b8293c3512fc035ab69fa7e1a6e
com.github.fmjsjx	libnetty-fastcgi	3.7.5		6137b69e3b1fb0d8cca4b3f61ad577294874887c
com.github.fmjsjx	libnetty-fastcgi	3.7.6		e9f10b507a81065f3b0a85179da55543bf4a9eb6
com.github.fmjsjx	libnetty-fastcgi	3.8.0		ec97302acedf3ee67e05bf6e409e1b3b9caaeda6
com.github.fmjsjx	libnetty-fastcgi	3.8.0-RC1		0db4e80856771243c3c41cfc415a26d5b82e2e73
com.github.fmjsjx	libnetty-fastcgi	3.8.0-alpha1		6e8f375cb695471cd1f37977b4ce959275d33b94
com.github.fmjsjx	libnetty-fastcgi	3.8.0-alpha2		2a00ca63bc3a80128c94e3ca271293c24801de79
com.github.fmjsjx	libnetty-fastcgi	3.8.0-alpha3		4bdb50b827287b4560b9dfbe9475743e73f852cd
com.github.fmjsjx	libnetty-fastcgi	3.8.0-beta1		05f2483ed1c391f217881c78e5d2720f456652e3
com.github.fmjsjx	libnetty-fastcgi	3.8.0-beta2		a063a783b7fc16c322ef3f4db94f908481ea8112
com.github.fmjsjx	libnetty-fastcgi	3.8.0-beta3		281893e3c85fe08df974e97b8a713081eda3b644
com.github.fmjsjx	libnetty-fastcgi	3.8.0-beta4		f5649fe8ef78f4737c50258e4a7ec587bef34685
com.github.fmjsjx	libnetty-fastcgi	3.8.0-beta5		ba84ccdf1fc509b5d5927f40db8d466bff2fdcd2
com.github.icuiacd	token	0.0.1		e3aac224fe8cdbf8dbbb58a5d89beea3bba2cd60
com.github.icuiacd	token	0.0.2		575cdd6131d0010a34492e2099ff7a8a9ef05eee
com.github.icuiacd	token	0.0.3		28c5c41c30d14709517a771f834576cd3c134176
com.github.igor-suhorukov	url-stream-handler-provider	1.2		36aa8b15e1e6b150a65e00e0080a93fadf3f83a5
com.github.japgolly.microlibs	nonempty_sjs1_2.13	2.3		8f84c04bfc144bfb2470b10267652a6d41d4d56b
com.github.japgolly.microlibs	nonempty_sjs1_2.13	2.4		6c24ad5a08b9f6d16904187d1f3aeefd847923a3
com.github.japgolly.microlibs	nonempty_sjs1_2.13	2.5		65c27064788b1d94e13c71558236bfac809ca8d2
com.github.japgolly.microlibs	nonempty_sjs1_2.13	2.6		df97737dda5fa1050ec0a01960a2d7347cc0aa74
com.github.japgolly.microlibs	nonempty_sjs1_2.13	2.6-RC1		28cb07a41c51f670cb1551ad0e0c3e9ab287d0f3
com.github.japgolly.microlibs	nonempty_sjs1_2.13	2.6-RC2		e21c126718ba3047a5d8730cd02e09035f228a71
com.github.japgolly.microlibs	nonempty_sjs1_2.13	2.6-RC3		60fabc9048a2f7bda38a6857e314255475d6f801
com.github.japgolly.microlibs	nonempty_sjs1_2.13	2.6-RC4		58c66c1e3c0c5731b5430d6fcf3048128da3f493
com.github.japgolly.microlibs	nonempty_sjs1_2.13	2.6-RC5		8445ed1c24093e6e43af2ddd6835b3b921aed25f
com.github.japgolly.microlibs	nonempty_sjs1_2.13	2.6-RC6		8af4564eae1d694a9742258d3496786cec057487
com.github.japgolly.microlibs	nonempty_sjs1_2.13	2.6-RC7		dacab15ca8f024411934874a20987e9a5b7ebf41
com.github.japgolly.microlibs	nonempty_sjs1_2.13	3.0		a7f65ba436480004dbd42ad3c5cf25fd4c7452e8
com.github.japgolly.microlibs	nonempty_sjs1_2.13	3.0.1		dfa031b3beeccccc79d9f50019c0b5c4d1a27e44
com.github.japgolly.microlibs	nonempty_sjs1_2.13	4.0.0		133ab382b4fb2b0ba1e83b35b616e41a6fe7e4cc
com.github.japgolly.microlibs	nonempty_sjs1_2.13	4.0.0-RC1		5a28bc5dc5b074a2dc233c348d69e5263104cc0a
com.github.japgolly.microlibs	nonempty_sjs1_2.13	4.1.0		6010bc48eac21c0441b87806e0cb843f88e4f7d7
com.github.japgolly.microlibs	nonempty_sjs1_2.13	4.2.0		865064858a4c8b27723c2c3a2e1b6188bb2d5536
com.github.japgolly.microlibs	nonempty_sjs1_2.13	4.2.1		a274e97827bebee3d5fc1b826493233d6fd2adaa
com.github.rutledgepaulv	injecting-streams	1.0		630f6c00a03a33787e2cb6c38316b63ba9caa86a
com.github.rutledgepaulv	injecting-streams	2.0		416902ef2313e878f8c27186f0bccc7280f8ba4f
com.github.takayahilton	eff-zio_2.12	0.1.0		4e0a08b63fe6e70b844da321a670a1c9aad02bf4
com.github.takayahilton	eff-zio_2.12	0.1.1		a4492905089979be0089e38479120244c7ec048f
com.github.takayahilton	eff-zio_2.12	0.1.2		cbd807f171ce45b84abb1395c5e3297a5ed78669
com.github.takayahilton	eff-zio_2.12	0.1.3		eb2156ba12aebb4f6f9e17acd6282814e1848a48
com.github.takayahilton	eff-zio_2.12	1.0.0		3de24cc2f6e1b5ef9a2753c319e520a3c2628d68
com.github.timofeevda.jstressy	jstressy-echo-websocket-scenario-kotlin	1.0.22		f5aae905a5c727e188cf7c97fee3578d5435115d
com.github.udpnarola	social-login-backend-integration-library	1.0.0		c0c2411848da64ac5069e26426b6b760658c93ae
com.immomo.momomedia	voaac	1.0.202004291828		N/A
com.jgeppert.struts2	struts2-aws-lambda-support-example	1.0.0		5be7e77fe24c109721731e6f29726082e27921b1
com.jgeppert.struts2	struts2-aws-lambda-support-example	1.1.0		8a3b87bcfc88d6f292b8c2b44cdf8743d8781b95
com.jgeppert.struts2	struts2-aws-lambda-support-example	1.2.0		9118374a401603a4e64c9d66c4e35c36a56f4b64
com.jgeppert.struts2	struts2-aws-lambda-support-example	1.3.0		9feae201e52aa795e24e63a72a5abab8ad298745
com.jgeppert.struts2	struts2-aws-lambda-support-example	1.4.0		315f647d7d0a1b3efcb3e4738537bf6b6947fc66
com.jgeppert.struts2	struts2-aws-lambda-support-example	1.4.1		069a7644a9cee9843168b640780c5da98889225f
com.jgeppert.struts2	struts2-aws-lambda-support-example	1.4.2		66692b8f32986a52506e2449d16e3c49fbe5ed3a
com.jgeppert.struts2	struts2-aws-lambda-support-example	1.4.3		180eb5587241f8983f45152bbc65877aba7cff4f
com.kumuluz.ee	kumuluzee-jpa-common	2.1.0		0e4ab89b16f7278168376b2e509bdc9947c4d47d
com.kumuluz.ee	kumuluzee-jpa-common	2.1.0-beta.2		358d0b85d057be767a402eb593c814a4fd6fa805
com.kumuluz.ee	kumuluzee-jpa-common	2.1.0-beta.3		7d1e052efc27f2deaf871f49955e9b04df06251d
com.kumuluz.ee	kumuluzee-jpa-common	2.1.0-beta.4		ee830f4a0664fdcbb810864495471a94d2f3f605
com.kumuluz.ee	kumuluzee-jpa-common	2.1.1		6b283419b31fcd394a95c40f0e3c8f7345d53589
com.kumuluz.ee	kumuluzee-jpa-common	2.2.0		bc2d1fc5150fd8b64287951931c53c717045c865
com.kumuluz.ee	kumuluzee-jpa-common	2.2.0-beta.1		eacbe23afe5e129c66d4dc1c42edce40ce164c2b
com.kumuluz.ee	kumuluzee-jpa-common	2.3.0		74c0e9850d6e383758b0cfd34c2e1b1d0f79c825
com.kumuluz.ee	kumuluzee-jpa-common	2.3.0-beta.1		3be22497adc6bd6ef23e4ecdd6576862ca3c45d1
com.kumuluz.ee	kumuluzee-jpa-common	2.3.0-beta.2		90e8d297ff8f9c2508ed7284264cd749f666145c
com.kumuluz.ee	kumuluzee-jpa-common	2.4.0		a2fe87b7d35179e9e5b4c75f6c5637e2755bccc4
com.kumuluz.ee	kumuluzee-jpa-common	2.4.0-beta.1		7dd69c0734cb6854deee73b58731962d5ea94e11
com.kumuluz.ee	kumuluzee-jpa-common	2.4.0-beta.2		64ee3223f79a0f51a9849ce64ecb69c8aca22167
com.kumuluz.ee	kumuluzee-jpa-common	2.4.1		7261b8be7b85863ba0518505c3c03975455fd737
com.kumuluz.ee	kumuluzee-jpa-common	2.5.0		af6c485eebcf639ca11c9fbfda3f67cc4d006c7a
com.kumuluz.ee	kumuluzee-jpa-common	2.5.1		7ba75e0248ca4d4f45aea553e4272aca6acb92bd
com.kumuluz.ee	kumuluzee-jpa-common	2.5.2		9a0e1e60922422a05ac1e162863ee84649e10b5d
com.kumuluz.ee	kumuluzee-jpa-common	2.5.3		1c9d8f527b92aa9a53682750410cb3c7917ce343
com.kumuluz.ee	kumuluzee-jpa-common	2.6.0		9a3183d02e081710dd8dfeaf6572c434453acb36
com.kumuluz.ee	kumuluzee-jpa-common	3.0.0		a87d62589d7529c501a8fa02fbc4d17a3dc912c7
com.kumuluz.ee	kumuluzee-jpa-common	3.0.0-beta.1		5310cece8e01afe0477e359ba73dd5084bf3cf53
com.kumuluz.ee	kumuluzee-jpa-common	3.0.0-beta.2		7343bd12023f0bb766f94e955e7d01989a2412bb
com.kumuluz.ee	kumuluzee-jpa-common	3.0.0-beta.3		81e5254b21b9f028504028696a85fe312e78cc62
com.kumuluz.ee	kumuluzee-jpa-common	3.1.0		99b02ad896b65b6cd9ebc7fde0dbc613b4739474
com.kumuluz.ee	kumuluzee-jpa-common	3.10.0		641b082774262e78a835bd532f505e9fb8b40536
com.kumuluz.ee	kumuluzee-jpa-common	3.11.0		137f3f7df50b4e77d7e4e7c1c8114439a78e42d8
com.kumuluz.ee	kumuluzee-jpa-common	3.12.0		f1625347a3cd4ec5ed2d314859d04f4a249676ab
com.kumuluz.ee	kumuluzee-jpa-common	3.12.1		c67308bdf082477e86d3aa2f233026181034656c
com.kumuluz.ee	kumuluzee-jpa-common	3.12.2		55586b1d4285f6ba1bd389b976fa46e26d38b362
com.kumuluz.ee	kumuluzee-jpa-common	3.2.0		70bfac58e2fe5377c1b37a2e561a717ef41e5fea
com.kumuluz.ee	kumuluzee-jpa-common	3.3.0		82dfae2636261e082e5bf1074e7b40f150a24f76
com.kumuluz.ee	kumuluzee-jpa-common	3.4.0		3ce7b2cb6498843957d59768f40a7b699d820759
com.kumuluz.ee	kumuluzee-jpa-common	3.4.1		0ae7fa462073993935f6499c0425edba8d03a332
com.kumuluz.ee	kumuluzee-jpa-common	3.5.0		3d384bb71bd8c4962d30b426064394b61105fd01
com.kumuluz.ee	kumuluzee-jpa-common	3.6.0		6e2178b713cc56270fd1ea829e98ab0d47ff316c
com.kumuluz.ee	kumuluzee-jpa-common	3.6.1		d58d1511c0174f7d172c379e9402e65c1022d251
com.kumuluz.ee	kumuluzee-jpa-common	3.7.0		1d6acd26d13ad1ed8338adfcde12b29299362ee5
com.kumuluz.ee	kumuluzee-jpa-common	3.8.0		8da3501c86e5115f8b0b2175d2721050d08ee634
com.kumuluz.ee	kumuluzee-jpa-common	3.9.0		7923fec96b9dd79f6b095b5ab051b8181ad63e2e
com.kumuluz.ee	kumuluzee-jpa-common	4.0.0		edfb909bf4a6cb0135ae21948a9d9f792a8e3915
com.kumuluz.ee	kumuluzee-jpa-common	4.0.0-beta.1		196e6328c594e5e2e3c4d55bbe4b8b033a1c8959
com.kumuluz.ee	kumuluzee-jpa-common	4.1.0		e4d41a7bb0b6fe3f189a913d7f437487ce73a3c2
com.lihaoyi	ammonite-compiler-interface_3.6.3	3.0.1		c8a51e7b8daba661bfeb555bcd9cf5b19fff9aba
com.lihaoyi	ammonite-compiler-interface_3.6.3	3.0.2		34e7561c46ee56fd63b9d16d5303909f7ad48457
com.lihaoyi	ammonite-compiler-interface_3.6.3	dev-0-5b8ba21		a8734b8fe0e13cd781733a30c4dd045a7ae70945
com.mastercard.test.flow	report-core	0.0.10		10de462c020720d2d737d5dd158bde43e0c9e785
com.mastercard.test.flow	report-core	0.0.11		9eb3e819d4944b76039d4d1db7eb416bb3edd259
com.mastercard.test.flow	report-core	0.0.12		69bd8efad6889e478544562a3936e2eb7a6b9616
com.mastercard.test.flow	report-core	0.0.13		56a58fd78e29a9099bd953bbc129c7fd8ff5660f
com.mastercard.test.flow	report-core	0.0.14		33c29de4e8de52ba4a0f7bbc4d61232c20ac8068
com.mastercard.test.flow	report-core	0.0.15		80442a051b1adbc616c1e11577487dc046337970
com.mastercard.test.flow	report-core	0.0.16		714f6b810f4dab129915fa330cd3e247d0410a01
com.mastercard.test.flow	report-core	0.0.4		d45448a3f17a1dc71aa450927c0a475b4f89f59a
com.mastercard.test.flow	report-core	0.0.5		f4b8f5b1a9e9d0c4f49a88484e24607008d6c3cc
com.mastercard.test.flow	report-core	0.0.6		8b86a402a0160b10a927d367e36e0376e7645e47
com.mastercard.test.flow	report-core	0.0.7		90f1190ed80626194f4cd002eb40c9833d1fdf98
com.mastercard.test.flow	report-core	0.0.8		b28bff10f0334a414eb1ba51eae0e2b35e7b5121
com.mastercard.test.flow	report-core	0.0.9		6cf98dd49e4297c4bd60c8ca773aae7d13820b5e
com.mastercard.test.flow	report-core	1.0.0		210d1f11027730050654ef7009b0e8ab04271833
com.mastercard.test.flow	report-core	1.1.2		94179d919ffca2c183e62bc5966298bfc2555878
com.mastercard.test.flow	report-core	1.1.4		55e035eafa8c85657289ee2e444136520b9364e6
com.mastercard.test.flow	report-core	1.1.5		a52d3040e0c9079462445ba3f31e46d43b27e1c8
com.mastercard.test.flow	report-core	1.1.6		f25066b0e7a478ecafcd7b6c9191d506b5c1342b
com.netease.nim	camellia-config	1.2.10		da8ecf29280064180128dd5807ab74a254a1e94c
com.netease.nim	camellia-config	1.2.11		ea277171cd82995be0ca9e1e7a33992c770f3e9c
com.netease.nim	camellia-config	1.2.12		274e1f9d02c67ea8890a5bb9f65ea3edbac798a5
com.netease.nim	camellia-config	1.2.13		4b92388e5eea08217fbff7e3627f102d95dbe2e3
com.netease.nim	camellia-config	1.2.14		8b55fcd88b945481cbfbfe2b79e2367346a3a0f5
com.netease.nim	camellia-config	1.2.15		d378fba6a8ace918a1cce5768c5c5d55c96f0c8f
com.netease.nim	camellia-config	1.2.16		eef23bfd584ed22df51c9951e11698392b84a34e
com.netease.nim	camellia-config	1.2.17		9e5794e9f6bea8a42f8ed3972c67b4b6417bf451
com.netease.nim	camellia-config	1.2.18		0c31b8d3fdc764701976f8780a87d625ad7e4e5e
com.netease.nim	camellia-config	1.2.19		14a9b307d8eb04b8320d79cac8a16b299434d1c1
com.netease.nim	camellia-config	1.2.20		fd118c5b59232d0a729c9ca03bf1eebaedc356de
com.netease.nim	camellia-config	1.2.21		68ed7076c921b86ba502a4a45802e5fd1f01dd70
com.netease.nim	camellia-config	1.2.22		addc0e94a2bda88dfa3ac159c06be784729e5504
com.netease.nim	camellia-config	1.2.23		40169e1663ddf259e459158fba513d9643f2ea77
com.netease.nim	camellia-config	1.2.24		9aeab6806c333bf420f60e19a3a953c9b57434d1
com.netease.nim	camellia-config	1.2.25		251b89228162bb242c5a1655c99eb2dda04307bf
com.netease.nim	camellia-config	1.2.26		8e3996a03a66aa289af035dc3d1f36fe44b6556a
com.netease.nim	camellia-config	1.2.27		1c7c78a3044a924ff34b9e0a2fe593042ea5cb5b
com.netease.nim	camellia-config	1.2.28		c80ce40351eb875cb12c9069b34d70c444ec093b
com.netease.nim	camellia-config	1.2.29		a92fd7b7866c550baffd487f94dd11c7c2233a5d
com.netease.nim	camellia-config	1.2.30		2418e26100aa53dc898a20b95d401abef4b50eb5
com.netease.nim	camellia-config	1.2.4		ac9666ceef6d677926380a4a685f2ac28557124f
com.netease.nim	camellia-config	1.2.5		0656f1c5fd262620f4bf6de2aa3f6a88f35199f9
com.netease.nim	camellia-config	1.2.6		a7d02bd7de7ca192f0f184c71fb8fea764a34bb8
com.netease.nim	camellia-config	1.2.7		b698e996626f2fd392cf2e571668a4ee0ed2719a
com.netease.nim	camellia-config	1.2.8		7dd6fd541f6f2d6c6916cb35decb43df26ec64eb
com.netease.nim	camellia-config	1.2.9		fc3415f1d5645e91e8de828040de2e861142371a
com.netease.nim	camellia-config	1.3.0		28229863c16a5377737099b9fe820ed74638d598
com.netease.nim	camellia-config	1.3.1		ff84955e1b4c42143698d5e8ce1fba8b064bc03b
com.netease.nim	camellia-config	1.3.2		713016a4833c4ba60b1d16ea53f8b6754607e969
com.netease.nim	camellia-config	1.3.3		40c228d02fc2511a67814ec869b4a67171d80c1d
com.netease.nim	camellia-config	1.3.4		5125e52d52a349fe6ff2b6dd604a31676357bb38
com.netease.nim	camellia-config	1.3.5		8a098a95f46183ff2d99e5314d9a04d90e4ef0a3
com.nrinaudo	kantan.regex_2.12	0.1.6		9adb5f82aca77395e0fb2cca008802821ac4921a
com.nrinaudo	kantan.regex_2.12	0.1.7		b07eb7e45437342f88c709824c5c6af652df88be
com.nrinaudo	kantan.regex_2.12	0.1.8		3158d1d3278f14c163270e1b57cf8c189ab44f9e
com.nrinaudo	kantan.regex_2.12	0.1.9		1218fdfbb39ec9867157b4e1f62d32b8d017d070
com.nrinaudo	kantan.regex_2.12	0.2.0		cadb3a923a6cd0278d147c98b35c58b1acaf99b0
com.nrinaudo	kantan.regex_2.12	0.2.2		7019e537db72d5fc798956099038e44de069d695
com.nrinaudo	kantan.regex_2.12	0.3.0		1419be6183efb8e60494a9263a778c4b303ad59f
com.nrinaudo	kantan.regex_2.12	0.3.1		979c5c88dd264bf76a3aafce1647de2d8b741ace
com.nrinaudo	kantan.regex_2.12	0.4.0		5929f7090764d55803477904ae5f119a575b78cf
com.nrinaudo	kantan.regex_2.12	0.5.0		375bd60342f2efd0354c59e40660e6d193d14734
com.nrinaudo	kantan.regex_2.12	0.5.1		93a47246f7c2a0e4cb159096d5188250068f767d
com.nrinaudo	kantan.regex_2.12	0.5.2		4cfca413749c31ee940f0fb07c63376f1be98188
com.nrinaudo	kantan.regex_2.12	0.5.3		90c8f180f035be6a46fd6dec05f308f0844b75dc
com.nrinaudo	kantan.regex_2.12	0.6.0		c2ae35ce2674eab58c1e7973508f53b0d275c6fb
com.oracle.database.jdbc.debug	ojdbc5_g	11.2.0.4		64e37b6d66b43b3c12edc84452331be0eb9e5329
com.pubscale.sdkone	core	0.01-beta2		N/A
com.pubscale.sdkone	core	0.01-beta4		N/A
com.pubscale.sdkone	core	0.02		N/A
com.pubscale.sdkone	core	0.03		N/A
com.pubscale.sdkone	core	0.03-rc1		N/A
com.pubscale.sdkone	core	0.03-rc10		N/A
com.pubscale.sdkone	core	0.03-rc11		N/A
com.pubscale.sdkone	core	0.03-rc12		N/A
com.pubscale.sdkone	core	0.03-rc2		N/A
com.pubscale.sdkone	core	0.03-rc3		N/A
com.pubscale.sdkone	core	0.03-rc4		N/A
com.pubscale.sdkone	core	0.03-rc5		N/A
com.pubscale.sdkone	core	0.03-rc6		N/A
com.pubscale.sdkone	core	0.03-rc8		N/A
com.pubscale.sdkone	core	0.03-rc9		N/A
com.pubscale.sdkone	core	0.04-rc1		N/A
com.pubscale.sdkone	core	0.04-rc2		N/A
com.pubscale.sdkone	core	0.04-rc3		N/A
com.shinesolutions	aem-healthcheck-bundle	1.2		60f868a76ae5ca162c7762fcd2a02524c88fe603
com.shinesolutions	aem-healthcheck-bundle	1.3		24da85a915ed5bd05ad09b89512a668dc236fc03
com.shinesolutions	aem-healthcheck-bundle	1.3.1		f2c0a785861da906bb0ebf44989ec971b6d783ce
com.shinesolutions	aem-healthcheck-bundle	1.3.2		cab534a20e90c2c61da4dfe34dbbb9f5ce780c08
com.shinesolutions	aem-healthcheck-bundle	1.3.3		1a308b1bd897a8717836f0b8669d1b4449fb294c
com.sinkedship.cerberus	cerberus-server-bootstrap-spring-boot-autoconfigure	0.1.0		b647e37ee7a8645a2e9240765128fd82d2e98f2b
com.sinkedship.cerberus	cerberus-server-bootstrap-spring-boot-autoconfigure	0.2.1		b7911eccea1a92d3c5f5bd7383f58fc1c215b513
com.sinkedship.cerberus	cerberus-server-bootstrap-spring-boot-autoconfigure	0.2.2		1a7f3576683a00e05209f6d1709fedf0aaa75ada
com.sun.jersey.contribs.bill-burke-book	ex09_2	1.18.4		N/A
com.sun.jersey.contribs.bill-burke-book	ex09_2	1.19.2		N/A
com.sun.jersey.contribs.bill-burke-book	ex09_2	1.19.3		N/A
com.sun.jersey.contribs.bill-burke-book	ex09_2	1.19.4		N/A
com.thoughtworks.deeplearning	differentiableseq_2.10	1.0.0		7bb9f1d20236ea8a82d77310333dec10f3c825d8
com.thoughtworks.deeplearning	differentiableseq_2.10	1.0.0-M5		2425c0d283b5eec6b97f539f40725e529bd4398f
com.thoughtworks.deeplearning	differentiableseq_2.10	1.0.0-RC0		8325011a8b307c20164ba1e0e8e4d0b050014a66
com.thoughtworks.deeplearning	differentiableseq_2.10	1.0.0-RC1		44f6c62ca3e1ae59f6046e97a5189b353e56468b
com.thoughtworks.deeplearning	differentiableseq_2.10	1.0.0-RC10		2cf9daa07c9b0786e256f39e64843ed3bfdedb26
com.thoughtworks.deeplearning	differentiableseq_2.10	1.0.0-RC11		60e877db9a3e650dbb9bd503f4edc03425e65a40
com.thoughtworks.deeplearning	differentiableseq_2.10	1.0.0-RC2		6601f5419e84162ac010bd318d0b5f0c46caf8c5
com.thoughtworks.deeplearning	differentiableseq_2.10	1.0.0-RC3		6d51cd356571465d3f3405aaba86742d02f71339
com.thoughtworks.deeplearning	differentiableseq_2.10	1.0.0-RC4		ef05998b2a5d38fdb26087bcc817c2196b999f98
com.thoughtworks.deeplearning	differentiableseq_2.10	1.0.0-RC5		81d97011c13908f7c2f97d8b82958a909ef62371
com.thoughtworks.deeplearning	differentiableseq_2.10	1.0.0-RC6		0e5bdd9dca2bcbeb088d67e1f554344b8ee1e17a
com.thoughtworks.deeplearning	differentiableseq_2.10	1.0.0-RC7		a3a7353c34d79f418a3e825609e27cfb986f753d
com.thoughtworks.deeplearning	differentiableseq_2.10	1.0.0-RC8		06cafeea84cd254c8a1d7c442d485028afe8b59d
com.xkcoding.http	simple-http	1.0		0c480ea990821eb2aaa392ca87a947c6133f42f8
com.xkcoding.http	simple-http	1.0.1		bcd76d1cb4e1275434fcfa429688044418a16986
com.xkcoding.http	simple-http	1.0.2		980f7357a30ecbbdc3dde18f9efdf98d342df722
com.xkcoding.http	simple-http	1.0.3		620716509bc168169d65b162c9afe651ce3317fc
com.xkcoding.http	simple-http	1.0.4		b42165f428ca51f88829e5a3959b48ce3bce85dc
com.xkcoding.http	simple-http	1.0.5		61145f9d5c97cb61ac365a59d4232769503462f0
com.zigurs.karlis.utils.search	quicksearch	1.0		1415493caaf8eac1d84057b26f52abf45c698194
com.zigurs.karlis.utils.search	quicksearch	1.1		80bcb0fd2ec5c06c38fd08ea9d0b72ff3fa9dc75
com.zigurs.karlis.utils.search	quicksearch	1.2		c30426bbd0bf62e826229267a2df440b0a23bb22
com.zigurs.karlis.utils.search	quicksearch	1.3		b67c8ee92e2b15a7b90bbbc3defd1e009888f029
com.zigurs.karlis.utils.search	quicksearch	1.4		605ba89cb1f3fb047106c7ae51dfcd66589b98e9
com.zigurs.karlis.utils.search	quicksearch	1.5		d57f170eaf5be7445f2660fb568e478ad0c0d7ef
com.zigurs.karlis.utils.search	quicksearch	1.6		cc253f8600914d8b4f43a7fc513e3cc283ee149a
de.unkrig.autoauth	autoauth-core	0.1.1		39e3b756b6975b83fdea6d6c4dc7e0f771dcc72b
de.unkrig.autoauth	autoauth-core	0.1.1	jar-with-dependencies	09d7767a73fd057fb734fa38e471703129e481f7
de.unkrig.autoauth	autoauth-core	0.1.2		dcda1c343ae2dd71852e5f0319a56af03c5b72d0
de.unkrig.autoauth	autoauth-core	0.1.2	jar-with-dependencies	54e5214eb0187523ba764a07a5c731c8a0299155
de.unkrig.autoauth	autoauth-core	0.1.3		6cbe7f3688a889e34efd219b90c1e2920c901213
de.unkrig.autoauth	autoauth-core	0.1.3	jar-with-dependencies	c2f247460b38b02498d08c5d412c890b3d60d6d1
dev.elide	elide-uuid-watchosarm64	0.8.21		N/A
dev.elide	elide-uuid-watchosarm64	0.8.21	metadata	6b8ed88020f329f8a2c00fd3f5ad96f97cc2eb15
dev.elide	elide-uuid-watchosarm64	0.8.22		N/A
dev.elide	elide-uuid-watchosarm64	0.8.22	metadata	95021755fb58d6a538305dd6d73732a2c0257bbb
dev.elide	elide-uuid-watchosarm64	0.9.10		N/A
dev.elide	elide-uuid-watchosarm64	0.9.10	metadata	792f7dae5160c13008ae6e6e3627e3f12594317f
dev.elide	elide-uuid-watchosarm64	1.9.20-Beta-0.9.20		N/A
dev.elide	elide-uuid-watchosarm64	1.9.20-Beta-0.9.20	metadata	f7a47c3535d0ff784e6492b09cc55ea93ece3f48
dev.elide	elide-uuid-watchosarm64	1.9.20-Beta-0.9.21		N/A
dev.elide	elide-uuid-watchosarm64	1.9.20-Beta-0.9.21	metadata	f7a47c3535d0ff784e6492b09cc55ea93ece3f48
dev.elide	elide-uuid-watchosarm64	1.9.21-0.10.0		N/A
dev.elide	elide-uuid-watchosarm64	1.9.21-0.10.0	metadata	08373f236b52033750637f98083b30680d7647e4
dev.elide	elide-uuid-watchosarm64	2.0.0-Beta-0.10.0		N/A
dev.elide	elide-uuid-watchosarm64	2.0.0-Beta-0.10.0	metadata	f7a47c3535d0ff784e6492b09cc55ea93ece3f48
dev.elide	elide-uuid-watchosarm64	2.0.0-Beta3-0.11.0		N/A
dev.elide	elide-uuid-watchosarm64	2.0.0-Beta3-0.11.0	metadata	cd92f43fbaa399e9380a80091c91437410dae7bf
dev.zio	zio-optics_native0.4_2.11	0.2.0		ada3494015abf2d6e547eae82d71f6ccdf6907e3
dev.zio	zio-optics_native0.4_2.11	0.2.0-RC1		21fcd003c11724900e7093695bf5cd7528fc8d25
dev.zio	zio-optics_native0.4_2.11	0.2.0-RC2		3ef0608d87d4132dec2ea215599c52512b49deb2
dev.zio	zio-optics_native0.4_2.11	0.2.0-RC3		3d9c41bdc521c735aa2ef01e209d7940a18bcde4
dev.zio	zio-optics_native0.4_2.11	0.2.0-RC4		bd7d930e5e7f8824c08304cca4640cf11c45cff7
dev.zio	zio-optics_native0.4_2.11	0.2.1		16d350ac346262d3d12ebe2b857d06374b9701f8
dev.zio	zio-optics_native0.4_2.11	2.0.0-RC4		4ae57b11b13e9296e174363aefe39b3622b3150a
fr.avianey.androidsvgdrawable	core	1.0.0		baf3981dfc8cb70e6faf931562fa37571eb9882e
fr.avianey.androidsvgdrawable	core	1.0.1		0605289b2c039406f2adb05fe632e272a9d42f51
fr.avianey.androidsvgdrawable	core	1.0.2		a7521dec19e12f5202be99803cec606cd493ec1b
fr.avianey.androidsvgdrawable	core	2.0.0		1714f5b087e59189c6da76de645b79415d4854a6
fr.avianey.androidsvgdrawable	core	3.0.0		fd3d68b263ab340256cd4c808052a74e32f522e4
fr.avianey.androidsvgdrawable	core	3.0.1		39fad20e1b71393cb3a36d3d5d4d987c8c82a3a1
fr.avianey.androidsvgdrawable	core	3.0.2		6b24a4a71d86fcad4233f6929235810897e7d7c3
fr.avianey.androidsvgdrawable	core	3.1.0		b964f1f26bcd2b4a44534af2a25dd1204d8e56b4
fr.avianey.androidsvgdrawable	core	3.1.1		f9f4325c0fae5fc40907b9ca7b57dc74662e1452
gov.nih.ncats	smsd-core	2.2.1		a5e882b0e21d6fc2d722322a72750bd7dc45c70f
gov.nih.ncats	smsd-core	2.2.2		186511a1c8cdfba4a81a63d0ff4c05bfb638736c
gov.nih.ncats	smsd-core	2.2.3		74a5c89df68e5a8cf1832ab946ef953fbb8b61ce
gov.nih.ncats	smsd-core	2.2.4		6cf218ab51aa9aa1592ff281f0207b0d399d3dc8
io.fluidsonic.i18n	fluid-i18n-data-identifiers-watchosarm64	0.10.0		N/A
io.fluidsonic.i18n	fluid-i18n-data-identifiers-watchosarm64	0.10.0	metadata	e2df6725b87890cdc249a76758265d69e33fcc7f
io.fluidsonic.i18n	fluid-i18n-data-identifiers-watchosarm64	0.11.0		N/A
io.fluidsonic.i18n	fluid-i18n-data-identifiers-watchosarm64	0.11.0	metadata	5c15511f084a84afb2133a47e778dec5d04d772f
io.fluidsonic.i18n	fluid-i18n-data-identifiers-watchosarm64	0.12.0		N/A
io.fluidsonic.i18n	fluid-i18n-data-identifiers-watchosarm64	0.12.0	metadata	863e2638aaa1c86660d7a458f73326b58d90c663
io.fluidsonic.i18n	fluid-i18n-data-identifiers-watchosarm64	0.13.0		N/A
io.fluidsonic.i18n	fluid-i18n-data-identifiers-watchosarm64	0.13.0	metadata	6f46667a3d18f2f5aa322062b2fd60f466367374
io.fluidsonic.i18n	fluid-i18n-data-identifiers-watchosarm64	0.9.1		b8e064322486952a614ab12393520d24134afbc4
io.fluidsonic.i18n	fluid-i18n-data-identifiers-watchosarm64	0.9.1	metadata	f62f3f52fdac999c1e184745f14f76233a57286f
io.fluidsonic.i18n	fluid-i18n-data-identifiers-watchosarm64	0.9.2		c5657d89b52a62dabfcfaff553416cc47d11e749
io.fluidsonic.i18n	fluid-i18n-data-identifiers-watchosarm64	0.9.2	metadata	99854bc5b7fd58fb21fd8d7b826586a38c720f68
io.fluidsonic.i18n	fluid-i18n-data-identifiers-watchosarm64	0.9.3		N/A
io.fluidsonic.i18n	fluid-i18n-data-identifiers-watchosarm64	0.9.3	metadata	bcd30c4bcc83f4094b8ff10cb85000a9d4d4e111
io.fluidsonic.i18n	fluid-i18n-data-identifiers-watchosarm64	0.9.4		N/A
io.fluidsonic.i18n	fluid-i18n-data-identifiers-watchosarm64	0.9.4	metadata	68432b841217fcc2b04d8cabd070aa6502bcc003
io.gitee.yanbinchen	super-cache-starter	1.0.0		90af989bc66ac9fddd9dac7b9731d679e5aee67f
io.gitee.yanbinchen	super-cache-starter	1.0.1		e44eae0f2e8470c428a0302fc140fc359e02cf8a
io.github.cdklabs.cdk_cloudformation	newrelic-observability-alertspolicy	1.0.0-alpha.7		c1e6760a3ea598097c71eb61ac8ba6314fedb90d
io.github.joreilly	mpp-sample-lib-android-debug	0.0.2		N/A
io.github.padaiyal.libs	vaidhiyar	2023.01.18		23fc6464cb89e492dc528c3f809ee9ad70ab1657
io.github.padaiyal.libs	vaidhiyar	2023.02.06		7c29c48b4eefb14957fc40d939f8cc8abc50e7d9
io.github.padaiyal.libs	vaidhiyar	2023.02.07		bdd256fe31b9e0c3d186e9955bfe71f5fd81fcd5
io.github.padaiyal.libs	vaidhiyar	2023.12.11		d6a7e2837460e7a7aa7e3c768b0dc8bde3f55581
io.github.software-hhao	hhao-common-core	0.0.8		27ba20f002ea87418881450e5fc119f0815410d0
io.github.software-hhao	hhao-common-core	0.0.9		68af5779f3c541eff4babed162ca69581bb39810
io.github.software-hhao	hhao-common-core	1.0.4		c13cf0eee408a8c88fee6aa2b9f733fa71cd3601
io.github.software-hhao	hhao-common-core	1.1.0		635b6cad7efe70ff1bffbbe72b9289c04d4ec2cb
io.github.software-hhao	hhao-common-core	3.0.2		ff14aa38fccdeea5cdd04d9e4daf1872f4594525
io.github.software-hhao	hhao-common-core	3.0.3		79970af353e18f3d21b4f8add49b1cca59ebc0b9
io.github.software-hhao	hhao-common-core	3.0.4		d04972042746307d459a5c1598c436baa67401d2
io.github.woody230.ktx	serialization-yaml	6.0.0		07f7ff25d2f1629ce1afeb5afd29f83ee183c025
io.github.woody230.ktx	serialization-yaml	6.1.0		07f7ff25d2f1629ce1afeb5afd29f83ee183c025
io.github.woody230.ktx	serialization-yaml	6.2.0		e1494d6aa2a595f8a102fd4d2cafd2189298f59e
io.github.woody230.ktx	serialization-yaml	6.3.0		e1494d6aa2a595f8a102fd4d2cafd2189298f59e
io.github.woody230.ktx	serialization-yaml	6.4.0		e1494d6aa2a595f8a102fd4d2cafd2189298f59e
io.github.woody230.ktx	serialization-yaml	6.5.0		e1494d6aa2a595f8a102fd4d2cafd2189298f59e
io.github.woody230.ktx	serialization-yaml	6.6.0		e1494d6aa2a595f8a102fd4d2cafd2189298f59e
io.github.woody230.ktx	serialization-yaml	7.0.0		e1494d6aa2a595f8a102fd4d2cafd2189298f59e
io.streammachine.public_schemas	clickstream	0.2.0		cca3a913e0448547e845049f9bd58a42eccfb845
it.unibo.collektive	collektive-stdlib-macosx64	22.0.0		N/A
it.unibo.collektive	collektive-stdlib-macosx64	22.0.0	metadata	0bf86727ed24d56fb1fe47021dddfae2211f44bb
it.unibo.collektive	collektive-stdlib-macosx64	22.0.1		N/A
it.unibo.collektive	collektive-stdlib-macosx64	22.0.1	metadata	ca4eebb0fbcf37f0345bc655027946e0891fd82a
it.unibo.collektive	collektive-stdlib-macosx64	22.1.0		N/A
it.unibo.collektive	collektive-stdlib-macosx64	22.1.0	metadata	5294fa361f0c626f2e708ab237db4872b3af1c5e
it.unibo.collektive	collektive-stdlib-macosx64	22.2.0		N/A
it.unibo.collektive	collektive-stdlib-macosx64	22.2.0	metadata	dc9e0ea04a7abbed0c0aa23cd5e40e5e9e79311d
it.unibo.collektive	collektive-stdlib-macosx64	22.3.0		N/A
it.unibo.collektive	collektive-stdlib-macosx64	22.3.0	metadata	e257206e657d552fd40da3893f7c7bb155b11886
it.unibo.collektive	collektive-stdlib-macosx64	22.3.1		N/A
it.unibo.collektive	collektive-stdlib-macosx64	22.3.1	metadata	4f239dd96297b5f83f9dc598707a4bfefa0961e3
it.unibo.collektive	collektive-stdlib-macosx64	22.3.2		N/A
it.unibo.collektive	collektive-stdlib-macosx64	22.3.2	metadata	5c155dc51e4dfbabf4c232c99a94a9678744decc
it.unibo.collektive	collektive-stdlib-macosx64	23.0.3		N/A
it.unibo.collektive	collektive-stdlib-macosx64	23.0.3	metadata	9da87db74120e00f0df7face2797f0687c3c2e96
it.unibo.collektive	collektive-stdlib-macosx64	23.0.4		N/A
it.unibo.collektive	collektive-stdlib-macosx64	23.0.4	metadata	2428f3900835e9cb850f4fa8201a8187f35c737c
it.unibo.collektive	collektive-stdlib-macosx64	24.0.0		N/A
it.unibo.collektive	collektive-stdlib-macosx64	24.0.0	metadata	51039fc789028bf5023d775be60ce0a9b1a9d9f7
it.unibo.collektive	collektive-stdlib-macosx64	24.0.1		N/A
it.unibo.collektive	collektive-stdlib-macosx64	24.0.1	metadata	cfa56d4a846ee4747b38105436a06da64b85fdc9
it.unibo.collektive	collektive-stdlib-macosx64	24.0.2		N/A
it.unibo.collektive	collektive-stdlib-macosx64	24.0.2	metadata	e9cac9d5b89cfeaa6cee2018a886c4005bd71f8e
it.unibo.collektive	collektive-stdlib-macosx64	24.0.3		N/A
it.unibo.collektive	collektive-stdlib-macosx64	24.0.3	metadata	ca4d936f6fc333772fd8584522d6a72c5ef95d8f
me.champeau.astro4j	math	2.7.3		08ad46ff1cd76fbe6da52bff9751326b57a047e5
me.hsgamer	topper-spigot-query-forward-plugin	3.8.0		d49fbf920b6efe40ec89389be01bb96f36629c6e
me.hsgamer	topper-spigot-query-forward-plugin	3.8.1		c262a33f97233b26e855a6d3cd51e0ad64acded1
me.hsgamer	topper-spigot-query-forward-plugin	3.8.2		77a736c5c3abede1f62ef01ddb51813b71927f73
me.hsgamer	topper-spigot-query-forward-plugin	3.9.0		3f0cfa647d6a4c5e35ba2d13b257d91df8563871
net.exoego	aws-sdk-scalajs-facade-fms_sjs0.6_2.12	0.24.0-v2-473-0		0d94d0d2d263da1730f894bba3fc0346fc762bdb
net.exoego	aws-sdk-scalajs-facade-fms_sjs0.6_2.12	0.24.1-v2-473-0		db371172e3ac7fdb771adcf04eb3aba5018e5ea1
net.exoego	aws-sdk-scalajs-facade-fms_sjs0.6_2.12	0.24.2-v2-437-0		d1243aa1ea64ff95067e3a19b98f552bd0096367
net.exoego	aws-sdk-scalajs-facade-fms_sjs0.6_2.12	0.25.0-v2-518-0		6a2ddd801e217b5f79ab3321e9de8b44a61deae6
net.exoego	aws-sdk-scalajs-facade-fms_sjs0.6_2.12	0.26.0-v2.524.0		6acf5ace821ce13e66e3de48826b95e9b8e3ec7f
net.exoego	aws-sdk-scalajs-facade-fms_sjs0.6_2.12	0.26.1-v2-524.0		ee268b74a1a0fa9132cdfbed4a9fc530da1a5ad5
net.exoego	aws-sdk-scalajs-facade-fms_sjs0.6_2.12	0.26.1-v2.524.0		ad52f591ab6936dcb1f942368b07de7b97ab7819
net.exoego	aws-sdk-scalajs-facade-fms_sjs0.6_2.12	0.27.0-v2.571.0		7607ae3570c72d6c9c4e23d01a6342ec9ff18cfe
net.exoego	aws-sdk-scalajs-facade-fms_sjs0.6_2.12	0.28.0-v2.596.0		f1f3c6c7db85a1d195c6817fb662bb0ff2fc4b6e
net.exoego	aws-sdk-scalajs-facade-fms_sjs0.6_2.12	0.29.0-v2.624.0		8180cecd22ba6b62aad61801614393d2690fa851
net.exoego	aws-sdk-scalajs-facade-fms_sjs0.6_2.12	0.30.0-v2.715.0		317b8fac9180f38158227ac5d46c4385eaed5769
net.java.sezpoz.demo	plugin1	1.0		db3f0b05ab18f408c4712cf88b4216bbc26fc542
net.java.sezpoz.demo	plugin1	1.1		5c213f082bf4171361b353ac4e70a9cd0b8bcbf8
net.java.sezpoz.demo	plugin1	1.2		72524be9e2323b501a852389d482d842697c43d2
net.java.sezpoz.demo	plugin1	1.3		6a6384328acf99545a43a4816772bde89de271da
net.java.sezpoz.demo	plugin1	1.4		16661a4bca0d97b0b3661c3cbdae072aa57b2fc8
net.java.sezpoz.demo	plugin1	1.5		db50856991353ed95b880e43fd0e5d20438a4dac
net.java.sezpoz.demo	plugin1	1.6		46e1731d01c5803e633e850ab5a066ff596a2710
net.javacrumbs.future-converter	spring-java8	0.0.1		3f1e6ceab1553824859c59996240bd9e86826522
net.javacrumbs.future-converter	spring-java8	0.0.2		22d1365b8f21278d1be76bd480067b50259abca1
net.javacrumbs.future-converter	spring-java8	0.0.3		e979a1313e5cb6c557f44633ffd4272ac2b2db06
net.javacrumbs.future-converter	spring-java8	0.0.4		a35efa17ec8cdc8f76acb076f5fe59b3ebd8b0a4
net.liftweb	lift-mapper_2.10	2.5		b4221ae698d1872dd403a9ecb8ca64f6e576937e
net.liftweb	lift-mapper_2.10	2.5-M4		c3462b466a6cb9919f498b365620141289b5e855
net.liftweb	lift-mapper_2.10	2.5-RC1		b6a4563187ac6d3c109c9a215717d44f9bbd7f16
net.liftweb	lift-mapper_2.10	2.5-RC2		0b309a587af39bc28e312c721f0eef3f69df50b2
net.liftweb	lift-mapper_2.10	2.5-RC3		bbd62beb8e5ddd53058f8a39050c61ac9c5ec788
net.liftweb	lift-mapper_2.10	2.5-RC4		3038d345f0a21e11384c3b1d228bce312001227b
net.liftweb	lift-mapper_2.10	2.5-RC5		9db54daa9b8da009753cd375677b058f7f6419d3
net.liftweb	lift-mapper_2.10	2.5-RC6		48d3d75fd4352ca9dd2cb445e78eac2c81e96745
net.liftweb	lift-mapper_2.10	2.5.1		bd55a3b3bfd34936c3a6d6e69a0e85db820aaaa2
net.liftweb	lift-mapper_2.10	2.5.2		62feb0fcba731dbd9be7dac67cf321ae809633c7
net.liftweb	lift-mapper_2.10	2.5.3		5a7994f2604e7b402415cc5b6a1db3f74ed7e80a
net.liftweb	lift-mapper_2.10	2.5.4		05ecc3fe34b3c246252254ab4a1bf0206802acc8
net.liftweb	lift-mapper_2.10	2.6		9d2406964b8e31bb6f61c45e415d7efec0f1af72
net.liftweb	lift-mapper_2.10	2.6-M1		6bfe06c500db636ddf5853b263bf61d59868ac93
net.liftweb	lift-mapper_2.10	2.6-M2		a7a813e08210f97f7878c2079a8f0d207ef3d4c2
net.liftweb	lift-mapper_2.10	2.6-M3		7f77507c6c2d61477c953eb10e3257c241417b69
net.liftweb	lift-mapper_2.10	2.6-M4		b43f2ec33b63a669cd54db3746f9e87af0659321
net.liftweb	lift-mapper_2.10	2.6-RC1		dc1c1af9a32a015874f64875939e0d1d4b43e75b
net.liftweb	lift-mapper_2.10	2.6-RC2		8f74461283e9c2e96ff9c43aad7cb489d538cbfe
net.liftweb	lift-mapper_2.10	2.6.1		6300e49a9f1337d96d6b16d9391ac1188d883abe
net.liftweb	lift-mapper_2.10	2.6.2		7bfb5ffd7bf06e64bf63b6f2da7c6d99f61471d4
net.liftweb	lift-mapper_2.10	2.6.3		230dd10971969839f080dad5ed214d846c0279f7
net.liftweb	lift-mapper_2.10	3.0-M0		5a252ece875c74003d812402d6592747393dd1ba
net.liftweb	lift-mapper_2.10	3.0-M1		0f49ca0d6010a99e79c933fa6fa59f0768039e32
net.sourceforge.fuzzyservices	fuzzyservices-beans	1.0		447b23f11a032b91c178e4fe4735e55e25cfb11b
org.apache.edgent.java7	edgent-connectors-websocket-misc	1.2.0		f7b4a5ec50257c9f4103fc85abb5b4a4f6127151
org.apache.james	event-sourcing-core	3.1.0		6557a0b65b2d6d7bbe8f6445302cd898dd4b40b8
org.apache.james	event-sourcing-core	3.2.0		208c988457cdbbf41c84ebf87c841e4a159d8b35
org.apache.james	event-sourcing-core	3.3.0		0d0cb80fa961558f38b4da09409b0cc7a911607d
org.apache.james	event-sourcing-core	3.4.0		e00ab76e78a54b78891d26f22f80ef6bec6799b5
org.apache.james	event-sourcing-core	3.5.0		8bbf8ccf8097a916af77fa5f51d1eac49568afc9
org.apache.james	event-sourcing-core	3.6.0		5c468fa37604577fa152b61a81588ab4012626f4
org.apache.james	event-sourcing-core	3.6.2		3afd48835aed3a56d7ba1ff74eb5901686989a6a
org.apache.james	event-sourcing-core	3.7.0		d8a308b953ba9d2097a5b5c8f5b4bb2b90e88cf0
org.apache.james	event-sourcing-core	3.7.1		6d3b5439340a1d80b90f11a604928879b93d689f
org.apache.james	event-sourcing-core	3.7.2		5592c47522f9536e48ee60ec2a6a72183e8b8e68
org.apache.james	event-sourcing-core	3.7.3		ddab5309f6d02a1ac75722d574023636c578679a
org.apache.james	event-sourcing-core	3.7.4		cb63761133647576d9d17e598e80ec9eb46ee9b3
org.apache.james	event-sourcing-core	3.7.5		5f9607ff03a4929ea9d360da15188e3e9bd05891
org.apache.james	event-sourcing-core	3.7.6		25de5e462f406175cfb04f719767be43bbf86837
org.apache.james	event-sourcing-core	3.8.0		fe391b11fa672519716df931c1250397a93a1893
org.apache.james	event-sourcing-core	3.8.1		1268208e0326358c007d923708cf85f340524eb7
org.apache.james	event-sourcing-core	3.8.2		d9f0de677f921116cb33fabc1944be91ef9f7a67
org.apache.jmeter	ApacheJMeter_http	2.10		ebef14e737b3d196f6357aee7d132e50ad3b25b4
org.apache.jmeter	ApacheJMeter_http	2.11		c70db9219d28e01c3ec82d7ef4d3734129dd8125
org.apache.jmeter	ApacheJMeter_http	2.12		f03b817b1268f9a230523406d0fa106986ed3502
org.apache.jmeter	ApacheJMeter_http	2.13		3c06ecdb5a4ac30449acea6487949a8c125fd547
org.apache.jmeter	ApacheJMeter_http	2.6		0bf298d76ea425eaee3ef25d763c85e8dcb0bd95
org.apache.jmeter	ApacheJMeter_http	2.7		0253282b3c115c7f3f351bfebdc2ffd30cd25bf9
org.apache.jmeter	ApacheJMeter_http	2.8		0494f0e17b1f6c2269acbefd2951990986c760ed
org.apache.jmeter	ApacheJMeter_http	2.9		d18ed65aadd2397fb431ca5480ca64bd0f4682e5
org.apache.jmeter	ApacheJMeter_http	3.0		253b142e3fad5d955b349dfe7502a26035d7f9d2
org.apache.jmeter	ApacheJMeter_http	3.1		a26271f97ca533134e5c4007db95070d7e3f0bbd
org.apache.jmeter	ApacheJMeter_http	3.2		3222d96e1ac23457bf77d0d18e342bd314dc56ae
org.apache.jmeter	ApacheJMeter_http	3.3		cf71419ae5d286a216072665ec77068821ecbc20
org.apache.jmeter	ApacheJMeter_http	4.0		f9795e33bb8cf2d0b7b70bb8e28909dceaa47627
org.apache.jmeter	ApacheJMeter_http	5.0		8dcc39b9b80434362a64494d6c0560dab6196116
org.apache.jmeter	ApacheJMeter_http	5.1		0af9342f4022169d2aa5423a544859e969fa3bf7
org.apache.jmeter	ApacheJMeter_http	5.1.1		d6ba5e0d3330f981c86ce212e874e7968d7185d7
org.apache.jmeter	ApacheJMeter_http	5.2		d5dc056fa2405dc62d7fadf28c4a750627bc038b
org.apache.jmeter	ApacheJMeter_http	5.2.1		f47d12d41328db45a33cf6e8c6062527f43137c6
org.apache.jmeter	ApacheJMeter_http	5.3		9145aa32826b31aa65892768284b3015f382e21d
org.apache.jmeter	ApacheJMeter_http	5.4		18d1b00e7b38c95888e92f3b993f0c6a12572c1c
org.apache.jmeter	ApacheJMeter_http	5.4.1		bafb871e79a50d1967651e46cfa05cdb3170f14c
org.apache.jmeter	ApacheJMeter_http	5.4.2		ac69af8de7156c5bf685bd012044a2fdcb4f6b9e
org.apache.jmeter	ApacheJMeter_http	5.4.3		e263573776ab24c9c2eeb392edd708c7195927af
org.apache.jmeter	ApacheJMeter_http	5.5		57080bfdbefa8ad741f52bea1a733460ab1e449e
org.apache.jmeter	ApacheJMeter_http	5.6		5ece4ab567c85924e1c16cce36c4ae55d854576a
org.apache.jmeter	ApacheJMeter_http	5.6.1		0b79b2268a284e46c2cca1fc2d38a817adee22a0
org.apache.jmeter	ApacheJMeter_http	5.6.2		55fc1541337723b22c75dd2f3ba3aa6b30299e6e
org.apache.jmeter	ApacheJMeter_http	5.6.3		3ac34a64118284b31141c7067994127cb1f6c07e
org.apache.nifi	nifi-hashicorp-vault-nar	1.15.0		N/A
org.apache.nifi	nifi-hashicorp-vault-nar	1.15.1		N/A
org.apache.nifi	nifi-hashicorp-vault-nar	1.15.2		N/A
org.apache.nifi	nifi-hashicorp-vault-nar	1.15.3		N/A
org.apache.nifi	nifi-hashicorp-vault-nar	1.16.0		N/A
org.apache.nifi	nifi-hashicorp-vault-nar	1.16.1		N/A
org.apache.nifi	nifi-hashicorp-vault-nar	1.16.2		N/A
org.apache.nifi	nifi-hashicorp-vault-nar	1.16.3		N/A
org.apache.nifi	nifi-hashicorp-vault-nar	1.17.0		N/A
org.apache.nifi	nifi-hashicorp-vault-nar	1.18.0		N/A
org.apache.nifi	nifi-hashicorp-vault-nar	1.19.0		N/A
org.apache.nifi	nifi-hashicorp-vault-nar	1.19.1		N/A
org.apache.nifi	nifi-hashicorp-vault-nar	1.20.0		N/A
org.apache.nifi	nifi-hashicorp-vault-nar	1.21.0		N/A
org.apache.nifi	nifi-hashicorp-vault-nar	1.22.0		N/A
org.apache.nifi	nifi-hashicorp-vault-nar	1.23.0		N/A
org.apache.nifi	nifi-hashicorp-vault-nar	1.23.1		N/A
org.apache.nifi	nifi-hashicorp-vault-nar	1.23.2		N/A
org.apache.ozhera	ozhera-prometheus-agent-client	2.2.2-incubating		3f7a47774bbde9dcf76bfba8edf884208f829da3
org.apache.ozhera	ozhera-prometheus-agent-client	2.2.3-incubating		2c177dcac465f2d279dcefd54dc5bd9a29c58c2b
org.apache.ozhera	ozhera-prometheus-agent-client	2.2.5-incubating		1d894d45366940efb4ce0cc4b2d17493004855b2
org.apache.portals.jetspeed-2	jetspeed-capability	2.0		6c3c1e608a6b492e68b99a50a2f7db159cdf2abe
org.apache.portals.jetspeed-2	jetspeed-capability	2.1.3		ce5921839fd92c0f807adbccd86a139b2f0dc1cc
org.apache.portals.jetspeed-2	jetspeed-capability	2.1.4		ebc4f1a1b43372ce78ec1fea9b68238b3e2d06c1
org.apache.portals.jetspeed-2	jetspeed-capability	2.2.0		f31c53c3a3a68b6e73fffc828206bc7409fd0c96
org.apache.portals.jetspeed-2	jetspeed-capability	2.2.1		a11cdcb2ad2a67d725a01b43f14a0b1258e3cdd2
org.apache.portals.jetspeed-2	jetspeed-capability	2.2.2		3646cbc8a66b77de6e684d74384a8f5a4b6d154d
org.apache.portals.jetspeed-2	jetspeed-capability	2.3.0		b98051525352c0d461aba9a2bdf6badceb2dbb78
org.apache.portals.jetspeed-2	jetspeed-capability	2.3.1		6f232aca686f1cc39e83190c687083566a25d839
org.apache.servicemix.kernel.testing	org.apache.servicemix.kernel.testing.support	1.0-m1		75a2a66f953491a0c3ab4fde8a9cf0bb22f07840
org.apache.servicemix.kernel.testing	org.apache.servicemix.kernel.testing.support	1.0-m2		fb81a56526cfe740e840ba949d978f8c7de5f6e6
org.apache.servicemix.kernel.testing	org.apache.servicemix.kernel.testing.support	1.0-m3		8595b9bdcd7cae99315a5812ed374e169e97773e
org.apache.servicemix.kernel.testing	org.apache.servicemix.kernel.testing.support	1.0.0		de07e60b74afcd15bd772db6c7ba849852591408
org.apache.servicemix.kernel.testing	org.apache.servicemix.kernel.testing.support	1.0.0-rc1		58a2754c2403cba7281228f69aaa549a87fd82dd
org.apache.servicemix.kernel.testing	org.apache.servicemix.kernel.testing.support	1.0.0-rc2		fdf4246657056f86ba00a6a29bc9d1074c78e14b
org.apache.servicemix.kernel.testing	org.apache.servicemix.kernel.testing.support	1.1.0		a9a13b0eacd5ed829747f5271e40c2ae8c16a547
org.apache.tuscany.sca.samples	sample-binding-comet-weather-webapp	2.0		N/A
org.axonframework.extensions.mongo	axon-mongo-spring	4.10.0		fc6674f71f5afcaefea18efeb8922b5a21589efd
org.axonframework.extensions.mongo	axon-mongo-spring	4.11.0		35ddcd425a7dc997928e8ef051e17d6bdf8707c2
org.axonframework.extensions.mongo	axon-mongo-spring	4.11.1		cc6744f2a6b8832fb9cbfa7eefe9197d32da5df5
org.axonframework.extensions.mongo	axon-mongo-spring	4.7.0		7e146fea1dad5ca2ff1b9ab17d7d55ac04ce3908
org.axonframework.extensions.mongo	axon-mongo-spring	4.8.0		02c30a069a99343f6cdc12e8ab14145670b906ee
org.axonframework.extensions.mongo	axon-mongo-spring	4.9.0		813a5d8118570629aa26029692d9f5356634959c
org.dellroad	java-console-toolkit-jshell	1.0.0		e1cffa634a938c1d0970f5b7788d2518a61f683e
org.dellroad	java-console-toolkit-jshell	1.0.1		b39728a30bf8b9d8b5c1ea7d6a077e1ba3b5a080
org.dellroad	java-console-toolkit-jshell	1.0.2		fc16d0cc1a1a849d08988013e0fc30052fd6bdc3
org.dellroad	java-console-toolkit-jshell	1.0.3		6f405320b8c63a26239de026aa23761c87e2f407
org.dellroad	java-console-toolkit-jshell	1.0.4		64fefa1a386cf1330bd0d8ab7d02d19e963cb82c
org.dellroad	java-console-toolkit-jshell	1.0.5		86cbea16976f9c27809cadbe2901735f9c63ee79
org.hibnet	webpipes-emberjs-test	0.0.2		5ba1fbd496d83e16680ad61f490f329c6f512aea
org.hibnet	webpipes-emberjs-test	0.0.3		cee2bf91ee3d7b0025b2d929ccb3c1ff882fd9e4
org.hibnet	webpipes-emberjs-test	0.0.4		dad5308d3af00d4d87ec407ac8073384b17e7327
org.http4s	http4s-session_sjs1_3	0.2.0		e0cd7018c8adae49b2767f781a24bd7f6be8be39
org.kie	kie-addons-process-svg	10.0.0		80cf51421c52058ed7bcc4dda0601ebc70071373
org.kie	kie-karaf-itests	7.0.0.Beta2		0d18df53b8db88f99c2225aff32a7d3aeb8b5280
org.kie	kie-karaf-itests	7.0.0.Beta3		71880e5e5c08ee7f62e10b18824333219eb2cd5c
org.kie	kie-karaf-itests	7.0.0.Beta4		4dbb2b67bada7b100f3ed906a19cc7bfb67027d4
org.kie	kie-karaf-itests	7.0.0.Beta5		c684c2b74e9f756df82b863be0de48cd2c3cc41e
org.kie	kie-karaf-itests	7.0.0.Beta6		30310053c6090f4be87685d195e3bf3560d03d08
org.kie	kie-karaf-itests	7.0.0.Beta7		3a67b46552145200bcbbb00be822c730a67bd5de
org.kie	kie-karaf-itests	7.0.0.Beta8		5120ec3c2d6e0c2b5dc331d94314a46b910b0248
org.kie	kie-karaf-itests	7.0.0.CR1		3d6c7998537e031bea07274880beafa7f4820785
org.kie	kie-karaf-itests	7.0.0.CR2		85ff6aa939f290a784276f791f3835552346e5a6
org.kie	kie-karaf-itests	7.0.0.CR3		23ddb9df65c74fcb29d5511f4c9201ef79cd0dbb
org.kie	kie-karaf-itests	7.0.0.Final		78838a50b09ee9ce30cc838f7604aa37ecfaa980
org.kie	kie-karaf-itests	7.1.0.Beta1		6f89612c01bd181d2cacc4cb2648afbf2345d170
org.kie	kie-karaf-itests	7.1.0.Beta2		48af15c8595e6d6411e5e195fdcf1406770a83ab
org.kie	kie-karaf-itests	7.1.0.Beta3		9e4491e99c114da160ab12ffd88fdad55a458147
org.kie	kie-karaf-itests	7.1.0.Final		9711284a5601b9f8c0e723e6d90e0b76dd43480b
org.kie	kie-karaf-itests	7.10.0.Final		11d27189eddfcb24075de03748877df65a272113
org.kie	kie-karaf-itests	7.11.0.Final		7266d3b575cfc51b9418d3bd80d2593c2b479702
org.kie	kie-karaf-itests	7.12.0.Final		aaddc05614ded9b2700e9225a829fab5e79a75a1
org.kie	kie-karaf-itests	7.13.0.Final		c79ce6c78a202ba5174f5c50d37f6a473e97bb7e
org.kie	kie-karaf-itests	7.14.0.Final		71bcfb820f64b8a7052fd164a59e91748ebb3a08
org.kie	kie-karaf-itests	7.15.0.Final		8df665ef94db6d9966e5954341c3b2b9dd3aded3
org.kie	kie-karaf-itests	7.16.0.Final		1d129b4befe10985a079c310cf1565f7f40899bb
org.kie	kie-karaf-itests	7.17.0.Final		c3810542fdfe236d0a9e5d19432fb5f674d79aaa
org.kie	kie-karaf-itests	7.18.0.Final		b7c902d4e8321434ce41475d743db958356c5875
org.kie	kie-karaf-itests	7.19.0.Final		07428ee414a6b13ab616352abb244441e999f629
org.kie	kie-karaf-itests	7.2.0.Final		16109ae20f42b6c2202293373caebace385582b4
org.kie	kie-karaf-itests	7.20.0.Final		ab2b4ec67fd2364e709e49ce6c15074067a43b83
org.kie	kie-karaf-itests	7.21.0.Final		0ed5d4b30090424f937b614a136d409d4fa7adc7
org.kie	kie-karaf-itests	7.22.0.Final		0eafbecfd1fdbc7e42fe89eec2ec6c9bae58c1aa
org.kie	kie-karaf-itests	7.22.0.t042		dd21127c73dd5b36251629a5b8efb39fd99fb00e
org.kie	kie-karaf-itests	7.23.0.Final		d7322b9ec21d597a2d48f4f78af79049735f7b0b
org.kie	kie-karaf-itests	7.24.0.Final		de3d4aca859e1481ea7fb1d36fc4e321447d4cc8
org.kie	kie-karaf-itests	7.24.0.t043		32cab40cbf7437921cfd63de9f20715fe5932828
org.kie	kie-karaf-itests	7.25.0.Final		b2f8f3dd3c9ff2229e8db9346d86012b45452f33
org.kie	kie-karaf-itests	7.26.0.Final		813dd0b9b5c156349ae2ab3c801fdbacc32fd531
org.kie	kie-karaf-itests	7.27.0.Final		2ba2da4d31a62da8d1e539a4d34c2f8fa6b46b6a
org.kie	kie-karaf-itests	7.28.0.Final		2fcf2cf9cb68b26fe2c69449b718914da5b4ef7f
org.kie	kie-karaf-itests	7.29.0.Final		5c33619f3255850a8323b2a64dc9fb36da91fc97
org.kie	kie-karaf-itests	7.3.0.Final		e3b7718401a6c90fc1c85b6e4d5b957eaccab62e
org.kie	kie-karaf-itests	7.30.0.Final		ae4b8775dd2bf6894c7d83fb05cdde50283457bf
org.kie	kie-karaf-itests	7.31.0.Final		da7f3ec7318f978e90384b793bddedf9a627bfb7
org.kie	kie-karaf-itests	7.32.0.Final		3a67447a942e08475d4f5d5888fc0571be6d77fe
org.kie	kie-karaf-itests	7.33.0.Final		a10940d7dbcb385f7ce8483f2c3fde6fcf04456a
org.kie	kie-karaf-itests	7.34.0.Final		35c01c0a0c93e0894af79ac17a82e82a86c89a84
org.kie	kie-karaf-itests	7.35.0.Final		450282fe47598296f7b87cb566ada51910df91f1
org.kie	kie-karaf-itests	7.36.0.Final		b1ce8783893c3edc40313d418e42112a105f0525
org.kie	kie-karaf-itests	7.36.1.Final		f0aafcc84aa1f9d92fc29eeafab9bf4c9da31897
org.kie	kie-karaf-itests	7.37.0.Final		c41aef8145d129baf68ab991aa4e9476b32169c8
org.kie	kie-karaf-itests	7.38.0.Final		c17e3515c87c497434844ee714cc7d0db4e06d43
org.kie	kie-karaf-itests	7.39.0.Final		80165088fd25232ec036d06944cbd16d1ffcf52c
org.kie	kie-karaf-itests	7.4.0.Final		9c207fef8d2231f5609bf7e8c2ea82e2b9cbc812
org.kie	kie-karaf-itests	7.4.1.Final		fe68aeba8a150ba6ee63529fab4f56219f82f57f
org.kie	kie-karaf-itests	7.40.0.20200703		f358bf7277ea813c4dbeb21a20f290630d0d7b43
org.kie	kie-karaf-itests	7.40.0.Final		1b09f64ce2f1f60fe0ee9715752fca4cafebe0cd
org.kie	kie-karaf-itests	7.41.0.Final		f00cac0e0a29e0bda290eb9a1f61622b5188d243
org.kie	kie-karaf-itests	7.41.0.t20200723		a1f98fa25281c446dcca724a856787f2391a5f54
org.kie	kie-karaf-itests	7.42.0.Final		c9edae9f1835407540a75ce5588fe43474428147
org.kie	kie-karaf-itests	7.43.0.Final		31d27dfb62f4e5f4234243bc31b840d328dbe803
org.kie	kie-karaf-itests	7.43.1.Final		95ef7a99e07b0eac3374f5e1d779e0cc7d27a00d
org.kie	kie-karaf-itests	7.44.0.Final		d09b7e54081e529df5c343b6d9ad4da73727f18b
org.kie	kie-karaf-itests	7.45.0.Final		140096c75b426e2d50e3f75d1124505452963cda
org.kie	kie-karaf-itests	7.45.0.t20201009		10cde50ea6de5919a5a1111f4349c8251970486c
org.kie	kie-karaf-itests	7.45.0.t20201014		09b9bff0617bf3b45b000cde7c3466ca2d1e79e1
org.kie	kie-karaf-itests	7.46.0.Final		8103520b0bf76c3d1e856aecaec49ebf9bd4c803
org.kie	kie-karaf-itests	7.47.0.Final		88993186d98ea00c4cf056c42b03be61302f241f
org.kie	kie-karaf-itests	7.48.0.Final		f8de4dd3926779d9d1101707255e9c83ce2074dd
org.kie	kie-karaf-itests	7.49.0.Final		2156e29e15bde265275117c3cfad637775ed8de1
org.kie	kie-karaf-itests	7.5.0.Final		f272a9907804bd3366aafb032fa20e9035a83ccc
org.kie	kie-karaf-itests	7.50.0.Final		712cb87476479fab6084aa7ffd725f987d73a023
org.kie	kie-karaf-itests	7.51.0.Final		4a611b3b9c5736a8fc431578c8420954f84edeef
org.kie	kie-karaf-itests	7.52.0.Final		1dcc774fbe6365132ff71e4bb981b7ed6d37a9c9
org.kie	kie-karaf-itests	7.53.0.Final		121727bbb0566cc578d93748dcae5a106a0009f8
org.kie	kie-karaf-itests	7.54.0.Final		99addd306eb5524d7b78678c161fcc6cb4a0bac7
org.kie	kie-karaf-itests	7.55.0.Final		516c71989e57c7517b18e75595dc2dff46f9d314
org.kie	kie-karaf-itests	7.56.0.Final		440334786ffe6ca64b6acfe88c61cf84acbf1aeb
org.kie	kie-karaf-itests	7.57.0.Final		61c827ec3f5b59d441d28c486c51cb5ffe6c02ba
org.kie	kie-karaf-itests	7.58.0.Final		f09de57b7a532082321f676874a9f19de027a45f
org.kie	kie-karaf-itests	7.59.0.Final		864b6373f9dfb07a36fcafd023abdcb703da6ca8
org.kie	kie-karaf-itests	7.6.0.Final		33dbe0828361223fffb568b15ff3fa596ac13784
org.kie	kie-karaf-itests	7.6.0.t022		42cbd4b6c3a020546770e6ea68a2314a916718a6
org.kie	kie-karaf-itests	7.60.0.Final		8c259ec189f2fc37ddb37f48c967707b6a08cdf1
org.kie	kie-karaf-itests	7.61.0.Final		9edbc1e23de3b5980d96e43437c892cc5c74c67d
org.kie	kie-karaf-itests	7.62.0.Final		ec694d6c29e879dd9e4a04d97b7a9a5a17d9ef9e
org.kie	kie-karaf-itests	7.63.0.Final		6ed26c6df3ecec9e449d3a4ba01ada84c2764d1c
org.kie	kie-karaf-itests	7.64.0.Final		67abe7102481e9831bde7491fdf8e60ec1ef1648
org.kie	kie-karaf-itests	7.65.0.Final		90a8b55c5d1ce489b6d2fd57bc856103ad5b676f
org.kie	kie-karaf-itests	7.66.0.Final		8f39f99dfa83d240f2d711f5b681886850aaad62
org.kie	kie-karaf-itests	7.67.0.Final		95a99ab4bbc4e03523fee4775ebadec13b43cf3e
org.kie	kie-karaf-itests	7.68.0.Final		57d6c668e61c23e1c8a93ad5937a1facbdcc223a
org.kie	kie-karaf-itests	7.69.0.Final		4453a84143a1d2637c0f1f7975de2779b83315a8
org.kie	kie-karaf-itests	7.7.0.Final		028e819b55f0f1b0bcd031b195de1e8b21b55c3f
org.kie	kie-karaf-itests	7.70.0.Final		f089a490d6d3872282ae66af90aaff13bd729f98
org.kie	kie-karaf-itests	7.71.0.Final		b7a97d69e2e1e3c2e6fa48342b8d39c4ffd8ae2a
org.kie	kie-karaf-itests	7.72.0.Final		c86118e7826d784f704296f6b6be866cda67f577
org.kie	kie-karaf-itests	7.73.0.Final		7d59b1365c15c3ba3a13906cb4681248774f95b7
org.kie	kie-karaf-itests	7.74.0.Final		ae6105646c2fc878e9022fe64fcf9021c05af02d
org.kie	kie-karaf-itests	7.74.1.Final		9906343995cd26db5b7bff8249b22fb80981bd2d
org.kie	kie-karaf-itests	7.8.0.Final		4a7d2c7ff653b917e8dd036fc5f7af4b9db7e028
org.kie	kie-karaf-itests	7.9.0.Final		f08fd9d5e439d1482ecbcf6921c48776434ec938
org.kie.workbench.forms	kie-wb-common-dynamic-forms-api	7.0.0.Beta2		7961af7b215bab99b9127f4b1921de263fa7ffe1
org.kie.workbench.forms	kie-wb-common-dynamic-forms-api	7.0.0.Beta3		dd584078b9aa62b8aa41643b3f24bd745596bd99
org.kie.workbench.forms	kie-wb-common-dynamic-forms-api	7.0.0.Beta4		22ecc2193c0ab6c59db3848c993aed485f2d9de8
org.kie.workbench.forms	kie-wb-common-dynamic-forms-api	7.0.0.Beta5		bfa386da48a056524e99d68b531b509579369bdb
org.kie.workbench.forms	kie-wb-common-dynamic-forms-api	7.0.0.Beta6		4a38251cde415b449236e5d4c26c6235ddf2550a
org.kie.workbench.forms	kie-wb-common-dynamic-forms-api	7.0.0.Beta7		124dc1e66ce294b54e7a5c29de1fcbc0d400eae5
org.kie.workbench.forms	kie-wb-common-dynamic-forms-api	7.0.0.Beta8		e688db11f8ff3b538234c3bfc4f3c06bd480fc27
org.kie.workbench.forms	kie-wb-common-dynamic-forms-api	7.0.0.CR1		34f9e035d924de692448aa74e75f2fec659c57fe
org.kie.workbench.forms	kie-wb-common-dynamic-forms-api	7.0.0.CR2		d034f873814b19cf6d292b75367d35bf1e29e760
org.kie.workbench.forms	kie-wb-common-dynamic-forms-api	7.0.0.CR3		4817c828657b2e7c29508f8a48b64462c9d7c8bd
org.kie.workbench.forms	kie-wb-common-dynamic-forms-api	7.0.0.Final		d22ebf8b3b3342a04b3eb740c8a4f80efe34ee9e
org.kie.workbench.forms	kie-wb-common-dynamic-forms-api	7.1.0.Beta1		4547b9853f25933a5188a96202ecf5c0ca2379b4
org.kie.workbench.forms	kie-wb-common-dynamic-forms-api	7.1.0.Beta2		7ad28e548b6be43b76b0d2749c3428feb250e36d
org.kie.workbench.forms	kie-wb-common-dynamic-forms-api	7.1.0.Beta3		c21ef37cfa56a8cfcccf1b2266f1bb541692f0b8
org.kie.workbench.forms	kie-wb-common-dynamic-forms-api	7.1.0.Final		299c59bd8187f9e5be58abce135abd26d7020f7c
org.kie.workbench.forms	kie-wb-common-dynamic-forms-api	7.10.0.Final		7519ed156cca06bc6c99d26fa7b89e6a76831890
org.kie.workbench.forms	kie-wb-common-dynamic-forms-api	7.11.0.Final		659012e40727431969ab1f5969e48d50c18535e1
org.kie.workbench.forms	kie-wb-common-dynamic-forms-api	7.12.0.Final		21356423000006540c0a6a85d6e44855de252400
org.kie.workbench.forms	kie-wb-common-dynamic-forms-api	7.13.0.Final		880eb01a0594f38fdde7474179fcb9f1d141b313
org.kie.workbench.forms	kie-wb-common-dynamic-forms-api	7.14.0.Final		4ed5f296dcac7e4dfc1064bd7befab0cfe461f54
org.kie.workbench.forms	kie-wb-common-dynamic-forms-api	7.15.0.Final		0b8ca635ed647692388a857be491ab9e7ab72be0
org.kie.workbench.forms	kie-wb-common-dynamic-forms-api	7.16.0.Final		bebde80e95026ae8dd240e85a145dabc20f2492f
org.kie.workbench.forms	kie-wb-common-dynamic-forms-api	7.17.0.Final		2a97a7a92b73f171a1568b67f3b488e935181aa8
org.kie.workbench.forms	kie-wb-common-dynamic-forms-api	7.18.0.Final		9d3d8df3bc3b751fc3e0fe9d84a3279aee4d7300
org.kie.workbench.forms	kie-wb-common-dynamic-forms-api	7.19.0.Final		8d1151a7ae8ab267148736f95854979c5205ed04
org.kie.workbench.forms	kie-wb-common-dynamic-forms-api	7.2.0.Final		584a783cb59aa9fd96a041aac492716aa7d0423e
org.kie.workbench.forms	kie-wb-common-dynamic-forms-api	7.20.0.Final		90aed036e79e359acc289a1411fa83847106071c
org.kie.workbench.forms	kie-wb-common-dynamic-forms-api	7.21.0.Final		83fec85cbc2c0070e4dc014ffd6e07198036ca14
org.kie.workbench.forms	kie-wb-common-dynamic-forms-api	7.22.0.Final		98be596dde0f994481721350c73ee37a902645cd
org.kie.workbench.forms	kie-wb-common-dynamic-forms-api	7.23.0.Final		e8c400c7040fc472c8c5a04db5ddb98edd721036
org.kie.workbench.forms	kie-wb-common-dynamic-forms-api	7.24.0.Final		90c1f07c3af9f1a37b597cd277cd9682311adec0
org.kie.workbench.forms	kie-wb-common-dynamic-forms-api	7.25.0.Final		7902d54141cbdee7cf9986269a87f56977bee055
org.kie.workbench.forms	kie-wb-common-dynamic-forms-api	7.26.0.Final		9ef455573b2ea3bcd7e8032242dcec015e8d902a
org.kie.workbench.forms	kie-wb-common-dynamic-forms-api	7.27.0.Final		c4762c0b9a825ebc8e7f10730af5535cd3648dcf
org.kie.workbench.forms	kie-wb-common-dynamic-forms-api	7.28.0.Final		75e8c432bc017ac4296c33afdc3677399d1d2f2a
org.kie.workbench.forms	kie-wb-common-dynamic-forms-api	7.29.0.Final		68efba2f65c204b1d961834b55b53d406bbe3df0
org.kie.workbench.forms	kie-wb-common-dynamic-forms-api	7.3.0.Final		175c17540e6a6850c9a0d78e8fc4a9b89a39338a
org.kie.workbench.forms	kie-wb-common-dynamic-forms-api	7.30.0.Final		fc0520c522ac441d31cfec011a4d6da96847f7ac
org.kie.workbench.forms	kie-wb-common-dynamic-forms-api	7.31.0.Final		11a9625ccbc31de7ceb1dfb6720d1f40eeea4ab1
org.kie.workbench.forms	kie-wb-common-dynamic-forms-api	7.32.0.Final		8fa27e8e9724232d1b7b59f4d77b8e98b8c04bb4
org.kie.workbench.forms	kie-wb-common-dynamic-forms-api	7.33.0.Final		0a98a3e9bb86b7426c96434bcbf3bf76c4d84e42
org.kie.workbench.forms	kie-wb-common-dynamic-forms-api	7.34.0.Final		4039d857944203304d75159e78fdc01929ac52fa
org.kie.workbench.forms	kie-wb-common-dynamic-forms-api	7.35.0.Final		34a97b25e54f1952a9b5ac951d01be6f7cbed938
org.kie.workbench.forms	kie-wb-common-dynamic-forms-api	7.36.0.Final		ceac5bd4a94dc4942e825379ed6f2da49ac332f0
org.kie.workbench.forms	kie-wb-common-dynamic-forms-api	7.36.1.Final		cbcef52d5704711a27b167945d58b23bd7f42895
org.kie.workbench.forms	kie-wb-common-dynamic-forms-api	7.37.0.Final		cfe5f12cfa4a154d8df5942dc91bdb38b789031d
org.kie.workbench.forms	kie-wb-common-dynamic-forms-api	7.38.0.Final		b8b289674bc9bbb3adcf05fe1cdc1354c482088f
org.kie.workbench.forms	kie-wb-common-dynamic-forms-api	7.39.0.Final		7d90691007b51234701f539a07893f5ef3e740d5
org.kie.workbench.forms	kie-wb-common-dynamic-forms-api	7.4.1.Final		9e8b8398cb987d916640105a79eb3243c70a776e
org.kie.workbench.forms	kie-wb-common-dynamic-forms-api	7.40.0.20200703		7b8deaf805c09e1f71d39f34c5e7a81ea2eba437
org.kie.workbench.forms	kie-wb-common-dynamic-forms-api	7.40.0.Final		79ebac15d4752ed7e47caf59838dd3b93562d927
org.kie.workbench.forms	kie-wb-common-dynamic-forms-api	7.41.0.Final		d666036cc72f2f4c4d4c062ef9a91637e3ea00e6
org.kie.workbench.forms	kie-wb-common-dynamic-forms-api	7.41.0.t20200723		c502105fd54c8e14004acba5857b19d74e97d714
org.kie.workbench.forms	kie-wb-common-dynamic-forms-api	7.42.0.Final		cb599a372b7e34a419c2e13ffd4e72ccd57be8e2
org.kie.workbench.forms	kie-wb-common-dynamic-forms-api	7.43.0.Final		16ea3ea7b27ef966c0e4f49d6fa68dd3ffd5f69a
org.kie.workbench.forms	kie-wb-common-dynamic-forms-api	7.43.1.Final		5ed50ed0967d9fd086ebce7b44063615cdc9f82c
org.kie.workbench.forms	kie-wb-common-dynamic-forms-api	7.44.0.Final		ff77f6a553c4eb2c81dee7f8ae83839428d75ae3
org.kie.workbench.forms	kie-wb-common-dynamic-forms-api	7.45.0.Final		7027d9f182f322047d6be6d94c4313025e11e862
org.kie.workbench.forms	kie-wb-common-dynamic-forms-api	7.45.0.t20201009		918b7014f1461e60f3a5450d9e59859bde4f751f
org.kie.workbench.forms	kie-wb-common-dynamic-forms-api	7.46.0.Final		1dd0af8dcb4e2854d71a16899f95396c2814f284
org.kie.workbench.forms	kie-wb-common-dynamic-forms-api	7.47.0.Final		f85ff33755841fa9f5ff496184cd62e555518d65
org.kie.workbench.forms	kie-wb-common-dynamic-forms-api	7.48.0.Final		05716d2369254b62a6f556b8d2d8ea77203ad23c
org.kie.workbench.forms	kie-wb-common-dynamic-forms-api	7.49.0.Final		41bce628c91c4438db7df298ac6cf4899e214168
org.kie.workbench.forms	kie-wb-common-dynamic-forms-api	7.5.0.Final		7cb141e66830d0714b9b6a0aae5c370ec51ad742
org.kie.workbench.forms	kie-wb-common-dynamic-forms-api	7.50.0.Final		ff6832c231c747abcb44355e0efa74e2479a3861
org.kie.workbench.forms	kie-wb-common-dynamic-forms-api	7.51.0.Final		922384faf6fa737847bbfcc42a0e9cc2bf8c5cc4
org.kie.workbench.forms	kie-wb-common-dynamic-forms-api	7.52.0.Final		778427d291e1d72820dfc377c0510bf4a1569bc1
org.kie.workbench.forms	kie-wb-common-dynamic-forms-api	7.53.0.Final		c368fcd0d036dcd572f703a8b58b550533fc7cfd
org.kie.workbench.forms	kie-wb-common-dynamic-forms-api	7.54.0.Final		75a9acd717cc0f2b8cfe18a191235a9017f0adf0
org.kie.workbench.forms	kie-wb-common-dynamic-forms-api	7.55.0.Final		ac8bae4fcc3740cc759a86ae99f89239823e9a4c
org.kie.workbench.forms	kie-wb-common-dynamic-forms-api	7.56.0.Final		c502a284fe3576e1c50bd3f65cf45d3971fdc493
org.kie.workbench.forms	kie-wb-common-dynamic-forms-api	7.57.0.Final		7ca8469b510b508b1855c340184669e9c1d96516
org.kie.workbench.forms	kie-wb-common-dynamic-forms-api	7.58.0.Final		101d22f3644496a26c0a5c05c4803d6f08eb77d3
org.kie.workbench.forms	kie-wb-common-dynamic-forms-api	7.59.0.Final		c29c441d25fc7bb47d58a1f4b7f987d4f2cfa47d
org.kie.workbench.forms	kie-wb-common-dynamic-forms-api	7.6.0.Final		284413f3e1a58f2acbf7485c4b8ec2703a7f5f34
org.kie.workbench.forms	kie-wb-common-dynamic-forms-api	7.60.0.Final		db122242b87c62dbfdedbf0cb5b2ab2f56afc3a8
org.kie.workbench.forms	kie-wb-common-dynamic-forms-api	7.61.0.Final		240c36497ffc3d0454aefa6aa3d657236178a004
org.kie.workbench.forms	kie-wb-common-dynamic-forms-api	7.62.0.Final		1859d2fdb28b190ca7457805e1eec120c59a8979
org.kie.workbench.forms	kie-wb-common-dynamic-forms-api	7.63.0.Final		36f475ad8449c86c1a6bf820ec1e0ca070bfacb2
org.kie.workbench.forms	kie-wb-common-dynamic-forms-api	7.64.0.Final		1d428cdb60840de4a068714ac48d437ec3ad7c48
org.kie.workbench.forms	kie-wb-common-dynamic-forms-api	7.65.0.Final		4aa8d263b8886737b4021e2d89a3a865b99f6ae7
org.kie.workbench.forms	kie-wb-common-dynamic-forms-api	7.66.0.Final		d22a891aec88290bf2762e9591dbfa9149d45ae0
org.kie.workbench.forms	kie-wb-common-dynamic-forms-api	7.67.0.Final		2510747c3fd9a02185cbe503ef411c98696cc0f2
org.kie.workbench.forms	kie-wb-common-dynamic-forms-api	7.68.0.Final		85282c840a8a398af21e6104e3e0fee0e116d02b
org.kie.workbench.forms	kie-wb-common-dynamic-forms-api	7.69.0.Final		9ac2afcfeb87b0603210b8587c69d8d802b502ae
org.kie.workbench.forms	kie-wb-common-dynamic-forms-api	7.7.0.Final		42d7b58a2ce0fd4992a9f5f96c435f7a8cc06129
org.kie.workbench.forms	kie-wb-common-dynamic-forms-api	7.70.0.Final		e12d1b669a9d5f8bea7585ed3c2e59cb36fce965
org.kie.workbench.forms	kie-wb-common-dynamic-forms-api	7.71.0.Final		cd20273d0fe26139a54cf5a2c022df812355bc70
org.kie.workbench.forms	kie-wb-common-dynamic-forms-api	7.72.0.Final		c08a65df8126e0184f16d5ee151e8170c44a3dd7
org.kie.workbench.forms	kie-wb-common-dynamic-forms-api	7.73.0.Final		00f2c2d59801ceb7d6ac762b54850adf6945ee80
org.kie.workbench.forms	kie-wb-common-dynamic-forms-api	7.74.0.Final		9a0149a8f02a0a45420651a8f2e7f83646cf6d3d
org.kie.workbench.forms	kie-wb-common-dynamic-forms-api	7.74.1.Final		331ebdc03000bfa8f29f2968dcb7449f7395bc83
org.kie.workbench.forms	kie-wb-common-dynamic-forms-api	7.8.0.Final		a1ea9d903f9b72d740e280a33ef456a7a0ca7e30
org.kie.workbench.forms	kie-wb-common-dynamic-forms-api	7.9.0.Final		a611143704f71f2fd239208671f1c4381f281aef
org.knowm.datasets	datasets-lshtc4	2.1.0		3afd133a215bfec093c72c7458ed9d1a5fe50979
org.ktorm	ktorm-support-postgresql	3.2.0		583103a9fd2091dc70b002405b0f0e816f362bf2
org.ktorm	ktorm-support-postgresql	3.2.0-RC1		091236d5eb3a03fb0965c1a005d03b3581200bfa
org.ktorm	ktorm-support-postgresql	3.2.0-RC2		39922c5c7cbbd593fc0309a31fb6b02356881974
org.ktorm	ktorm-support-postgresql	3.3.0		af097d8d3a582e49efdf45e055950a4883180a8d
org.ktorm	ktorm-support-postgresql	3.4.0		3791c8167e8515325d79f0f23d3f5327d9ea92c0
org.ktorm	ktorm-support-postgresql	3.4.0-RC1		bff9a9a35afb8b49fff11255ea42956a0a8685b6
org.ktorm	ktorm-support-postgresql	3.4.1		8403a290601a071244d940a640cd467ad7bf62e1
org.ktorm	ktorm-support-postgresql	3.5.0		b4ccb43911d24645ccfd171a45e8af57bcac313c
org.ktorm	ktorm-support-postgresql	3.6.0		5d424ba93b30e009480457c102cfa9fe21450efd
org.ktorm	ktorm-support-postgresql	4.0.0		12a923f8a2f62f7f25ea703791770b687bd627fc
org.ktorm	ktorm-support-postgresql	4.1.0		b6c20a3e28fe948e5eddc3debaddc35ae361c0e6
org.ktorm	ktorm-support-postgresql	4.1.1		efb14ed71f7cae2078b84e4cbd135840af69e099
org.marketcetera	client	2.2.0		29760f1eeef08caeb74f74d2d771da2ee57f8231
org.marketcetera	client	2.4.0		727cc743d2ef8a150975e1b5e7ee45f802a0b30f
org.marketcetera	client	2.4.1		22bdf3356c5df3b31c310067020e5f625b5fc4e7
org.marketcetera	client	2.4.2		f791e9ee69cd06ff5054902e2c0d20c1b4331e0e
org.marketcetera	client	3.0.12		2bb6f4f0c20dff4c26fb23914778a01f69b59426
org.marketcetera	client	3.2.0		fb955125b1038453a56bdba8f30adfad92b9f034
org.marketcetera	client	3.2.1		e89276f4b0884eb43a2b634945c32fd63b4f3ec2
org.mvnpm	is-json	2.0.1		b1458b19cf9ecbc9e1932ed1499f7b06740703e5
org.odpi.egeria	open-integration-framework	4.0		ea33b13a0457b249b60a9a2f13cd0bac9d7becd1
org.odpi.egeria	open-integration-framework	4.1		decad538c56a4feb5d6609ba7fdba8a8ae3b2061
org.odpi.egeria	open-integration-framework	4.2		f09a634947eb66ff9926353ea91a3ca1fb9117c0
org.odpi.egeria	open-integration-framework	4.3		4db10b1ae81efbdd40830b6afd180cdca49334e1
org.odpi.egeria	open-integration-framework	5.0		c1fd5ae7ee2934f16217c6f1a990e4e47e4b3e22
org.odpi.egeria	open-integration-framework	5.1		c207f5ac751e1f4bba778e71ea1d17463203676f
org.odpi.egeria	open-integration-framework	5.2		46f9cd0aff5a5080dd8499691d7681f6255a510f
org.odpi.egeria	open-integration-framework	5.2.1		47381d9188d3e36d5d9a55c564923c1b6ee5d1c8
org.sakaiproject.courier	sakai-courier-impl	10.3		f70e8d2c2746c6dd1db2b954b870691d9fb35f78
org.sakaiproject.courier	sakai-courier-impl	10.4		e20c40770908529f69dbe0d69a41cc73af0f41a3
org.sakaiproject.courier	sakai-courier-impl	10.6		caab6631e3faf29a7c2caa9f6690ff6f690a6601
org.sakaiproject.courier	sakai-courier-impl	10.7		6c6b18cb11dcf0247dd833e62debdef04188a387
org.sakaiproject.courier	sakai-courier-impl	11.0		86a7734eb08ba54a737fa1ddddd5508243afd1ff
org.sakaiproject.courier	sakai-courier-impl	11.1		ef18a76680e82a3ca61c0a7c50fbdc41ad1b68ce
org.sakaiproject.courier	sakai-courier-impl	11.2		d9ed9ce86f8fe1e61365966e862f0e9bc42781c9
org.sakaiproject.courier	sakai-courier-impl	11.3		6f1cae1771922cb7dc48031a9753ae559be75e5d
org.sakaiproject.courier	sakai-courier-impl	11.4		da13e05eb1a0b10ddea8bb9c0103bbb8135eb105
org.sakaiproject.courier	sakai-courier-impl	2.9.0		2190b24487d134e6b4f25fa4f752901d81526cfb
org.sakaiproject.courier	sakai-courier-impl	2.9.0-b03		d120d271160bb38f46eb2e91878088ee52b92f8c
org.sakaiproject.courier	sakai-courier-impl	2.9.0-b04		93555a2eb519eb3f29b631f1af7d142fd58579e9
org.sakaiproject.courier	sakai-courier-impl	2.9.0-b05		939b45762b94734d3fe51b6332b5b6e5260cb351
org.sakaiproject.courier	sakai-courier-impl	2.9.0-b06		707f4970f588f1477fadf94b38b7688d4fc6f7b6
org.sakaiproject.courier	sakai-courier-impl	2.9.0-b07		10f3824593c2e1762f244642e698e49770b69e63
org.sakaiproject.courier	sakai-courier-impl	2.9.0-rc01		8a8a8bc47f6e96b6bdc4c2e038fbf1589f21e611
org.sakaiproject.courier	sakai-courier-impl	2.9.0-rc02		489bac443c20d2fe2203256058e539ecdeddf52a
org.sakaiproject.courier	sakai-courier-impl	2.9.0-rc03		75c811585aef0c4b090d132c6f3736838fe54022
org.sakaiproject.courier	sakai-courier-impl	2.9.1		9470cb678f3b6123093a19c1a98baedb539ba407
org.sakaiproject.courier	sakai-courier-impl	2.9.2		54784400ab25abb1f9e8953315280299fa7e9e25
org.sakaiproject.courier	sakai-courier-impl	2.9.3		d516ffd5f4aa24aee1da73eff7f8add2da5c3a14
org.springblade	blade-core-crypto	3.5.0		802ce778527503c15dc7286ba989dc66b2b9bf92
org.springblade	blade-core-crypto	3.6.0		1cf231683b011dabe9e20afdc474d85dd0769593
org.springblade	blade-core-crypto	3.7.0		b5d4c2b353fc0e2917cc10c800eacb4d91b31300
org.springblade	blade-core-crypto	3.7.1		40965b6c1c507e93a65c7deb95e9147c067d854d
org.springblade	blade-core-crypto	3.7.2		f6c8a0bb5821a663246c28777efc44f2b200cabf
org.springblade	blade-core-crypto	3.7.2.1		bcd041e86c218ebff202b1cb71499dc4ea0c64dd
org.springblade	blade-core-crypto	4.0.0		87acdb482a083b4b6c3bebdbbb35eb8c1ce97b2e
org.springblade	blade-core-crypto	4.1.0		1d91104720c44145a0dfb238be2e964fce74d6ae
org.springframework.social	spring-social-yammer	1.0.0.RELEASE		11990cdd2ac7299e9a46ba47973372689327c14b
org.switchyard	switchyard-transform	0.4.0.CR1		90c32ce1b487e64e2ef583bb18a4789ce1356f87
org.switchyard	switchyard-transform	0.4.0.Final		bf2530cb6ab89efbfa03c86ccfd3a7cbc0d991ac
org.switchyard	switchyard-transform	0.4.0.OS1		12a1402699a1d66fd33febb7ab0f8cd5081f7c96
org.switchyard	switchyard-transform	0.5.0.Beta1		a3eb0f69315db6a944fbc45a8ca8fd4fb18f8f57
org.switchyard	switchyard-transform	0.5.0.Final		995c7a43fb47ae132589c15764e6775f33bd7397
org.switchyard	switchyard-transform	0.6.0.Beta2		5885b2bf90abfde7d2799f0db39eb6d272eb1805
org.switchyard	switchyard-transform	0.6.0.Final		a254c7146edc9d84566053b7d80f55520682694d
org.switchyard	switchyard-transform	0.7.0.Final		29237d136171aaf6c15537dcfae8f40fbaeae07d
org.switchyard	switchyard-transform	0.8.0.Final		8df8197001915efde04c6afe6c86c2748ae0e817
org.switchyard	switchyard-transform	1.1.0.CR1		31b067076464d80c8cf784ce10cc1a2fb52277c8
org.switchyard	switchyard-transform	1.1.0.Final		3297c268ac35d4f82a081d1faa9722cc6cfff9af
org.switchyard	switchyard-transform	1.1.0.M4		da3eee74065751a1d41647ceddda160796355d67
org.switchyard	switchyard-transform	2.0.0.Alpha1		bca3e515ac4d137226466c2801fb04dcac6f04e8
org.switchyard	switchyard-transform	2.0.0.Alpha2		7f953cf01cbf45c6a051728803757abff2e8c617
org.switchyard	switchyard-transform	2.0.0.Alpha3		4359b186e9806aa5e166d00fcb8fb2b634fbe68a
org.switchyard	switchyard-transform	2.0.0.Beta1		09a12ed39e2896579548b9a8d8000194edc5e82b
org.switchyard	switchyard-transform	2.0.0.CR1		7d7f9695a71befa88ade68a3166f9befa9d09226
org.switchyard	switchyard-transform	2.0.0.Final		376fe05294ad1242a03d30d3d0c6cfeb89bcc1e1
org.switchyard	switchyard-transform	2.0.1.redhat-620133		001b73bfa4788c9e1fa7e143b8f6abc017f3d8d3
org.switchyard	switchyard-transform	2.0.1.redhat-621084		632824967bd648e7b9e73fa550e1cf2570e185c3
org.switchyard	switchyard-transform	2.0.1.redhat-621090		fb613af2d660ca13e98c05a41e3d74cbc1d1fc9b
org.switchyard	switchyard-transform	2.0.1.redhat-621107		8c448d8ec7635883dbf21e13bcedc764df8fc9ec
org.switchyard	switchyard-transform	2.0.1.redhat-621117		26c1991d6687cf7ceff92d4d352f22e30800fa23
org.switchyard	switchyard-transform	2.0.1.redhat-621159		a3d6ee642713b9dd3fbfba2145dedf6ed396a053
org.switchyard	switchyard-transform	2.0.1.redhat-621169		5de34c7fff5c6d89c3c4a124aed60feb627cd0d9
org.switchyard	switchyard-transform	2.0.1.redhat-621177		550e7e0cbdcf8c6bb388b8898a1a5b8c4ad436e0
org.switchyard	switchyard-transform	2.0.1.redhat-621186		4047e0b6f4609f75e6c0c506a6510f937fffb09c
org.switchyard	switchyard-transform	2.0.1.redhat-621211		66a96618f19023cb5b03f194624d1a8478b8cb2b
org.switchyard	switchyard-transform	2.0.1.redhat-621216		94654f060200b0aac0265b0c59ef001ee1aff8da
org.switchyard	switchyard-transform	2.0.1.redhat-621222		4679f842aec6e3aba850be696764e03a2b45c304
org.switchyard	switchyard-transform	2.1.0.Final		31c9d9f4a84e6dd4537c5deceedf56831fe23b80
org.teavm	teavm-jso	0.1		bf4a3d2f8eb8a43594d368edb487a91797abc208
org.teavm	teavm-jso	0.10.0		eea014aabb45d36987b23d5a5ec1630e08a9347e
org.teavm	teavm-jso	0.10.1		eea014aabb45d36987b23d5a5ec1630e08a9347e
org.teavm	teavm-jso	0.10.2		eea014aabb45d36987b23d5a5ec1630e08a9347e
org.teavm	teavm-jso	0.11.0		1c12d75aa30554b52fa2618bda4d3c20f137d8f4
org.teavm	teavm-jso	0.2.0		5196f877782dfa674e56968c5b81a31f122d2845
org.teavm	teavm-jso	0.2.1		b7a48e032cf770ee88bb97ffb9a15cd5dfe2a65d
org.teavm	teavm-jso	0.3.0		e30a0b7e044fd9cdfda06104bc7ebe7a7dbde386
org.teavm	teavm-jso	0.3.1		bc5762d9a96bd4d551fc0eafdf7bff3e8db4ac27
org.teavm	teavm-jso	0.3.2		6949f14afe61d58dd3365a63697896426d69b853
org.teavm	teavm-jso	0.4.0		79e3a20d66ae325ca10cdcb2a9d260b5ce6b9102
org.teavm	teavm-jso	0.4.1		455a003eb05225e13ce08bd600f0f6740d92f9d3
org.teavm	teavm-jso	0.4.2		1379e63182bac3637d3f822ee9e9b98cd0ea1711
org.teavm	teavm-jso	0.4.3		d91ae9d46b7ad33921c912ff75f14b62002f52dc
org.teavm	teavm-jso	0.5.0		fa373a2af322f3db193b2eac1bc17bfd196a721a
org.teavm	teavm-jso	0.5.1		5568f076b31a7419604d3ff10f3a9d6e1c892815
org.teavm	teavm-jso	0.6.0		047e3c19658699f7ae4e7123654f6f63de121dda
org.teavm	teavm-jso	0.6.1		9d86da37b45a9c60644818536959459222083936
org.teavm	teavm-jso	0.7.0		80a4352ad7603362e357bd7d1460c9fc2e4d38c3
org.teavm	teavm-jso	0.8.0		c668f70bd1838ca1d57b4d42bcea132380bfa735
org.teavm	teavm-jso	0.8.1		c668f70bd1838ca1d57b4d42bcea132380bfa735
org.teavm	teavm-jso	0.9.0		6c8c581af829fc64bb7e33513a40a7bc30a59127
org.teavm	teavm-jso	0.9.1		6c8c581af829fc64bb7e33513a40a7bc30a59127
org.teavm	teavm-jso	0.9.2		6c8c581af829fc64bb7e33513a40a7bc30a59127
org.typelevel	cats-effect-kernel_0.27	3.0-0c02c7f		e1f4a006c5d7204be6e46c148270c72db42291ca
org.typelevel	cats-effect-kernel_0.27	3.0-8006968		89d19b69558a37e4d90b19d87241f8f39da7572f
org.typelevel	cats-effect-kernel_0.27	3.0-805b021		bd09d535871e4c6a6703ad6f9d1fd82331a420e7
org.typelevel	cats-effect-kernel_0.27	3.0-80f5cc5		688e1600e476e74bf9eda19538a571cc60d5dd17
org.typelevel	cats-effect-kernel_0.27	3.0-ac83d13		cf761e9f11ee99d76723dffffc79fb0f822038d1
org.typelevel	cats-effect-kernel_0.27	3.0-c54025b		94818f3780b91ab907217139956c5467ef2a445c
org.typelevel	cats-effect-kernel_0.27	3.0-cee70ab		cbbb9efc6372015b3d2260c752dffecdf2b8367d
org.typelevel	cats-effect-kernel_0.27	3.0-d2cb13e		fc07fdfa1f1d1f480d53fc60524775bf74fd62fa
org.typelevel	cats-effect-kernel_0.27	3.0-d5a2213		a6effef31259351e493546be9c5172ea0c7c2447
org.typelevel	cats-effect-kernel_0.27	3.0-de7d987		1eef42e49b464f98870b6e4ae66ce1a9962fcc3a
org.typelevel	cats-effect-kernel_0.27	3.0.0-M1		88c08d013db8e5eaa8d87be834d6c7bd16fe8b06
org.typelevel	cats-effect-kernel_0.27	3.0.0-M2		b0a2fe32bf1ab8b5ad5015907e188b78d95e5c02
org.typelevel	cats-effect-kernel_0.27	3.0.0-M3		d02a7a9d401c4c9b4f9ca113178cebbcc2588c11
org.typelevel	machinist_sjs0.6_2.10	0.4.1		7beef20d9b77e87b0ece08439814e7a0ecf584f3
org.typelevel	machinist_sjs0.6_2.10	0.5.0		e5b54599f088ee63598b76a197475e6941c37e2d
org.typelevel	machinist_sjs0.6_2.10	0.6.0		9747fae92f7bfc61e1bd0a7d4262172fc02b4210
org.typelevel	machinist_sjs0.6_2.10	0.6.1		8ed1c582cc85cb3623ff5fd9992c30ee91c8c72b
org.typelevel	machinist_sjs0.6_2.10	0.6.2		9dd39f06d43ef0931d86c6a4fc30833908c855a8
org.typelevel	machinist_sjs0.6_2.10	0.6.3		5287d0a22bd9908feed143e96df86a2ee26fe93f
org.typelevel	machinist_sjs0.6_2.10	0.6.4		bebd07d96e3a44cd85277da5c4535fdaa3020084
org.typelevel	machinist_sjs0.6_2.10	0.6.5		df0bd5fd64ae8ad0e0eb20357d47c97ff71b13c0
org.typelevel	machinist_sjs0.6_2.10	0.6.6		b0b8badc5dc80de3a63c050db02e0a4c91c22a37
org.typelevel	machinist_sjs0.6_2.10	0.6.7		8416fdccbc5feee767d46a901de34072c37bbf98
org.typelevel	machinist_sjs0.6_2.10	0.6.8		aea278e761d734bff4f34a676966529731fcc3f5
org.verapdf.plugins	fontSample-plugin	1.14.10-RC		e45f796ea93adbeeaf7706c3edad8fb32be9a12a
org.verapdf.plugins	fontSample-plugin	1.14.2-RC		13692265967eb195afbcce555d8b2340905484d0
org.verapdf.plugins	fontSample-plugin	1.14.6-RC		df198572df4171e69b647993ae83db81420c3f96
org.verapdf.plugins	fontSample-plugin	1.14.7-RC		3b296479abf0571b97ad61e600cf169ab2169c0a
org.verapdf.plugins	fontSample-plugin	1.14.8-RC		79ef3eb1c11ad6344fedda6ad3261669ed5a5437
org.verapdf.plugins	fontSample-plugin	1.14.9-RC		9a4414afd7468fe213c5163c5b68e85177dbd89d
org.verapdf.plugins	fontSample-plugin	1.28.1		e2e96b90426b1b8cc8118555fc5c8f8dca326036
org.virtuslab	besom-confluent_3	0.2.2-core.0.1.0		31cb8d9f5d78dd0ac88c2d9381ea6c4065b82a60
org.virtuslab	besom-confluent_3	0.2.2-core.0.2		ab6a2e6d0407966dc0b2d14368bb0e28405f801f
org.virtuslab	besom-confluent_3	0.2.2-core.0.3		d9d2d891dc148cccce327bb6167df0893ac98d65
org.virtuslab	besom-confluent_3	0.2.2-core.0.4		0175de311309744666193e7fb8ec9d949321d917
org.webjars.bower	intercooler-js	0.4.10		aaa4a483e2f260d00301f99d27d104ee155b5d52
org.webjars.bower	intercooler-js	0.9.3		1a224a9368e76ce4ef5b61872fe0fb92034b69aa
org.webjars.npm	atlaskit__checkbox	12.6.7		7f5cfa6d33b074896f4c8543bd89f9f1903710aa
org.webjars.npm	findup	0.1.5		34a0aa593ee6eb6fd35a1ece44c06ccfb2746f17
org.webjars.npm	tunnel-agent	0.4.1		2668725dc792ffd9e8326f96f4374c9f9d5ed10e
org.webjars.npm	tunnel-agent	0.4.3		d86da39fc7fcc53076c6500bf8188c104d1bc927
org.webjars.npm	tunnel-agent	0.6.0		598498538a5b1e3f3d19fe06a533a3c732147104
org.webjars.npm	use-isomorphic-layout-effect	1.1.2		d015a39425e5762c41a767defa9d74f36780df71
org.webjars.npm	use-isomorphic-layout-effect	1.2.0		85cb092fd04db66add033f814d60e506383f01fb
ru.m2	calypso-refined_3	0.4.0		43e224e9bdf725e4795e8fc9814332d68680e086
ru.m2	calypso-refined_3	0.5.0		0f4c40365ef569afcbab056de497f888ae07a1bf
ru.m2	calypso-refined_3	0.6.0		de02997357c27c3c32f82a8b3ff15e30ed395ffa
ru.m2	calypso-refined_3	0.7.0		c22ac1ddafd5c4a62c28e816ca24a1a93915dc2f
sh.almond.tmp.ammonite	ammonite-cross-3.2.0-interp_2.13.10	3.0.0-M0-36-8856669f		f8ab72055073fa9f6841169615e0e1975e7c88db
sh.almond.tmp.ammonite	ammonite-cross-3.2.0-interp_2.13.10	3.0.0-M0-38-dd60a0b5		060720a49dbea81e3a2e2be7ebd06adf1dbc1574
sh.almond.tmp.ammonite	ammonite-cross-3.2.0-interp_2.13.10	3.0.0-M0-39-72f519a6		4aebe34e8705ca1ae666c5c38460e44d5eee6343
sh.almond.tmp.ammonite	ammonite-cross-3.2.0-interp_2.13.10	3.0.0-M0-40-d95c3b3d		6be9950ca6e23cad8b27745bff5553c212afb152
sh.almond.tmp.ammonite	ammonite-cross-3.2.0-interp_2.13.10	3.0.0-M0-41-26a93d9c		55cae2f767aea1637ffb063c0b809af278d668fb
sh.almond.tmp.ammonite	ammonite-cross-3.2.0-interp_2.13.10	3.0.0-M0-42-a9b51919		8ce81ac87da890c53ff26404bae545f5ca032c8d
sh.almond.tmp.ammonite	ammonite-cross-3.2.0-interp_2.13.10	3.0.0-M0-44-1f535bd1		dd3adb02db128b88399eb211dd6d738b8b372633
sh.almond.tmp.ammonite	ammonite-cross-3.2.0-interp_2.13.10	3.0.0-M0-45-9c598c7c		657138a2777f609c9daca49ea8004d4962160970
sh.almond.tmp.ammonite	ammonite-cross-3.2.0-interp_2.13.10	3.0.0-M0-48-6c09dd71		8c2a5c121e2f73c6f30bb2e1d62df572945655aa
sh.almond.tmp.ammonite	ammonite-cross-3.2.0-interp_2.13.10	3.0.0-M0-49-82b3e605		b1286ec3de3f7bb727504764f6d06db3441383a7
sh.almond.tmp.ammonite	ammonite-cross-3.2.0-interp_2.13.10	3.0.0-M0-50-9a35e1dd		11b76d16be0d1fc5aa1462568bffd8e242e9da8e
sh.almond.tmp.ammonite	ammonite-cross-3.2.0-interp_2.13.10	3.0.0-M0-50-f03f2d82		4fab67e7430e793ed63034d8c3c671da74ae9426
sh.almond.tmp.ammonite	ammonite-cross-3.2.0-interp_2.13.10	3.0.0-M0-58-8d00463c		944a762d168b10b1234eefc49daea23a3ad51bcc
sh.almond.tmp.ammonite	ammonite-cross-3.2.0-interp_2.13.10	3.0.0-M0-67-83057fea		a4238ddbacdce657ab6a41da6749850fc0f93316
sh.almond.tmp.ammonite	ammonite-cross-3.2.0-interp_2.13.10	3.0.0-M0-67-fcfedca6		361b858a389df669b0db339552f7cf82ecb9b6f6
us.abstracta.jmeter	jmeter-java-dsl-prometheus	1.28		a09ee59ef444b6d88ccede93aa1566b57086bd38
us.abstracta.jmeter	jmeter-java-dsl-prometheus	1.28.1		791d91b3131ae0ae91022b71023be4842c81ae84
us.abstracta.jmeter	jmeter-java-dsl-prometheus	1.29		cf85ecd832421f40189c08d9db7ceda597c058bb
us.abstracta.jmeter	jmeter-java-dsl-prometheus	1.29.1		3e24b1573859bdc019661b6f11daa1c9d165254c
